"CRN","ARRIVAL_TM","AUTOMOBILE_COUNT","BELTED_DEATH_COUNT","BELTED_SUSP_SERIOUS_INJ_COUNT","BICYCLE_COUNT","BICYCLE_DEATH_COUNT","BICYCLE_SUSP_SERIOUS_INJ_COUNT","BUS_COUNT","CHLDPAS_DEATH_COUNT","CHLDPAS_SUSP_SERIOUS_INJ_COUNT","COLLISION_TYPE","COMM_VEH_COUNT","CONS_ZONE_SPD_LIM","COUNTY","CRASH_MONTH","CRASH_YEAR","DAY_OF_WEEK","DEC_LAT","DEC_LONG","DISPATCH_TM","DISTRICT","DRIVER_COUNT_16YR","DRIVER_COUNT_17YR","DRIVER_COUNT_18YR","DRIVER_COUNT_19YR","DRIVER_COUNT_20YR","DRIVER_COUNT_50_64YR","DRIVER_COUNT_65_74YR","DRIVER_COUNT_75PLUS","EST_HRS_CLOSED","FATAL_COUNT","HEAVY_TRUCK_COUNT","HORSE_BUGGY_COUNT","HOUR_OF_DAY","ILLUMINATION","INJURY_COUNT","INTERSECT_TYPE","INTERSECTION_RELATED","LANE_CLOSED","LATITUDE","LN_CLOSE_DIR","LOCATION_TYPE","LONGITUDE","MAX_SEVERITY_LEVEL","MCYCLE_DEATH_COUNT","MCYCLE_SUSP_SERIOUS_INJ_COUNT","MOTORCYCLE_COUNT","MUNICIPALITY","NONMOTR_COUNT","NONMOTR_DEATH_COUNT","NONMOTR_SUSP_SERIOUS_INJ_COUNT","NTFY_HIWY_MAINT","PED_COUNT","PED_DEATH_COUNT","PED_SUSP_SERIOUS_INJ_COUNT","PERSON_COUNT","POLICE_AGCY","POSSIBLE_INJ_COUNT","RDWY_SURF_TYPE_CD","RELATION_TO_ROAD","ROAD_CONDITION","ROADWAY_CLEARED","SCH_BUS_IND","SCH_ZONE_IND","SECONDARY_CRASH","SMALL_TRUCK_COUNT","SPEC_JURIS_CD","SUSP_MINOR_INJ_COUNT","SUSP_SERIOUS_INJ_COUNT","SUV_COUNT","TCD_FUNC_CD","TCD_TYPE","TFC_DETOUR_IND","TIME_OF_DAY","TOT_INJ_COUNT","TOTAL_UNITS","UNB_DEATH_COUNT","UNB_SUSP_SERIOUS_INJ_COUNT","UNBELTED_OCC_COUNT","UNK_INJ_DEG_COUNT","UNK_INJ_PER_COUNT","URBAN_RURAL","VAN_COUNT","VEHICLE_COUNT","WEATHER1","WEATHER2","WORK_ZONE_IND","WORK_ZONE_LOC","WORK_ZONE_TYPE","WORKERS_PRES","WZ_CLOSE_DETOUR","WZ_FLAGGER","WZ_LAW_OFFCR_IND","WZ_LN_CLOSURE","WZ_MOVING","WZ_OTHER","WZ_SHLDER_MDN","WZ_WORKERS_INJ_KILLED"
"2023001420","1518","0","0","0","0","0","0","0","0","0","1","0","","67","11","2022","7","40.0488","-74.9974","1501","06","0","0","0","0","0","0","0","0","","0","0","0","14","1","1","00","N","0","40 02:55.681","","00","74 59:50.747","3","0","0","0","67301","0","0","0","N","0","0","0","2","68K01","0","","1","01","","N","N","N","0","","1","0","1","0","0","","1456","1","2","0","0","1","0","1","2","0","2","03","","N","","","","","","","","","","",""
"2023009751","0745","1","0","0","0","0","0","0","0","0","1","0","","67","12","2022","5","39.9923","-75.0857","0745","06","0","0","0","0","0","1","0","0","","0","0","0","06","3","1","00","N","0","39 59:32.416","","00","75 05:08.641","3","0","0","0","67301","0","0","0","N","0","0","0","4","68K01","0","","1","01","","N","N","N","0","","1","0","2","3","8","","0614","1","3","0","0","0","0","0","2","0","3","03","","N","","","","","","","","","","",""
"2023010100","1740","0","0","0","0","0","0","0","0","0","1","0","","67","12","2022","6","39.9626","-75.1834","1728","06","0","0","0","0","0","0","0","0","","0","0","0","17","3","0","00","N","0","39 57:45.246","","00","75 11:00.119","0","0","0","0","67301","0","0","0","N","0","0","0","2","68K01","0","","1","01","","N","N","N","1","","0","0","1","0","0","","1725","0","2","0","0","0","0","0","2","0","2","04","03","N","","","","","","","","","","",""
"2023001980","1340","1","0","0","0","0","0","0","0","0","4","0","","67","12","2022","6","39.9476","-75.1913","1339","06","0","0","0","0","0","0","0","1","","0","0","0","13","1","0","03","","1","39 56:51.292","1","00","75 11:28.784","0","0","0","0","67301","0","0","0","N","0","0","0","2","67504","0","","1","01","1355","N","N","N","0","","0","0","0","3","2","Y","1338","0","2","0","0","0","0","0","2","1","2","03","","N","","","","","","","","","","",""
"2023000608","2333","1","0","0","0","0","0","0","0","0","7","0","","67","12","2022","7","40.0762","-75.0547","2333","06","0","1","0","0","0","0","0","0","","0","0","0","23","3","0","00","N","0","40 04:34.370","","00","75 03:16.760","0","0","0","0","67301","0","0","0","N","0","0","0","5","67301","0","","4","09","","N","N","N","0","","0","0","0","0","0","","2330","0","1","0","0","0","0","0","2","0","1","07","05","N","","","","","","","","","","",""
"2023009526","0739","1","0","0","0","0","0","0","0","0","7","0","","67","12","2022","7","39.9929","-75.2004","0734","06","0","0","1","0","0","0","0","0","","0","0","0","07","5","0","00","N","0","39 59:34.416","","00","75 12:01.551","0","0","0","0","67301","0","0","0","N","0","0","0","1","68K01","0","","2","09","","N","N","N","0","","0","0","0","0","0","","0733","0","1","0","0","0","0","0","2","0","1","05","","N","","","","","","","","","","",""
"2023003038","1744","2","0","0","0","0","0","0","0","0","1","0","","67","10","2022","7","39.9624","-75.1397","1720","06","0","0","0","0","0","0","1","0","","0","0","0","17","1","1","00","N","0","39 57:44.490","","00","75 08:23.084","8","0","0","0","67301","0","0","0","N","0","0","0","2","68K01","0","","1","01","","N","N","N","0","","0","0","0","0","0","","1705","1","2","0","0","0","1","0","2","0","2","03","03","N","","","","","","","","","","",""
"2023009749","1339","1","0","0","0","0","0","0","0","0","7","0","","67","12","2022","4","40.0354","-75.0179","1339","06","0","0","0","0","0","0","0","0","","0","0","0","13","1","0","00","N","1","40 02:07.515","2","00","75 01:04.440","0","0","0","0","67301","0","0","0","N","0","0","0","1","68K01","0","","2","01","1400","N","N","N","0","","0","0","0","0","0","N","1330","0","1","0","0","0","0","0","2","0","1","03","","N","","","","","","","","","","",""
"2023012676","2142","1","0","0","0","0","0","0","0","0","4","0","","67","12","2022","3","39.9298","-75.1442","2142","06","0","0","0","0","1","0","0","0","","0","0","0","21","3","1","01","","2","39 55:47.800","6","00","75 08:40.000","3","0","0","0","67301","0","0","0","N","0","0","0","2","68K01","0","","1","01","2220","N","N","N","0","","1","0","1","3","2","N","2141","1","2","0","0","0","0","0","2","0","2","03","03","N","","","","","","","","","","",""
"2022009618","1802","1","0","0","0","0","0","0","0","0","1","0","","67","01","2022","6","39.9655","-75.1367","1752","06","0","0","0","0","0","0","0","0","","0","0","0","17","3","0","00","N","0","39 57:55.810","","00","75 08:11.943","9","0","0","0","67301","0","0","0","N","0","0","0","4","68K01","0","","1","01","","N","N","N","0","","0","0","1","0","0","","1748","0","3","0","0","0","0","1","2","0","3","03","","N","","","","","","","","","","",""
"2022005505","1832","1","0","0","0","0","0","0","0","0","1","0","","67","01","2022","7","39.939","-75.1433","1823","06","0","0","0","0","0","0","0","0","","0","0","0","18","3","0","00","N","1","39 56:20.502","1","00","75 08:36.035","0","0","0","0","67301","0","0","0","N","0","0","0","4","68K01","0","","1","09","1826","N","N","Y","0","","0","0","1","0","0","N","1816","0","2","0","0","0","0","0","2","0","2","07","","N","","","","","","","","","","",""
"2022012276","1519","1","0","0","0","0","0","0","0","0","7","0","","67","01","2022","1","39.9803","-75.2056","1514","06","0","0","0","0","0","0","0","0","","0","0","0","15","1","1","00","N","0","39 58:49.212","","00","75 12:20.127","4","0","0","0","67301","0","0","0","N","0","0","0","1","68K01","1","","2","09","","N","N","N","0","","0","0","0","0","0","","1513","1","1","0","0","0","0","0","2","0","1","07","","N","","","","","","","","","","",""
"2022018074","0628","2","0","0","0","0","0","0","0","0","1","0","","67","02","2022","3","39.9616","-75.1822","0626","06","0","0","0","0","1","1","0","0","","0","0","0","06","1","2","00","N","1","39 57:41.742","4","00","75 10:55.822","8","0","0","0","67301","0","0","0","N","0","0","0","6","68K01","0","","1","01","0655","N","N","N","2","","0","0","0","0","0","N","0622","2","4","0","0","2","2","0","2","0","4","03","","N","","","","","","","","","","",""
"2022011373","0133","0","0","0","0","0","0","0","0","0","7","0","","67","01","2022","1","39.9362","-75.1996","0124","06","0","0","0","0","0","0","0","0","","0","0","0","00","3","1","00","N","2","39 56:09.339","3","00","75 11:59.047","4","0","0","0","67301","0","0","0","N","0","0","0","1","68K01","1","","4","01","0215","N","N","N","0","","0","0","1","0","0","N","0051","1","1","0","0","0","0","0","2","0","1","03","","N","","","","","","","","","","",""
"2022002984","1623","1","0","0","0","0","0","0","0","0","1","0","","67","01","2022","7","39.9678","-75.1317","1618","06","0","0","0","0","0","0","0","0","","0","0","0","16","1","0","00","N","1","39 58:03.927","2","00","75 07:53.952","0","0","0","0","67301","0","0","0","N","0","0","0","2","68K01","0","","1","01","1630","N","N","N","0","","0","0","1","0","0","N","1615","0","2","0","0","0","0","0","2","0","2","03","03","N","","","","","","","","","","",""
"2022004194","1330","1","0","0","0","0","0","0","0","0","7","0","","67","01","2022","4","40.1084","-75.0411","1330","06","0","0","0","0","0","0","0","0","","0","0","0","06","5","1","00","N","9","40 06:30.340","","00","75 02:27.890","8","0","0","0","67301","0","0","0","N","0","0","0","1","67301","0","","3","02","","N","N","N","0","","0","0","0","9","9","U","0650","1","1","0","0","0","1","0","2","0","1","06","06","N","","","","","","","","","","",""
"2022009619","2018","1","0","0","0","0","0","0","0","0","5","0","","67","01","2022","6","39.9598","-75.1779","2008","06","0","0","0","0","1","1","0","0","","0","0","0","20","3","0","00","N","2","39 57:35.134","3","00","75 10:40.387","0","0","0","0","67301","0","0","0","N","0","0","0","5","68K01","0","","1","01","2022","N","N","N","0","","0","0","1","0","0","N","2000","0","2","0","0","0","0","0","2","0","2","03","","N","","","","","","","","","","",""
"2022010405","1459","1","0","0","0","0","0","0","0","0","7","0","","67","01","2022","4","40.0401","-75.0063","1443","06","0","0","0","0","0","0","0","0","","0","0","0","14","1","0","00","N","0","40 02:24.534","","00","75 00:22.737","0","0","0","0","67301","0","0","0","N","0","0","0","1","68K01","0","","2","01","","N","Y","N","0","","0","0","0","0","0","","1442","0","1","0","0","0","0","0","2","0","1","03","","N","","","","","","","","","","",""
"2022004213","0115","1","0","0","0","0","0","0","0","0","7","0","","67","01","2022","3","39.9281","-75.2434","0054","06","0","0","0","0","0","0","0","0","","0","0","0","00","3","0","00","N","0","39 55:41.278","","00","75 14:36.400","0","0","0","0","67301","0","0","0","N","0","0","0","1","67301","0","","3","01","","N","N","N","0","","0","0","0","0","0","","0053","0","1","0","0","0","0","0","2","0","1","03","","N","","","","","","","","","","",""
"2022009234","1807","2","0","0","0","0","0","0","0","0","7","0","","67","01","2022","1","39.9529","-75.141","1751","06","0","0","0","0","0","0","0","0","","0","0","0","17","2","0","00","N","0","39 57:10.520","","00","75 08:27.538","0","0","0","0","67301","0","0","0","N","0","0","0","3","68K01","0","","4","07","","N","N","N","0","","0","0","0","0","0","","1748","0","2","0","0","0","0","0","2","0","2","10","","N","","","","","","","","","","",""
"2022000585","0853","0","0","0","0","0","0","0","0","0","7","0","","67","01","2022","1","39.9829","-75.2079","0852","06","0","0","0","1","0","0","0","0","","0","0","0","08","1","0","00","N","0","39 58:58.352","","00","75 12:28.378","0","0","0","0","67301","0","0","0","N","0","0","0","1","68K01","0","","4","09","","N","N","N","1","","0","0","0","0","0","","0850","0","1","0","0","0","0","0","2","0","1","07","","N","","","","","","","","","","",""
"2022006619","1836","1","0","0","0","0","0","0","0","0","5","0","","67","01","2022","5","40.0348","-75.0184","1836","06","0","0","0","1","0","0","0","0","","0","0","0","18","3","0","00","N","0","40 02:05.303","","00","75 01:06.414","0","0","0","0","67301","0","0","0","N","0","0","0","4","68K01","0","","1","01","","N","N","N","0","","0","0","1","0","0","","1829","0","2","0","0","0","0","0","2","0","2","03","","N","","","","","","","","","","",""
"2022008863","0231","1","0","0","0","0","0","0","0","0","7","0","","67","01","2022","4","40.0091","-75.0672","0220","06","0","0","0","0","0","0","0","0","","0","0","0","02","3","1","00","N","0","40 00:32.839","","00","75 04:01.873","3","0","0","0","67301","0","0","0","N","0","0","0","2","68K01","0","","4","01","","N","N","N","0","","1","0","0","0","0","","0218","1","1","0","0","0","0","0","2","0","1","03","","N","","","","","","","","","","",""
"2022016176","1005","1","0","0","0","0","0","1","0","0","1","1","","67","02","2022","4","40.0228","-75.159","1000","06","0","0","0","0","0","1","0","0","","0","0","0","09","1","1","05","","0","40 01:22.042","","00","75 09:32.483","3","0","0","0","67301","0","0","0","N","0","0","0","2","67301","0","","1","01","","Y","N","N","0","","1","0","0","3","2","","0900","1","2","0","0","1","0","0","2","0","2","03","","N","","","","","","","","","","",""
"2022016613","2141","1","0","0","0","0","0","0","0","0","98","0","","67","01","2022","7","40.0097","-75.0653","2138","06","0","0","0","0","0","0","0","0","","0","0","0","21","3","1","00","N","0","40 00:34.842","","00","75 03:55.015","4","0","0","0","67301","0","0","0","N","0","0","0","2","68K01","1","","2","01","","N","N","N","0","","0","0","0","0","0","","2138","1","1","0","0","2","0","0","2","0","1","03","","N","","","","","","","","","","",""
"2022016534","1409","0","0","0","0","0","0","0","0","0","1","2","","67","01","2022","6","39.9583","-75.1661","1351","06","0","0","0","0","0","1","0","0","","0","2","0","13","1","0","00","N","0","39 57:29.877","","00","75 09:57.998","0","0","0","0","67301","0","0","0","N","0","0","0","2","68K01","0","","1","09","","N","N","N","0","","0","0","0","0","0","","1348","0","2","0","0","0","0","0","2","0","2","03","03","N","","","","","","","","","","",""
"2022005785","0242","1","0","0","0","0","0","0","0","0","7","0","","67","01","2022","7","39.9746","-75.1944","0229","06","0","0","0","0","0","0","0","0","","0","0","0","02","3","0","00","N","0","39 58:28.616","","00","75 11:39.677","0","0","0","0","67301","0","0","0","N","0","0","0","1","68K01","0","","4","01","","N","N","N","0","","0","0","0","0","0","","0228","0","1","0","0","0","0","0","2","0","1","03","03","N","","","","","","","","","","",""
"2022005163","1621","0","0","0","0","0","0","0","0","0","7","0","","67","01","2022","7","39.9953","-75.1976","1618","06","0","0","0","0","0","0","0","0","","0","0","0","16","1","0","00","N","0","39 59:43.173","","00","75 11:51.493","0","0","0","0","67301","0","0","0","N","0","0","0","1","68K01","0","","4","09","","N","N","N","0","","0","0","0","0","0","","1616","0","1","0","0","0","0","0","2","1","1","07","","N","","","","","","","","","","",""
"2022017177","0750","0","0","0","0","0","0","0","0","0","1","0","","67","02","2022","2","39.9434","-75.1428","0732","06","0","0","0","0","0","1","0","0","","0","0","0","07","1","1","00","N","0","39 56:36.207","","04","75 08:33.914","3","0","0","0","67301","0","0","0","N","0","0","0","2","68K01","0","","1","01","","N","N","N","1","","1","0","1","0","0","","0732","1","2","0","0","0","0","0","2","0","2","03","03","N","","","","","","","","","","",""
"2022015782","1310","1","0","0","0","0","0","0","0","0","8","0","","67","02","2022","4","40.0083","-75.1944","1255","06","0","0","0","0","0","0","0","0","","0","0","0","12","1","1","02","","0","40 00:29.891","","00","75 11:39.727","3","0","0","0","67301","1","0","0","N","1","0","0","1","67301","0","","1","01","","N","N","N","0","","1","0","0","3","2","","1255","1","2","0","0","0","0","0","2","0","1","03","03","N","","","","","","","","","","",""
"2022014410","","1","0","0","0","0","0","0","0","0","4","0","","67","01","2022","6","39.9453","-75.2358","","06","0","0","0","0","0","0","0","0","","0","0","0","10","1","0","00","N","0","39 56:43.000","","00","75 14:08.800","0","0","0","0","67301","0","0","0","N","0","0","0","5","00000","0","","1","01","","N","N","N","0","","0","0","1","0","0","","1027","0","3","0","0","0","0","0","2","0","3","03","","N","","","","","","","","","","",""
"2022004359","2217","1","0","0","0","0","0","0","0","0","2","0","","67","01","2022","3","39.9927","-75.1862","2210","06","0","0","0","0","0","0","1","0","","0","0","0","22","3","1","02","","0","39 59:33.918","","00","75 11:10.185","3","0","0","0","67301","0","0","0","N","0","0","0","1","67301","0","","1","01","","N","N","N","0","","1","0","0","3","2","","2205","1","2","0","0","0","0","0","2","0","2","03","03","N","","","","","","","","","","",""
"2022017234","0216","1","0","0","0","0","0","0","0","0","7","0","","67","02","2022","4","40.1065","-74.9989","0210","06","0","0","0","0","0","0","0","0","","0","0","0","02","3","1","02","","0","40 06:23.287","","00","74 59:55.982","8","0","0","0","67301","0","0","0","N","0","0","0","1","67301","0","","5","01","","N","N","N","0","","0","0","0","3","2","","0205","1","1","0","0","0","1","0","2","0","1","03","","N","","","","","","","","","","",""
"2022004226","2020","2","0","0","0","0","0","0","0","0","2","0","","67","01","2022","3","40.0635","-75.1698","2020","06","0","0","0","0","0","0","0","0","","0","0","0","20","3","2","01","","0","40 03:48.682","","00","75 10:11.404","3","0","0","0","67301","0","0","0","N","0","0","0","2","67301","0","","1","01","","N","N","N","0","","2","0","0","3","1","","2015","2","2","0","0","0","0","0","2","0","2","03","03","N","","","","","","","","","","",""
"2022015513","0958","0","0","0","0","0","0","1","0","0","8","1","","67","01","2022","7","39.9719","-75.2449","0949","06","0","0","0","0","0","0","0","0","","0","0","0","09","1","1","01","","1","39 58:18.687","2","00","75 14:41.580","8","0","0","0","67301","1","0","0","N","1","0","0","2","67508","0","","1","01","9999","","","N","0","","0","0","0","3","2","N","0943","1","2","0","0","0","1","0","2","0","1","03","03","N","","","","","","","","","","",""
"2022005765","1651","1","0","0","0","0","0","0","0","0","7","0","","67","01","2022","7","39.9599","-75.1778","1646","06","0","0","1","0","0","0","0","0","","0","0","0","16","3","0","00","N","0","39 57:35.559","","00","75 10:40.196","0","0","0","0","67301","0","0","0","N","0","0","0","1","68K01","0","","3","09","","N","N","N","0","","0","0","0","0","0","","1639","0","1","0","0","0","0","0","2","0","1","07","","N","","","","","","","","","","",""
"2022015811","2317","1","0","0","0","0","0","0","0","0","7","0","","67","02","2022","4","40.0158","-75.1174","2317","06","0","0","0","0","0","0","0","0","","0","0","0","23","3","0","00","N","0","40 00:56.750","","00","75 07:02.585","9","0","0","0","67301","0","0","0","N","0","0","0","1","67301","0","","5","01","","N","N","N","0","","0","0","0","0","0","","2300","0","1","0","0","0","0","1","2","0","1","03","03","N","","","","","","","","","","",""
"2022004170","1818","2","0","0","0","0","0","0","0","0","1","0","","67","01","2022","3","40.0453","-75.088","1818","06","0","0","0","0","0","0","0","0","","0","0","0","17","1","1","00","N","0","40 02:43.238","","00","75 05:16.816","3","0","0","0","67301","0","0","0","N","0","0","0","2","67301","0","","1","01","","N","N","N","0","","1","0","0","3","2","","1745","1","2","0","0","0","0","0","2","0","2","03","","N","","","","","","","","","","",""
"2022016636","1025","0","0","0","0","0","0","0","0","0","7","1","","67","02","2022","2","40.0233","-75.1593","1010","06","0","0","0","0","0","0","0","0","","0","1","0","09","1","0","00","N","2","40 01:23.783","5","01","75 09:33.302","0","0","0","0","67301","0","0","0","N","0","0","0","1","67301","0","","5","01","1228","N","N","N","0","","0","0","0","3","8","Y","0940","0","1","0","0","0","0","0","2","0","1","03","03","N","","","","","","","","","","",""
"2022015923","0852","2","0","0","0","0","0","0","0","0","4","1","","67","02","2022","5","39.9764","-75.1625","0846","06","0","0","0","0","0","0","0","0","","0","1","0","08","1","2","01","","0","39 58:34.977","","00","75 09:45.122","4","0","0","0","67301","0","0","0","N","0","0","0","2","67301","1","","1","01","","N","N","N","0","","0","0","0","3","3","","0825","2","3","0","0","0","1","0","2","0","3","03","03","N","","","","","","","","","","",""
"2022005502","1826","0","0","0","0","0","0","0","0","0","7","0","","67","01","2022","1","40.0431","-75.0033","1817","06","0","0","0","0","0","1","0","0","","0","0","0","18","3","1","00","N","0","40 02:35.018","","00","75 00:11.974","8","0","0","0","67301","0","0","0","N","0","0","0","2","68K01","0","","4","09","","N","N","N","0","","0","0","0","0","0","","1815","1","1","0","0","0","1","0","2","1","1","07","","N","","","","","","","","","","",""
"2022009219","0848","1","0","0","0","0","0","0","0","0","7","0","","67","01","2022","7","39.9599","-75.1788","0833","06","0","0","0","0","0","0","0","0","","0","0","0","08","1","1","00","N","1","39 57:35.547","3","00","75 10:43.659","8","0","0","0","67301","0","0","0","Y","0","0","0","2","68K01","0","","7","01","0930","N","N","N","0","","0","0","0","0","0","N","0831","1","1","0","0","0","1","0","2","0","1","03","03","N","","","","","","","","","","",""
"2022010616","1632","0","0","0","0","0","0","0","0","0","5","0","","67","01","2022","7","39.9934","-75.0847","1627","06","0","0","0","0","0","0","0","0","","0","0","0","16","1","0","00","N","1","39 59:36.404","1","00","75 05:04.802","0","0","0","0","67301","0","0","0","N","0","0","0","2","68K01","0","","1","06","1700","N","N","N","0","","0","0","2","0","0","N","1626","0","2","0","0","0","0","0","2","0","2","02","02","N","","","","","","","","","","",""
"2022004193","0932","0","0","0","0","0","0","0","0","0","7","0","","67","01","2022","6","40.0843","-75.0625","0922","06","0","0","0","0","0","0","0","0","","0","0","0","09","1","1","00","N","0","40 05:03.628","","00","75 03:45.039","3","0","0","0","67301","0","0","0","N","0","0","0","1","67301","0","","5","06","","N","N","N","0","","1","0","1","0","0","","0922","1","1","0","0","1","0","0","2","0","1","03","","N","","","","","","","","","","",""
"2022005618","1259","2","0","0","0","0","0","0","0","0","1","0","","67","01","2022","3","39.9361","-75.1996","1242","06","0","0","0","0","0","1","0","0","","0","0","0","12","1","0","00","N","0","39 56:08.332","","00","75 11:59.002","0","0","0","0","67301","0","0","0","N","0","0","0","3","68K01","0","","1","01","","N","N","Y","0","","0","0","1","0","0","","1238","0","3","0","0","0","0","0","2","0","3","03","","N","","","","","","","","","","",""
"2022003181","1912","1","0","0","0","0","0","0","0","0","5","0","","67","01","2022","4","39.9956","-75.1974","1907","06","0","0","0","0","0","0","0","0","","0","0","0","19","3","0","00","N","2","39 59:44.159","4","00","75 11:50.660","9","0","0","0","67301","0","0","0","N","0","0","0","1","68K01","0","","5","01","1945","N","N","N","0","","0","0","0","0","0","N","1902","0","1","0","0","0","0","1","2","0","1","03","03","N","","","","","","","","","","",""
"2022016322","1457","0","0","0","0","0","0","0","0","0","0","1","","67","02","2022","4","40.0526","-74.9876","1457","06","0","0","0","0","0","1","0","0","","0","1","0","14","1","1","00","N","1","40 03:09.422","2","00","74 59:15.221","8","0","0","0","67301","0","0","0","Y","0","0","0","1","68K01","0","","1","01","1840","N","N","N","0","","0","0","0","0","0","N","1424","1","1","0","0","0","1","0","2","0","1","03","03","N","","","","","","","","","","",""
"2022017772","1145","1","0","0","0","0","0","0","0","0","1","0","","67","02","2022","7","39.9241","-75.1926","1128","06","0","0","0","0","0","0","0","0","","0","0","0","23","3","0","00","N","0","39 55:26.903","","00","75 11:33.494","9","0","0","0","67301","0","0","0","N","0","0","0","2","68K01","0","","3","01","","N","N","N","0","","0","0","1","0","0","","2331","0","2","0","0","0","0","1","2","0","2","03","","N","","","","","","","","","","",""
"2022017057","1422","1","0","0","0","0","0","0","0","0","1","0","","67","01","2022","7","39.9535","-75.1815","1411","06","0","0","0","0","0","1","0","0","","0","0","0","14","1","1","00","N","0","39 57:12.692","","00","75 10:53.496","8","0","0","0","67301","0","0","0","N","0","0","0","2","68K01","0","","1","01","","N","N","N","0","","0","0","1","0","0","","1407","1","2","0","0","0","1","1","2","0","2","03","03","N","","","","","","","","","","",""
"2022004297","1130","1","0","1","0","0","0","0","0","0","2","0","","67","01","2022","1","40.0114","-75.2004","1130","06","0","0","0","0","0","0","0","0","","0","0","0","17","3","1","02","","9","40 00:41.190","","02","75 12:01.509","2","0","0","0","67301","0","0","0","N","0","0","0","1","67301","0","","1","99","","N","N","N","0","","0","1","0","3","3","U","1744","1","2","0","0","0","0","0","2","0","2","99","","N","","","","","","","","","","",""
"2022015839","0650","1","0","0","0","0","0","0","0","0","5","0","","67","02","2022","7","39.9366","-75.1443","0648","06","0","0","0","0","0","0","0","0","","0","0","0","05","3","0","00","N","0","39 56:11.861","","00","75 08:39.341","9","0","0","0","67301","0","0","0","N","0","0","0","2","68K01","0","","1","01","","N","N","N","0","","0","0","0","0","0","","0555","0","2","0","0","0","0","1","2","0","2","03","03","N","","","","","","","","","","",""
"2022008128","1046","1","0","0","0","0","0","0","0","0","1","0","","67","01","2022","6","39.9673","-75.1888","1041","06","0","0","0","0","0","0","0","0","","0","0","0","10","1","1","00","N","2","39 58:02.276","3","00","75 11:19.842","3","0","0","0","67301","0","0","0","N","0","0","0","4","68K01","0","","1","01","1056","N","N","N","0","","1","0","2","0","0","N","1038","1","3","0","0","0","0","0","2","0","3","03","","N","","","","","","","","","","",""
"2023000518","0155","1","0","0","0","0","0","0","0","0","7","0","","67","12","2022","6","39.9608","-75.1815","0150","06","0","0","0","0","0","0","0","0","","0","0","0","01","3","0","00","N","1","39 57:37.700","4","02","75 10:51.900","0","0","0","0","67301","0","0","0","N","0","0","0","1","68K01","0","","5","09","0207","N","N","N","0","","0","0","0","0","0","N","0147","0","1","0","0","0","0","0","2","0","1","07","07","N","","","","","","","","","","",""
"2023001012","1040","1","0","0","0","0","0","0","0","0","7","0","","67","11","2022","1","39.9526","-75.141","1040","06","0","0","0","0","0","0","0","0","","0","0","0","10","1","1","00","N","0","39 57:09.193","","00","75 08:27.560","3","0","0","0","67301","0","0","0","N","0","0","0","1","68K01","0","","2","09","","N","N","N","0","","1","0","0","0","0","","1027","1","1","0","0","1","0","0","2","0","1","07","","N","","","","","","","","","","",""
"2023000067","1333","1","0","0","0","0","0","0","0","0","5","2","","67","12","2022","7","39.9517","-75.1415","1305","06","0","0","0","0","0","2","0","0","","0","2","0","12","1","0","06","","0","39 57:06.151","","02","75 08:29.297","0","0","0","0","67301","0","0","0","N","0","0","0","4","68K01","0","","1","09","","N","N","N","0","","0","0","0","0","0","","1242","0","3","0","0","0","0","0","2","0","3","07","","N","","","","","","","","","","",""
"2023006297","2010","3","0","0","0","0","0","0","0","0","5","0","","67","12","2022","1","39.9966","-75.1215","2008","06","0","0","0","0","0","0","0","0","","0","1","0","20","3","0","00","N","0","39 59:47.600","","00","75 07:17.300","0","0","0","0","67301","0","0","0","N","0","0","0","1","67301","0","","4","09","","N","N","N","0","","0","0","2","3","5","","2007","0","7","0","0","0","0","0","2","1","7","07","07","N","","","","","","","","","","",""
"2023002282","0152","1","0","0","0","0","0","0","0","0","5","0","","67","12","2022","1","39.9792","-75.1706","0144","06","0","0","0","0","0","0","0","0","","0","0","0","01","3","0","00","N","2","39 58:45.000","4","00","75 10:13.600","9","0","0","0","67301","0","0","0","N","0","0","0","2","67301","0","","4","01","0100","N","N","N","0","","0","0","3","0","0","Y","0140","0","4","0","0","0","0","2","2","0","4","03","","N","","","","","","","","","","",""
"2023001421","1544","0","0","0","0","0","0","0","0","0","5","1","","67","11","2022","7","39.9307","-75.1989","1532","06","0","0","0","0","0","1","0","0","","0","1","0","15","1","1","00","N","1","39 55:50.518","3","00","75 11:56.029","3","0","0","0","67301","0","0","0","N","0","0","0","2","68K01","0","","1","01","1600","N","N","N","0","","1","0","1","0","0","N","1529","1","2","0","0","0","0","0","2","0","2","03","03","N","","","","","","","","","","",""
"2023009754","1349","2","0","0","0","0","0","0","0","0","1","1","","67","12","2022","5","39.9678","-75.1315","1339","06","0","0","0","0","0","0","0","0","","0","1","0","13","1","1","00","N","0","39 58:04.085","","00","75 07:53.415","3","0","0","0","67301","0","0","0","N","0","0","0","6","68K01","0","","1","09","","N","N","N","0","","1","0","0","0","0","","1335","1","4","0","0","0","0","1","2","1","4","07","","N","","","","","","","","","","",""