"CRN","ARRIVAL_TM","AUTOMOBILE_COUNT","BELTED_DEATH_COUNT","BELTED_SUSP_SERIOUS_INJ_COUNT","BICYCLE_COUNT","BICYCLE_DEATH_COUNT","BICYCLE_SUSP_SERIOUS_INJ_COUNT","BUS_COUNT","CHLDPAS_DEATH_COUNT","CHLDPAS_SUSP_SERIOUS_INJ_COUNT","COLLISION_TYPE","COMM_VEH_COUNT","CONS_ZONE_SPD_LIM","COUNTY","CRASH_MONTH","CRASH_YEAR","DAY_OF_WEEK","DEC_LAT","DEC_LONG","DISPATCH_TM","DISTRICT","DRIVER_COUNT_16YR","DRIVER_COUNT_17YR","DRIVER_COUNT_18YR","DRIVER_COUNT_19YR","DRIVER_COUNT_20YR","DRIVER_COUNT_50_64YR","DRIVER_COUNT_65_74YR","DRIVER_COUNT_75PLUS","EST_HRS_CLOSED","FATAL_COUNT","HEAVY_TRUCK_COUNT","HORSE_BUGGY_COUNT","HOUR_OF_DAY","ILLUMINATION","INJURY_COUNT","INTERSECT_TYPE","INTERSECTION_RELATED","LANE_CLOSED","LATITUDE","LN_CLOSE_DIR","LOCATION_TYPE","LONGITUDE","MAX_SEVERITY_LEVEL","MCYCLE_DEATH_COUNT","MCYCLE_SUSP_SERIOUS_INJ_COUNT","MOTORCYCLE_COUNT","MUNICIPALITY","NONMOTR_COUNT","NONMOTR_DEATH_COUNT","NONMOTR_SUSP_SERIOUS_INJ_COUNT","NTFY_HIWY_MAINT","PED_COUNT","PED_DEATH_COUNT","PED_SUSP_SERIOUS_INJ_COUNT","PERSON_COUNT","POLICE_AGCY","POSSIBLE_INJ_COUNT","RDWY_SURF_TYPE_CD","RELATION_TO_ROAD","ROAD_CONDITION","ROADWAY_CLEARED","SCH_BUS_IND","SCH_ZONE_IND","SECONDARY_CRASH","SMALL_TRUCK_COUNT","SPEC_JURIS_CD","SUSP_MINOR_INJ_COUNT","SUSP_SERIOUS_INJ_COUNT","SUV_COUNT","TCD_FUNC_CD","TCD_TYPE","TFC_DETOUR_IND","TIME_OF_DAY","TOT_INJ_COUNT","TOTAL_UNITS","UNB_DEATH_COUNT","UNB_SUSP_SERIOUS_INJ_COUNT","UNBELTED_OCC_COUNT","UNK_INJ_DEG_COUNT","UNK_INJ_PER_COUNT","URBAN_RURAL","VAN_COUNT","VEHICLE_COUNT","WEATHER1","WEATHER2","WORK_ZONE_IND","WORK_ZONE_LOC","WORK_ZONE_TYPE","WORKERS_PRES","WZ_CLOSE_DETOUR","WZ_FLAGGER","WZ_LAW_OFFCR_IND","WZ_LN_CLOSURE","WZ_MOVING","WZ_OTHER","WZ_SHLDER_MDN","WZ_WORKERS_INJ_KILLED"
"2022016615","1839","1","0","0","0","0","0","0","0","0","1","0","","67","01","2022","1","40.0027","-75.0778","1833","06","0","0","0","0","0","1","0","0","","0","0","0","18","3","0","00","N","0","40 00:09.824","","00","75 04:40.084","0","0","0","0","67301","0","0","0","N","0","0","0","2","68K01","0","","1","09","","N","N","N","0","","0","0","1","0","0","","1814","0","2","0","0","0","0","0","2","0","2","10","10","N","","","","","","","","","","",""
"2022016423","0835","2","0","0","0","0","0","0","0","0","1","0","","67","02","2022","2","39.9578","-75.1622","0832","06","0","0","0","0","0","0","0","0","","0","0","0","08","1","1","00","N","0","39 57:28.178","","00","75 09:43.854","3","0","0","0","67301","0","0","0","N","0","0","0","2","67301","0","","1","01","","N","N","N","0","","1","0","0","0","0","","0820","1","2","0","0","2","0","0","2","0","2","03","03","N","","","","","","","","","","",""
"2022010625","2117","1","0","0","0","0","0","0","0","0","7","0","","67","01","2022","1","39.9382","-75.144","2112","06","0","0","0","0","0","0","0","0","","0","0","0","21","3","0","00","N","0","39 56:17.393","","00","75 08:38.571","0","0","0","0","67301","0","0","0","N","0","0","0","1","68K01","0","","2","09","","N","N","N","0","","0","0","0","0","0","","2110","0","1","0","0","0","0","0","2","0","1","07","","N","","","","","","","","","","",""
"2022016023","2208","0","0","0","0","0","0","0","0","0","4","0","","67","01","2022","6","39.963","-75.1612","2206","06","0","0","0","0","0","0","1","0","","0","0","0","22","3","0","00","N","1","39 57:46.907","1","00","75 09:40.305","0","0","0","0","67301","0","0","0","N","0","0","0","2","67301","0","","1","01","2245","N","N","N","0","","0","0","2","0","0","N","2202","0","2","0","0","0","0","0","2","0","2","03","03","N","","","","","","","","","","",""
"2022005171","2007","0","0","0","0","0","0","0","0","0","7","0","","67","01","2022","7","39.9827","-75.2078","2004","06","0","0","0","0","0","0","0","0","","0","0","0","20","3","1","00","N","1","39 58:57.793","4","00","75 12:28.138","3","0","0","0","67301","0","0","0","Y","0","0","0","2","68K01","0","","4","09","2056","N","N","N","1","","1","0","0","0","0","Y","2002","1","1","0","0","0","0","0","2","0","1","07","","N","","","","","","","","","","",""
"2022010895","1234","1","0","0","0","0","0","0","0","0","8","0","","67","01","2022","1","40.0271","-75.1207","1231","06","0","0","0","0","0","0","0","0","","0","0","0","12","1","1","00","N","0","40 01:37.480","","00","75 07:14.640","3","0","0","0","67301","1","0","0","N","1","0","0","2","67301","0","","1","01","","N","N","N","0","","1","0","0","0","0","","1209","1","2","0","0","0","0","0","2","0","1","03","04","N","","","","","","","","","","",""
"2022008125","0707","1","0","0","0","0","0","0","0","0","1","0","","67","01","2022","5","39.977","-75.1982","0657","06","0","0","0","0","0","1","0","0","","0","0","0","06","5","0","00","N","2","39 58:37.237","4","00","75 11:53.516","0","0","0","0","67301","0","0","0","N","0","0","0","2","68K01","0","","1","09","0720","N","N","N","1","","0","0","0","0","0","N","0654","0","2","0","0","0","0","0","2","0","2","07","","N","","","","","","","","","","",""
"2022010883","0013","1","0","0","0","0","0","0","0","0","8","0","","67","01","2022","3","40.0092","-75.1511","0007","06","0","0","0","0","0","0","0","0","","0","0","0","00","3","1","01","N","0","40 00:33.211","","00","75 09:04.083","3","0","0","0","67301","1","0","0","N","1","0","0","2","67301","0","","1","01","","N","N","N","0","","1","0","0","3","2","","0007","1","2","0","0","1","0","0","2","0","1","03","03","N","","","","","","","","","","",""
"2022016595","1719","0","0","0","0","0","0","0","0","0","1","0","","67","02","2022","7","39.9479","-75.1421","1719","06","0","0","0","0","0","0","0","0","","0","0","0","17","1","0","00","N","1","39 56:52.555","2","00","75 08:31.728","0","0","0","0","67301","0","0","0","N","0","0","0","2","68K01","0","","1","01","1719","N","N","N","0","","0","0","1","0","0","N","1719","0","2","0","0","0","0","0","2","1","2","03","","N","","","","","","","","","","",""
"2022004228","0830","0","0","0","0","0","0","0","0","0","7","0","","67","01","2022","5","40.0501","-75.1999","0819","06","0","0","0","0","0","0","0","0","","0","0","0","07","1","1","00","N","0","40 03:00.200","","00","75 11:59.630","3","0","0","0","67301","0","0","0","N","0","0","0","1","67301","0","","5","01","","N","N","N","0","","1","0","1","0","0","","0715","1","1","0","0","0","0","0","2","0","1","04","04","N","","","","","","","","","","",""
"2022003235","0959","0","0","0","0","0","0","0","0","0","7","0","","67","01","2022","1","40.0313","-75.0216","0959","06","0","0","0","0","0","0","0","0","","0","0","0","09","1","1","00","N","1","40 01:52.730","2","00","75 01:17.831","8","0","0","0","67301","0","0","0","N","0","0","0","1","68K01","0","","4","09","1020","N","N","N","1","","0","0","0","0","0","N","0950","1","1","0","0","0","1","0","2","0","1","04","","N","","","","","","","","","","",""
"2022002958","0032","1","0","0","0","0","0","0","0","0","7","0","","67","01","2022","5","39.9572","-75.1569","0028","06","0","0","0","0","0","0","1","0","","0","0","0","00","3","1","00","N","1","39 57:25.957","4","00","75 09:24.759","8","0","0","0","67301","0","0","0","N","0","0","0","1","68K01","0","","4","01","0110","N","N","N","0","","0","0","0","0","0","N","0028","1","1","0","0","0","1","0","2","0","1","03","","N","","","","","","","","","","",""
"2022004293","0345","1","0","0","0","0","0","0","0","0","98","0","","67","01","2022","2","40.0205","-75.1744","0341","06","0","0","0","0","0","1","0","0","","0","0","0","03","3","1","00","N","0","40 01:13.950","","99","75 10:27.680","3","0","0","0","67301","0","0","0","N","0","0","0","1","67301","0","","1","01","","N","N","N","0","","1","0","0","9","9","","0330","1","1","0","0","0","0","0","2","0","1","03","03","N","","","","","","","","","","",""
"2022016120","1201","2","0","0","0","0","0","0","0","0","6","0","","67","02","2022","3","39.9142","-75.1513","1200","06","0","0","0","0","0","0","0","0","","0","0","0","17","4","2","00","N","0","39 54:51.071","","07","75 09:04.637","8","0","0","0","67301","0","0","0","N","0","0","0","3","67301","0","","1","99","","N","N","N","0","","0","0","0","9","2","","1730","2","2","0","0","0","2","1","2","0","2","03","","N","","","","","","","","","","",""
"2022026679","1218","1","0","0","0","0","0","0","0","0","5","0","","67","03","2022","1","39.9683","-75.1299","1210","06","0","0","0","0","0","1","0","0","","0","0","0","12","1","0","00","N","1","39 58:05.824","2","00","75 07:47.593","0","0","0","0","67301","0","0","0","N","0","0","0","4","68K01","0","","1","09","1230","N","N","N","0","","0","0","0","0","0","N","1208","0","3","0","0","0","0","0","2","2","3","04","04","N","","","","","","","","","","",""
"2022026651","1627","0","0","0","0","0","0","0","0","0","7","0","","67","03","2022","3","40.1065","-74.9989","1624","06","0","0","0","0","0","0","0","0","","0","0","0","15","1","0","02","","0","40 06:23.287","","07","74 59:55.982","9","0","0","0","67301","0","0","0","N","0","0","0","1","67301","0","","5","01","","N","N","N","0","","0","0","1","0","0","","1509","0","1","0","0","0","0","1","2","0","1","03","03","N","","","","","","","","","","",""
"2022021463","0733","1","0","0","0","0","0","0","0","0","4","0","","67","02","2022","1","39.9573","-75.2479","0730","06","0","0","0","0","0","1","0","0","","0","0","0","06","1","0","01","","0","39 57:26.251","","00","75 14:52.347","0","0","0","0","67301","0","0","0","N","0","0","0","2","67301","0","","1","01","","N","N","N","1","","0","0","1","3","2","","0628","0","4","0","0","0","0","0","2","1","4","03","","N","","","","","","","","","","",""
"2022021417","2045","1","0","0","0","0","0","0","0","0","5","0","","67","02","2022","6","39.9636","-75.1389","2041","06","0","0","0","0","0","1","0","0","","0","0","0","20","3","0","00","N","1","39 57:49.053","2","00","75 08:20.077","9","0","0","0","67301","0","0","0","N","0","0","0","2","68K01","0","","1","01","2100","N","N","N","0","","0","0","0","0","0","N","2039","0","2","0","0","0","0","1","2","0","2","03","","N","","","","","","","","","","",""
"2022021392","1206","0","0","0","0","0","0","0","0","0","7","0","","67","02","2022","7","40.0458","-74.9997","1145","06","0","0","0","0","0","0","0","0","","0","0","0","11","1","0","07","N","0","40 02:44.738","","02","74 59:58.951","0","0","0","0","67301","0","0","0","Y","0","0","0","1","68K01","0","","4","01","","N","N","N","0","","0","0","1","0","0","","1145","0","1","0","0","0","0","0","2","0","1","03","","N","","","","","","","","","","",""
"2022021367","1050","1","0","0","0","0","0","0","0","0","7","0","","67","02","2022","2","39.9524","-75.1415","1050","06","0","0","0","0","0","0","0","0","","0","0","0","10","1","1","00","N","0","39 57:08.762","","00","75 08:29.328","4","0","0","0","67301","0","0","0","N","0","0","0","1","68K01","1","","2","09","","N","N","N","0","","0","0","0","0","0","","1031","1","1","0","0","0","0","0","2","0","1","07","","N","","","","","","","","","","",""
"2022026905","0335","1","0","0","0","0","0","0","0","0","7","0","","67","03","2022","7","39.9605","-75.1812","0332","06","0","0","0","0","0","0","0","0","","0","0","0","03","3","0","07","N","2","39 57:37.626","4","02","75 10:52.459","9","0","0","0","67301","0","0","0","N","0","0","0","1","68K01","0","","4","01","0010","N","N","N","0","","0","0","0","0","0","N","0332","0","1","0","0","0","0","1","2","0","1","03","03","N","","","","","","","","","","",""
"2024011898","","0","0","0","0","0","0","0","0","0","7","0","","67","10","2022","4","40.0109","-75.1269","","06","0","0","0","0","0","0","0","0","","0","0","0","03","3","1","00","N","0","40 00:39.100","","00","75 07:36.900","8","0","0","0","67301","0","0","0","N","0","0","0","2","00000","0","","4","01","","","","N","0","","0","0","0","0","0","","0350","1","1","0","0","0","1","0","2","1","1","03","03","N","","","","","","","","","","",""
"2024011472","","1","0","0","0","0","0","0","0","0","1","0","","67","12","2022","3","40.0716","-75.1576","","06","0","0","0","0","0","0","0","0","","0","0","0","17","1","1","01","","0","40 04:17.702","","00","75 09:27.521","8","0","0","0","67301","0","0","0","N","0","0","0","2","00000","0","","1","01","","","","N","0","","0","0","0","3","2","","1700","1","2","0","0","0","1","0","2","0","2","03","03","N","","","","","","","","","","",""
"2024011803","","0","0","0","0","0","0","0","0","0","4","0","","67","12","2022","6","40.0122","-75.1505","","06","0","0","0","0","0","0","1","0","","0","0","0","17","3","1","01","","0","40 00:44.064","","00","75 09:01.733","8","0","0","0","67301","0","0","0","N","0","0","0","2","00000","0","","1","01","","","","N","0","","0","0","1","3","2","","1730","1","2","0","0","0","1","0","2","0","2","03","03","N","","","","","","","","","","",""
"2024011183","","0","0","0","0","0","0","0","0","0","4","0","","67","05","2022","4","40.0036","-75.1812","","06","0","0","0","0","0","0","0","0","","0","0","0","23","3","1","01","","0","40 00:13.296","","00","75 10:52.648","8","0","0","1","67301","0","0","0","N","0","0","0","2","00000","0","","1","01","","","","N","0","","0","0","0","3","2","","2300","1","2","0","0","0","1","0","2","0","2","03","03","N","","","","","","","","","","",""
"2024021014","","0","0","0","0","0","0","0","0","0","5","0","","67","11","2022","1","","","","06","0","0","0","0","0","0","0","0","","0","0","0","99","1","2","00","N","0","","","00","","8","0","0","0","67301","0","0","0","N","0","0","0","3","00000","0","","1","01","","","","N","0","","0","0","0","0","0","","9999","2","2","0","0","0","2","0","1","0","2","03","","N","","","","","","","","","","",""
"2024021037","","0","0","0","0","0","0","0","0","0","4","0","","67","10","2022","2","39.9543","-75.1918","","06","0","0","0","0","0","0","1","0","","0","0","0","10","1","5","01","","0","39 57:15.621","","00","75 11:30.428","8","0","0","0","67301","0","0","0","N","0","0","0","6","00000","0","","1","01","","","","N","1","","0","0","1","3","2","","1052","5","2","0","0","0","5","0","2","0","2","03","","N","","","","","","","","","","",""
"2024023477","2147","1","0","0","0","0","0","0","0","0","8","0","","67","05","2022","3","39.9498","-75.2071","2146","06","0","0","0","0","0","0","0","0","","0","0","0","21","3","1","01","","0","39 56:59.241","","00","75 12:25.710","3","0","0","0","67301","1","0","0","N","1","0","0","2","67504","0","","1","01","","N","N","N","0","","1","0","0","3","2","","2146","1","2","0","0","0","0","0","2","0","1","03","03","N","","","","","","","","","","",""
"2024021020","","1","0","0","0","0","0","0","0","0","1","0","","67","03","2022","4","40.0307","-75.0219","","06","0","0","0","0","0","0","0","0","","0","0","0","22","2","4","00","N","0","40 01:50.556","","00","75 01:18.756","8","0","0","0","67301","0","0","0","N","0","0","0","5","00000","0","","1","01","","","","N","0","","0","0","0","0","0","","2230","4","2","0","0","0","4","0","2","0","2","03","","N","","","","","","","","","","",""
"2023000313","0816","0","0","0","0","0","0","0","0","0","1","0","","67","12","2022","3","40.0159","-75.0526","0748","06","0","0","0","0","0","0","0","0","","0","0","0","07","1","0","00","N","0","40 00:57.380","","00","75 03:09.539","9","0","0","0","67301","0","0","0","N","0","0","0","2","68K01","0","","1","01","","N","N","N","0","","0","0","1","0","0","","0747","0","2","0","0","0","0","1","2","0","2","03","","N","","","","","","","","","","",""
"2023000068","1502","1","0","0","0","0","0","0","0","0","7","0","","67","12","2022","7","40.0435","-75.0031","1502","06","0","0","0","1","0","0","0","0","","0","0","0","15","8","0","00","N","1","40 02:36.568","2","00","75 00:11.088","0","0","0","0","67301","0","0","0","N","0","0","0","1","68K01","0","","4","09","1507","N","N","N","0","","0","0","0","0","0","N","1501","0","1","0","0","0","0","0","2","0","1","05","07","N","","","","","","","","","","",""
"2023009525","1116","1","0","0","0","0","0","0","0","0","5","0","","67","12","2022","6","39.9479","-75.1418","1111","06","0","0","0","0","0","1","0","0","","0","0","0","11","1","1","00","N","1","39 56:52.333","1","00","75 08:30.570","3","0","0","0","67301","0","0","0","N","0","0","0","2","68K01","0","","1","01","1159","N","N","N","0","","1","0","1","0","0","N","1108","1","2","0","0","0","0","0","2","0","2","03","","N","","","","","","","","","","",""
"2023000782","1630","0","0","0","0","0","0","0","0","0","8","0","","67","08","2022","2","39.993","-75.1198","1627","06","0","0","0","0","0","0","0","0","","0","0","0","15","1","1","00","N","0","39 59:34.800","","01","75 07:11.280","3","0","0","0","67301","1","0","0","N","1","0","0","2","67301","0","","1","01","","N","N","N","0","","1","0","0","0","0","","1556","1","2","0","0","0","0","1","2","0","1","03","","N","","","","","","","","","","",""
"2023000506","0147","1","0","0","0","0","0","0","0","0","7","0","","67","12","2022","5","39.9005","-75.1559","0141","06","0","0","0","0","0","0","0","0","","0","0","0","01","3","1","00","N","1","39 54:01.648","1","00","75 09:21.387","3","0","0","0","67301","0","0","0","N","0","0","0","1","68K01","0","","4","01","0200","N","N","N","0","","1","0","0","0","0","N","0130","1","1","0","0","0","0","0","2","0","1","03","","N","","","","","","","","","","",""
"2023000615","1200","1","0","0","0","0","0","0","0","0","5","1","","67","12","2022","5","40.0308","-75.0226","1200","06","0","0","0","0","0","1","0","0","","0","1","0","11","1","0","00","N","0","40 01:50.752","","07","75 01:21.257","0","0","0","0","67301","0","0","0","N","0","0","0","1","67301","0","","1","01","","N","N","N","0","","0","0","0","0","0","","1101","0","2","0","0","0","0","0","2","0","2","03","03","N","","","","","","","","","","",""
"2023000066","2056","1","0","0","0","0","0","0","0","0","7","0","","67","12","2022","5","39.9762","-75.1952","2048","06","0","0","0","0","0","0","0","0","","0","0","0","20","2","1","00","N","1","39 58:34.166","4","00","75 11:42.788","8","0","0","0","67301","0","0","0","N","0","0","0","1","68K01","0","","2","01","2130","N","N","N","0","","0","0","0","0","0","Y","2048","1","1","0","0","1","1","0","2","0","1","03","","N","","","","","","","","","","",""
"2023019438","1650","0","0","0","0","0","0","0","0","0","1","0","","67","12","2022","7","39.9595","-75.1747","1626","06","0","0","0","0","0","0","0","0","","0","0","0","16","3","0","00","N","1","39 57:34.147","4","00","75 10:28.960","0","0","0","0","67301","0","0","0","N","0","0","0","7","68K01","0","","1","09","1655","N","N","N","0","","0","0","3","0","0","Y","1624","0","3","0","0","0","0","0","2","0","3","07","07","N","","","","","","","","","","",""
"2023012672","1656","2","0","0","0","0","0","0","0","0","1","0","","67","12","2022","7","39.9404","-75.1955","1644","06","0","0","0","0","0","0","0","0","","0","0","0","16","3","0","00","N","2","39 56:25.554","4","03","75 11:43.909","0","0","0","0","67301","0","0","0","N","0","0","0","3","68K01","0","","1","01","1733","N","N","N","0","","0","0","0","0","0","N","1644","0","2","0","0","0","0","0","2","0","2","03","03","N","","","","","","","","","","",""
"2023019796","0515","1","0","0","0","0","0","0","0","0","2","0","","67","12","2022","6","40.0265","-75.1327","0514","06","0","0","0","0","0","0","0","0","","0","0","0","05","3","4","00","N","2","40 01:35.250","5","00","75 07:57.640","2","0","0","0","67301","0","0","0","N","0","0","0","5","67301","0","","1","01","0829","N","N","Y","1","","2","1","4","0","0","Y","0514","4","6","0","0","1","1","0","2","0","6","03","03","N","","","","","","","","","","",""
"2023006302","1905","2","0","0","0","0","0","0","0","0","1","0","","67","12","2022","6","40.0055","-75.1047","1904","06","0","0","0","0","0","1","0","0","","0","0","0","19","3","1","00","Y","0","40 00:19.937","","00","75 06:17.066","3","0","0","0","67301","0","0","0","N","0","0","0","3","67301","0","","1","01","","N","N","N","0","","1","0","1","3","2","","1900","1","3","0","0","0","0","0","2","0","3","03","03","N","","","","","","","","","","",""
"2023000612","0237","2","0","0","0","0","0","0","0","0","1","0","","67","12","2022","7","40.0434","-75.0226","0233","06","0","0","0","0","0","0","0","0","","0","0","0","02","3","0","00","N","1","40 02:36.293","7","00","75 01:21.282","0","0","0","0","67301","0","0","0","N","0","0","0","1","67301","0","","6","01","0005","N","N","N","0","","0","0","0","0","0","N","0225","0","2","0","0","1","0","0","2","0","2","03","03","N","","","","","","","","","","",""
"2023003529","1732","1","0","0","0","0","0","0","0","0","8","0","","67","12","2022","7","39.9627","-75.2467","1724","06","0","0","0","0","0","0","0","0","","0","0","0","17","3","1","01","","0","39 57:45.805","","01","75 14:48.154","3","0","0","0","67301","1","0","0","N","1","0","0","2","67301","0","","1","09","","N","N","N","0","","1","0","0","3","2","","1723","1","2","0","0","0","0","0","2","0","1","07","05","N","","","","","","","","","","",""
"2023000196","1924","1","0","0","0","0","0","0","0","0","4","0","","67","12","2022","6","40.0411","-75.1009","1923","06","0","0","0","0","0","0","0","0","","0","0","0","19","3","1","01","","0","40 02:28.006","","00","75 06:03.362","3","0","0","0","67301","0","0","0","N","0","0","0","3","67301","0","","1","01","","N","N","N","0","","1","0","2","3","3","","1919","1","3","0","0","0","0","0","2","0","3","03","03","N","","","","","","","","","","",""
"2023000610","1423","1","0","0","0","0","0","0","0","0","2","0","","67","12","2022","6","40.094","-74.9891","1421","06","1","0","0","0","0","0","0","0","","0","0","0","14","1","2","02","","0","40 05:38.247","","00","74 59:20.747","8","0","0","0","67301","0","0","0","N","0","0","0","2","67301","0","","1","01","","N","N","Y","0","","0","0","0","3","2","","1408","2","2","0","0","0","2","0","2","1","2","03","03","N","","","","","","","","","","",""
"2023000611","1652","0","0","0","0","0","0","0","0","0","4","0","","67","12","2022","6","40.0868","-74.9718","1625","06","0","0","0","0","0","0","1","0","","0","0","0","16","1","0","01","","0","40 05:12.685","","00","74 58:19.097","0","0","0","0","67301","0","0","0","N","0","0","0","2","67301","0","","1","01","","N","N","N","0","","0","0","1","3","2","","1615","0","2","0","0","0","0","0","2","1","2","03","03","N","","","","","","","","","","",""
"2023000076","1647","0","0","0","0","0","0","0","0","0","4","0","","67","12","2022","6","39.9374","-75.2203","1647","06","0","0","0","0","0","1","1","0","","0","0","0","16","3","2","01","","0","39 56:14.787","","00","75 13:12.918","3","0","0","0","67301","0","0","0","N","0","0","0","3","67301","0","","1","01","","N","N","N","0","","2","0","2","3","3","","1643","2","2","0","0","0","0","0","2","0","2","03","03","N","","","","","","","","","","",""
"2023009064","2250","1","0","0","0","0","0","0","0","0","5","0","","67","12","2022","7","39.9797","-75.1448","2247","06","0","0","0","0","0","0","0","0","","0","0","0","22","3","0","00","N","2","39 58:46.890","2","00","75 08:41.250","0","0","0","0","67301","0","0","0","N","0","0","0","1","67301","0","","6","09","1118","N","N","N","0","","0","0","1","0","0","Y","2236","0","2","0","0","0","0","0","2","0","2","07","","N","","","","","","","","","","",""
"2023009739","1723","1","0","0","0","0","0","0","0","0","1","0","","67","12","2022","5","39.9685","-75.1291","1720","06","0","0","0","0","0","1","0","0","","0","0","0","17","3","0","00","N","0","39 58:06.693","","00","75 07:44.660","9","0","0","0","67301","0","0","0","N","0","0","0","4","68K01","0","","1","01","","N","N","N","0","","0","0","1","0","0","","1718","0","3","0","0","0","0","1","2","0","3","03","","N","","","","","","","","","","",""
"2023018323","1105","1","0","0","0","0","0","0","0","0","8","0","","67","12","2022","2","39.9553","-75.1629","1100","06","0","0","0","0","0","0","1","0","","0","0","0","10","8","1","00","N","0","39 57:19.518","","00","75 09:46.262","3","0","0","0","67301","1","0","0","N","1","0","0","2","67301","0","","1","01","","N","N","N","0","","1","0","0","3","2","","1058","1","2","0","0","1","0","0","2","0","1","03","03","N","","","","","","","","","","",""
"2023000077","1657","1","0","0","0","0","0","0","0","0","4","0","","67","12","2022","6","39.9215","-75.2166","1657","06","0","0","0","0","0","1","0","0","","0","0","0","16","1","0","00","N","1","39 55:17.560","2","00","75 12:59.750","0","0","0","0","67301","0","0","0","N","0","0","0","3","67301","0","","1","01","1802","N","N","N","0","","0","0","1","0","0","N","1646","0","2","0","0","0","0","0","2","0","2","03","03","N","","","","","","","","","","",""
"2023001126","0742","1","0","0","0","0","0","0","0","0","5","0","","67","12","2022","4","39.9746","-75.1599","0742","06","0","0","0","0","0","0","0","0","","0","0","0","06","5","0","00","N","0","39 58:28.630","","00","75 09:35.490","0","0","0","0","67301","0","0","0","N","0","0","0","1","67301","0","","6","01","","N","N","N","0","","0","0","1","0","0","","0642","0","2","0","0","1","0","0","2","0","2","03","03","N","","","","","","","","","","",""
"2023010748","0357","1","0","0","0","0","0","0","0","0","7","0","","67","12","2022","3","39.9767","-75.1975","0347","06","0","0","0","0","0","0","0","0","","0","0","0","03","3","1","00","N","0","39 58:36.246","","00","75 11:51.082","8","0","0","0","67301","0","0","0","N","0","0","0","1","68K01","0","","2","01","","N","N","N","0","","0","0","0","0","0","","0336","1","1","0","0","0","1","0","2","0","1","03","","N","","","","","","","","","","",""
"2023013736","2345","1","0","0","0","0","0","0","0","0","1","0","","67","12","2022","2","40.0214","-75.1395","2342","06","0","0","0","0","0","1","0","0","","0","0","0","21","3","1","00","N","0","40 01:17.730","","00","75 08:22.780","3","0","0","0","67301","0","0","0","N","0","0","0","2","67301","0","","1","01","","N","N","N","0","","1","0","1","0","0","","2120","1","2","0","0","0","0","1","2","0","2","03","","N","","","","","","","","","","",""
"2023005951","1623","0","0","0","0","0","0","0","0","0","8","0","","67","11","2022","3","40.0361","-75.1277","1622","06","0","0","0","0","0","0","0","0","","0","0","0","19","3","1","01","","0","40 02:09.833","","00","75 07:39.552","8","0","0","0","67301","1","0","0","N","1","0","0","2","67301","0","","1","01","","N","N","N","0","","0","0","0","3","2","","1900","1","2","0","0","0","1","1","2","0","1","03","03","N","","","","","","","","","","",""
"2023000519","0317","1","0","0","0","0","0","0","0","0","4","0","","67","12","2022","6","39.9421","-75.143","0316","06","0","0","0","0","0","0","0","0","","0","0","0","02","3","0","00","N","0","39 56:31.690","","00","75 08:34.746","9","0","0","0","67301","0","0","0","N","0","0","0","2","68K01","0","","1","09","","N","N","Y","0","","0","0","1","0","0","","0233","0","2","0","0","0","0","1","2","0","2","04","04","N","","","","","","","","","","",""
"2023000080","1755","1","0","0","0","0","0","0","0","0","1","0","","67","12","2022","1","39.992","-75.2379","1750","06","0","0","0","0","0","0","1","0","","0","0","0","17","3","0","00","N","0","39 59:31.120","","00","75 14:16.550","0","0","0","0","67301","0","0","0","N","0","0","0","1","67301","0","","6","01","","N","N","N","0","","0","0","1","0","0","","1743","0","2","0","0","0","0","0","2","0","2","03","","N","","","","","","","","","","",""
"2023001979","1932","0","0","0","0","0","0","0","0","0","8","0","","67","12","2022","3","39.9571","-75.2019","1928","06","0","0","0","0","0","0","0","0","","0","0","0","19","3","1","01","","0","39 57:25.865","","00","75 12:07.011","8","0","0","0","67301","1","0","0","N","1","0","0","2","67504","0","","1","01","","N","N","N","0","","0","0","1","3","2","","1920","1","2","0","0","0","1","0","2","0","1","03","03","N","","","","","","","","","","",""
"2023000616","0146","3","0","0","0","0","0","0","0","0","5","0","","67","12","2022","6","39.933","-75.1696","0142","06","0","0","0","0","0","1","0","0","","0","0","0","01","3","0","00","N","0","39 55:58.630","","00","75 10:10.410","0","0","0","0","67301","0","0","0","N","0","0","0","1","67301","0","","6","01","","N","N","N","0","","0","0","1","0","0","","0135","0","4","0","0","0","0","0","2","0","4","03","03","N","","","","","","","","","","",""
"2023002894","1119","1","0","0","0","0","0","0","0","0","4","0","","67","12","2022","3","39.9429","-75.2184","1100","06","0","0","0","0","0","0","0","0","","0","0","0","10","1","6","02","","0","39 56:34.328","","00","75 13:06.225","4","0","0","0","67301","0","0","0","N","0","0","0","7","67508","6","","1","01","","N","N","N","0","","0","0","0","3","3","","1055","6","2","0","0","0","0","1","2","0","2","03","03","N","","","","","","","","","","",""
"2023000329","1650","1","0","0","0","0","0","0","0","0","8","0","","67","12","2022","5","39.9992","-75.1474","1647","06","0","0","0","0","0","0","0","0","","0","0","0","14","1","1","05","","0","39 59:57.217","","00","75 08:50.570","3","0","0","0","67301","1","0","0","N","1","0","0","2","67301","0","","1","01","","N","N","N","0","","1","0","0","3","2","","1419","1","2","0","0","0","0","0","2","0","1","03","","N","","","","","","","","","","",""