"CRN","ARRIVAL_TM","AUTOMOBILE_COUNT","BELTED_DEATH_COUNT","BELTED_SUSP_SERIOUS_INJ_COUNT","BICYCLE_COUNT","BICYCLE_DEATH_COUNT","BICYCLE_SUSP_SERIOUS_INJ_COUNT","BUS_COUNT","CHLDPAS_DEATH_COUNT","CHLDPAS_SUSP_SERIOUS_INJ_COUNT","COLLISION_TYPE","COMM_VEH_COUNT","CONS_ZONE_SPD_LIM","COUNTY","CRASH_MONTH","CRASH_YEAR","DAY_OF_WEEK","DEC_LAT","DEC_LONG","DISPATCH_TM","DISTRICT","DRIVER_COUNT_16YR","DRIVER_COUNT_17YR","DRIVER_COUNT_18YR","DRIVER_COUNT_19YR","DRIVER_COUNT_20YR","DRIVER_COUNT_50_64YR","DRIVER_COUNT_65_74YR","DRIVER_COUNT_75PLUS","EST_HRS_CLOSED","FATAL_COUNT","HEAVY_TRUCK_COUNT","HORSE_BUGGY_COUNT","HOUR_OF_DAY","ILLUMINATION","INJURY_COUNT","INTERSECT_TYPE","INTERSECTION_RELATED","LANE_CLOSED","LATITUDE","LN_CLOSE_DIR","LOCATION_TYPE","LONGITUDE","MAX_SEVERITY_LEVEL","MCYCLE_DEATH_COUNT","MCYCLE_SUSP_SERIOUS_INJ_COUNT","MOTORCYCLE_COUNT","MUNICIPALITY","NONMOTR_COUNT","NONMOTR_DEATH_COUNT","NONMOTR_SUSP_SERIOUS_INJ_COUNT","NTFY_HIWY_MAINT","PED_COUNT","PED_DEATH_COUNT","PED_SUSP_SERIOUS_INJ_COUNT","PERSON_COUNT","POLICE_AGCY","POSSIBLE_INJ_COUNT","RDWY_SURF_TYPE_CD","RELATION_TO_ROAD","ROAD_CONDITION","ROADWAY_CLEARED","SCH_BUS_IND","SCH_ZONE_IND","SECONDARY_CRASH","SMALL_TRUCK_COUNT","SPEC_JURIS_CD","SUSP_MINOR_INJ_COUNT","SUSP_SERIOUS_INJ_COUNT","SUV_COUNT","TCD_FUNC_CD","TCD_TYPE","TFC_DETOUR_IND","TIME_OF_DAY","TOT_INJ_COUNT","TOTAL_UNITS","UNB_DEATH_COUNT","UNB_SUSP_SERIOUS_INJ_COUNT","UNBELTED_OCC_COUNT","UNK_INJ_DEG_COUNT","UNK_INJ_PER_COUNT","URBAN_RURAL","VAN_COUNT","VEHICLE_COUNT","WEATHER1","WEATHER2","WORK_ZONE_IND","WORK_ZONE_LOC","WORK_ZONE_TYPE","WORKERS_PRES","WZ_CLOSE_DETOUR","WZ_FLAGGER","WZ_LAW_OFFCR_IND","WZ_LN_CLOSURE","WZ_MOVING","WZ_OTHER","WZ_SHLDER_MDN","WZ_WORKERS_INJ_KILLED"
"2023003873","0221","1","0","0","0","0","0","0","0","0","7","0","","67","12","2022","7","39.9705","-75.1929","0215","06","0","0","0","0","1","0","0","0","","0","0","0","02","3","1","00","N","0","39 58:13.837","","00","75 11:34.343","3","0","0","0","67301","0","0","0","N","0","0","0","4","68K01","0","","3","01","","N","N","N","0","","1","0","0","0","0","","0213","1","1","0","0","2","0","0","2","0","1","03","03","N","","","","","","","","","","",""
"2023003528","1320","2","0","0","0","0","0","0","0","0","5","0","","67","10","2022","7","40.0038","-75.2209","1318","06","0","0","0","0","0","0","0","0","","0","0","0","13","1","1","00","N","0","40 00:13.616","","00","75 13:15.332","3","0","0","0","67301","0","0","0","N","0","0","0","3","67301","0","","1","01","","N","N","N","0","","1","0","0","0","0","","1315","1","2","0","0","2","0","0","2","0","2","03","","N","","","","","","","","","","",""
"2023003036","0902","1","0","0","0","0","0","0","0","0","1","0","","67","10","2022","5","39.9568","-75.1542","0831","06","0","0","0","0","0","0","0","0","","0","0","0","08","1","1","00","N","0","39 57:24.447","","00","75 09:15.088","4","0","0","0","67301","0","0","0","N","0","0","0","2","68K01","1","","1","01","","N","N","N","0","","0","0","1","0","0","","0825","1","2","0","0","0","0","0","2","0","2","03","03","N","","","","","","","","","","",""
"2023027357","2357","1","0","0","0","0","0","0","0","0","7","0","","67","12","2022","7","39.9814","-75.207","2357","06","0","0","0","0","0","0","0","0","","0","0","0","23","2","0","00","N","0","39 58:52.989","","00","75 12:25.296","0","0","0","0","67301","0","0","0","N","0","0","0","1","68K01","0","","2","09","","N","N","N","0","","0","0","0","0","0","","2345","0","1","0","0","0","0","0","2","0","1","07","07","N","","","","","","","","","","",""
"2023027356","2319","1","0","0","0","0","0","0","0","0","7","0","","67","12","2022","7","39.9601","-75.1794","2319","06","0","0","0","0","0","0","0","0","","0","0","0","23","3","0","00","N","2","39 57:36.239","4","00","75 10:45.823","0","0","0","0","67301","0","0","0","N","0","0","0","1","68K01","0","","2","09","2321","N","N","N","0","","0","0","0","0","0","Y","2311","0","1","0","0","0","0","0","2","0","1","07","07","N","","","","","","","","","","",""
"2023106008","0915","3","0","0","0","0","0","0","0","0","4","1","","67","03","2022","5","39.9879","-75.1559","0907","06","0","0","0","0","0","1","0","0","","0","1","0","09","1","0","01","","2","39 59:16.336","3","00","75 09:21.158","0","0","0","0","67301","0","0","0","N","0","0","0","1","67301","0","","1","09","1015","N","N","Y","0","","0","0","0","3","2","Y","0906","0","4","0","0","0","0","0","2","0","4","07","04","N","","","","","","","","","","",""
"2022021006","2000","0","0","0","0","0","0","1","0","0","8","1","","67","02","2022","5","39.9109","-75.1852","1945","06","0","0","0","0","0","0","0","0","","1","0","0","19","3","0","00","N","2","39 54:39.163","7","00","75 11:06.831","1","0","0","0","67301","1","1","0","N","1","1","0","2","67301","0","2","1","01","0300","N","N","N","0","0","0","0","0","3","2","Y","1940","0","2","0","0","0","0","0","2","0","1","03","98","N","","","","","","","","","","",""
"2022027568","1828","1","0","0","0","0","0","0","0","0","7","0","","67","03","2022","4","40.0435","-75.0031","1812","06","0","0","0","0","1","0","0","0","","0","0","0","18","3","0","00","N","0","40 02:36.662","","00","75 00:11.043","0","0","0","0","67301","0","0","0","N","0","0","0","1","68K01","0","","4","09","","N","N","N","0","","0","0","0","3","8","","1808","0","1","0","0","0","0","0","2","0","1","07","","N","","","","","","","","","","",""
"2022020619","1533","1","0","0","0","0","0","0","0","0","1","0","","67","02","2022","1","39.9432","-75.1929","1504","06","0","0","0","0","0","0","0","0","","0","0","0","15","1","0","00","N","1","39 56:35.547","3","00","75 11:34.354","9","0","0","0","67301","0","0","0","N","0","0","0","2","68K01","0","","1","09","1600","N","N","N","0","","0","0","0","0","0","N","1503","0","2","0","0","0","0","1","2","0","2","10","","N","","","","","","","","","","",""
"2022021620","1233","1","0","0","0","0","0","0","0","0","7","0","","67","02","2022","5","39.9517","-75.1415","1229","06","0","0","0","0","0","0","0","0","","0","0","0","12","1","0","07","N","0","39 57:06.151","","02","75 08:29.297","0","0","0","0","67301","0","0","0","N","0","0","0","1","68K01","0","","2","01","","N","N","N","0","","0","0","0","0","0","","1219","0","1","0","0","0","0","0","2","0","1","03","","N","","","","","","","","","","",""
"2022022126","0320","1","0","0","0","0","0","1","0","0","4","1","","67","01","2022","4","40.0168","-75.0836","0242","06","0","0","0","1","0","0","0","0","","0","0","0","02","3","3","05","","0","40 01:00.598","","01","75 05:01.237","2","0","0","0","67301","0","0","0","N","0","0","0","5","67508","0","","1","01","","","","N","0","","0","3","0","3","2","","0242","3","2","0","0","0","0","0","2","0","2","03","03","N","","","","","","","","","","",""
"2022021308","0053","2","0","0","0","0","0","0","0","0","1","0","","67","02","2022","2","39.9996","-75.069","0051","06","0","0","0","0","0","0","1","0","","0","0","0","00","3","0","00","N","0","39 59:58.545","","00","75 04:08.415","0","0","0","0","67301","0","0","0","N","0","0","0","1","67301","0","","1","01","","N","N","N","0","","0","0","0","0","0","","0050","0","2","0","0","0","0","0","2","0","2","03","","N","","","","","","","","","","",""
"2022020876","1845","0","0","0","0","0","0","0","0","0","7","0","","67","02","2022","1","40.0411","-75.1999","1826","06","0","0","0","0","0","1","0","0","","0","0","0","17","2","0","00","N","2","40 02:27.905","5","00","75 11:59.560","0","0","0","0","67301","0","0","0","N","0","0","0","1","67301","0","","5","01","1918","N","N","N","0","","0","0","1","0","0","Y","1756","0","1","0","0","0","0","0","2","0","1","03","","N","","","","","","","","","","",""
"2022021484","1710","1","0","0","0","0","0","0","0","0","5","0","","67","02","2022","1","39.9611","-75.2467","1707","06","0","0","0","0","0","0","0","0","","0","0","0","17","1","1","00","N","0","39 57:40.104","","00","75 14:48.158","3","0","0","0","67301","0","0","0","N","0","0","0","3","67301","0","","1","01","","N","N","N","0","","1","0","0","0","0","","1707","1","2","0","0","0","0","0","2","1","2","03","","N","","","","","","","","","","",""
"2022021411","0016","0","0","0","0","0","0","0","0","0","7","0","","67","02","2022","5","39.9989","-75.0809","0016","06","0","0","0","0","0","1","0","0","","0","0","0","23","3","1","00","N","0","39 59:56.103","","00","75 04:51.142","4","0","0","0","67301","0","0","0","N","0","0","0","1","68K01","1","","4","09","","N","N","N","0","","0","0","1","0","0","","2335","1","1","0","0","0","0","0","2","0","1","07","","N","","","","","","","","","","",""
"2022026903","0203","1","0","0","0","0","0","0","0","0","7","0","","67","03","2022","7","39.9875","-75.2075","0153","06","0","0","0","0","0","0","0","0","","0","0","0","01","3","1","00","N","1","39 59:15.152","4","00","75 12:27.039","3","0","0","0","67301","0","0","0","N","0","0","0","1","68K01","0","","4","01","0219","N","N","N","0","","1","0","0","0","0","N","0152","1","1","0","0","0","0","0","2","0","1","03","03","N","","","","","","","","","","",""
"2022026692","1407","1","0","0","0","0","0","0","0","0","7","0","","67","03","2022","4","39.9567","-75.1803","1407","06","0","0","0","0","0","0","0","0","","0","0","0","14","8","0","00","N","2","39 57:24.294","4","00","75 10:49.248","0","0","0","0","67301","0","0","0","N","0","0","0","1","68K01","0","","3","09","1500","N","N","N","0","","0","0","0","0","0","N","1407","0","1","0","0","0","0","0","2","0","1","07","","N","","","","","","","","","","",""
"2022019665","2333","2","0","0","0","0","0","0","0","0","4","0","","67","02","2022","4","40.0379","-75.1395","2332","06","0","0","0","0","0","0","0","0","","0","0","0","23","3","2","01","","2","40 02:16.411","7","00","75 08:22.183","3","0","0","0","67301","0","0","0","N","0","0","0","2","67301","0","","1","01","0200","N","N","N","0","","2","0","0","3","2","Y","2332","2","2","0","0","2","0","0","2","0","2","03","03","N","","","","","","","","","","",""
"2022020094","0828","0","0","0","0","0","0","0","0","0","7","0","","67","01","2022","3","39.9933","-75.0845","0827","06","0","0","0","0","0","0","0","0","","0","0","0","08","1","0","07","N","2","39 59:35.744","2","02","75 05:04.073","0","0","0","0","67301","0","0","0","N","0","0","0","3","68K01","0","","3","01","0830","N","N","N","0","","0","0","1","0","0","N","0814","0","1","0","0","0","0","0","2","0","1","03","","N","","","","","","","","","","",""
"2022018545","2355","0","0","0","0","0","0","0","0","0","5","0","","67","02","2022","2","39.9598","-75.1784","2355","06","0","0","0","0","0","0","0","0","","0","0","0","23","3","2","00","N","1","39 57:35.371","3","00","75 10:42.262","4","0","0","0","67301","0","0","0","N","0","0","0","3","68K01","2","","1","09","0018","N","N","N","1","","0","0","1","0","0","N","2355","2","3","0","0","0","0","1","2","0","3","03","","N","","","","","","","","","","",""
"2022020270","0327","1","0","0","0","0","0","0","0","0","5","1","","67","02","2022","6","40.0408","-75.1075","0327","06","0","0","0","0","0","0","0","0","","0","1","0","03","3","0","00","N","1","40 02:26.927","2","00","75 06:26.958","9","0","0","0","67301","0","0","0","N","0","0","0","1","67301","0","","6","09","0430","N","N","N","0","","0","0","0","0","0","N","0313","0","2","0","0","0","0","1","2","0","2","07","","N","","","","","","","","","","",""
"2022004227","0929","2","0","0","0","0","0","0","0","0","6","0","","67","01","2022","4","40.0845","-75.2281","0915","06","0","0","0","0","0","0","1","0","","0","0","0","09","1","0","00","N","1","40 05:04.040","2","03","75 13:41.070","0","0","0","0","67301","0","0","0","N","0","0","0","2","67301","0","","1","02","1129","N","N","Y","0","","0","0","0","0","0","N","0912","0","2","0","0","1","0","0","2","0","2","04","05","N","","","","","","","","","","",""
"2022010825","0218","1","0","0","0","0","0","0","0","0","7","0","","67","01","2022","2","40.0709","-75.0387","0218","06","0","0","0","0","0","0","0","0","","0","0","0","02","3","0","00","N","2","40 04:15.137","2","00","75 02:19.227","0","0","0","0","67301","0","0","0","N","0","0","0","0","67301","0","","5","09","0315","N","N","N","0","","0","0","0","0","0","Y","0200","0","1","0","0","0","0","0","2","0","1","07","","N","","","","","","","","","","",""
"2022019555","1720","0","0","0","0","0","0","0","0","0","4","0","","67","02","2022","7","39.9427","-75.1619","1707","06","0","0","0","0","0","0","0","0","","0","0","0","16","1","5","01","","2","39 56:33.899","2","00","75 09:42.753","8","0","0","0","67301","0","0","0","N","0","0","0","6","67301","0","","1","01","1830","N","N","N","0","","0","0","1","3","3","Y","1652","5","2","0","0","0","5","0","2","1","2","03","08","N","","","","","","","","","","",""
"2022019597","1535","0","0","0","0","0","0","0","0","0","1","0","","67","02","2022","7","40.0405","-75.0581","1518","06","0","0","0","0","0","0","0","0","","0","0","0","15","1","3","00","N","0","40 02:25.928","","00","75 03:29.277","3","0","0","0","67301","0","0","0","N","0","0","0","3","67301","0","","1","01","","N","N","N","0","","3","0","2","0","0","","1518","3","2","0","0","3","0","0","2","0","2","03","03","N","","","","","","","","","","",""
"2022018407","1253","0","0","0","0","0","0","0","0","0","7","0","","67","02","2022","1","40.0306","-75.0219","1238","06","0","0","0","0","0","0","0","0","","0","0","0","12","1","0","00","N","1","40 01:50.226","2","00","75 01:18.899","0","0","0","0","67301","0","0","0","N","0","0","0","1","68K01","0","","4","09","1325","N","N","N","0","","0","0","1","0","0","N","1235","0","1","0","0","1","0","0","2","0","1","10","10","N","","","","","","","","","","",""
"2022018117","1436","1","0","0","0","0","0","0","0","0","6","0","","67","02","2022","6","39.979","-75.154","1435","06","0","0","0","0","0","0","0","0","","0","0","0","14","1","2","00","N","0","39 58:44.300","","00","75 09:14.300","8","0","0","0","67301","0","0","0","N","0","0","0","3","67505","0","","1","01","","N","N","N","1","","0","0","0","0","0","","1434","2","2","0","0","0","2","0","2","0","2","03","03","N","","","","","","","","","","",""
"2022019282","0749","1","0","0","0","0","0","0","0","0","5","1","","67","02","2022","2","39.9812","-75.1024","0730","06","0","0","0","0","0","1","0","0","","0","1","0","07","1","0","00","N","1","39 58:52.470","1","00","75 06:08.692","0","0","0","0","67301","0","0","0","N","0","0","0","3","68K01","0","","1","01","0749","N","N","N","0","","0","0","0","0","0","N","0728","0","2","0","0","0","0","0","2","0","2","03","03","N","","","","","","","","","","",""
"2022019266","1912","0","0","0","0","0","0","0","0","0","7","0","","67","02","2022","4","39.9677","-75.1896","1912","06","0","0","0","0","0","0","0","0","","0","0","0","19","3","0","00","N","0","39 58:03.822","","00","75 11:22.488","9","0","0","0","67301","0","0","0","N","0","0","0","1","68K01","0","","4","01","","N","N","N","0","","0","0","1","0","0","","1912","0","1","0","0","0","0","1","2","0","1","03","","N","","","","","","","","","","",""
"2022019674","1705","0","0","0","0","0","0","0","0","0","7","1","","67","02","2022","7","40.0177","-75.1724","1700","06","0","0","0","0","0","1","0","0","","0","1","0","16","1","1","00","N","1","40 01:03.630","2","01","75 10:21.059","2","0","0","0","67301","0","0","0","N","0","0","0","2","67301","0","","1","01","1845","N","N","N","0","","0","1","0","0","0","N","1655","1","1","0","1","1","0","0","2","0","1","03","03","N","","","","","","","","","","",""
"2022019631","1144","3","0","0","0","0","0","0","0","0","1","0","","67","02","2022","3","39.9787","-75.1578","1143","06","0","1","0","0","0","1","0","0","","0","0","0","11","1","2","01","","0","39 58:43.293","","00","75 09:28.577","3","0","0","0","67301","0","0","0","N","0","0","0","4","67301","0","","3","01","","N","N","N","0","","2","0","0","0","0","","1143","2","3","0","0","0","0","1","2","0","3","03","03","N","","","","","","","","","","",""
"2022006778","2216","1","0","0","0","0","0","0","0","0","1","0","","67","01","2022","2","39.9469","-75.1885","2205","06","0","0","0","1","1","0","0","0","","0","0","0","21","3","1","00","N","2","39 56:48.846","3","00","75 11:18.710","4","0","0","0","67301","0","0","0","N","0","0","0","4","68K01","1","","1","01","2310","N","N","N","0","","0","0","2","0","0","Y","2156","1","3","0","0","0","0","0","2","0","3","03","03","N","","","","","","","","","","",""
"2022004285","0344","1","0","0","0","0","0","0","0","0","4","0","","67","01","2022","7","39.9744","-75.1486","0331","06","0","0","0","0","0","0","0","0","","0","0","0","03","3","0","00","N","0","39 58:27.690","","00","75 08:55.020","9","0","0","0","67301","0","0","0","N","0","0","0","1","67301","0","","2","01","","N","N","N","0","","0","0","1","0","0","","0320","0","2","0","0","0","0","1","2","0","2","03","03","N","","","","","","","","","","",""
"2022012255","1754","2","0","0","0","0","0","0","0","0","1","0","","67","01","2022","1","39.9683","-75.129","1742","06","0","0","0","0","0","3","0","0","","0","0","0","17","3","0","00","N","1","39 58:05.737","1","00","75 07:44.345","0","0","0","0","67301","0","0","0","N","0","0","0","7","68K01","0","","1","09","1838","N","N","N","0","","0","0","4","0","0","N","1741","0","7","0","0","0","0","0","2","1","7","03","03","N","","","","","","","","","","",""
"2022019561","1818","3","0","0","0","0","0","0","0","0","1","0","","67","02","2022","7","39.9577","-75.1592","1812","06","0","0","0","0","0","1","0","0","","0","0","0","18","3","2","00","N","1","39 57:27.590","4","00","75 09:33.022","4","0","0","0","67301","0","0","0","N","0","0","0","4","67301","2","","1","01","1845","N","N","Y","0","","0","0","0","0","0","N","1808","2","3","0","0","3","0","0","2","0","3","03","03","N","","","","","","","","","","",""
"2022019660","2340","2","0","0","0","0","0","0","0","0","4","0","","67","02","2022","2","40.0295","-75.1467","2335","06","0","0","0","1","0","0","0","0","","0","0","0","23","3","1","01","","1","40 01:46.206","2","00","75 08:48.166","3","0","0","0","67301","0","0","0","N","0","0","0","2","67301","0","","1","01","0008","N","N","N","0","","1","0","0","3","2","N","2320","1","2","0","0","0","0","1","2","0","2","03","03","N","","","","","","","","","","",""
"2022019668","0000","2","0","0","0","0","0","0","0","0","1","0","","67","02","2022","7","40.0345","-75.1149","0000","06","0","0","0","0","0","2","0","0","","0","0","0","09","1","1","01","","0","40 02:04.034","","00","75 06:53.712","8","0","0","0","67301","0","0","0","N","0","0","0","2","67301","0","","1","01","","N","N","N","0","","0","0","0","3","2","","0930","1","2","0","0","0","1","0","2","0","2","03","","N","","","","","","","","","","",""
"2022019433","0205","1","0","0","0","0","0","0","0","0","5","1","","67","02","2022","4","39.9701","-75.1927","0201","06","0","0","0","0","0","1","0","0","","0","1","0","01","3","1","00","N","2","39 58:12.450","4","00","75 11:33.573","8","0","0","0","67301","0","0","0","N","0","0","0","2","68K01","0","","1","01","0245","N","N","N","0","","0","0","0","0","0","Y","0155","1","2","0","0","0","1","0","2","0","2","03","","N","","","","","","","","","","",""
"2022019581","0022","2","0","0","0","0","0","0","0","0","1","0","","67","02","2022","6","39.8954","-75.2335","0005","06","0","0","0","0","0","0","0","0","","0","0","0","23","3","1","02","","1","39 53:43.553","3","00","75 14:00.574","3","0","0","0","67301","0","0","0","N","0","0","0","2","67301","0","","1","01","0134","N","N","N","0","","1","0","0","3","2","N","2353","1","2","0","0","1","0","0","2","0","2","03","03","N","","","","","","","","","","",""
"2022026963","1355","1","0","0","0","0","0","0","0","0","2","0","","67","03","2022","4","40.0277","-75.1481","1348","06","0","0","0","1","0","0","0","1","","0","0","0","09","1","0","01","","0","40 01:39.889","","00","75 08:53.044","0","0","0","0","67301","0","0","0","N","0","0","0","2","67301","0","","1","01","","N","N","N","0","","0","0","1","3","3","","0950","0","2","0","0","0","0","0","2","0","2","03","","N","","","","","","","","","","",""
"2022015972","0255","1","0","0","0","0","0","0","0","0","5","1","","67","02","2022","7","40.0148","-75.1777","0252","06","0","0","0","0","0","0","0","0","","0","1","0","02","3","2","00","N","1","40 00:53.259","1","00","75 10:39.855","3","0","0","0","67301","0","0","0","N","0","0","0","3","67301","0","","1","01","0306","N","N","N","0","","2","0","0","0","0","N","0242","2","2","0","0","0","0","0","2","0","2","03","03","N","","","","","","","","","","",""
"2022026808","2330","2","0","0","0","0","0","0","0","0","1","0","","67","01","2022","4","39.9948","-75.1066","2330","06","0","0","0","0","0","0","0","0","","0","0","0","14","1","1","00","N","0","39 59:41.455","","00","75 06:23.755","3","0","0","0","67301","0","0","0","N","0","0","0","2","67301","0","","1","01","","N","Y","N","0","","1","0","0","0","0","","1415","1","2","0","0","0","0","0","2","0","2","03","03","N","","","","","","","","","","",""
"2022019608","0052","2","0","0","0","0","0","0","0","0","1","0","","67","02","2022","6","40.0164","-75.0732","0052","06","0","0","0","0","0","0","0","0","","0","0","0","00","3","0","00","N","1","40 00:59.180","3","00","75 04:23.480","0","0","0","0","67301","0","0","0","N","0","0","0","0","67301","0","","1","09","0131","N","N","N","0","","0","0","0","0","0","N","0039","0","2","0","0","0","0","0","2","0","2","07","","N","","","","","","","","","","",""
"2022027039","1423","1","0","0","0","0","0","0","0","0","5","1","","67","03","2022","3","39.9922","-75.2016","1423","06","0","0","0","0","0","0","0","0","","0","1","0","14","1","0","00","N","1","39 59:31.829","4","00","75 12:05.763","0","0","0","0","67301","0","0","0","N","0","0","0","2","68K01","0","","1","01","1609","N","N","N","0","","0","0","0","0","0","N","1422","0","2","0","0","0","0","0","2","0","2","03","","N","","","","","","","","","","",""
"2022025799","0945","0","0","0","0","0","0","0","0","0","4","0","","67","02","2022","7","40.0058","-75.097","0941","06","0","0","0","0","0","1","0","0","","0","1","0","09","1","1","01","","0","40 00:20.955","","00","75 05:49.322","3","0","0","0","67301","0","0","0","N","0","0","0","3","67301","0","","1","01","","N","N","N","0","","1","0","1","3","2","","0920","1","2","0","0","0","0","0","2","0","2","03","03","N","","","","","","","","","","",""
"2022026499","1327","1","0","0","0","0","0","0","0","0","1","0","","67","03","2022","3","39.9561","-75.146","1324","06","0","0","0","0","0","1","0","0","","0","0","0","13","1","1","00","N","1","39 57:22.060","2","00","75 08:45.580","3","0","0","1","67301","0","0","0","N","0","0","0","2","67301","0","","1","01","1350","N","N","N","0","","1","0","0","0","0","N","1324","1","2","0","0","0","0","0","2","0","2","03","03","N","","","","","","","","","","",""
"2022004660","0119","0","0","0","0","0","0","0","0","0","7","0","","67","01","2022","1","39.9815","-75.2071","0119","06","0","0","0","0","0","0","0","0","","0","0","0","00","3","0","00","N","0","39 58:53.423","","00","75 12:25.733","0","0","0","0","67301","0","0","0","N","0","0","0","1","68K01","0","","2","09","","N","N","N","0","","0","0","0","0","0","","0024","0","1","0","0","0","0","0","2","1","1","07","","N","","","","","","","","","","",""
"2022009406","","0","0","0","0","0","0","0","0","0","0","0","","67","01","2022","1","39.9585","-75.1533","","06","0","0","0","0","0","1","0","0","","0","0","0","17","1","1","00","N","0","39 57:30.600","","00","75 09:11.700","8","0","0","1","67301","0","0","0","N","0","0","0","1","00000","0","","1","01","","N","N","N","0","","0","0","0","0","0","","1745","1","1","0","0","0","1","0","2","0","1","03","","N","","","","","","","","","","",""
"2022016033","2336","2","0","0","0","0","0","0","0","0","5","0","","67","02","2022","7","40.0264","-75.0885","2336","06","0","0","0","0","0","1","0","0","","0","0","0","23","3","0","00","N","0","40 01:35.090","","00","75 05:18.530","0","0","0","0","67301","0","0","0","N","0","0","0","1","67301","0","","1","01","","N","N","N","0","","0","0","0","0","0","","2302","0","2","0","0","0","0","0","2","0","2","03","","N","","","","","","","","","","",""
"2022019606","1957","3","0","0","0","0","0","0","0","0","4","0","","67","02","2022","4","40.0086","-75.0688","1947","06","0","0","0","0","0","0","1","0","","0","0","0","19","3","3","01","","1","40 00:31.249","6","00","75 04:07.877","3","0","0","0","67301","0","0","0","N","0","0","0","4","67301","2","","1","01","2030","N","N","N","0","","1","0","0","3","2","Y","1927","3","3","0","0","0","0","0","2","0","3","03","","N","","","","","","","","","","",""
"2022020090","2114","1","0","0","0","0","0","0","0","0","5","0","","67","02","2022","4","39.8883","-75.2031","2111","06","0","0","0","0","0","0","1","0","","0","0","0","21","3","0","00","N","2","39 53:17.750","1","03","75 12:11.243","0","0","0","0","67301","0","0","0","N","0","0","0","1","68K01","0","","1","09","2130","N","N","N","0","","0","0","1","0","0","N","2110","0","2","0","0","0","0","0","2","0","2","03","","N","","","","","","","","","","",""
"2022025260","1717","1","0","0","0","0","0","0","0","0","7","0","","67","03","2022","6","39.9195","-75.2231","1717","06","0","0","0","0","0","0","0","0","","0","0","0","17","1","0","00","N","0","39 55:10.240","","00","75 13:23.010","0","0","0","0","67301","0","0","0","N","0","0","0","1","67301","0","","4","01","","N","N","N","0","","0","0","0","3","2","","1717","0","1","0","0","1","0","0","2","0","1","03","03","N","","","","","","","","","","",""
"2022026734","1330","0","0","0","0","0","0","0","0","0","1","0","","67","03","2022","2","39.976","-75.1954","1325","06","0","0","0","0","0","1","0","1","","0","0","0","13","1","2","00","N","2","39 58:33.763","3","00","75 11:43.544","3","0","0","0","67301","0","0","0","N","0","0","0","2","68K01","0","","1","01","1355","N","N","N","0","","2","0","2","0","0","N","1322","2","2","0","0","0","0","0","2","0","2","03","","N","","","","","","","","","","",""
"2022005999","2130","0","0","0","0","0","0","0","0","0","7","0","","67","01","2022","7","40.0022","-75.1945","2125","06","0","0","0","0","0","1","0","0","","0","0","0","21","3","1","00","N","0","40 00:07.833","","00","75 11:40.194","3","0","0","0","67301","0","0","0","N","0","0","0","2","68K01","0","","2","01","","N","N","N","1","","1","0","0","0","0","","2124","1","1","0","0","0","0","0","2","0","1","03","","N","","","","","","","","","","",""
"2022016760","0940","0","0","0","0","0","0","0","0","0","5","2","","67","02","2022","2","39.9002","-75.2306","0930","06","0","0","0","0","0","0","0","0","","0","2","0","09","1","1","00","N","0","39 54:00.870","","00","75 13:50.010","3","0","0","0","67301","0","0","0","N","0","0","0","2","67301","0","","6","01","","N","N","N","0","","1","0","0","0","0","","0916","1","2","0","0","0","0","0","2","0","2","03","","N","","","","","","","","","","",""
"2022017109","0318","1","0","0","0","0","0","1","0","0","5","1","","67","02","2022","5","40.0081","-75.0725","0302","06","0","0","0","0","0","0","0","0","","0","0","0","02","3","1","01","","1","40 00:29.331","1","00","75 04:20.880","3","0","0","0","67301","0","0","0","N","0","0","0","3","67301","0","","1","01","0335","N","N","N","0","","1","0","0","3","2","N","0240","1","2","0","0","0","0","0","2","0","2","03","04","N","","","","","","","","","","",""
"2022018544","0319","1","0","0","0","0","0","0","0","0","98","1","","67","02","2022","2","40.0302","-75.0218","0301","06","0","0","0","0","1","0","0","0","","0","1","0","02","3","2","00","N","2","40 01:48.541","1","00","75 01:18.639","8","0","0","0","67301","0","0","0","N","0","0","0","9","68K01","0","","4","09","0415","N","N","N","0","","0","0","3","0","0","N","0259","2","5","0","0","0","2","0","2","0","5","02","02","N","","","","","","","","","","",""
"2022020139","1320","2","0","0","0","0","0","0","0","0","2","0","","67","02","2022","4","40.001","-75.148","1314","06","0","0","0","0","0","1","0","0","","0","0","0","15","1","2","01","","0","40 00:03.481","","00","75 08:52.905","3","0","0","0","67301","0","0","0","N","0","0","0","3","67301","0","","1","01","","N","N","N","0","","2","0","0","9","2","","1530","2","2","0","0","0","0","1","2","0","2","03","","N","","","","","","","","","","",""
"2022018320","0203","0","0","0","0","0","0","0","0","0","7","0","","67","02","2022","2","39.9695","-75.1923","0200","06","0","0","0","0","0","0","0","0","","0","0","0","01","3","0","00","N","2","39 58:10.085","3","00","75 11:32.421","0","0","0","0","67301","0","0","0","N","0","0","0","1","68K01","0","","3","01","0205","N","N","N","0","","0","0","1","0","0","N","0156","0","1","0","0","0","0","0","2","0","1","03","","N","","","","","","","","","","",""