"CRN","ARRIVAL_TM","AUTOMOBILE_COUNT","BELTED_DEATH_COUNT","BELTED_SUSP_SERIOUS_INJ_COUNT","BICYCLE_COUNT","BICYCLE_DEATH_COUNT","BICYCLE_SUSP_SERIOUS_INJ_COUNT","BUS_COUNT","CHLDPAS_DEATH_COUNT","CHLDPAS_SUSP_SERIOUS_INJ_COUNT","COLLISION_TYPE","COMM_VEH_COUNT","CONS_ZONE_SPD_LIM","COUNTY","CRASH_MONTH","CRASH_YEAR","DAY_OF_WEEK","DEC_LAT","DEC_LONG","DISPATCH_TM","DISTRICT","DRIVER_COUNT_16YR","DRIVER_COUNT_17YR","DRIVER_COUNT_18YR","DRIVER_COUNT_19YR","DRIVER_COUNT_20YR","DRIVER_COUNT_50_64YR","DRIVER_COUNT_65_74YR","DRIVER_COUNT_75PLUS","EST_HRS_CLOSED","FATAL_COUNT","HEAVY_TRUCK_COUNT","HORSE_BUGGY_COUNT","HOUR_OF_DAY","ILLUMINATION","INJURY_COUNT","INTERSECT_TYPE","INTERSECTION_RELATED","LANE_CLOSED","LATITUDE","LN_CLOSE_DIR","LOCATION_TYPE","LONGITUDE","MAX_SEVERITY_LEVEL","MCYCLE_DEATH_COUNT","MCYCLE_SUSP_SERIOUS_INJ_COUNT","MOTORCYCLE_COUNT","MUNICIPALITY","NONMOTR_COUNT","NONMOTR_DEATH_COUNT","NONMOTR_SUSP_SERIOUS_INJ_COUNT","NTFY_HIWY_MAINT","PED_COUNT","PED_DEATH_COUNT","PED_SUSP_SERIOUS_INJ_COUNT","PERSON_COUNT","POLICE_AGCY","POSSIBLE_INJ_COUNT","RDWY_SURF_TYPE_CD","RELATION_TO_ROAD","ROAD_CONDITION","ROADWAY_CLEARED","SCH_BUS_IND","SCH_ZONE_IND","SECONDARY_CRASH","SMALL_TRUCK_COUNT","SPEC_JURIS_CD","SUSP_MINOR_INJ_COUNT","SUSP_SERIOUS_INJ_COUNT","SUV_COUNT","TCD_FUNC_CD","TCD_TYPE","TFC_DETOUR_IND","TIME_OF_DAY","TOT_INJ_COUNT","TOTAL_UNITS","UNB_DEATH_COUNT","UNB_SUSP_SERIOUS_INJ_COUNT","UNBELTED_OCC_COUNT","UNK_INJ_DEG_COUNT","UNK_INJ_PER_COUNT","URBAN_RURAL","VAN_COUNT","VEHICLE_COUNT","WEATHER1","WEATHER2","WORK_ZONE_IND","WORK_ZONE_LOC","WORK_ZONE_TYPE","WORKERS_PRES","WZ_CLOSE_DETOUR","WZ_FLAGGER","WZ_LAW_OFFCR_IND","WZ_LN_CLOSURE","WZ_MOVING","WZ_OTHER","WZ_SHLDER_MDN","WZ_WORKERS_INJ_KILLED"
"2022023175","1026","0","0","0","0","0","0","0","0","0","7","0","","67","02","2022","6","39.9985","-75.0809","1012","06","0","0","0","0","0","0","1","0","","0","0","0","10","1","0","00","N","0","39 59:54.607","","00","75 04:51.405","0","0","0","0","67301","0","0","0","N","0","0","0","1","68K01","0","","3","09","","N","N","N","0","","0","0","1","0","0","","1012","0","1","0","0","0","0","0","2","0","1","06","","N","","","","","","","","","","",""
"2022025002","1805","1","0","0","0","0","0","0","0","0","1","0","","67","03","2022","3","39.9764","-75.114","1751","06","0","0","0","0","0","0","0","0","","0","0","0","17","1","0","00","N","1","39 58:34.878","1","00","75 06:50.369","0","0","0","0","67301","0","0","0","N","0","0","0","2","68K01","0","","1","01","1815","N","N","N","1","","0","0","0","0","0","N","1750","0","2","0","0","0","0","0","2","0","2","03","","N","","","","","","","","","","",""
"2022023198","0632","2","0","0","0","0","0","0","0","0","7","0","55","67","03","2022","7","40.0197","-75.0445","0628","06","0","0","0","0","0","0","1","0","","0","0","0","06","1","0","00","N","1","40 01:10.981","1","00","75 02:40.148","0","0","0","0","67301","0","0","0","N","0","0","0","2","68K01","0","","2","01","0645","N","N","N","0","","0","0","0","0","0","N","0626","0","2","0","0","0","0","0","2","0","2","03","03","Y","4","1","Y","N","N","N","N","N","N","Y","N"
"2022023765","0107","0","0","0","0","0","0","0","0","0","4","1","","67","03","2022","3","39.9595","-75.2332","0106","06","0","0","0","0","0","1","0","0","","0","1","0","01","3","0","01","","0","39 57:34.098","","00","75 13:59.431","0","0","0","0","67301","0","0","0","N","0","0","0","2","67301","0","","1","01","","N","N","N","1","","0","0","0","3","2","","0104","0","2","0","0","0","0","0","2","0","2","03","03","N","","","","","","","","","","",""
"2022030868","0120","3","0","0","0","0","0","0","0","0","5","0","","67","03","2022","7","39.9576","-75.1605","0108","06","0","0","0","0","0","0","0","0","","0","0","0","01","3","0","00","N","0","39 57:27.354","","00","75 09:37.698","0","0","0","0","67301","0","0","0","N","0","0","0","2","68K01","0","","4","01","","N","N","N","0","","0","0","0","0","0","","0108","0","4","0","0","0","0","0","2","1","4","03","03","N","","","","","","","","","","",""
"2022030295","0215","1","0","0","0","0","0","0","0","0","7","0","","67","03","2022","7","39.958","-75.2335","0209","06","0","0","0","0","0","0","0","0","","0","0","0","02","3","0","01","","0","39 57:28.630","","00","75 14:00.608","0","0","0","0","67301","0","0","0","N","0","0","0","1","67301","0","","5","01","","N","N","N","0","","0","0","0","3","2","","0205","0","1","0","0","0","0","0","2","0","1","03","","N","","","","","","","","","","",""
"2022030170","1246","2","0","0","0","0","0","0","0","0","4","0","","67","03","2022","7","40.0351","-75.0695","1234","06","0","0","0","0","0","0","0","0","","0","0","0","12","1","1","05","","1","40 02:06.425","1","00","75 04:10.216","8","0","0","0","67301","0","0","0","N","0","0","0","2","67301","0","","1","01","1510","N","N","N","0","","0","0","0","3","2","N","1220","1","2","0","0","0","1","0","2","0","2","04","","N","","","","","","","","","","",""
"2022030574","0105","1","0","0","0","0","0","0","0","0","5","1","","67","03","2022","6","39.9599","-75.1777","0058","06","0","0","0","0","0","1","0","0","","0","1","0","00","3","1","00","N","1","39 57:35.504","4","00","75 10:39.765","3","0","0","0","67301","0","0","0","N","0","0","0","3","68K01","0","","1","09","0129","N","N","N","0","","1","0","0","0","0","N","0057","1","2","0","0","0","0","0","2","0","2","07","07","N","","","","","","","","","","",""
"2022023539","0150","1","0","0","0","0","0","0","0","0","1","0","","67","02","2022","1","40.0321","-75.0213","0140","06","0","0","0","0","0","1","0","0","","0","0","0","01","3","7","00","N","1","40 01:55.546","2","00","75 01:16.677","3","0","0","0","67301","0","0","0","N","0","0","0","8","68K01","0","","1","01","0230","N","N","N","0","","7","0","1","0","0","N","0139","7","3","0","0","0","0","0","2","1","3","03","","N","","","","","","","","","","",""
"2022023779","1710","2","0","0","0","0","0","0","0","0","4","0","","67","03","2022","7","39.9917","-75.1128","1710","06","0","0","0","0","0","0","0","0","","0","0","0","16","1","0","01","","9","39 59:30.278","","00","75 06:46.033","0","0","0","0","67301","0","0","0","N","0","0","0","2","67301","0","","1","01","","N","N","N","0","","0","0","0","3","2","","1630","0","2","0","0","0","0","0","2","0","2","03","","N","","","","","","","","","","",""
"2022023168","0705","0","0","0","0","0","0","0","0","0","7","0","","67","02","2022","2","39.886","-75.2103","0700","06","0","0","0","0","0","1","0","0","","0","0","0","06","1","1","00","N","0","39 53:09.451","","00","75 12:36.922","8","0","0","0","67301","0","0","0","N","0","0","0","1","68K01","0","","4","01","","N","N","N","0","","0","0","1","0","0","","0658","1","1","0","0","0","1","0","2","0","1","03","03","N","","","","","","","","","","",""
"2022023793","1030","2","0","0","0","0","0","0","0","0","1","0","","67","03","2022","6","40.0237","-75.148","1021","06","0","0","0","0","0","0","1","0","","0","0","0","10","1","1","00","N","0","40 01:25.273","","00","75 08:52.749","3","0","0","0","67301","0","0","0","N","0","0","0","2","67301","0","","1","01","","N","N","N","0","","1","0","0","0","0","","1018","1","2","0","0","0","0","1","2","0","2","03","","N","","","","","","","","","","",""
"2022029859","0033","2","0","0","0","0","0","0","0","0","2","0","","67","03","2022","7","40.0201","-75.0426","0031","06","0","0","0","0","0","0","0","0","","0","0","0","21","3","0","00","N","0","40 01:12.489","","00","75 02:33.348","0","0","0","0","67301","0","0","0","N","0","0","0","2","67301","0","","1","09","","N","N","N","0","","0","0","0","0","0","","2139","0","2","0","0","0","0","0","2","0","2","07","","N","","","","","","","","","","",""
"2022029941","1917","1","0","0","0","0","0","0","0","0","4","0","","67","03","2022","6","40.1289","-75.0138","1910","06","0","0","0","0","0","2","0","0","","0","0","0","19","4","2","01","","1","40 07:43.890","1","00","75 00:49.819","3","0","0","0","67301","0","0","0","N","0","0","0","2","67301","0","","1","01","1950","N","N","N","0","","2","0","1","3","2","N","1908","2","2","0","0","0","0","0","2","0","2","03","03","N","","","","","","","","","","",""
"2022030765","1605","0","0","0","0","0","0","0","0","0","4","1","","67","03","2022","2","39.9571","-75.149","1557","06","0","1","0","0","0","0","0","0","","0","1","0","15","1","0","02","","1","39 57:25.618","2","00","75 08:56.284","0","0","0","0","67301","0","0","0","N","0","0","0","2","67301","0","","1","09","1618","N","N","N","1","","0","0","0","0","0","N","1503","0","2","0","0","0","0","0","2","0","2","10","","N","","","","","","","","","","",""
"2022023755","0254","2","0","0","0","0","0","0","0","0","4","0","","67","03","2022","2","40.0207","-75.0535","0247","06","0","0","0","1","0","0","0","0","","0","0","0","02","3","0","00","N","0","40 01:14.364","","00","75 03:12.442","0","0","0","0","67301","0","0","0","N","0","0","0","1","67301","0","","4","01","","N","N","N","0","","0","0","0","3","2","","0237","0","2","0","0","0","0","0","2","0","2","03","04","N","","","","","","","","","","",""
"2022023678","2032","2","0","0","0","0","0","0","0","0","8","0","","67","02","2022","6","39.9705","-75.1523","2000","06","0","0","0","0","0","1","0","0","","1","0","0","18","3","0","00","N","0","39 58:13.790","","00","75 09:08.342","1","0","0","0","67301","1","1","0","N","1","1","0","3","67301","0","2","1","01","","N","N","N","0","0","0","0","0","0","0","","1854","0","3","0","0","0","0","0","2","0","2","03","","N","","","","","","","","","","",""
"2022024205","1400","2","0","0","0","0","0","0","0","0","2","0","","67","03","2022","3","39.9847","-75.1565","1400","06","0","0","0","0","0","1","0","1","","0","0","0","08","1","2","02","","0","39 59:04.850","","00","75 09:23.377","3","0","0","0","67301","0","0","0","N","0","0","0","3","67301","0","","1","01","","N","N","N","0","","2","0","0","3","2","","0850","2","2","0","0","0","0","1","2","0","2","03","03","N","","","","","","","","","","",""
"2022024045","1334","1","0","0","0","0","0","0","0","0","5","0","","67","03","2022","1","39.899","-75.1746","1309","06","0","0","0","0","0","1","0","0","","0","1","0","13","1","1","00","N","1","39 53:56.435","1","00","75 10:28.546","3","0","0","0","67301","0","0","0","N","0","0","0","4","68K01","0","","1","01","1338","N","N","N","0","","1","0","0","0","0","N","1306","1","3","0","0","0","0","1","2","0","3","03","","N","","","","","","","","","","",""
"2022023536","0502","1","0","0","0","0","0","0","0","0","7","0","","67","02","2022","6","39.8899","-75.2201","0500","06","0","0","0","0","0","0","0","0","","0","0","0","04","3","1","00","N","0","39 53:23.493","","00","75 13:12.420","8","0","0","0","67301","0","0","0","N","0","0","0","1","68K01","0","","4","09","","N","N","N","0","","0","0","0","0","0","","0458","1","1","0","0","0","1","0","2","0","1","07","","N","","","","","","","","","","",""
"2022023176","1059","0","0","0","0","0","0","0","0","0","1","0","","67","02","2022","6","39.9571","-75.1557","1051","06","0","0","0","0","0","1","0","0","","0","0","0","10","1","0","00","N","1","39 57:25.416","4","00","75 09:20.695","0","0","0","0","67301","0","0","0","N","0","0","0","2","68K01","0","","1","09","1102","N","N","N","0","","0","0","1","3","8","N","1050","0","2","0","0","0","0","0","2","0","2","07","","N","","","","","","","","","","",""
"2022024001","0411","2","0","0","0","0","0","0","0","0","1","0","","67","02","2022","5","39.9438","-75.1427","0406","06","0","0","1","0","0","0","0","0","","0","0","0","04","3","0","00","N","1","39 56:37.512","1","00","75 08:33.667","0","0","0","0","67301","0","0","0","N","0","0","0","3","68K01","0","","1","01","0430","N","N","N","0","","0","0","0","0","0","N","0405","0","2","0","0","0","0","0","2","0","2","03","","N","","","","","","","","","","",""
"2022024537","0650","2","0","0","0","0","0","0","0","0","4","0","","67","03","2022","5","40.0299","-75.1031","0650","06","0","0","0","0","0","0","0","0","","0","0","0","06","5","0","01","","0","40 01:47.679","","00","75 06:11.073","0","0","0","0","67301","0","0","0","N","0","0","0","3","67301","0","","1","01","","N","N","N","0","","0","0","0","3","2","","0649","0","2","0","0","0","0","0","2","0","2","03","","N","","","","","","","","","","",""
"2022030746","1730","3","0","0","0","0","0","0","0","0","4","0","","67","03","2022","7","40.0368","-75.0405","1729","06","0","0","1","0","0","0","0","0","","0","0","0","17","1","0","01","","0","40 02:12.744","","00","75 02:26.410","0","0","0","0","67301","0","0","0","N","0","0","0","2","67301","0","","1","01","","N","N","N","0","","0","0","0","3","2","","1728","0","3","0","0","0","0","0","2","0","3","04","","N","","","","","","","","","","",""
"2022030413","0033","2","0","0","0","0","0","0","0","0","4","0","","67","03","2022","2","40.0146","-75.1782","0028","06","0","0","0","1","0","0","0","0","","0","0","0","00","3","1","00","N","2","40 00:52.470","4","00","75 10:41.530","3","0","0","0","67301","0","0","0","N","0","0","0","2","67301","0","","1","01","0115","N","N","N","0","","1","0","0","0","0","Y","0023","1","2","0","0","1","0","0","2","0","2","03","03","N","","","","","","","","","","",""
"2022030149","1602","0","0","0","0","0","0","0","0","0","4","0","","67","03","2022","7","39.95","-75.2352","1601","06","0","0","0","0","0","0","0","0","","0","0","0","16","1","2","01","","0","39 56:59.877","","00","75 14:06.576","3","0","0","0","67301","0","0","0","N","0","0","0","2","67301","0","","1","01","","N","N","N","0","","2","0","2","3","2","","1600","2","2","0","0","0","0","0","2","0","2","03","03","N","","","","","","","","","","",""
"2022030558","0155","1","0","0","0","0","0","0","0","0","7","0","","67","03","2022","3","39.9767","-75.1965","0148","06","0","0","0","0","0","0","0","0","","0","0","0","01","3","1","00","N","0","39 58:36.141","","00","75 11:47.293","4","0","0","0","67301","0","0","0","N","0","0","0","1","68K01","1","","4","01","","N","N","N","0","","0","0","0","0","0","","0138","1","1","0","0","0","0","0","2","0","1","03","","N","","","","","","","","","","",""
"2022030726","0156","0","0","0","0","0","0","0","0","0","98","0","","67","02","2022","4","39.9842","-75.1249","0155","06","0","0","0","0","0","0","0","0","","0","0","0","01","3","1","01","","0","39 59:03.109","","00","75 07:29.759","8","0","0","0","67301","1","0","0","N","1","0","0","1","67301","0","","1","01","","N","N","N","0","","0","0","0","0","0","","0154","1","2","0","0","0","1","0","2","0","1","03","03","N","","","","","","","","","","",""
"2022023183","1131","1","0","0","0","0","0","0","0","0","5","1","","67","03","2022","4","39.9612","-75.1824","1127","06","0","0","0","0","0","1","0","0","","0","1","0","11","1","0","06","N","1","39 57:40.397","4","02","75 10:56.651","0","0","0","0","67301","0","0","0","N","0","0","0","2","68K01","0","","1","01","1200","N","N","N","0","","0","0","0","3","8","N","1124","0","2","0","0","0","0","0","2","0","2","03","03","N","","","","","","","","","","",""
"2022024243","1122","1","0","0","0","0","0","0","0","0","1","1","","67","02","2022","2","40.043","-75.0517","1110","06","0","0","0","0","0","1","0","0","","0","1","0","11","1","1","00","N","1","40 02:34.680","4","00","75 03:06.002","3","0","0","0","67301","0","0","0","N","0","0","0","2","67301","0","","1","01","0030","N","N","N","0","","1","0","0","3","2","Y","1101","1","2","0","0","0","0","1","2","0","2","03","03","N","","","","","","","","","","",""
"2022023777","1215","1","0","0","0","0","0","0","0","0","4","0","","67","03","2022","4","40.0117","-75.1122","1207","06","0","0","0","0","0","1","0","0","","0","0","0","12","1","1","00","N","0","40 00:42.240","","00","75 06:44.090","4","0","0","0","67301","0","0","0","N","0","0","0","2","67301","1","","1","01","","N","N","N","0","","0","0","1","0","0","","1202","1","2","0","0","0","0","0","2","0","2","03","","N","","","","","","","","","","",""
"2022023717","1925","0","0","0","0","0","0","0","0","0","7","0","","67","03","2022","7","40.0426","-75.2171","1920","06","0","0","0","0","0","0","0","0","","0","0","0","19","3","0","00","N","0","40 02:33.348","","00","75 13:01.421","0","0","0","0","67301","0","0","0","N","0","0","0","1","67301","0","","3","01","","N","N","N","0","","0","0","1","0","0","","1915","0","1","0","0","1","0","0","2","0","1","03","03","N","","","","","","","","","","",""
"2022031933","1651","1","0","0","0","0","0","0","0","0","7","0","","67","03","2022","4","39.9514","-75.1828","1651","06","0","0","0","0","0","0","0","0","","0","0","0","16","1","1","00","N","2","39 57:05.144","3","00","75 10:57.977","8","0","0","0","67301","0","0","0","Y","0","0","0","1","68T07","0","","4","01","0100","N","N","N","0","","0","0","0","0","0","N","1651","1","1","0","0","1","1","0","2","0","1","03","03","N","","","","","","","","","","",""
"2022030326","1218","2","0","0","0","0","0","0","0","0","4","0","","67","03","2022","5","40.0808","-75.0286","1209","06","0","0","0","0","0","0","0","0","","0","0","0","12","1","0","05","","1","40 04:51.077","2","00","75 01:43.585","0","0","0","0","67301","0","0","0","N","0","0","0","2","67301","0","","1","09","1230","N","N","N","0","","0","0","0","3","2","N","1205","0","2","0","0","0","0","0","2","0","2","07","04","N","","","","","","","","","","",""
"2022023605","0518","2","0","0","0","0","0","0","0","0","1","0","","67","01","2022","7","39.8969","-75.1899","0513","06","0","0","0","0","0","0","0","0","","0","0","0","05","3","1","00","N","0","39 53:48.766","","00","75 11:23.726","3","0","0","0","67301","0","0","0","N","0","0","0","3","68K01","0","","1","01","","N","N","N","0","","1","0","0","0","0","","0503","1","2","0","0","0","0","0","2","0","2","03","","N","","","","","","","","","","",""
"2022023869","0341","1","0","0","0","0","0","0","0","0","1","0","","67","02","2022","1","39.9823","-75.1002","0334","06","0","0","0","0","0","0","0","0","","0","0","0","03","3","3","07","N","2","39 58:56.179","1","00","75 06:00.884","2","0","0","0","67301","0","0","0","N","0","0","0","4","68K01","0","","7","01","0410","N","N","N","0","","2","1","1","0","0","Y","0332","3","2","0","1","1","0","1","2","0","2","03","","N","","","","","","","","","","",""
"2022023702","2328","0","0","0","0","0","0","0","0","0","8","0","","67","01","2022","6","40.0448","-75.0871","2326","06","0","0","0","0","0","0","0","0","","0","0","0","23","3","1","01","","0","40 02:41.409","","00","75 05:13.515","3","0","0","0","67301","1","0","0","N","1","0","0","1","67301","0","","1","01","","N","N","N","0","","1","0","0","0","0","","2325","1","2","0","0","0","0","0","2","0","1","03","03","N","","","","","","","","","","",""
"2022024202","1931","0","0","0","0","0","0","0","0","0","8","0","","67","03","2022","3","39.9383","-75.17","1927","06","0","0","0","0","0","0","0","0","","0","0","0","19","2","1","01","","1","39 56:17.761","4","00","75 10:12.053","3","0","0","0","67301","1","0","0","N","1","0","0","2","67301","0","","1","01","2030","N","N","N","1","","1","0","0","3","2","N","1922","1","2","0","0","0","0","0","2","0","1","03","","N","","","","","","","","","","",""
"2022030041","2043","2","0","0","0","0","0","0","0","0","4","0","","67","03","2022","6","39.8947","-75.2294","2038","06","0","0","0","0","0","0","0","0","","0","0","0","20","3","1","00","N","1","39 53:41.031","2","00","75 13:45.899","3","0","0","0","67301","0","0","0","N","0","0","0","2","67301","0","","1","01","2130","N","N","N","0","","1","0","0","0","0","N","2025","1","2","0","0","0","0","0","2","0","2","03","03","N","","","","","","","","","","",""
"2022024016","0920","0","0","0","0","0","0","0","0","0","5","0","","67","02","2022","6","40.0286","-75.023","0907","06","0","0","0","0","0","0","0","0","","0","0","0","09","1","0","00","N","2","40 01:43.011","1","00","75 01:22.641","0","0","0","0","67301","0","0","0","N","0","0","0","2","68K01","0","","1","09","0950","N","N","Y","0","","0","0","1","3","8","N","0901","0","2","0","0","0","0","0","2","1","2","07","04","N","","","","","","","","","","",""
"2022024538","1100","2","0","0","0","0","0","0","0","0","7","1","","67","03","2022","4","40.0428","-75.1901","1039","06","0","0","0","0","0","0","0","0","","0","1","0","10","1","2","00","N","2","40 02:33.910","5","01","75 11:24.520","3","0","0","0","67301","0","0","0","N","0","0","0","2","67301","0","","1","09","1411","N","N","Y","0","","2","0","0","0","0","Y","1024","2","3","0","0","0","0","0","2","0","3","07","04","N","","","","","","","","","","",""
"2022023798","2155","2","0","0","0","0","0","0","0","0","1","0","","67","03","2022","4","40.01","-75.1666","2150","06","0","0","0","0","0","0","0","0","","0","0","0","21","3","2","00","N","0","40 00:35.953","","00","75 09:59.584","3","0","0","0","67301","0","0","0","N","0","0","0","6","67301","0","","6","01","","N","N","N","1","","2","0","0","0","0","","2130","2","3","0","0","0","0","0","2","0","3","03","03","N","","","","","","","","","","",""
"2022023762","1920","2","0","0","0","0","0","0","0","0","4","0","","67","03","2022","6","39.9578","-75.2193","1915","06","0","0","0","0","0","0","0","0","","0","0","0","19","3","2","01","","0","39 57:27.914","","00","75 13:09.434","3","0","0","0","67301","0","0","0","N","0","0","0","4","67301","0","","1","01","","N","N","N","0","","2","0","0","3","2","","1905","2","2","0","0","0","0","0","2","0","2","03","03","N","","","","","","","","","","",""
"2022024025","2325","2","0","0","0","0","0","0","0","0","5","0","","67","02","2022","6","39.9582","-75.1642","2313","06","0","0","0","0","1","0","0","0","","0","0","0","22","3","1","00","N","2","39 57:29.400","4","00","75 09:50.969","3","0","0","0","67301","0","0","0","N","0","0","0","3","68K01","0","","1","01","2350","N","N","N","0","","1","0","1","0","0","Y","2258","1","3","0","0","0","0","0","2","0","3","03","03","N","","","","","","","","","","",""
"2022024591","0222","1","0","0","0","0","0","0","0","0","1","0","","67","02","2022","4","40.0277","-75.11","0221","06","0","0","0","0","0","0","0","0","","0","0","0","14","1","2","01","N","0","40 01:39.827","","00","75 06:35.893","3","0","0","0","67301","0","0","0","N","0","0","0","3","67301","0","","1","01","","N","N","N","0","","1","0","1","0","0","","1415","2","2","0","0","0","1","1","2","0","2","03","","N","","","","","","","","","","",""
"2022023704","2230","2","0","0","0","0","0","0","0","0","4","0","","67","02","2022","6","40.0656","-75.0622","1640","06","0","0","0","0","0","0","0","0","","0","0","0","16","1","1","01","","0","40 03:56.148","","00","75 03:43.883","8","0","0","0","67301","0","0","0","N","0","0","0","1","67301","0","","1","01","","N","N","N","0","","0","0","0","3","3","","1630","1","2","0","0","0","1","0","2","0","2","03","","N","","","","","","","","","","",""
"2022030433","1900","1","0","0","0","0","0","0","0","0","5","1","","67","03","2022","5","40.0436","-75.1571","1900","06","0","0","0","0","0","0","0","0","","0","1","0","18","1","1","00","N","0","40 02:37.100","","00","75 09:25.600","4","0","0","0","67301","0","0","0","N","0","0","0","2","67301","1","","6","99","","N","N","N","0","","0","0","0","0","0","","1800","1","2","0","0","1","0","1","2","0","2","99","","N","","","","","","","","","","",""
"2022030851","2135","0","0","0","0","0","0","0","0","0","4","1","","67","03","2022","6","39.9676","-75.225","2135","06","0","0","0","0","0","0","0","0","","0","1","0","18","4","0","02","","0","39 58:03.385","","00","75 13:30.163","9","0","0","0","67301","0","0","0","N","0","0","0","2","67301","0","","1","01","","N","N","N","0","","0","0","1","0","0","","1847","0","2","0","0","0","0","1","2","0","2","03","03","N","","","","","","","","","","",""
"2022024005","0002","2","0","0","0","0","0","0","0","0","5","0","","67","02","2022","1","40.0091","-75.068","2344","06","0","0","0","0","0","0","0","0","","0","0","0","23","3","0","00","N","0","40 00:32.843","","00","75 04:04.714","0","0","0","0","67301","0","0","0","N","0","0","0","3","68K01","0","","1","01","","N","N","N","0","","0","0","0","0","0","","2326","0","2","0","0","0","0","0","2","0","2","03","03","N","","","","","","","","","","",""
"2022024169","0840","1","0","0","0","0","0","0","0","0","1","1","","67","03","2022","2","39.9924","-75.1651","0837","06","0","0","0","0","0","0","1","0","","0","1","0","08","1","0","02","","1","39 59:32.607","4","00","75 09:54.237","0","0","0","0","67301","0","0","0","N","0","0","0","2","67301","0","","1","01","0930","N","N","N","0","","0","0","0","0","0","N","0836","0","2","0","0","0","0","0","2","0","2","03","03","N","","","","","","","","","","",""
"2022024130","0837","2","0","0","0","0","0","0","0","0","1","0","","67","03","2022","3","40.0835","-75.0259","0832","06","0","0","0","0","0","0","0","0","","0","0","0","08","1","1","00","N","0","40 05:00.771","","00","75 01:33.215","3","0","0","0","67301","0","0","0","N","0","0","0","3","67301","0","","1","01","","N","N","N","0","","1","0","0","0","0","","0830","1","2","0","0","2","0","0","2","0","2","03","03","N","","","","","","","","","","",""
"2022022948","0109","0","0","0","0","0","0","0","0","0","5","0","","67","02","2022","6","40.0406","-75.0056","0056","06","0","0","0","0","0","1","0","0","","0","0","0","00","3","2","00","N","0","40 02:26.303","","00","75 00:20.137","3","0","0","0","67301","0","0","0","N","0","0","0","3","68K01","0","","1","09","","N","N","N","0","","1","0","1","0","0","","0055","2","2","0","0","0","1","1","2","0","2","07","07","N","","","","","","","","","","",""
"2022023716","0911","2","0","0","0","0","0","0","0","0","4","0","","67","03","2022","7","40.0222","-75.2183","0910","06","0","0","0","0","0","0","0","0","","0","0","0","09","1","0","02","","0","40 01:19.948","","00","75 13:05.804","9","0","0","0","67301","0","0","0","N","0","0","0","4","67301","0","","1","01","","N","N","N","0","","0","0","1","3","2","","0908","0","3","0","0","0","0","1","2","0","3","03","04","N","","","","","","","","","","",""
"2022025995","2000","2","0","0","0","0","0","0","0","0","8","0","","67","03","2022","6","40.0363","-75.0383","1959","06","0","0","0","0","0","0","0","0","","1","0","0","19","2","1","00","N","0","40 02:10.560","","00","75 02:18.010","1","0","0","0","67301","2","1","0","N","2","1","0","2","67301","0","2","4","01","","N","N","N","0","0","1","0","0","0","0","","1955","1","4","0","0","0","0","0","2","0","2","03","03","N","","","","","","","","","","",""
"2022031440","1556","0","0","0","0","0","0","0","0","0","4","1","","67","01","2022","4","40.0021","-75.1695","1556","06","0","1","0","0","0","0","0","0","","0","1","0","15","1","1","01","","0","40 00:07.491","","00","75 10:10.041","4","0","0","0","67301","0","0","0","N","0","0","0","2","67301","1","","1","01","","N","N","N","0","","0","0","1","3","3","","1530","1","2","0","0","2","0","0","2","0","2","03","03","N","","","","","","","","","","",""
"2022023583","0210","1","0","0","0","0","0","0","0","0","7","0","","67","03","2022","6","39.9343","-75.2","0144","06","0","0","0","0","0","0","0","0","","0","0","0","01","3","1","00","N","2","39 56:03.485","3","00","75 11:59.978","8","0","0","0","67301","0","0","0","N","0","0","0","2","68K01","0","","4","01","0246","N","N","N","0","","0","0","0","0","0","N","0143","1","1","0","0","0","1","0","2","0","1","03","","N","","","","","","","","","","",""
"2022023744","0623","1","0","0","0","0","0","0","0","0","8","0","","67","03","2022","5","40.0454","-75.182","0620","06","0","0","0","0","0","0","0","0","","0","0","0","06","5","1","00","N","0","40 02:43.267","","00","75 10:55.033","3","0","0","0","67301","1","0","0","N","1","0","0","2","67301","0","","1","09","","N","N","N","0","","1","0","0","0","0","","0615","1","2","0","0","0","0","1","2","0","1","03","","N","","","","","","","","","","",""
"2022023769","1544","1","0","0","0","0","0","0","0","0","4","0","","67","03","2022","5","39.9832","-75.1568","1540","06","0","0","0","0","0","0","0","0","","0","0","0","15","1","1","01","","0","39 58:59.583","","00","75 09:25.017","8","0","0","0","67301","0","0","0","N","0","0","0","4","67301","0","","1","01","","N","N","N","0","","0","0","1","3","2","","1522","1","2","0","0","0","1","2","2","0","2","03","","N","","","","","","","","","","",""
"2022024021","1010","1","0","0","0","0","0","0","0","0","7","0","","67","02","2022","6","40.0423","-75.0035","1005","06","0","0","0","0","1","0","0","0","","0","0","0","10","1","0","00","N","0","40 02:32.446","","00","75 00:12.743","0","0","0","0","67301","0","0","0","N","0","0","0","1","68K01","0","","5","09","","N","N","N","0","","0","0","0","3","8","","1003","0","1","0","0","1","0","0","2","0","1","07","04","N","","","","","","","","","","",""