"CRN","ARRIVAL_TM","AUTOMOBILE_COUNT","BELTED_DEATH_COUNT","BELTED_SUSP_SERIOUS_INJ_COUNT","BICYCLE_COUNT","BICYCLE_DEATH_COUNT","BICYCLE_SUSP_SERIOUS_INJ_COUNT","BUS_COUNT","CHLDPAS_DEATH_COUNT","CHLDPAS_SUSP_SERIOUS_INJ_COUNT","COLLISION_TYPE","COMM_VEH_COUNT","CONS_ZONE_SPD_LIM","COUNTY","CRASH_MONTH","CRASH_YEAR","DAY_OF_WEEK","DEC_LAT","DEC_LONG","DISPATCH_TM","DISTRICT","DRIVER_COUNT_16YR","DRIVER_COUNT_17YR","DRIVER_COUNT_18YR","DRIVER_COUNT_19YR","DRIVER_COUNT_20YR","DRIVER_COUNT_50_64YR","DRIVER_COUNT_65_74YR","DRIVER_COUNT_75PLUS","EST_HRS_CLOSED","FATAL_COUNT","HEAVY_TRUCK_COUNT","HORSE_BUGGY_COUNT","HOUR_OF_DAY","ILLUMINATION","INJURY_COUNT","INTERSECT_TYPE","INTERSECTION_RELATED","LANE_CLOSED","LATITUDE","LN_CLOSE_DIR","LOCATION_TYPE","LONGITUDE","MAX_SEVERITY_LEVEL","MCYCLE_DEATH_COUNT","MCYCLE_SUSP_SERIOUS_INJ_COUNT","MOTORCYCLE_COUNT","MUNICIPALITY","NONMOTR_COUNT","NONMOTR_DEATH_COUNT","NONMOTR_SUSP_SERIOUS_INJ_COUNT","NTFY_HIWY_MAINT","PED_COUNT","PED_DEATH_COUNT","PED_SUSP_SERIOUS_INJ_COUNT","PERSON_COUNT","POLICE_AGCY","POSSIBLE_INJ_COUNT","RDWY_SURF_TYPE_CD","RELATION_TO_ROAD","ROAD_CONDITION","ROADWAY_CLEARED","SCH_BUS_IND","SCH_ZONE_IND","SECONDARY_CRASH","SMALL_TRUCK_COUNT","SPEC_JURIS_CD","SUSP_MINOR_INJ_COUNT","SUSP_SERIOUS_INJ_COUNT","SUV_COUNT","TCD_FUNC_CD","TCD_TYPE","TFC_DETOUR_IND","TIME_OF_DAY","TOT_INJ_COUNT","TOTAL_UNITS","UNB_DEATH_COUNT","UNB_SUSP_SERIOUS_INJ_COUNT","UNBELTED_OCC_COUNT","UNK_INJ_DEG_COUNT","UNK_INJ_PER_COUNT","URBAN_RURAL","VAN_COUNT","VEHICLE_COUNT","WEATHER1","WEATHER2","WORK_ZONE_IND","WORK_ZONE_LOC","WORK_ZONE_TYPE","WORKERS_PRES","WZ_CLOSE_DETOUR","WZ_FLAGGER","WZ_LAW_OFFCR_IND","WZ_LN_CLOSURE","WZ_MOVING","WZ_OTHER","WZ_SHLDER_MDN","WZ_WORKERS_INJ_KILLED"
"2022033173","0619","1","0","0","0","0","0","0","0","0","1","0","","67","03","2022","5","40.0389","-75.009","0619","06","0","0","0","0","0","0","0","0","","0","0","0","05","3","1","00","N","0","40 02:19.990","","00","75 00:32.243","3","0","0","0","67301","0","0","0","N","0","0","0","2","68K01","0","","1","09","","N","N","N","0","","1","0","0","0","0","","0558","1","2","0","0","0","0","1","2","0","2","07","","N","","","","","","","","","","",""
"2022033167","0957","0","0","0","0","0","0","0","0","0","5","0","","67","03","2022","3","39.9345","-75.1999","0942","06","0","0","1","0","0","0","0","0","","0","0","0","09","1","1","00","N","0","39 56:04.049","","00","75 11:59.588","4","0","0","0","67301","0","0","0","N","0","0","0","3","68K01","1","","1","01","","N","N","N","0","","0","0","1","0","0","","0940","1","2","0","0","0","0","1","2","0","2","03","03","N","","","","","","","","","","",""
"2022030210","0219","1","0","0","0","0","0","0","0","0","7","0","","67","03","2022","1","40.0442","-75.0183","0219","06","0","0","0","1","0","0","0","0","","0","0","0","02","3","0","00","N","0","40 02:39.187","","07","75 01:05.905","0","0","0","0","67301","0","0","0","N","0","0","0","2","67301","0","","2","01","","N","N","N","0","","0","0","0","0","0","","0219","0","1","0","0","0","0","0","2","0","1","03","03","N","","","","","","","","","","",""
"2022029845","0035","2","0","0","0","0","0","0","0","0","4","0","","67","03","2022","7","39.9825","-75.2307","0033","06","0","0","0","0","0","1","0","0","","0","0","0","00","3","1","01","","0","39 58:57.082","","00","75 13:50.620","8","0","0","0","67301","0","0","0","N","0","0","0","2","67301","0","","1","01","","N","N","N","0","","0","0","0","3","2","","0028","1","2","0","0","0","1","1","2","0","2","03","03","N","","","","","","","","","","",""
"2022031240","0545","0","0","0","0","0","0","0","0","0","4","1","","67","03","2022","6","39.9985","-75.1293","0536","06","0","0","0","0","0","0","0","0","","0","1","0","05","3","0","01","","0","39 59:54.633","","00","75 07:45.412","0","0","0","0","67301","0","0","0","N","0","0","0","2","67301","0","","1","09","","N","N","N","0","","0","0","1","3","2","","0530","0","2","0","0","0","0","0","2","0","2","03","03","N","","","","","","","","","","",""
"2022031315","0916","1","0","0","0","0","0","0","0","0","1","0","","67","03","2022","3","40.0335","-75.2082","0908","06","0","0","0","0","0","1","0","0","","0","0","0","08","1","0","00","N","0","40 02:00.673","","00","75 12:29.666","0","0","0","0","67301","0","0","0","N","0","0","0","2","67301","0","","1","01","","N","N","N","0","","0","0","1","0","0","","0855","0","2","0","0","0","0","0","2","0","2","03","03","N","","","","","","","","","","",""
"2022032893","2010","2","0","0","0","0","0","0","0","0","1","0","","67","03","2022","4","40.0258","-75.0947","2010","06","0","0","0","0","0","1","0","0","","0","0","0","17","1","1","01","","0","40 01:32.815","","00","75 05:40.819","3","0","0","0","67301","0","0","0","N","0","0","0","2","67301","0","","1","01","","N","N","N","0","","1","0","0","3","3","","1715","1","2","0","0","0","0","1","2","0","2","03","","N","","","","","","","","","","",""
"2022004537","0035","1","0","0","0","0","0","0","0","0","7","0","","67","01","2022","6","40.0152","-75.1699","0033","06","0","0","0","0","0","0","1","0","","0","0","0","00","3","1","01","","0","40 00:54.888","","00","75 10:11.461","3","0","0","0","67301","0","0","0","N","0","0","0","1","67301","0","","4","01","","N","N","N","0","","1","0","0","3","2","","0005","1","1","0","0","0","0","0","2","0","1","03","03","N","","","","","","","","","","",""
"2022032292","0917","1","0","0","0","0","0","0","0","0","7","0","","67","03","2022","7","39.9947","-75.0838","0912","06","0","0","0","0","0","0","0","0","","0","0","0","09","1","1","00","N","1","39 59:40.814","1","00","75 05:01.539","8","0","0","0","67301","0","0","0","Y","0","0","0","3","68K01","0","","4","09","0930","N","N","N","0","","0","0","0","0","0","N","0907","1","1","0","0","0","1","0","2","0","1","07","","N","","","","","","","","","","",""
"2022004221","0000","1","0","0","0","0","0","0","0","0","4","0","","67","01","2022","7","40.037","-75.1785","0046","06","0","0","0","0","0","1","0","0","","0","0","0","00","3","0","02","","0","40 02:13.131","","00","75 10:42.574","0","0","0","0","67301","0","0","0","N","0","0","0","1","67301","0","","1","09","","N","N","N","0","","0","0","1","3","3","","0000","0","2","0","0","1","0","0","2","0","2","03","03","N","","","","","","","","","","",""
"2022004154","1840","2","0","0","0","0","0","0","0","0","4","0","","67","01","2022","7","39.9753","-75.1652","1832","06","0","0","0","0","0","1","0","0","","0","0","0","18","3","0","01","","0","39 58:31.117","","00","75 09:54.656","0","0","0","0","67301","0","0","0","N","0","0","0","2","67301","0","","1","09","","N","N","N","0","","0","0","2","3","2","","1826","0","4","0","0","0","0","0","2","0","4","07","04","N","","","","","","","","","","",""
"2022004204","1720","1","0","0","0","0","0","0","0","0","4","0","","67","01","2022","7","40.1","-75.0083","1717","06","0","0","0","0","1","0","0","0","","0","0","0","17","3","0","02","","0","40 05:59.946","","00","75 00:29.876","0","0","0","0","67301","0","0","0","N","0","0","0","2","67301","0","","1","01","","N","N","N","0","","0","0","0","3","2","","1715","0","2","0","0","0","0","0","2","1","2","03","03","N","","","","","","","","","","",""
"2022032621","1635","1","0","0","0","0","0","0","0","0","7","0","","67","04","2022","6","40.0435","-75.0031","1617","06","0","0","0","0","0","0","0","0","","0","0","0","06","3","0","00","N","0","40 02:36.474","","00","75 00:11.133","0","0","0","0","67301","0","0","0","N","0","0","0","1","68T07","0","","4","09","","N","N","N","0","","0","0","0","0","0","","0614","0","1","0","0","0","0","0","2","0","1","04","","N","","","","","","","","","","",""
"2022004168","1355","0","0","0","0","0","0","0","0","0","1","0","","67","01","2022","2","40.0368","-75.064","1347","06","0","0","0","0","0","1","0","0","","0","0","0","13","1","0","00","N","0","40 02:12.620","","00","75 03:50.479","0","0","0","0","67301","0","0","0","N","0","0","0","2","67301","0","","1","09","","N","N","N","0","","0","0","2","0","0","","1313","0","2","0","0","0","0","0","2","0","2","10","04","N","","","","","","","","","","",""
"2022004247","0802","2","0","0","0","0","0","0","0","0","4","0","","67","01","2022","4","39.9675","-75.1939","0759","06","0","0","0","0","0","0","0","0","","0","0","0","07","8","0","00","N","2","39 58:03.100","6","00","75 11:38.200","0","0","0","0","67301","0","0","0","N","0","0","0","3","67301","0","","1","02","0840","N","N","N","1","","0","0","0","0","0","Y","0755","0","3","0","0","0","0","0","2","0","3","06","","N","","","","","","","","","","",""
"2022010903","2010","1","0","0","1","0","0","0","0","0","8","0","","67","01","2022","4","40.021","-75.1486","2010","06","0","0","0","0","0","0","0","0","","0","0","0","18","3","1","00","N","9","40 01:15.632","","07","75 08:54.860","3","0","0","0","67301","1","0","0","N","0","0","0","2","67301","0","","5","01","","N","N","N","0","","1","0","0","0","0","","1833","1","2","0","0","0","0","0","2","0","1","03","","N","","","","","","","","","","",""
"2022014865","1215","1","0","0","0","0","0","0","0","0","4","0","","67","01","2022","1","40.0258","-75.1235","0012","06","0","0","0","0","0","1","0","0","","0","0","0","20","3","1","01","","0","40 01:32.799","","00","75 07:24.504","8","0","0","0","67301","0","0","0","N","0","0","0","3","67301","0","","1","09","","N","N","N","0","","0","0","1","3","2","","2045","1","2","0","0","0","1","1","2","0","2","05","05","N","","","","","","","","","","",""
"2022004270","2321","2","0","0","0","0","0","0","0","0","4","0","","67","01","2022","1","39.9972","-75.1193","2320","06","0","0","0","0","0","0","0","0","","0","0","0","21","3","2","01","","0","39 59:49.981","","00","75 07:09.644","8","0","0","0","67301","0","0","0","N","0","0","0","3","67301","0","","1","01","","N","N","N","0","","0","0","0","3","2","","2125","2","2","0","0","1","2","0","2","0","2","99","03","N","","","","","","","","","","",""
"2022014598","1750","1","0","0","0","0","0","0","0","0","6","0","","67","01","2022","2","40.0766","-75.0329","1743","06","0","0","0","0","0","0","0","0","","0","0","0","17","3","3","01","","2","40 04:35.844","2","00","75 01:58.321","4","0","0","0","67301","0","0","0","N","0","0","0","3","67301","1","","1","01","1900","N","N","N","0","","0","0","2","3","2","Y","1740","3","3","0","0","0","2","0","2","0","3","03","","N","","","","","","","","","","",""
"2022031059","1724","3","0","0","0","0","0","0","0","0","4","0","","67","03","2022","2","40.0564","-75.0751","1717","06","0","0","0","0","0","0","0","1","","0","0","0","17","1","1","01","","1","40 03:22.903","3","00","75 04:30.486","3","0","0","0","67301","0","0","0","N","0","0","0","2","67301","0","","1","01","0100","N","N","N","0","","1","0","0","3","2","N","1715","1","3","0","0","0","0","0","2","0","3","03","03","N","","","","","","","","","","",""
"2022032869","2032","0","0","0","0","0","0","0","0","0","8","0","","67","04","2022","6","40.0489","-75.0123","2027","06","0","0","0","0","0","0","1","0","","0","0","0","20","3","1","02","","1","40 02:55.985","3","00","75 00:44.349","3","0","0","0","67301","1","0","0","N","1","0","0","2","67301","0","","1","01","2105","N","N","N","0","","1","0","0","3","3","N","2025","1","2","0","0","0","0","0","2","1","1","03","03","N","","","","","","","","","","",""
"2022004295","1030","2","0","0","0","0","0","0","0","0","1","0","","67","01","2022","3","40.0216","-75.1999","1008","06","0","0","0","0","0","0","0","0","","0","0","0","09","1","0","00","N","0","40 01:17.650","","00","75 11:59.730","0","0","0","0","67301","0","0","0","N","0","0","0","2","67301","0","","1","01","","N","N","N","0","","0","0","0","0","0","","0922","0","2","0","0","0","0","0","2","0","2","03","03","N","","","","","","","","","","",""
"2022033731","1312","1","0","0","0","0","0","0","0","0","1","0","","67","04","2022","6","39.952","-75.141","1302","06","0","0","0","1","0","0","0","0","","0","0","0","12","1","0","00","N","1","39 57:07.147","1","03","75 08:27.594","0","0","0","0","67301","0","0","0","N","0","0","0","2","68T07","0","","1","99","1350","N","N","N","1","","0","0","0","0","0","N","1259","0","2","0","0","0","0","0","2","0","2","07","07","N","","","","","","","","","","",""
"2022011918","1919","1","0","0","0","0","0","0","0","0","8","0","","67","01","2022","6","40.0455","-75.1128","1915","06","0","0","0","0","0","0","0","0","","1","0","0","18","3","0","00","N","0","40 02:43.812","","00","75 06:45.909","1","0","0","0","67301","1","1","0","N","1","1","0","2","67301","0","2","1","02","","N","N","N","0","0","0","0","0","0","0","","1849","0","2","0","0","0","0","0","2","0","1","98","98","N","","","","","","","","","","",""
"2022032394","1723","1","0","0","0","0","0","0","0","0","5","0","","67","03","2022","4","39.9876","-75.0896","1701","06","0","0","0","0","1","0","0","0","","0","0","0","16","1","1","00","N","1","39 59:15.300","1","00","75 05:22.439","3","0","0","0","67301","0","0","0","N","0","0","0","5","68K01","0","","1","01","1755","N","N","N","0","","1","0","3","0","0","N","1657","1","4","0","0","0","0","0","2","0","4","03","03","N","","","","","","","","","","",""
"2022004489","2048","2","0","0","0","0","0","0","0","0","5","0","","67","01","2022","1","39.9357","-75.1998","2042","06","0","0","0","0","0","0","0","0","","0","0","0","20","3","0","00","N","1","39 56:08.355","3","00","75 11:59.320","0","0","0","0","67301","0","0","0","N","0","0","0","3","68K01","0","","1","09","2115","N","N","N","0","","0","0","0","0","0","N","2040","0","2","0","0","0","0","0","2","0","2","07","07","N","","","","","","","","","","",""
"2022030903","0259","1","0","0","0","0","0","0","0","0","7","0","","67","03","2022","7","39.9452","-75.1427","0255","06","0","0","0","0","0","0","0","0","","0","0","0","02","3","0","00","N","0","39 56:42.567","","00","75 08:33.669","0","0","0","0","67301","0","0","0","N","0","0","0","1","68K01","0","","4","01","","N","N","N","0","","0","0","0","0","0","","0247","0","1","0","0","0","0","0","2","0","1","03","03","N","","","","","","","","","","",""
"2022000079","1107","1","0","0","0","0","0","0","0","0","4","0","","67","01","2022","7","39.9578","-75.1911","1107","06","0","0","0","0","1","0","0","0","","0","0","0","11","1","0","02","","0","39 57:28.256","","00","75 11:27.798","0","0","0","0","67301","0","0","0","N","0","0","0","2","67507","0","","1","09","","N","N","N","0","","0","0","1","0","0","","1105","0","2","0","0","0","0","0","2","0","2","07","","N","","","","","","","","","","",""
"2022004292","2015","0","0","0","0","0","0","0","0","0","8","0","","67","01","2022","7","40.0037","-75.1691","2004","06","0","0","0","0","0","0","0","0","","0","0","0","20","3","2","05","","0","40 00:13.253","","00","75 10:08.679","3","0","0","0","67301","1","0","0","N","1","0","0","2","67301","0","","1","09","","N","N","N","0","","1","0","0","3","2","","2000","2","2","0","0","0","1","0","2","0","1","03","","N","","","","","","","","","","",""
"2022004250","1752","2","0","0","0","0","0","0","0","0","4","0","","67","01","2022","6","39.9738","-75.2064","1752","06","0","0","0","0","0","1","0","0","","0","0","0","17","3","4","01","","0","39 58:25.797","","00","75 12:23.198","4","0","0","0","67301","0","0","0","N","0","0","0","4","67301","4","","1","02","","N","N","N","0","","0","0","0","3","2","","1740","4","2","0","0","0","0","0","2","0","2","03","03","N","","","","","","","","","","",""
"2022033730","2133","1","0","0","0","0","0","0","0","0","4","0","","67","03","2022","5","40.0319","-75.0214","2125","06","0","0","0","0","0","0","0","0","","0","0","0","21","4","0","00","N","2","40 01:54.933","2","00","75 01:16.946","0","0","0","0","67301","0","0","0","N","0","0","0","1","68T07","0","","5","09","2150","N","N","N","0","","0","0","0","0","0","N","2125","0","1","0","0","0","0","0","2","0","1","07","","N","","","","","","","","","","",""
"2022004179","1635","1","0","0","0","0","0","0","0","0","8","0","","67","01","2022","5","39.9206","-75.1704","1604","06","0","0","0","0","0","0","0","0","","0","0","0","14","1","1","01","","0","39 55:14.279","","00","75 10:13.546","3","0","0","0","67301","1","0","0","N","1","0","0","2","67301","0","","1","01","","N","N","N","0","","1","0","0","3","2","","1449","1","2","0","0","0","0","0","2","0","1","03","03","N","","","","","","","","","","",""
"2022005773","0312","1","0","0","0","0","0","0","0","0","5","0","","67","01","2022","1","40.0352","-75.0184","0250","06","0","0","0","0","1","0","0","0","","0","0","0","00","3","2","00","N","0","40 02:06.566","","03","75 01:06.181","3","0","0","0","67301","0","0","0","N","0","0","0","4","68K01","0","","1","09","","N","N","N","0","","2","0","1","0","0","","0046","2","2","0","0","0","0","0","2","0","2","07","","N","","","","","","","","","","",""
"2022006138","0141","1","0","0","0","0","0","0","0","0","5","0","","67","01","2022","1","39.9815","-75.2071","0141","06","0","0","0","1","0","0","0","0","","0","0","0","01","3","0","00","N","2","39 58:53.374","3","00","75 12:25.690","0","0","0","0","67301","0","0","0","N","0","0","0","1","68K01","0","","2","09","0158","N","N","Y","0","","0","0","1","0","0","N","0141","0","2","0","0","0","0","0","2","0","2","07","","N","","","","","","","","","","",""
"2022032530","2340","0","0","0","0","0","0","1","0","0","4","1","","67","03","2022","5","39.9496","-75.1539","2330","06","0","0","0","0","0","0","0","0","","0","0","0","23","3","3","01","","0","39 56:58.614","","00","75 09:14.075","8","0","0","0","67301","0","0","0","N","0","0","0","3","67508","0","","1","98","","N","N","Y","0","","0","0","1","9","2","N","2325","3","2","0","0","0","3","0","2","0","2","98","98","N","","","","","","","","","","",""
"2022004269","2120","3","0","0","0","0","0","0","0","0","4","0","","67","01","2022","2","39.972","-75.1637","2106","06","0","0","0","0","0","0","0","0","","0","0","0","20","3","1","00","N","0","39 58:19.251","","07","75 09:49.452","4","0","0","0","67301","0","0","0","N","0","0","0","3","67301","1","","1","01","","N","N","N","0","","0","0","0","0","0","","2042","1","3","0","0","0","0","0","2","0","3","03","03","N","","","","","","","","","","",""
"2022029657","0910","2","0","0","0","0","0","0","0","0","2","0","","67","03","2022","5","40.0129","-75.1503","0903","06","0","0","0","0","0","0","0","0","","0","0","0","08","1","0","00","N","1","40 00:46.583","2","07","75 09:01.185","9","0","0","0","67301","0","0","0","N","0","0","0","2","67301","0","","1","09","0935","N","N","N","0","","0","0","0","0","0","N","0855","0","2","0","0","0","0","1","2","0","2","07","07","N","","","","","","","","","","",""
"2022029279","1743","2","0","0","0","0","0","0","0","0","1","1","","67","03","2022","2","40.0428","-75.1135","1743","06","0","0","1","0","0","0","0","0","","0","1","0","17","1","2","01","","0","40 02:33.864","","00","75 06:48.811","3","0","0","0","67301","0","0","0","N","0","0","0","6","67301","0","","1","01","","N","N","N","0","","2","0","0","3","2","","1735","2","3","0","0","0","0","0","2","0","3","03","03","N","","","","","","","","","","",""
"2022028010","0749","2","0","0","0","0","0","0","0","0","1","0","","67","03","2022","3","39.9479","-75.1866","0729","06","0","0","0","0","0","0","0","0","","0","0","0","07","5","0","06","N","2","39 56:54.730","4","02","75 11:08.323","0","0","0","0","67301","0","0","0","N","0","0","0","3","68K01","0","","1","01","0835","N","N","N","0","","0","0","1","0","0","N","0726","0","3","0","0","0","0","0","2","0","3","03","","N","","","","","","","","","","",""
"2022004176","2055","1","0","0","0","0","0","0","0","0","8","0","","67","01","2022","1","39.9233","-75.1612","2051","06","0","0","0","0","0","0","0","0","","0","0","0","20","2","1","01","","0","39 55:23.877","","00","75 09:40.743","3","0","0","0","67301","1","0","0","N","1","0","0","2","67301","0","","1","01","","N","N","N","0","","1","0","0","3","2","","2035","1","2","0","0","0","0","0","2","0","1","03","03","N","","","","","","","","","","",""
"2022009217","0431","1","0","0","0","0","0","0","0","0","7","0","","67","01","2022","7","40.0017","-75.1949","0417","06","0","0","0","0","0","0","0","0","","0","0","0","04","3","1","00","N","2","40 00:06.034","3","00","75 11:41.816","3","0","0","0","67301","0","0","0","N","0","0","0","1","68K01","0","","3","01","0435","N","N","N","0","","1","0","0","0","0","N","0413","1","1","0","0","0","0","0","2","0","1","03","","N","","","","","","","","","","",""
"2022014530","1355","0","0","0","0","0","0","0","0","0","8","0","","67","01","2022","1","40.0525","-75.0511","1345","06","0","0","0","0","0","0","0","0","","0","0","0","13","1","1","00","N","0","40 03:09.096","","07","75 03:03.780","3","0","0","0","67301","1","0","0","N","1","0","0","2","67301","0","","1","09","","N","N","N","1","","1","0","0","0","0","","1335","1","2","0","0","0","0","0","2","0","1","07","07","N","","","","","","","","","","",""
"2022004183","1618","1","0","0","0","0","0","0","0","0","8","0","","67","01","2022","5","39.9581","-75.1505","1616","06","0","0","0","0","0","0","0","0","","0","0","0","15","1","1","01","","0","39 57:29.275","","00","75 09:01.648","3","0","0","0","67301","1","0","0","N","1","0","0","2","67301","0","","1","01","","N","N","N","0","","1","0","0","3","2","","1510","1","2","0","0","0","0","0","2","0","1","03","03","N","","","","","","","","","","",""
"2022019619","2247","0","0","0","0","0","0","0","0","0","4","0","","67","01","2022","7","39.9517","-75.2369","2243","06","0","0","0","0","0","1","0","0","","0","0","0","22","3","2","01","","0","39 57:06.123","","00","75 14:12.685","3","0","0","0","67301","0","0","0","N","0","0","0","3","67301","1","","1","09","","N","N","N","0","","1","0","2","3","2","","2227","2","2","0","0","0","0","0","2","0","2","07","","N","","","","","","","","","","",""
"2022004173","2152","1","0","0","0","0","0","0","0","0","4","0","","67","01","2022","7","40.0422","-75.0802","2152","06","0","0","0","0","0","0","0","0","","0","0","0","17","1","1","01","","0","40 02:32.010","","00","75 04:48.588","3","0","0","0","67301","0","0","0","N","0","0","0","2","67301","0","","1","99","","N","N","N","0","","1","0","0","3","3","","1750","1","2","0","0","0","0","0","2","1","2","03","03","N","","","","","","","","","","",""
"2022004163","0317","0","0","0","0","0","0","0","0","0","5","0","","67","01","2022","2","39.9202","-75.1714","0302","06","0","0","0","0","0","0","0","0","","0","0","0","03","3","0","00","N","0","39 55:12.710","","00","75 10:16.890","0","0","0","0","67301","0","0","0","N","0","0","0","1","67301","0","","6","01","","N","N","N","0","","0","0","2","0","0","","0302","0","2","0","0","1","0","0","2","0","2","03","04","N","","","","","","","","","","",""
"2022004222","0120","0","0","0","0","0","0","0","0","0","4","0","","67","01","2022","7","40.0715","-75.1654","0109","06","0","0","0","0","0","0","0","0","","0","0","0","00","3","0","01","","0","40 04:17.533","","00","75 09:55.522","0","0","0","0","67301","0","0","0","N","0","0","0","2","67301","0","","1","09","","N","N","N","0","","0","0","2","3","3","","0000","0","2","0","0","1","0","0","2","0","2","05","05","N","","","","","","","","","","",""
"2022032313","2259","1","0","0","0","0","0","0","0","0","5","0","","67","03","2022","7","39.9615","-75.1821","2253","06","0","0","0","0","0","0","0","0","","0","0","0","22","3","2","00","N","1","39 57:41.339","3","00","75 10:55.516","8","0","0","0","67301","0","0","0","N","0","0","0","3","68K01","0","","1","09","2311","N","N","N","0","","0","0","0","0","0","N","2249","2","2","0","0","0","2","1","2","0","2","03","","N","","","","","","","","","","",""
"2022001494","1505","1","0","0","1","0","0","0","0","0","8","0","","67","01","2022","4","40.0062","-75.1518","1500","06","0","0","0","0","0","0","0","0","","0","0","0","15","1","1","01","","0","40 00:22.276","","00","75 09:06.943","3","0","0","0","67301","1","0","0","N","0","0","0","2","67505","0","","1","01","","N","N","N","0","","1","0","0","3","2","","1500","1","2","0","0","0","0","0","2","0","1","03","03","N","","","","","","","","","","",""
"2022032701","1613","1","0","0","0","0","0","0","0","0","7","0","","67","03","2022","7","39.897","-75.1894","1606","06","0","0","0","0","0","0","0","0","","0","0","0","16","1","2","00","N","1","39 53:49.302","1","00","75 11:21.788","4","0","0","0","67301","0","0","0","N","0","0","0","2","68K01","1","","4","02","1630","N","N","N","0","","0","0","0","0","0","N","1602","2","1","0","0","0","1","0","2","0","1","02","02","N","","","","","","","","","","",""
"2022012275","1220","1","0","0","0","0","0","0","0","0","5","0","","67","01","2022","7","40.0122","-75.0598","1207","06","0","0","0","0","0","0","1","0","","0","0","0","12","1","2","00","N","1","40 00:43.990","2","00","75 03:35.449","3","0","0","0","67301","0","0","0","N","0","0","0","8","68K01","0","","1","01","1235","N","N","N","0","","1","0","1","0","0","N","1204","2","2","0","0","0","1","0","2","0","2","03","","N","","","","","","","","","","",""
"2022029444","1356","1","0","0","0","0","0","0","0","0","1","0","","67","03","2022","5","39.9117","-75.1724","1348","06","0","0","0","0","0","0","0","0","","0","0","0","13","1","2","01","","2","39 54:42.148","4","00","75 10:20.534","4","0","0","0","67301","0","0","0","N","0","0","0","2","67301","2","","1","01","1530","N","N","N","0","","0","0","0","3","2","N","1344","2","2","0","0","0","0","0","2","1","2","04","","N","","","","","","","","","","",""
"2022032922","1620","0","0","0","0","0","0","0","0","0","8","0","","67","03","2022","4","39.9983","-75.1273","1620","06","0","0","0","0","0","0","0","0","","0","0","0","13","1","1","01","","0","39 59:53.709","","00","75 07:38.432","2","0","0","0","67301","1","0","1","N","1","0","1","2","67301","0","","9","01","","N","Y","N","0","","0","1","0","9","2","","1310","1","2","0","0","0","0","0","2","0","1","03","03","N","","","","","","","","","","",""
"2022004461","1800","1","0","0","0","0","0","0","0","0","1","0","","67","01","2022","4","39.9576","-75.1601","1748","06","0","0","0","0","0","0","0","0","","0","0","0","17","3","0","00","N","1","39 57:27.492","4","00","75 09:36.298","0","0","0","0","67301","0","0","0","N","0","0","0","2","68K01","0","","1","01","1845","N","N","N","0","","0","0","1","0","0","Y","1745","0","2","0","0","0","0","0","2","0","2","03","","N","","","","","","","","","","",""
"2022002996","1023","1","0","0","0","0","0","0","0","0","7","0","","67","01","2022","1","39.9598","-75.1786","1018","06","0","0","0","0","0","0","0","0","","0","0","0","10","1","0","00","N","1","39 57:35.452","3","03","75 10:42.902","0","0","0","0","67301","0","0","0","N","0","0","0","1","68K01","0","","3","09","1131","N","N","N","0","","0","0","0","0","0","N","1016","0","1","0","0","1","0","0","2","0","1","03","03","N","","","","","","","","","","",""
"2022004296","1345","2","0","0","0","0","0","0","0","0","1","0","","67","01","2022","7","40.0098","-75.1557","1345","06","0","0","0","0","0","0","0","0","","0","0","0","18","3","4","00","N","0","40 00:35.377","","00","75 09:20.538","3","0","0","0","67301","0","0","0","N","0","0","0","6","67301","0","","1","01","","N","N","Y","0","","4","0","1","0","0","","1830","4","3","0","0","0","0","0","2","0","3","07","","N","","","","","","","","","","",""
"2022032399","0903","1","0","0","0","0","0","0","0","0","1","0","","67","03","2022","3","40.0192","-75.0455","0857","06","0","0","0","0","0","0","0","0","","0","0","0","08","1","0","00","N","1","40 01:09.142","1","00","75 02:43.915","0","0","0","0","67301","0","0","0","N","0","0","0","3","68K01","0","","1","01","0900","N","N","N","0","","0","0","2","0","0","N","0855","0","3","0","0","0","0","0","2","0","3","03","03","N","","","","","","","","","","",""
"2022024373","2355","1","0","0","0","0","0","0","0","0","1","0","","67","01","2022","2","39.9894","-75.1677","2354","06","0","0","0","0","0","0","0","0","","0","0","0","23","3","1","00","N","0","39 59:21.834","","00","75 10:03.701","3","0","0","0","67301","0","0","0","N","0","0","0","1","67301","0","","6","09","","N","N","N","1","","1","0","0","0","0","","2305","1","3","0","0","0","0","0","2","1","3","07","09","N","","","","","","","","","","",""
"2022033225","1205","1","0","0","0","0","0","0","0","0","8","0","","67","04","2022","3","39.9225","-75.1459","1146","06","0","0","0","0","0","0","0","0","","0","0","0","11","1","1","02","","0","39 55:21.057","","00","75 08:45.092","8","0","0","0","67301","1","0","0","N","1","0","0","2","67301","0","","1","01","","N","N","N","0","","0","0","0","3","3","","1119","1","2","0","0","0","1","1","2","0","1","03","","N","","","","","","","","","","",""
"2022032864","0255","1","0","0","0","0","0","0","0","0","5","0","","67","03","2022","5","40.0637","-75.0528","0252","06","0","0","0","0","0","0","0","0","","0","0","0","02","3","0","00","N","0","40 03:49.320","","00","75 03:09.900","0","0","0","0","67301","0","0","0","N","0","0","0","1","67301","0","","5","01","","N","N","N","2","","0","0","0","0","0","","0245","0","3","0","0","0","0","0","2","0","3","03","","N","","","","","","","","","","",""