"CRN","ARRIVAL_TM","AUTOMOBILE_COUNT","BELTED_DEATH_COUNT","BELTED_SUSP_SERIOUS_INJ_COUNT","BICYCLE_COUNT","BICYCLE_DEATH_COUNT","BICYCLE_SUSP_SERIOUS_INJ_COUNT","BUS_COUNT","CHLDPAS_DEATH_COUNT","CHLDPAS_SUSP_SERIOUS_INJ_COUNT","COLLISION_TYPE","COMM_VEH_COUNT","CONS_ZONE_SPD_LIM","COUNTY","CRASH_MONTH","CRASH_YEAR","DAY_OF_WEEK","DEC_LAT","DEC_LONG","DISPATCH_TM","DISTRICT","DRIVER_COUNT_16YR","DRIVER_COUNT_17YR","DRIVER_COUNT_18YR","DRIVER_COUNT_19YR","DRIVER_COUNT_20YR","DRIVER_COUNT_50_64YR","DRIVER_COUNT_65_74YR","DRIVER_COUNT_75PLUS","EST_HRS_CLOSED","FATAL_COUNT","HEAVY_TRUCK_COUNT","HORSE_BUGGY_COUNT","HOUR_OF_DAY","ILLUMINATION","INJURY_COUNT","INTERSECT_TYPE","INTERSECTION_RELATED","LANE_CLOSED","LATITUDE","LN_CLOSE_DIR","LOCATION_TYPE","LONGITUDE","MAX_SEVERITY_LEVEL","MCYCLE_DEATH_COUNT","MCYCLE_SUSP_SERIOUS_INJ_COUNT","MOTORCYCLE_COUNT","MUNICIPALITY","NONMOTR_COUNT","NONMOTR_DEATH_COUNT","NONMOTR_SUSP_SERIOUS_INJ_COUNT","NTFY_HIWY_MAINT","PED_COUNT","PED_DEATH_COUNT","PED_SUSP_SERIOUS_INJ_COUNT","PERSON_COUNT","POLICE_AGCY","POSSIBLE_INJ_COUNT","RDWY_SURF_TYPE_CD","RELATION_TO_ROAD","ROAD_CONDITION","ROADWAY_CLEARED","SCH_BUS_IND","SCH_ZONE_IND","SECONDARY_CRASH","SMALL_TRUCK_COUNT","SPEC_JURIS_CD","SUSP_MINOR_INJ_COUNT","SUSP_SERIOUS_INJ_COUNT","SUV_COUNT","TCD_FUNC_CD","TCD_TYPE","TFC_DETOUR_IND","TIME_OF_DAY","TOT_INJ_COUNT","TOTAL_UNITS","UNB_DEATH_COUNT","UNB_SUSP_SERIOUS_INJ_COUNT","UNBELTED_OCC_COUNT","UNK_INJ_DEG_COUNT","UNK_INJ_PER_COUNT","URBAN_RURAL","VAN_COUNT","VEHICLE_COUNT","WEATHER1","WEATHER2","WORK_ZONE_IND","WORK_ZONE_LOC","WORK_ZONE_TYPE","WORKERS_PRES","WZ_CLOSE_DETOUR","WZ_FLAGGER","WZ_LAW_OFFCR_IND","WZ_LN_CLOSURE","WZ_MOVING","WZ_OTHER","WZ_SHLDER_MDN","WZ_WORKERS_INJ_KILLED"
"2022029306","0915","0","0","0","0","0","0","0","0","0","1","1","","67","03","2022","5","39.9911","-75.1086","0902","06","0","0","0","0","0","1","0","0","","0","1","0","08","1","1","00","N","0","39 59:28.008","","00","75 06:31.125","3","0","0","0","67301","0","0","0","N","0","0","0","5","67301","0","","1","09","","N","N","N","0","","1","0","0","0","0","","0842","1","2","0","0","1","0","0","2","1","2","07","07","N","","","","","","","","","","",""
"2022027989","0209","1","0","0","0","0","0","0","0","0","7","0","","67","03","2022","3","39.9771","-75.1993","0204","06","0","0","0","0","0","0","0","0","","0","0","0","02","3","0","07","N","0","39 58:37.417","","02","75 11:57.351","9","0","0","0","67301","0","0","0","N","0","0","0","1","68K01","0","","2","01","","N","N","N","0","","0","0","0","0","0","","0203","0","1","0","0","0","0","1","2","0","1","03","03","N","","","","","","","","","","",""
"2022029258","1130","1","0","0","0","0","0","0","0","0","4","0","","67","03","2022","5","39.9701","-75.1304","1125","06","0","0","0","0","0","1","0","0","","0","0","0","11","1","0","01","","0","39 58:12.899","","00","75 07:49.736","0","0","0","0","67301","0","0","0","N","0","0","0","2","67301","0","","1","09","","N","N","N","1","","0","0","0","3","2","","1100","0","2","0","0","0","0","0","2","0","2","07","","N","","","","","","","","","","",""
"2022029240","0851","2","0","0","0","0","0","0","0","0","4","1","","67","03","2022","5","39.9845","-75.183","0827","06","0","0","0","0","0","0","0","0","","0","1","0","08","1","0","03","","1","39 59:04.336","4","00","75 10:58.672","9","0","0","0","67301","0","0","0","N","0","0","0","3","67301","0","","1","09","0930","N","N","N","0","","0","0","0","3","3","N","0826","0","3","0","0","1","0","1","2","0","3","07","","N","","","","","","","","","","",""
"2022032856","1640","2","0","0","0","0","0","0","0","0","2","0","","67","04","2022","6","39.9546","-75.1495","1639","06","0","0","0","0","0","0","0","0","","0","0","0","15","1","1","01","","0","39 57:16.613","","00","75 08:58.311","3","0","0","0","67301","0","0","0","N","0","0","0","3","67301","0","","1","01","","N","N","N","0","","1","0","0","3","2","","1504","1","2","0","0","0","0","0","2","0","2","04","03","N","","","","","","","","","","",""
"2022032885","0653","1","0","0","0","0","0","0","0","0","5","0","","67","04","2022","7","40.0514","-75.1851","0652","06","0","0","0","0","0","0","0","0","","0","0","0","06","5","0","00","N","1","40 03:05.005","1","00","75 11:06.403","0","0","0","0","67301","0","0","0","N","0","0","0","1","67301","0","","2","01","0800","N","N","N","0","","0","0","1","0","0","Y","0647","0","2","0","0","1","0","0","2","0","2","03","03","N","","","","","","","","","","",""
"2022000486","1200","0","0","0","0","0","0","0","0","0","5","0","","67","01","2022","7","40.0405","-75.0591","1150","06","0","0","0","0","0","0","0","1","","0","0","0","11","1","1","01","","1","40 02:25.817","2","00","75 03:32.713","4","0","0","0","67301","0","0","0","N","0","0","0","4","67301","1","","1","09","1300","N","N","N","0","","0","0","2","3","1","N","1145","1","2","0","0","0","0","0","2","0","2","07","04","N","","","","","","","","","","",""
"2022004235","1610","1","0","0","0","0","0","0","0","0","1","0","","67","01","2022","3","40.0042","-75.0773","1554","06","0","0","0","0","0","0","0","0","","0","0","0","14","1","2","01","","0","40 00:15.259","","00","75 04:38.425","3","0","0","0","67301","0","0","0","N","0","0","0","4","67301","0","","1","01","","N","N","N","0","","1","0","0","3","2","","1400","2","2","0","0","0","1","2","2","1","2","03","03","N","","","","","","","","","","",""
"2022005415","2241","1","0","0","0","0","0","0","0","0","5","0","","67","01","2022","7","40.0441","-75.0028","2241","06","0","0","0","0","0","0","1","0","","0","0","0","22","3","1","00","N","0","40 02:38.689","","00","75 00:10.073","3","0","0","0","67301","0","0","0","N","0","0","0","4","68K01","0","","1","09","","N","N","Y","0","","1","0","2","0","0","","2241","1","3","0","0","0","0","0","2","0","3","07","","N","","","","","","","","","","",""
"2022004196","1640","1","0","0","0","0","0","0","0","0","5","0","","67","01","2022","2","40.126","-75.0059","1630","06","0","0","0","0","0","1","0","0","","0","0","0","16","1","0","00","N","0","40 07:33.500","","00","75 00:21.220","0","0","0","0","67301","0","0","0","N","0","0","0","1","67301","0","","6","01","","N","N","N","0","","0","0","1","0","0","","1610","0","2","0","0","0","0","0","2","0","2","03","","N","","","","","","","","","","",""
"2022032875","1810","1","0","0","0","0","0","0","0","0","6","0","","67","03","2022","4","39.9347","-75.2243","1800","06","0","0","0","0","0","0","0","0","","0","0","0","17","1","1","00","N","0","39 56:04.750","","00","75 13:27.450","8","0","0","0","67301","0","0","0","N","0","0","0","1","67301","0","","1","01","","N","N","N","0","","0","0","0","0","0","","1755","1","2","0","0","0","1","0","2","0","2","03","03","N","","","","","","","","","","",""
"2022032041","2225","1","0","0","0","0","0","1","0","0","1","1","","67","03","2022","6","40.0654","-75.0835","2214","06","0","0","0","0","0","0","0","0","","0","0","0","22","6","0","01","","1","40 03:55.506","1","00","75 05:00.696","0","0","0","0","67301","0","0","0","N","0","0","0","2","67508","0","","1","01","9999","N","N","Y","0","","0","0","0","0","0","N","2214","0","2","0","0","0","0","0","2","0","2","03","03","N","","","","","","","","","","",""
"2022010877","0850","1","0","0","0","0","0","0","0","0","1","0","","67","01","2022","4","39.9966","-75.1338","0834","06","0","0","0","0","0","1","1","0","","0","0","0","08","1","1","00","N","2","39 59:47.620","2","00","75 08:01.560","3","0","0","0","67301","0","0","0","N","0","0","0","2","67301","0","","1","02","1039","N","N","Y","0","","1","0","2","0","0","Y","0802","1","3","0","0","0","0","0","2","0","3","06","","N","","","","","","","","","","",""
"2022004152","0057","2","0","0","0","0","0","0","0","0","1","0","","67","01","2022","1","39.9654","-75.1404","0055","06","0","0","0","0","0","1","0","0","","0","0","0","00","3","1","00","N","2","39 57:55.600","2","00","75 08:25.500","3","0","0","0","67301","0","0","0","N","0","0","0","2","67301","0","","1","01","0200","N","N","N","0","","1","0","0","0","0","Y","0045","1","2","0","0","0","0","1","2","0","2","03","03","N","","","","","","","","","","",""
"2022000591","1335","1","0","0","0","0","0","0","0","0","4","0","","67","01","2022","2","39.9824","-75.1628","1333","06","0","0","0","0","1","1","0","0","","0","0","0","13","1","0","02","","0","39 58:56.805","","00","75 09:46.227","0","0","0","0","67301","0","0","0","N","0","0","0","2","67505","0","","1","09","","N","N","N","0","","0","0","2","3","3","","1325","0","3","0","0","0","0","0","2","0","3","10","07","N","","","","","","","","","","",""
"2022004260","0448","2","0","0","0","0","0","0","0","0","4","0","","67","01","2022","7","39.9764","-75.2458","0445","06","0","0","0","0","0","0","0","0","","0","0","0","04","3","0","00","N","0","39 58:34.882","","07","75 14:44.926","0","0","0","0","67301","0","0","0","N","0","0","0","2","67301","0","","1","09","","N","N","N","0","","0","0","3","0","0","","0428","0","5","0","0","0","0","0","2","0","5","07","07","N","","","","","","","","","","",""
"2022004288","0517","1","0","0","0","0","0","0","0","0","7","0","","67","01","2022","2","40.0475","-75.1428","0513","06","0","0","0","0","0","0","0","0","","0","0","0","05","3","0","01","","0","40 02:51.028","","00","75 08:34.417","0","0","0","0","67301","0","0","0","N","0","0","0","1","67301","0","","4","01","","N","N","N","0","","0","0","0","3","2","","0512","0","1","0","0","1","0","0","2","0","1","03","03","N","","","","","","","","","","",""
"2022029769","1505","1","0","0","0","0","0","0","0","0","4","0","","67","03","2022","4","40.078","-75.0365","1451","06","0","0","0","0","0","1","0","0","","0","0","0","14","1","1","00","N","1","40 04:40.761","3","00","75 02:11.544","8","0","0","0","67301","0","0","0","N","0","0","0","2","67301","0","","1","01","1515","N","N","N","0","","0","0","1","0","0","N","1431","1","2","0","0","0","1","0","2","0","2","04","04","N","","","","","","","","","","",""
"2022029183","1045","1","0","0","0","0","0","0","0","0","8","0","","67","03","2022","3","39.9482","-75.1644","1040","06","0","0","0","0","0","1","0","0","","0","0","0","10","1","1","02","","0","39 56:53.519","","00","75 09:51.947","3","0","0","0","67301","1","0","0","N","1","0","0","2","67301","0","","1","01","","N","N","N","0","","1","0","0","3","2","","1030","1","2","0","0","1","0","0","2","0","1","03","03","N","","","","","","","","","","",""
"2022029219","0505","1","0","0","0","0","0","0","0","0","8","0","","67","03","2022","5","40.0086","-75.0688","0458","06","0","0","0","0","0","0","0","0","","0","0","0","04","3","1","01","","0","40 00:31.249","","00","75 04:07.877","3","0","0","0","67301","1","0","0","N","1","0","0","2","67301","0","","1","09","","N","N","N","0","","1","0","0","3","2","","0455","1","2","0","0","0","0","0","2","0","1","07","","N","","","","","","","","","","",""
"2022032700","1613","1","0","0","0","0","0","0","0","0","1","0","","67","03","2022","7","39.9582","-75.1643","1602","06","0","0","0","0","0","1","0","0","","0","0","0","16","1","0","00","N","1","39 57:29.456","4","00","75 09:51.419","0","0","0","0","67301","0","0","0","N","0","0","0","8","68K01","0","","1","09","1620","N","N","N","0","","0","0","3","0","0","N","1602","0","5","0","0","0","0","0","2","0","5","10","04","N","","","","","","","","","","",""
"2022004281","0225","2","0","0","0","0","0","0","0","0","4","0","","67","01","2022","7","39.9715","-75.1456","0222","06","0","0","0","0","1","0","0","0","","0","0","0","02","3","1","02","","0","39 58:17.396","","00","75 08:44.239","8","0","0","0","67301","0","0","0","N","0","0","0","2","67301","0","","1","09","","N","N","N","0","","0","0","0","3","3","","0220","1","2","0","0","0","1","0","2","0","2","07","07","N","","","","","","","","","","",""
"2022004202","1645","2","0","0","0","0","0","0","0","0","1","0","","67","01","2022","5","40.08","-74.9973","1635","06","0","0","0","0","0","1","1","0","","0","0","0","15","1","1","02","","0","40 04:47.959","","00","74 59:50.241","4","0","0","0","67301","0","0","0","N","0","0","0","3","67301","1","","1","01","","N","N","N","0","","0","0","0","3","2","","1540","1","2","0","0","0","0","0","2","0","2","03","","N","","","","","","","","","","",""
"2022003977","1625","1","0","0","0","0","0","0","0","0","5","0","","67","01","2022","1","40.0433","-75.0029","1612","06","0","0","0","0","1","0","0","0","","0","0","0","16","1","1","00","N","1","40 02:35.955","1","00","75 00:10.391","3","0","0","1","67301","0","0","0","N","0","0","0","3","68K01","0","","1","01","1725","N","N","N","0","","1","0","0","0","0","N","1610","1","2","0","0","0","0","0","2","0","2","03","03","N","","","","","","","","","","",""
"2022032310","1848","3","0","0","0","0","0","0","0","0","1","0","","67","03","2022","7","39.9437","-75.1922","1841","06","0","0","0","0","0","0","0","0","","0","0","0","18","4","1","00","N","2","39 56:37.438","4","03","75 11:32.080","4","0","0","0","67301","0","0","0","N","0","0","0","4","68K01","1","","1","01","0020","N","N","N","0","","0","0","0","0","0","N","1835","1","4","0","0","0","0","1","2","0","4","03","","N","","","","","","","","","","",""
"2022004172","0347","1","0","0","0","0","0","0","0","0","5","0","","67","01","2022","7","40.0339","-75.085","0344","06","0","0","0","0","0","0","0","0","","0","0","0","03","3","1","00","N","0","40 02:01.960","","00","75 05:05.920","3","0","0","0","67301","0","0","0","N","0","0","0","1","67301","0","","1","01","","N","N","N","0","","1","0","1","0","0","","0344","1","2","0","0","0","0","0","2","0","2","03","","N","","","","","","","","","","",""
"2022032939","0418","2","0","0","0","0","0","0","0","0","4","0","","67","04","2022","1","40.0528","-75.1318","0415","06","0","0","0","0","0","0","0","0","","0","0","0","04","3","0","00","N","0","40 03:10.200","","00","75 07:54.330","0","0","0","0","67301","0","0","0","N","0","0","0","1","67301","0","","1","01","","N","N","N","0","","0","0","0","0","0","","0400","0","2","0","0","0","0","0","2","0","2","03","","N","","","","","","","","","","",""
"2022032911","1100","1","0","0","0","0","0","0","0","0","1","0","","67","03","2022","2","39.9748","-75.1851","1056","06","0","0","0","0","0","1","1","0","","1","0","0","10","1","2","01","","0","39 58:29.144","","00","75 11:06.298","1","0","0","0","67301","2","1","0","N","2","1","0","4","67301","1","2","1","01","","N","N","Y","0","0","1","0","1","0","0","","1050","2","4","0","0","0","0","0","2","0","2","03","03","N","","","","","","","","","","",""
"2022014523","1630","1","0","0","0","0","0","0","0","0","5","0","","67","01","2022","7","39.9229","-75.1836","1618","06","0","0","0","0","0","0","0","0","","0","0","0","13","1","0","01","","0","39 55:22.618","","00","75 11:00.312","0","0","0","0","67301","0","0","0","N","0","0","0","2","67301","0","","1","08","","N","N","N","0","","0","0","1","3","2","","1343","0","2","0","0","0","0","0","2","0","2","07","07","N","","","","","","","","","","",""
"2022004274","0428","4","0","0","0","0","0","0","0","0","4","0","","67","01","2022","2","40.0014","-75.1273","0421","06","0","0","0","0","0","0","0","0","","0","0","0","03","3","0","02","","0","40 00:05.158","","00","75 07:38.326","0","0","0","0","67301","0","0","0","N","0","0","0","2","67301","0","","1","01","","N","N","N","0","","0","0","1","3","3","","0341","0","5","0","0","0","0","0","2","0","5","03","03","N","","","","","","","","","","",""
"2022004180","1615","2","0","0","0","0","0","0","0","0","1","0","","67","01","2022","6","39.904","-75.1738","1604","06","0","0","0","0","0","1","0","0","","0","0","0","16","1","0","00","Y","0","39 54:14.471","","00","75 10:25.555","0","0","0","0","67301","0","0","0","N","0","0","0","2","67301","0","","1","01","","N","N","N","0","","0","0","0","3","2","","1600","0","2","0","0","0","0","0","2","0","2","03","03","N","","","","","","","","","","",""
"2022004166","1905","1","0","0","0","0","0","0","0","0","5","0","","67","01","2022","1","40.0394","-75.1097","1905","06","0","0","0","0","0","0","0","0","","0","0","0","18","6","1","00","N","0","40 02:21.686","","00","75 06:34.881","4","0","0","0","67301","0","0","0","N","0","0","0","4","67301","1","","1","99","","N","N","N","0","","0","0","0","0","0","","1840","1","2","0","0","2","0","3","2","1","2","99","","N","","","","","","","","","","",""
"2022031992","1833","2","0","0","0","0","0","0","0","0","1","0","","67","02","2022","3","39.9241","-75.1472","1815","06","0","0","0","0","0","1","0","0","","0","0","0","18","3","2","00","N","0","39 55:26.924","","00","75 08:49.898","3","0","0","0","67301","0","0","0","N","0","0","0","2","68K01","1","","1","01","","N","N","N","0","","1","0","0","0","0","","1812","2","2","0","0","0","0","0","2","0","2","03","","N","","","","","","","","","","",""
"2022032290","0830","1","0","0","0","0","0","0","0","0","4","0","","67","03","2022","7","39.996","-75.0828","0829","06","0","0","1","0","0","0","0","0","","0","0","0","08","1","0","00","N","1","39 59:45.607","1","00","75 04:57.986","0","0","0","0","67301","0","0","0","N","0","0","0","1","68K01","0","","2","09","0900","N","N","N","0","","0","0","0","0","0","N","0828","0","1","0","0","0","0","0","2","0","1","07","05","N","","","","","","","","","","",""
"2022004161","1209","0","0","0","0","0","0","0","0","0","7","0","","67","01","2022","4","39.9017","-75.203","1200","06","0","0","0","0","0","0","0","0","","0","0","0","11","1","0","00","N","0","39 54:06.013","","03","75 12:10.810","0","0","0","0","67301","0","0","0","N","0","0","0","1","67301","0","","3","09","","N","N","N","1","","0","0","0","0","0","","1140","0","1","0","0","0","0","0","2","0","1","03","03","N","","","","","","","","","","",""
"2022032851","2110","3","0","0","0","0","0","0","0","0","5","0","","67","04","2022","2","39.9216","-75.1577","2108","06","0","0","0","0","0","0","0","0","","0","0","0","20","3","0","00","N","1","39 55:17.620","4","00","75 09:27.770","0","0","0","0","67301","0","0","0","N","0","0","0","1","67301","0","","6","01","2155","N","N","N","0","","0","0","1","0","0","Y","2053","0","4","0","0","1","0","0","2","0","4","03","","N","","","","","","","","","","",""
"2022004230","1850","1","0","0","0","0","0","0","0","0","3","0","","67","01","2022","7","40.0298","-75.1647","1840","06","0","0","0","0","0","0","0","1","","0","0","0","18","3","0","00","N","0","40 01:47.236","","00","75 09:52.837","0","0","0","0","67301","0","0","0","N","0","0","0","1","67301","0","","6","02","","N","N","N","0","","0","0","1","0","0","","1820","0","3","0","0","0","0","0","2","1","3","03","","N","","","","","","","","","","",""
"2022029442","1624","1","0","0","0","0","0","0","0","0","4","0","","67","03","2022","4","40.0363","-75.0718","1621","06","0","0","0","0","0","2","0","0","","0","0","0","16","1","1","01","","0","40 02:10.662","","00","75 04:18.319","2","0","0","0","67301","0","0","0","N","0","0","0","3","67301","0","","1","01","","N","N","N","0","","0","1","2","3","3","","1618","1","3","0","0","0","0","2","2","0","3","04","","N","","","","","","","","","","",""
"2022029175","1557","2","0","0","0","0","0","0","0","0","2","0","","67","03","2022","7","40.0545","-75.2321","1555","06","0","0","0","0","0","0","0","0","","0","0","0","15","1","0","00","N","1","40 03:16.370","1","07","75 13:55.511","0","0","0","0","67301","0","0","0","N","0","0","0","2","67301","0","","1","01","1630","N","N","N","0","","0","0","0","0","0","N","1545","0","2","0","0","0","0","0","2","0","2","03","","N","","","","","","","","","","",""
"2022014806","1010","1","0","0","0","0","0","0","0","0","5","1","","67","01","2022","2","40.0113","-75.1064","0939","06","0","0","0","0","0","0","0","0","","0","1","0","09","1","1","00","N","1","40 00:40.790","3","00","75 06:23.040","3","0","0","0","67301","0","0","0","N","0","0","0","2","67301","0","","1","01","1100","N","N","N","0","","1","0","0","0","0","N","0935","1","3","0","0","0","0","0","2","1","3","03","03","N","","","","","","","","","","",""
"2022013730","1323","0","0","0","0","0","0","0","0","0","7","0","","67","01","2022","7","39.9502","-75.1417","1322","06","0","0","0","0","0","0","0","0","","0","0","0","13","1","0","00","N","0","39 57:00.886","","00","75 08:30.087","0","0","0","0","67301","0","0","0","Y","0","0","0","2","68K01","0","","2","02","","N","N","N","0","","0","0","1","0","0","","1312","0","1","0","0","0","0","0","2","0","1","02","02","N","","","","","","","","","","",""
"2022014567","1253","0","0","0","0","0","0","0","0","0","4","1","","67","01","2022","6","39.9576","-75.1457","1246","06","0","0","0","0","0","0","0","0","","0","1","0","12","1","2","01","","0","39 57:27.432","","00","75 08:44.473","4","0","0","0","67301","0","0","0","N","0","0","0","3","67301","2","","1","01","","N","N","N","0","","0","0","1","3","2","","1245","2","2","0","0","0","0","0","2","0","2","03","03","N","","","","","","","","","","",""
"2022015026","0635","3","0","0","0","0","0","0","0","0","4","0","","67","02","2022","3","40.0288","-75.0584","0632","06","0","0","0","0","0","1","0","0","","0","0","0","06","1","3","01","","0","40 01:43.801","","00","75 03:30.233","4","0","0","0","67301","0","0","0","N","0","0","0","3","67301","3","","1","09","","N","N","N","0","","0","0","0","3","3","","0615","3","3","0","0","0","0","0","2","0","3","03","03","N","","","","","","","","","","",""
"2022014554","1600","2","0","0","0","0","0","0","0","0","1","0","","67","01","2022","2","39.911","-75.1507","1553","06","0","0","0","0","0","1","1","0","","0","0","0","15","1","0","00","N","0","39 54:39.635","","00","75 09:02.544","0","0","0","0","67301","0","0","0","N","0","0","0","2","67301","0","","1","09","","N","N","N","0","","0","0","0","0","0","","1545","0","2","0","0","0","0","0","2","0","2","03","03","N","","","","","","","","","","",""
"2022014899","0900","1","0","0","0","0","0","0","0","0","4","0","","67","02","2022","4","40.0147","-75.206","0846","06","0","0","0","0","0","0","0","0","","0","0","0","08","1","1","02","","1","40 00:53.048","1","03","75 12:21.755","3","0","0","0","67301","0","0","0","N","0","0","0","3","67301","0","","1","09","0935","N","N","N","0","","1","0","1","3","3","N","0844","1","2","0","0","0","0","0","2","0","2","04","","N","","","","","","","","","","",""
"2022009473","","1","0","0","0","0","0","0","0","0","4","0","","67","01","2022","7","40.017","-75.1502","","06","0","0","0","0","0","1","0","0","","0","0","0","10","1","1","00","N","0","40 01:01.223","","07","75 09:00.551","8","0","0","0","67301","0","0","0","N","0","0","0","2","00000","0","","1","01","","N","N","N","0","","0","0","0","0","0","","1000","1","2","0","0","0","1","0","2","0","2","03","","N","","","","","","","","","","",""
"2022014649","0717","1","0","0","0","0","0","0","0","0","7","0","","67","02","2022","3","39.9169","-75.216","0714","06","0","0","0","0","0","1","0","0","","0","0","0","07","1","1","02","","0","39 55:00.909","","00","75 12:57.493","3","0","0","0","67301","0","0","0","N","0","0","0","1","67301","0","","2","09","","N","N","N","0","","1","0","0","3","2","","0703","1","1","0","0","0","0","0","2","0","1","10","","N","","","","","","","","","","",""
"2022014639","1215","2","0","0","0","0","0","0","0","0","4","0","","67","01","2022","2","39.9211","-75.2395","1211","06","0","0","0","0","0","0","0","0","","0","0","0","12","1","1","02","","1","39 55:15.794","5","00","75 14:22.063","3","0","0","0","67301","0","0","0","N","0","0","0","3","67301","0","","1","01","1230","N","N","N","0","","1","0","0","3","3","Y","1209","1","2","0","0","0","0","0","2","0","2","03","98","N","","","","","","","","","","",""
"2022014746","1835","1","0","0","0","0","0","0","0","0","7","0","","67","01","2022","1","39.9677","-75.2097","1835","06","0","0","0","0","0","0","0","0","","0","0","0","18","3","0","01","","0","39 58:03.863","","00","75 12:35.037","9","0","0","0","67301","0","0","0","N","0","0","0","1","67301","0","","5","02","","N","N","N","0","","0","0","0","0","0","","1832","0","1","0","0","0","0","1","2","0","1","10","10","N","","","","","","","","","","",""
"2022014718","2337","2","0","0","0","0","0","0","0","0","4","0","","67","01","2022","4","40.0265","-75.0422","2336","06","0","0","0","0","0","1","0","0","","0","0","0","23","3","1","01","","0","40 01:35.410","","00","75 02:31.777","3","0","0","0","67301","0","0","0","N","0","0","0","2","67301","0","","1","01","","N","N","N","0","","1","0","0","2","3","","2315","1","2","0","0","0","0","0","2","0","2","03","03","N","","","","","","","","","","",""
"2022014731","1841","1","0","0","0","0","0","0","0","0","7","0","","67","01","2022","2","40.0212","-75.1004","1836","06","0","0","0","0","0","1","0","0","","0","0","0","18","3","1","00","N","1","40 01:16.160","7","00","75 06:01.610","3","0","0","0","67301","0","0","0","N","0","0","0","2","67301","0","","5","02","1953","N","N","N","0","","1","0","0","0","0","Y","1835","1","1","0","0","0","0","0","2","0","1","03","","N","","","","","","","","","","",""
"2022014629","1728","1","0","0","0","0","0","0","0","0","7","0","","67","01","2022","5","39.9239","-75.2221","1721","06","0","0","0","0","0","0","0","0","","0","0","0","17","3","0","01","","0","39 55:26.137","","00","75 13:19.522","0","0","0","0","67301","0","0","0","N","0","0","0","2","67301","0","","3","01","","N","N","N","0","","0","0","0","3","2","","1719","0","1","0","0","0","0","0","2","0","1","03","","N","","","","","","","","","","",""
"2022014586","0735","0","0","0","0","0","0","0","0","0","7","0","","67","01","2022","7","40.0818","-75.0411","0729","06","0","0","0","0","0","1","0","0","","0","0","0","07","1","0","00","N","0","40 04:54.466","","00","75 02:28.083","0","0","0","0","67301","0","0","0","N","0","0","0","1","67301","0","","4","02","","N","N","N","1","","0","0","0","0","0","","0715","0","1","0","0","0","0","0","2","0","1","10","09","N","","","","","","","","","","",""
"2022015479","1143","2","0","0","0","0","0","0","0","0","1","0","","67","01","2022","4","40.0459","-75.0018","1126","06","0","0","0","0","0","0","0","0","","0","0","0","11","1","1","06","N","0","40 02:45.339","","02","75 00:06.539","3","0","0","0","67301","0","0","0","N","0","0","0","2","68K01","0","","1","01","","N","N","N","0","","1","0","0","3","4","","1118","1","2","0","0","0","0","0","2","0","2","03","03","N","","","","","","","","","","",""
"2022014603","1615","1","0","0","0","0","0","0","0","0","7","0","","67","01","2022","2","40.0954","-74.9597","1608","06","0","1","0","0","0","0","0","0","","0","0","0","16","1","1","02","","0","40 05:43.369","","07","74 57:34.849","3","0","0","0","67301","0","0","0","N","0","0","0","2","67301","0","","5","09","","N","N","N","0","","1","0","0","0","0","","1608","1","1","0","0","0","0","0","2","0","1","04","04","N","","","","","","","","","","",""
"2022014725","0108","2","0","0","0","0","0","0","0","0","1","0","","67","01","2022","6","40.0208","-75.0947","0105","06","0","0","0","0","0","0","0","0","","0","0","0","23","3","0","00","N","0","40 01:14.815","","00","75 05:41.079","0","0","0","0","67301","0","0","0","N","0","0","0","0","67301","0","","6","07","","N","Y","N","0","","0","0","0","0","0","","2314","0","2","0","0","0","0","0","2","0","2","10","10","N","","","","","","","","","","",""
"2022014547","1800","1","0","0","0","0","0","0","0","0","4","1","","67","02","2022","3","40.0545","-75.0908","1757","06","0","0","0","0","1","0","0","0","","0","1","0","17","3","2","01","","0","40 03:16.301","","00","75 05:26.793","8","0","0","0","67301","0","0","0","N","0","0","0","3","67301","0","","1","02","","N","N","N","0","","0","0","1","3","3","","1755","2","3","0","0","0","2","0","2","0","3","03","03","N","","","","","","","","","","",""
"2022014549","2218","2","0","0","0","0","0","0","0","0","2","0","","67","02","2022","7","40.0589","-75.085","2218","06","0","0","0","0","0","1","0","0","","0","0","0","22","3","1","01","","0","40 03:32.087","","00","75 05:05.840","4","0","0","0","67301","0","0","0","N","0","0","0","2","67301","1","","1","01","","N","N","N","0","","0","0","0","3","2","","2218","1","2","0","0","2","0","0","2","0","2","03","03","N","","","","","","","","","","",""
"2022014619","1948","1","0","0","0","0","0","0","0","0","7","0","","67","02","2022","7","40.0941","-74.9805","1944","06","0","0","0","0","0","0","0","0","","0","0","0","19","3","0","00","N","2","40 05:38.840","3","00","74 58:49.808","9","0","0","0","67301","0","0","0","N","0","0","0","1","67301","0","","2","01","0015","N","N","N","0","","0","0","0","0","0","N","1941","0","1","0","0","1","0","1","2","0","1","03","","N","","","","","","","","","","",""
"2022014720","1555","2","0","0","0","0","0","0","0","0","2","0","","67","01","2022","5","40.0143","-75.0709","1547","06","0","0","0","0","0","0","0","0","","0","0","0","14","1","0","01","","0","40 00:51.572","","00","75 04:15.064","9","0","0","0","67301","0","0","0","N","0","0","0","2","67301","0","","1","01","","N","N","N","0","","0","0","0","3","3","","1430","0","2","0","0","0","0","2","2","0","2","03","","N","","","","","","","","","","",""