"CRN","ARRIVAL_TM","AUTOMOBILE_COUNT","BELTED_DEATH_COUNT","BELTED_SUSP_SERIOUS_INJ_COUNT","BICYCLE_COUNT","BICYCLE_DEATH_COUNT","BICYCLE_SUSP_SERIOUS_INJ_COUNT","BUS_COUNT","CHLDPAS_DEATH_COUNT","CHLDPAS_SUSP_SERIOUS_INJ_COUNT","COLLISION_TYPE","COMM_VEH_COUNT","CONS_ZONE_SPD_LIM","COUNTY","CRASH_MONTH","CRASH_YEAR","DAY_OF_WEEK","DEC_LAT","DEC_LONG","DISPATCH_TM","DISTRICT","DRIVER_COUNT_16YR","DRIVER_COUNT_17YR","DRIVER_COUNT_18YR","DRIVER_COUNT_19YR","DRIVER_COUNT_20YR","DRIVER_COUNT_50_64YR","DRIVER_COUNT_65_74YR","DRIVER_COUNT_75PLUS","EST_HRS_CLOSED","FATAL_COUNT","HEAVY_TRUCK_COUNT","HORSE_BUGGY_COUNT","HOUR_OF_DAY","ILLUMINATION","INJURY_COUNT","INTERSECT_TYPE","INTERSECTION_RELATED","LANE_CLOSED","LATITUDE","LN_CLOSE_DIR","LOCATION_TYPE","LONGITUDE","MAX_SEVERITY_LEVEL","MCYCLE_DEATH_COUNT","MCYCLE_SUSP_SERIOUS_INJ_COUNT","MOTORCYCLE_COUNT","MUNICIPALITY","NONMOTR_COUNT","NONMOTR_DEATH_COUNT","NONMOTR_SUSP_SERIOUS_INJ_COUNT","NTFY_HIWY_MAINT","PED_COUNT","PED_DEATH_COUNT","PED_SUSP_SERIOUS_INJ_COUNT","PERSON_COUNT","POLICE_AGCY","POSSIBLE_INJ_COUNT","RDWY_SURF_TYPE_CD","RELATION_TO_ROAD","ROAD_CONDITION","ROADWAY_CLEARED","SCH_BUS_IND","SCH_ZONE_IND","SECONDARY_CRASH","SMALL_TRUCK_COUNT","SPEC_JURIS_CD","SUSP_MINOR_INJ_COUNT","SUSP_SERIOUS_INJ_COUNT","SUV_COUNT","TCD_FUNC_CD","TCD_TYPE","TFC_DETOUR_IND","TIME_OF_DAY","TOT_INJ_COUNT","TOTAL_UNITS","UNB_DEATH_COUNT","UNB_SUSP_SERIOUS_INJ_COUNT","UNBELTED_OCC_COUNT","UNK_INJ_DEG_COUNT","UNK_INJ_PER_COUNT","URBAN_RURAL","VAN_COUNT","VEHICLE_COUNT","WEATHER1","WEATHER2","WORK_ZONE_IND","WORK_ZONE_LOC","WORK_ZONE_TYPE","WORKERS_PRES","WZ_CLOSE_DETOUR","WZ_FLAGGER","WZ_LAW_OFFCR_IND","WZ_LN_CLOSURE","WZ_MOVING","WZ_OTHER","WZ_SHLDER_MDN","WZ_WORKERS_INJ_KILLED"
"2022014570","1313","0","0","0","0","0","0","0","0","0","8","0","","67","01","2022","4","39.9519","-75.1433","1309","06","0","0","0","0","0","0","0","0","","0","0","0","12","1","1","01","","0","39 57:06.954","","00","75 08:35.878","3","0","0","0","67301","1","0","0","N","1","0","0","2","67301","0","","1","01","","N","N","N","1","","1","0","0","3","2","","1250","1","2","0","0","0","0","0","2","0","1","03","03","N","","","","","","","","","","",""
"2022014685","1014","1","0","0","0","0","0","0","0","0","1","0","","67","01","2022","6","40.0581","-75.1743","1007","06","0","0","0","0","0","0","0","0","","0","0","0","10","1","2","01","","0","40 03:29.309","","00","75 10:27.487","3","0","0","0","67301","0","0","0","N","0","0","0","3","67301","1","","1","07","","N","N","N","0","","1","0","0","3","2","","1000","2","2","0","0","0","0","0","2","1","2","10","","N","","","","","","","","","","",""
"2022014544","0220","0","0","0","0","0","0","0","0","0","5","1","","67","01","2022","5","40.0366","-75.0645","0214","06","0","0","0","0","0","1","0","0","","0","1","0","01","3","0","01","","2","40 02:11.789","7","00","75 03:52.061","0","0","0","0","67301","0","0","0","N","0","0","0","2","67301","0","","1","01","0345","N","N","N","0","","0","0","0","3","2","Y","0145","0","2","0","0","0","0","0","2","0","2","03","03","N","","","","","","","","","","",""
"2022013015","1550","0","0","0","0","0","0","0","0","0","7","0","","67","01","2022","7","40.0312","-75.0217","1540","06","0","0","0","0","0","0","0","0","","0","0","0","15","1","1","00","N","1","40 01:52.338","2","00","75 01:17.994","3","0","0","0","67301","0","0","0","N","0","0","0","2","68K01","0","","4","09","1630","N","N","N","0","","1","0","1","0","0","Y","1538","1","1","0","0","0","0","0","2","0","1","07","","N","","","","","","","","","","",""
"2022014826","0115","1","0","0","0","0","0","0","0","0","7","0","","67","02","2022","7","39.9991","-75.1387","0102","06","0","0","0","0","0","0","0","0","","0","0","0","00","3","2","00","N","0","39 59:56.760","","00","75 08:19.184","3","0","0","0","67301","0","0","0","N","0","0","0","2","67301","0","","9","01","","N","N","N","0","","2","0","0","0","0","","0042","2","1","0","0","0","0","0","2","0","1","03","03","N","","","","","","","","","","",""
"2022014614","2210","1","0","0","0","0","0","0","0","0","7","0","","67","01","2022","6","40.0573","-75.0344","2202","06","0","0","0","0","0","0","0","0","","0","0","0","22","3","0","00","N","0","40 03:26.382","","00","75 02:03.870","0","0","0","0","67301","0","0","0","N","0","0","0","1","67301","0","","2","07","","N","N","N","0","","0","0","0","3","2","","2200","0","1","0","0","0","0","0","2","0","1","10","10","N","","","","","","","","","","",""
"2022014903","2125","1","0","0","0","0","0","0","0","0","8","0","","67","02","2022","6","40.0171","-75.1495","2124","06","0","0","0","0","0","1","0","0","","0","0","0","21","3","2","00","N","0","40 01:01.611","","00","75 08:58.302","3","0","0","0","67301","1","0","0","N","1","0","0","2","67301","1","","1","09","","N","N","N","0","","1","0","0","3","2","","2114","2","2","0","0","0","0","0","2","0","1","03","","N","","","","","","","","","","",""
"2022014776","2048","1","0","0","0","0","0","0","0","0","4","0","","67","01","2022","6","39.9786","-75.2136","2043","06","0","0","0","0","0","1","0","0","","0","0","0","20","3","1","01","","0","39 58:42.879","","00","75 12:49.429","3","0","0","0","67301","0","0","0","N","0","0","0","2","67301","0","","1","01","","N","N","N","0","","1","0","1","3","2","","2014","1","2","0","0","0","0","1","2","0","2","03","03","N","","","","","","","","","","",""
"2022013935","0100","1","0","0","0","0","0","0","0","0","7","0","","67","02","2022","6","40.0373","-75.0132","1244","06","0","0","0","0","0","0","0","0","","0","0","0","00","3","0","00","N","0","40 02:14.413","","00","75 00:47.650","0","0","0","0","67301","0","0","0","N","0","0","0","1","68K01","0","","4","09","","N","N","N","0","","0","0","0","0","0","","0039","0","1","0","0","0","0","0","2","0","1","07","98","N","","","","","","","","","","",""
"2022014870","0400","1","0","0","0","0","0","0","0","0","4","0","","67","02","2022","6","40.0306","-75.1465","0400","06","0","0","0","0","0","0","0","0","","0","0","0","21","3","0","01","","9","40 01:50.216","","00","75 08:47.687","9","0","0","0","67301","0","0","0","N","0","0","0","2","67301","0","","1","99","","N","N","N","0","","0","0","1","9","2","","2100","0","2","0","0","0","0","1","2","0","2","99","","N","","","","","","","","","","",""
"2022013425","2137","1","0","0","0","0","0","0","0","0","0","0","","67","01","2022","1","39.9824","-75.2078","2128","06","0","0","0","0","0","0","0","0","","0","0","0","21","3","1","00","N","1","39 58:56.733","3","00","75 12:28.164","4","0","0","0","67301","0","0","0","N","0","0","0","1","68K01","1","","4","01","2215","N","N","N","0","","0","0","0","0","0","N","2127","1","1","0","0","0","0","0","2","0","1","03","","N","","","","","","","","","","",""
"2022015351","1029","2","0","0","0","0","0","0","0","0","4","0","","67","02","2022","5","40.0846","-75.0249","1025","06","0","0","0","0","0","0","0","1","","0","0","0","10","1","1","02","","1","40 05:04.850","2","00","75 01:30.277","8","0","0","0","67301","0","0","0","N","0","0","0","5","67301","0","","1","01","1055","N","N","N","0","","0","0","0","3","2","N","1020","1","2","0","0","0","1","0","2","0","2","03","03","N","","","","","","","","","","",""
"2022009455","","1","0","0","0","0","0","0","0","0","4","0","","67","01","2022","2","40.0474","-75.1565","","06","0","0","0","0","0","1","0","0","","0","0","0","17","1","1","01","","0","40 02:50.604","","00","75 09:23.324","8","0","0","0","67301","0","0","0","N","0","0","0","2","00000","0","","1","01","","N","N","N","0","","0","0","0","3","3","","1730","1","2","0","0","0","1","0","2","0","2","03","","N","","","","","","","","","","",""
"2022014602","0735","0","0","0","0","0","0","0","0","0","7","0","","67","01","2022","1","40.0637","-75.0223","0731","06","0","0","0","0","0","0","0","0","","0","0","0","07","1","0","00","N","0","40 03:49.260","","00","75 01:20.368","0","0","0","0","67301","0","0","0","N","0","0","0","1","67301","0","","5","01","","N","N","N","0","","0","0","1","0","0","","0728","0","1","0","0","0","0","0","2","0","1","03","03","N","","","","","","","","","","",""
"2022014572","0842","0","0","0","0","0","0","0","0","0","8","0","","67","02","2022","6","39.9534","-75.155","0840","06","0","0","0","0","0","0","0","0","","0","0","0","08","1","1","00","N","0","39 57:12.199","","00","75 09:17.977","8","0","0","0","67301","1","0","0","N","1","0","0","2","67301","0","","1","09","","N","N","N","1","","0","0","0","0","0","","0835","1","2","0","0","0","1","0","2","0","1","07","07","N","","","","","","","","","","",""
"2022013953","1740","1","0","0","0","0","0","0","0","0","7","0","","67","02","2022","7","39.8996","-75.1631","1714","06","0","0","0","0","0","0","0","0","","0","0","0","17","1","3","00","N","1","39 53:58.471","2","00","75 09:47.254","4","0","0","0","67301","0","0","0","N","0","0","0","3","68K01","3","","2","01","1800","N","N","N","0","","0","0","0","0","0","N","1712","3","1","0","0","0","0","0","2","0","1","03","","N","","","","","","","","","","",""
"2022014569","1105","1","0","0","0","0","0","0","0","0","8","0","","67","01","2022","7","39.9439","-75.1514","1100","06","0","0","0","0","0","1","0","0","","0","0","0","10","1","1","00","N","0","39 56:37.880","","00","75 09:05.150","3","0","0","0","67301","1","0","0","N","1","0","0","2","67301","0","","1","01","","N","N","N","0","","1","0","0","3","2","","1050","1","2","0","0","1","0","0","2","0","1","03","03","N","","","","","","","","","","",""
"2022014574","0955","0","0","0","0","0","0","0","0","0","4","0","","67","02","2022","1","39.9577","-75.1624","0944","06","0","0","0","0","0","1","0","0","","0","0","0","09","1","0","01","","1","39 57:27.710","1","00","75 09:44.921","0","0","0","0","67301","0","0","0","N","0","0","0","2","67301","0","","1","01","1001","N","N","N","0","","0","0","2","3","2","Y","0910","0","2","0","0","2","0","0","2","0","2","03","03","N","","","","","","","","","","",""
"2022014768","0320","0","0","0","0","0","0","0","0","0","4","1","","67","02","2022","2","39.9585","-75.2252","0318","06","0","0","0","0","0","0","0","0","","0","1","0","03","3","0","01","","2","39 57:30.554","5","00","75 13:30.649","0","0","0","0","67301","0","0","0","N","0","0","0","3","67301","0","","1","09","0440","N","N","N","0","","0","0","1","3","2","Y","0313","0","2","0","0","0","0","0","2","0","2","04","","N","","","","","","","","","","",""
"2022014583","1940","1","0","0","0","0","0","0","0","0","8","0","","67","01","2022","6","40.1025","-75.0287","1937","06","0","0","0","0","0","0","0","0","","0","0","0","19","3","1","01","","0","40 06:08.948","","00","75 01:43.450","3","0","0","0","67301","1","0","0","N","1","0","0","2","67301","0","","1","09","","N","N","N","0","","1","0","0","3","2","","1934","1","2","0","0","0","0","0","2","0","1","10","","N","","","","","","","","","","",""
"2022014774","2350","0","0","0","0","0","0","0","0","0","1","0","","67","01","2022","1","39.9907","-75.2216","2344","06","0","0","0","0","0","0","0","0","","0","0","0","23","3","0","00","N","0","39 59:26.610","","00","75 13:17.890","0","0","0","0","67301","0","0","0","N","0","0","0","1","67301","0","","1","01","","N","N","N","0","","0","0","2","0","0","","2314","0","2","0","0","0","0","0","2","0","2","03","","N","","","","","","","","","","",""
"2022014872","1530","1","0","0","0","0","0","0","0","0","7","0","","67","01","2022","5","40.0027","-75.1903","1525","06","0","0","0","0","0","0","0","0","","0","0","0","15","1","1","00","N","0","40 00:09.738","","00","75 11:25.060","3","0","0","0","67301","0","0","0","N","0","0","0","1","67301","0","","2","01","","N","N","N","0","","1","0","0","0","0","","1525","1","1","0","0","1","0","0","2","0","1","03","03","N","","","","","","","","","","",""
"2022014650","1640","2","0","0","0","0","0","0","0","0","4","0","","67","02","2022","3","39.9134","-75.2433","1640","06","0","0","0","0","0","0","0","0","","0","0","0","15","1","0","05","","0","39 54:48.192","","00","75 14:35.989","0","0","0","0","67301","0","0","0","N","0","0","0","2","67301","0","","1","06","","N","N","N","0","","0","0","0","3","2","","1537","0","2","0","0","0","0","0","2","0","2","04","04","N","","","","","","","","","","",""
"2022014758","0045","1","0","0","0","0","0","0","0","0","4","1","","67","01","2022","2","39.9571","-75.2143","0035","06","0","0","0","0","0","1","0","0","","0","1","0","22","3","2","01","","0","39 57:25.688","","00","75 12:51.554","3","0","0","0","67301","0","0","0","N","0","0","0","3","67301","0","","1","01","","N","N","N","0","","2","0","0","3","2","","2250","2","2","0","0","0","0","0","2","0","2","03","03","N","","","","","","","","","","",""
"2022013770","1638","2","0","0","0","0","0","0","0","0","5","0","","67","02","2022","7","40.027","-75.026","1621","06","0","0","0","0","0","0","0","0","","0","0","0","16","1","0","00","N","0","40 01:37.348","","00","75 01:33.587","0","0","0","0","67301","0","0","0","N","0","0","0","2","68K01","0","","1","01","","N","N","N","0","","0","0","0","0","0","","1617","0","2","0","0","0","0","0","2","0","2","03","","N","","","","","","","","","","",""
"2022014084","2055","0","0","0","0","0","0","0","0","0","8","0","","67","01","2022","6","39.909","-75.2419","2052","06","0","0","0","0","0","0","0","0","","1","0","0","20","3","0","02","","1","39 54:32.511","1","00","75 14:30.820","1","0","0","0","67301","1","1","0","N","1","1","0","2","67301","0","2","1","01","0100","N","N","N","0","0","0","0","0","3","2","N","2050","0","2","0","0","0","0","0","2","0","1","03","03","N","","","","","","","","","","",""
"2022014727","1413","0","0","0","0","0","0","0","0","0","7","0","","67","01","2022","1","40.0306","-75.0495","1410","06","0","0","0","0","1","0","0","0","","0","0","0","13","1","0","00","N","0","40 01:50.260","","00","75 02:58.210","0","0","0","0","67301","0","0","0","N","0","0","0","1","67301","0","","2","02","","N","N","N","0","","0","0","1","3","3","","1350","0","1","0","0","0","0","0","2","0","1","10","10","N","","","","","","","","","","",""
"2022014800","1615","1","0","0","0","0","0","0","0","0","4","0","","67","02","2022","6","39.9918","-75.1864","1544","06","0","0","0","0","0","0","0","0","","0","0","0","14","8","1","01","","0","39 59:30.408","","00","75 11:10.966","3","0","0","0","67301","0","0","0","N","0","0","0","4","67301","0","","1","09","","N","N","N","0","","1","0","1","3","2","","1429","1","2","0","0","0","0","3","2","0","2","07","","N","","","","","","","","","","",""
"2022014722","2019","1","0","0","0","0","0","0","0","0","2","0","","67","01","2022","5","40.0324","-75.0371","2009","06","0","0","0","0","0","0","0","0","","0","0","0","19","3","0","00","N","0","40 01:56.805","","00","75 02:13.592","9","0","0","0","67301","0","0","0","N","0","0","0","3","67301","0","","1","01","","N","N","Y","0","","0","0","2","3","2","","1937","0","3","0","0","0","0","1","2","0","3","03","","N","","","","","","","","","","",""
"2022015712","0813","1","0","0","0","0","0","0","0","0","1","0","","67","02","2022","3","39.9612","-75.14","0747","06","0","0","0","0","0","0","0","0","","0","0","0","07","1","0","00","N","0","39 57:40.233","","00","75 08:23.859","0","0","0","0","67301","0","0","0","N","0","0","0","2","68K01","0","","3","01","","N","N","N","0","","0","0","1","0","0","","0743","0","2","0","0","0","0","0","2","0","2","03","","N","","","","","","","","","","",""
"2022014777","1801","1","0","0","0","0","0","0","0","0","2","0","","67","01","2022","2","39.9616","-75.2245","1801","06","0","0","1","0","0","0","0","0","","0","0","0","17","3","0","02","","0","39 57:41.589","","00","75 13:28.343","0","0","0","0","67301","0","0","0","N","0","0","0","1","67301","0","","1","01","","N","N","N","0","","0","0","1","3","3","","1755","0","2","0","0","0","0","0","2","0","2","03","03","N","","","","","","","","","","",""
"2022007433","1710","1","0","0","0","0","0","0","0","0","7","0","","67","01","2022","6","40.0454","-75.0006","1646","06","0","0","0","0","0","0","0","0","","0","0","0","16","1","0","00","N","0","40 02:43.332","","02","75 00:02.157","0","0","0","0","67301","0","0","0","Y","0","0","0","1","68K01","0","","4","01","","N","N","N","0","","0","0","0","0","0","","1640","0","1","0","0","1","0","0","2","0","1","03","03","N","","","","","","","","","","",""
"2022010862","0655","2","0","0","0","0","0","0","0","0","4","0","","67","01","2022","2","39.9568","-75.2114","0647","06","0","0","0","0","0","0","0","0","","0","0","0","06","5","2","01","","0","39 57:24.367","","00","75 12:40.940","3","0","0","0","67301","0","0","0","N","0","0","0","3","67301","0","","1","09","","N","N","N","0","","2","0","0","3","2","","0645","2","2","0","0","0","0","0","2","0","2","07","07","N","","","","","","","","","","",""
"2022014840","2045","1","0","0","0","0","0","0","0","0","6","0","","67","01","2022","7","40.0371","-75.1237","2045","06","0","0","0","0","0","0","0","0","","0","0","0","19","3","0","01","","1","40 02:13.739","2","00","75 07:25.345","0","0","0","0","67301","0","0","0","N","0","0","0","1","67301","0","","1","01","2115","N","N","N","0","","0","0","1","3","2","N","1920","0","2","0","0","0","0","0","2","0","2","03","","N","","","","","","","","","","",""
"2022014886","0900","2","0","0","0","0","0","0","0","0","1","0","","67","01","2022","1","40.0179","-75.202","0900","06","0","0","0","0","0","0","0","0","","0","0","0","22","3","0","00","N","9","40 01:04.400","","00","75 12:07.180","0","0","0","0","67301","0","0","0","N","0","0","0","4","67301","0","","1","99","","N","N","N","0","","0","0","0","0","0","","2230","0","2","0","0","0","0","0","2","0","2","99","","N","","","","","","","","","","",""
"2022014887","0839","0","0","0","0","0","0","0","0","0","8","0","","67","01","2022","4","40.0099","-75.1667","0825","06","0","0","0","0","0","0","0","0","","0","0","0","07","1","1","00","N","0","40 00:35.736","","00","75 10:00.032","8","0","0","0","67301","1","0","0","N","1","0","0","2","67301","0","","1","01","","N","N","N","0","","0","0","1","3","2","","0759","1","2","0","0","0","1","0","2","0","1","03","03","N","","","","","","","","","","",""
"2022014587","0258","0","0","0","0","0","0","0","0","0","7","0","","67","01","2022","1","40.1286","-75.0139","0247","06","0","0","0","0","0","0","0","0","","0","0","0","02","3","0","00","N","0","40 07:42.814","","00","75 00:50.089","9","0","0","0","67301","0","0","0","N","0","0","0","1","67301","0","","5","02","","N","N","N","1","","0","0","0","0","0","","0245","0","1","0","0","0","0","1","2","0","1","02","","N","","","","","","","","","","",""
"2022013523","1408","1","0","0","0","0","0","0","0","0","5","0","","67","02","2022","6","40.0081","-75.202","1356","06","0","0","0","0","0","0","0","0","","0","0","0","13","1","1","00","N","0","40 00:29.109","","00","75 12:07.067","3","0","0","0","67301","0","0","0","N","0","0","0","3","68K01","0","","1","09","","N","N","N","1","","1","0","0","0","0","","1336","1","3","0","0","0","0","0","2","1","3","07","","N","","","","","","","","","","",""
"2022014778","0242","2","0","0","0","0","0","0","0","0","5","0","","67","01","2022","5","39.9709","-75.2309","0237","06","0","0","0","0","0","0","0","0","","0","0","0","02","3","0","00","N","0","39 58:15.140","","00","75 13:51.330","0","0","0","0","67301","0","0","0","N","0","0","0","1","67301","0","","1","01","","N","N","N","0","","0","0","0","0","0","","0222","0","2","0","0","1","0","0","2","0","2","03","03","N","","","","","","","","","","",""
"2022013762","1823","1","0","0","0","0","0","0","0","0","7","0","","67","02","2022","6","40.041","-75.0051","1811","06","0","0","0","0","0","0","0","0","","0","0","0","18","3","0","00","N","1","40 02:27.684","2","00","75 00:18.397","0","0","0","0","67301","0","0","0","N","0","0","0","1","68K01","0","","3","09","1850","N","N","N","0","","0","0","0","0","0","N","1810","0","1","0","0","0","0","0","2","0","1","07","07","N","","","","","","","","","","",""
"2022014525","1558","1","0","0","0","0","0","0","0","0","4","0","","67","01","2022","4","39.8974","-75.1755","1557","06","0","0","0","0","0","0","0","1","","0","0","0","15","1","0","01","","1","39 53:50.668","7","00","75 10:31.915","0","0","0","0","67301","0","0","0","N","0","0","0","2","67301","0","","1","01","1610","N","N","N","0","","0","0","1","3","2","N","1557","0","2","0","0","0","0","0","2","0","2","03","","N","","","","","","","","","","",""
"2022014625","0247","1","0","0","0","0","0","1","0","0","4","1","","67","01","2022","6","39.9528","-75.1669","0247","06","0","0","0","0","0","0","0","0","","0","0","0","02","3","1","01","","1","39 57:10.026","1","00","75 10:00.660","8","0","0","0","67301","0","0","0","N","0","0","0","2","67301","0","","1","01","0420","N","N","N","0","","0","0","0","3","2","N","0235","1","2","0","0","0","1","0","2","0","2","03","03","N","","","","","","","","","","",""
"2022014633","0100","1","0","0","0","0","0","0","0","0","7","0","","67","01","2022","2","39.9172","-75.2463","0055","06","0","0","0","0","0","0","0","0","","0","0","0","00","3","0","00","N","0","39 55:01.938","","00","75 14:46.743","9","0","0","0","67301","0","0","0","N","0","0","0","1","67301","0","","5","09","","N","N","N","0","","0","0","0","0","0","","0054","0","1","0","0","0","0","1","2","0","1","07","07","N","","","","","","","","","","",""
"2022014884","1618","2","0","0","0","0","0","0","0","0","1","0","","67","01","2022","1","40.0153","-75.177","1610","06","0","0","0","0","0","0","0","0","","0","0","0","16","1","0","00","N","0","40 00:55.086","","00","75 10:37.123","0","0","0","0","67301","0","0","0","N","0","0","0","2","67301","0","","1","01","","N","N","N","0","","0","0","0","0","0","","1610","0","2","0","0","0","0","0","2","0","2","03","03","N","","","","","","","","","","",""
"2022014703","0303","2","0","0","0","0","0","0","0","0","6","0","","67","02","2022","7","40.0534","-75.1704","0303","06","0","0","0","0","0","0","0","0","","0","0","0","02","3","1","00","N","0","40 03:12.394","","00","75 10:13.464","2","0","0","0","67301","0","0","0","N","0","0","0","2","67301","0","","5","01","","N","N","N","0","","0","1","0","0","0","","0255","1","2","0","1","1","0","1","2","0","2","03","","N","","","","","","","","","","",""
"2022010896","0227","0","0","0","0","0","0","0","0","0","4","0","","67","01","2022","6","40.0079","-75.1723","0225","06","0","0","0","0","0","0","0","0","","0","0","0","02","3","0","01","","1","40 00:28.314","4","00","75 10:20.141","0","0","0","0","67301","0","0","0","N","0","0","0","2","67301","0","","1","01","0258","N","N","N","0","","0","0","2","3","2","N","0206","0","2","0","0","0","0","0","2","0","2","03","03","N","","","","","","","","","","",""
"2022014853","0144","1","0","0","0","0","0","0","0","0","4","0","","67","01","2022","1","40.0468","-75.1493","0142","06","0","0","0","0","0","0","0","0","","0","0","0","01","3","0","00","N","0","40 02:48.400","","00","75 08:57.330","9","0","0","0","67301","0","0","0","N","0","0","0","1","67301","0","","1","01","","N","N","N","0","","0","0","0","0","0","","0140","0","2","0","0","0","0","1","2","1","2","03","03","N","","","","","","","","","","",""
"2022015451","1300","3","0","0","0","0","0","0","0","0","1","0","","67","02","2022","6","39.9571","-75.1454","1234","06","0","0","0","1","0","0","1","0","","0","0","0","12","1","0","00","N","0","39 57:25.431","","00","75 08:43.352","0","0","0","0","67301","0","0","0","N","0","0","0","3","68K01","0","","1","09","","N","N","N","0","","0","0","0","0","0","","1224","0","3","0","0","0","0","0","2","0","3","07","","N","","","","","","","","","","",""
"2022006679","0155","0","0","0","0","0","0","0","0","0","5","1","","67","01","2022","1","39.9601","-75.1793","0154","06","0","0","0","0","0","0","0","0","","0","1","0","01","3","0","00","N","2","39 57:36.188","4","03","75 10:45.310","0","0","0","0","67301","0","0","0","N","0","0","0","1","68K01","0","","4","09","0100","N","N","N","0","","0","0","1","0","0","N","0154","0","2","0","0","0","0","0","2","0","2","07","07","N","","","","","","","","","","",""
"2022014660","2215","1","0","0","0","0","0","0","0","0","4","0","","67","01","2022","5","40.0334","-75.1755","2215","06","0","0","0","0","0","0","0","0","","0","0","0","16","1","0","01","","0","40 02:00.279","","00","75 10:31.652","0","0","0","0","67301","0","0","0","N","0","0","0","2","67301","0","","1","01","","N","N","N","1","","0","0","0","3","3","","1655","0","2","0","0","0","0","0","2","0","2","03","","N","","","","","","","","","","",""
"2022007393","1730","2","0","0","0","0","0","0","0","0","1","0","","67","01","2022","6","40.0068","-75.1501","1730","06","0","0","0","0","0","1","0","0","","0","0","0","17","3","3","00","Y","1","40 00:24.500","3","00","75 09:00.200","3","0","0","0","67301","0","0","0","N","0","0","0","6","67505","0","","1","01","1845","N","N","N","0","","1","0","1","3","2","N","1725","3","3","0","0","2","2","1","2","0","3","03","03","N","","","","","","","","","","",""
"2022014818","1743","2","0","0","0","0","0","0","0","0","4","0","","67","01","2022","1","39.9988","-75.1313","1743","06","0","0","0","0","0","1","0","0","","0","0","0","14","1","1","01","","0","39 59:55.564","","00","75 07:52.533","3","0","0","0","67301","0","0","0","N","0","0","0","2","67301","0","","1","01","","N","N","N","0","","1","0","0","3","2","","1450","1","2","0","0","1","0","0","2","0","2","03","03","N","","","","","","","","","","",""
"2022035503","1641","2","0","0","0","0","0","0","0","0","1","0","","67","04","2022","2","39.9793","-75.204","1641","06","0","0","0","0","0","1","0","0","","0","0","0","16","1","0","00","N","1","39 58:45.393","3","00","75 12:14.235","0","0","0","0","67301","0","0","0","N","0","0","0","2","68K01","0","","1","01","1650","N","N","N","0","","0","0","0","0","0","N","1641","0","2","0","0","0","0","0","2","0","2","03","03","N","","","","","","","","","","",""
"2022005769","0726","1","0","0","0","0","0","0","0","0","7","0","","67","01","2022","3","40.0079","-75.0715","0718","06","0","0","0","0","0","0","0","0","","0","0","0","07","1","1","00","N","1","40 00:28.331","1","00","75 04:17.425","3","0","0","0","67301","0","0","0","N","0","0","0","1","68K01","0","","3","01","0750","N","N","N","0","","1","0","0","0","0","N","0718","1","1","0","0","1","0","0","2","0","1","03","","N","","","","","","","","","","",""
"2022032765","1203","0","0","0","0","0","0","0","0","0","5","1","35","67","04","2022","2","39.9541","-75.1404","1200","06","0","0","0","0","0","0","0","0","","0","1","0","12","1","0","00","N","2","39 57:14.820","4","03","75 08:25.363","0","0","0","0","67301","0","0","0","N","0","0","0","2","67501","0","","1","01","1216","N","N","N","0","","0","0","1","3","8","N","1200","0","2","0","0","0","0","0","2","0","2","03","","Y","4","1","Y","","","N","Y","Y","","Y","N"
"2022014565","0912","2","0","0","0","0","0","0","0","0","1","0","","67","01","2022","1","40.015","-75.2069","0912","06","0","0","0","0","0","0","0","0","","0","0","0","18","3","1","00","N","0","40 00:53.887","","00","75 12:25.003","8","0","0","0","67301","0","0","0","N","0","0","0","2","67301","0","","1","09","","N","N","N","0","","0","0","0","3","2","","1828","1","2","0","0","0","1","1","2","0","2","03","03","N","","","","","","","","","","",""
"2022015713","1311","0","0","0","0","0","0","0","0","0","1","0","","67","02","2022","3","39.9594","-75.1741","1311","06","0","0","0","0","0","0","0","0","","0","0","0","13","1","1","03","N","2","39 57:33.873","4","02","75 10:26.751","4","0","0","0","67301","0","0","0","N","0","0","0","3","68K01","1","","7","01","1400","N","N","N","0","","0","0","1","0","0","Y","1309","1","2","0","0","0","0","1","2","0","2","03","","N","","","","","","","","","","",""
"2022014621","0710","0","0","0","0","0","0","0","0","0","1","1","","67","02","2022","3","40.0504","-75.0351","0700","06","0","0","0","0","0","1","0","0","","0","1","0","06","1","1","00","N","0","40 03:01.343","","00","75 02:06.380","4","0","0","0","67301","0","0","0","N","0","0","0","3","67301","1","","1","02","","N","N","N","0","","0","0","1","0","0","","0655","1","2","0","0","0","0","0","2","0","2","06","06","N","","","","","","","","","","",""
"2022014787","1505","2","0","0","0","0","0","0","0","0","2","0","","67","02","2022","1","39.9671","-75.2458","1452","06","0","0","0","0","0","0","0","0","","0","0","0","14","1","2","00","N","0","39 58:01.408","","07","75 14:44.877","3","0","0","0","67301","0","0","0","N","0","0","0","2","67301","0","","1","01","","N","N","N","0","","1","0","0","0","0","","1450","2","2","0","0","0","1","0","2","0","2","03","03","N","","","","","","","","","","",""
"2022005492","0830","0","0","0","0","0","0","0","0","0","1","1","","67","01","2022","6","40.0052","-75.1965","0828","06","0","0","0","0","0","0","0","0","","0","1","0","08","1","0","00","N","0","40 00:18.830","","00","75 11:47.323","0","0","0","0","67301","0","0","0","N","0","0","0","2","68K01","0","","1","09","","N","N","N","0","","0","0","1","0","0","","0824","0","2","0","0","0","0","0","2","0","2","03","","N","","","","","","","","","","",""