"CRN","ARRIVAL_TM","AUTOMOBILE_COUNT","BELTED_DEATH_COUNT","BELTED_SUSP_SERIOUS_INJ_COUNT","BICYCLE_COUNT","BICYCLE_DEATH_COUNT","BICYCLE_SUSP_SERIOUS_INJ_COUNT","BUS_COUNT","CHLDPAS_DEATH_COUNT","CHLDPAS_SUSP_SERIOUS_INJ_COUNT","COLLISION_TYPE","COMM_VEH_COUNT","CONS_ZONE_SPD_LIM","COUNTY","CRASH_MONTH","CRASH_YEAR","DAY_OF_WEEK","DEC_LAT","DEC_LONG","DISPATCH_TM","DISTRICT","DRIVER_COUNT_16YR","DRIVER_COUNT_17YR","DRIVER_COUNT_18YR","DRIVER_COUNT_19YR","DRIVER_COUNT_20YR","DRIVER_COUNT_50_64YR","DRIVER_COUNT_65_74YR","DRIVER_COUNT_75PLUS","EST_HRS_CLOSED","FATAL_COUNT","HEAVY_TRUCK_COUNT","HORSE_BUGGY_COUNT","HOUR_OF_DAY","ILLUMINATION","INJURY_COUNT","INTERSECT_TYPE","INTERSECTION_RELATED","LANE_CLOSED","LATITUDE","LN_CLOSE_DIR","LOCATION_TYPE","LONGITUDE","MAX_SEVERITY_LEVEL","MCYCLE_DEATH_COUNT","MCYCLE_SUSP_SERIOUS_INJ_COUNT","MOTORCYCLE_COUNT","MUNICIPALITY","NONMOTR_COUNT","NONMOTR_DEATH_COUNT","NONMOTR_SUSP_SERIOUS_INJ_COUNT","NTFY_HIWY_MAINT","PED_COUNT","PED_DEATH_COUNT","PED_SUSP_SERIOUS_INJ_COUNT","PERSON_COUNT","POLICE_AGCY","POSSIBLE_INJ_COUNT","RDWY_SURF_TYPE_CD","RELATION_TO_ROAD","ROAD_CONDITION","ROADWAY_CLEARED","SCH_BUS_IND","SCH_ZONE_IND","SECONDARY_CRASH","SMALL_TRUCK_COUNT","SPEC_JURIS_CD","SUSP_MINOR_INJ_COUNT","SUSP_SERIOUS_INJ_COUNT","SUV_COUNT","TCD_FUNC_CD","TCD_TYPE","TFC_DETOUR_IND","TIME_OF_DAY","TOT_INJ_COUNT","TOTAL_UNITS","UNB_DEATH_COUNT","UNB_SUSP_SERIOUS_INJ_COUNT","UNBELTED_OCC_COUNT","UNK_INJ_DEG_COUNT","UNK_INJ_PER_COUNT","URBAN_RURAL","VAN_COUNT","VEHICLE_COUNT","WEATHER1","WEATHER2","WORK_ZONE_IND","WORK_ZONE_LOC","WORK_ZONE_TYPE","WORKERS_PRES","WZ_CLOSE_DETOUR","WZ_FLAGGER","WZ_LAW_OFFCR_IND","WZ_LN_CLOSURE","WZ_MOVING","WZ_OTHER","WZ_SHLDER_MDN","WZ_WORKERS_INJ_KILLED"
"2022009466","","0","0","0","0","0","0","0","0","0","5","0","","67","01","2022","3","","","","06","0","0","0","0","0","0","0","0","","0","0","0","06","5","0","00","N","0","","","00","","0","0","0","0","67301","0","0","0","N","0","0","0","2","00000","0","","1","01","","N","N","N","0","","0","0","1","0","0","","0630","0","2","0","0","0","0","0","1","1","2","03","","N","","","","","","","","","","",""
"2022014771","0249","2","0","0","0","0","0","0","0","0","1","0","","67","02","2022","4","39.9562","-75.2379","0248","06","0","0","0","0","0","0","0","0","","0","0","0","02","3","0","00","N","0","39 57:22.210","","00","75 14:16.590","0","0","0","0","67301","0","0","0","N","0","0","0","1","67301","0","","6","01","","N","N","N","0","","0","0","0","3","2","","0247","0","2","0","0","0","0","0","2","0","2","03","03","N","","","","","","","","","","",""
"2022014895","1120","1","0","0","0","0","0","0","0","0","8","0","","67","01","2022","2","40.0177","-75.1548","1101","06","0","0","0","0","0","1","0","0","","0","0","0","11","1","1","00","N","0","40 01:03.805","","00","75 09:17.424","3","0","0","0","67301","1","0","0","N","1","0","0","2","67301","0","","6","06","","N","N","N","0","","1","0","0","0","0","","1101","1","2","0","0","0","0","0","2","0","1","03","","N","","","","","","","","","","",""
"2022014707","1602","2","0","0","0","0","0","0","0","0","4","0","","67","01","2022","4","40.0003","-75.0837","1546","06","0","0","0","0","0","2","0","0","","0","0","0","15","1","2","02","","0","40 00:01.107","","02","75 05:01.169","3","0","0","0","67301","0","0","0","N","0","0","0","3","67301","0","","1","01","","N","N","N","0","","2","0","0","3","2","","1518","2","2","0","0","0","0","0","2","0","2","03","03","N","","","","","","","","","","",""
"2022013924","0740","2","0","0","0","0","0","0","0","0","1","0","","67","02","2022","4","39.9571","-75.1522","0739","06","0","0","0","0","0","1","0","0","","0","0","0","07","1","0","00","N","0","39 57:25.468","","00","75 09:08.021","0","0","0","0","67301","0","0","0","N","0","0","0","2","68K01","0","","1","01","","N","N","N","0","","0","0","0","0","0","","0737","0","2","0","0","0","0","0","2","0","2","05","04","N","","","","","","","","","","",""
"2022014559","2120","0","0","0","0","0","0","0","0","0","8","0","","67","02","2022","7","39.9249","-75.1442","2116","06","0","0","0","0","0","0","0","0","","1","0","0","21","3","0","00","N","1","39 55:29.740","2","00","75 08:39.131","1","0","0","0","67301","1","1","0","N","1","1","0","2","67301","0","2","2","01","2225","N","N","N","0","0","0","0","0","0","0","N","2105","0","2","0","0","0","0","1","2","0","1","03","","N","","","","","","","","","","",""
"2022015123","0708","0","0","0","0","0","0","0","0","0","7","0","","67","01","2022","6","39.8924","-75.2252","0657","06","0","0","0","0","1","0","0","0","","0","0","0","06","5","1","00","N","0","39 53:32.648","","03","75 13:30.689","4","0","0","0","67301","0","0","0","N","0","0","0","1","68K01","1","","4","09","","N","N","N","1","","0","0","0","0","0","","0629","1","1","0","0","1","0","0","2","0","1","10","04","N","","","","","","","","","","",""
"2022013748","2025","1","0","0","0","0","0","0","0","0","7","0","","67","02","2022","5","40.0391","-75.0083","2018","06","0","0","0","0","0","0","0","0","","0","0","0","20","3","1","00","N","0","40 02:20.872","","00","75 00:29.887","8","0","0","0","67301","0","0","0","N","0","0","0","1","68K01","0","","3","09","","N","N","N","0","","0","0","0","0","0","","2016","1","1","0","0","0","1","0","2","0","1","07","07","N","","","","","","","","","","",""
"2022014564","1035","1","0","0","0","0","0","0","0","0","7","0","","67","01","2022","6","40.026","-75.1996","1029","06","0","0","0","1","0","0","0","0","","0","0","0","10","1","2","00","N","0","40 01:33.706","","00","75 11:58.611","3","0","0","0","67301","0","0","0","N","0","0","0","2","67301","0","","2","07","","N","N","N","0","","2","0","0","0","0","","1029","2","1","0","0","0","0","0","2","0","1","10","10","N","","","","","","","","","","",""
"2022013526","1450","1","0","0","0","0","0","0","0","0","7","0","","67","02","2022","6","39.9175","-75.1476","1411","06","0","0","0","0","0","0","0","0","","0","0","0","14","1","0","00","N","0","39 55:02.940","","00","75 08:51.200","0","0","0","0","67301","0","0","0","N","0","0","0","1","68K01","0","","2","09","","N","N","N","0","","0","0","0","0","0","","1406","0","1","0","0","0","0","0","2","0","1","07","","N","","","","","","","","","","",""
"2022014804","1415","3","0","0","0","0","0","0","0","0","4","0","","67","01","2022","1","40.0055","-75.1053","1414","06","0","0","0","1","0","0","0","0","","0","0","0","14","1","2","01","","0","40 00:19.857","","00","75 06:19.237","4","0","0","0","67301","0","0","0","N","0","0","0","2","67301","2","","1","01","","N","N","N","0","","0","0","0","2","2","","1410","2","3","0","0","0","0","0","2","0","3","03","03","N","","","","","","","","","","",""
"2022014739","0046","0","0","0","0","0","0","0","0","0","7","0","","67","01","2022","3","39.9867","-75.2076","0035","06","0","0","0","0","0","0","0","0","","0","0","0","00","3","0","06","","0","39 59:12.288","","08","75 12:27.201","9","0","0","0","67301","0","0","0","N","0","0","0","1","67301","0","","2","01","","N","N","N","0","","0","0","1","3","2","","0035","0","1","0","0","0","0","1","2","0","1","03","","N","","","","","","","","","","",""
"2022014412","2200","1","0","0","0","0","0","0","0","0","7","0","","67","02","2022","1","39.9554","-75.148","2112","06","0","0","0","0","0","0","0","0","","1","0","0","21","3","2","00","N","1","39 57:19.590","4","08","75 08:52.967","1","0","0","0","67301","0","0","0","N","0","0","0","3","67501","0","1","4","01","2357","N","N","N","0","8","0","0","0","3","8","N","2112","2","1","1","0","1","2","0","2","0","1","03","03","N","","","","","","","","","","",""
"2022013771","1635","2","0","0","0","0","0","0","0","0","1","0","","67","02","2022","7","39.9986","-75.1955","1622","06","0","0","0","0","0","0","0","0","","0","0","0","16","1","0","00","N","0","39 59:54.879","","00","75 11:43.962","0","0","0","0","67301","0","0","0","N","0","0","0","2","68K01","0","","1","01","","N","N","N","0","","0","0","0","0","0","","1617","0","2","0","0","0","0","0","2","0","2","03","03","N","","","","","","","","","","",""
"2022014562","1146","1","0","0","0","0","0","0","0","0","4","0","","67","01","2022","3","40.0373","-75.2207","1145","06","0","0","0","0","0","2","0","0","","0","0","0","11","1","1","02","","1","40 02:14.247","6","00","75 13:14.383","2","0","0","0","67301","0","0","0","N","0","0","0","5","67301","0","","1","01","1240","N","N","Y","0","","0","1","2","0","0","Y","1139","1","3","0","0","0","0","0","2","0","3","03","04","N","","","","","","","","","","",""
"2022014620","1840","2","0","0","0","0","0","0","0","0","1","0","","67","02","2022","1","40.0414","-75.0283","1829","06","0","0","0","0","0","0","1","0","","0","0","0","18","3","1","01","","0","40 02:28.908","","00","75 01:41.719","8","0","0","0","67301","0","0","0","N","0","0","0","2","67301","0","","1","01","","N","N","N","0","","0","0","0","3","2","","1800","1","2","0","0","0","1","0","2","0","2","03","","N","","","","","","","","","","",""
"2022013934","2310","1","0","0","0","0","0","0","0","0","1","0","","67","02","2022","5","39.9726","-75.1213","2259","06","0","0","0","1","0","0","0","0","","0","0","0","22","3","2","00","N","1","39 58:21.256","1","00","75 07:16.662","4","0","0","0","67301","0","0","0","N","0","0","0","3","68K01","1","","1","09","2345","N","N","N","0","","0","0","1","0","0","N","2258","2","2","0","0","0","1","0","2","0","2","07","","N","","","","","","","","","","",""
"2022013515","1344","1","0","0","0","0","0","0","0","0","7","0","","67","02","2022","5","40.0309","-75.0218","1337","06","0","0","0","0","0","0","0","0","","0","0","0","13","1","0","00","N","2","40 01:51.241","1","00","75 01:18.466","0","0","0","0","67301","0","0","0","N","0","0","0","1","68K01","0","","3","09","1409","N","N","N","0","","0","0","0","0","0","N","1336","0","1","0","0","0","0","0","2","0","1","07","","N","","","","","","","","","","",""
"2022013018","1437","0","0","0","0","0","0","0","0","0","5","0","","67","01","2022","1","39.9587","-75.1692","1424","06","0","0","0","0","0","1","0","0","","0","0","0","14","1","1","00","N","2","39 57:31.227","3","00","75 10:09.248","8","0","0","0","67301","0","0","0","N","0","0","0","2","68K01","0","","1","01","1458","N","N","N","0","","0","0","2","0","0","N","1410","1","2","0","0","0","1","0","2","0","2","03","","N","","","","","","","","","","",""
"2022014617","1030","3","0","0","0","0","0","0","0","0","5","0","","67","02","2022","5","40.0765","-75.0327","1030","06","0","0","0","0","0","2","0","0","","0","0","0","10","1","1","01","","1","40 04:35.499","1","00","75 01:57.662","8","0","0","0","67301","0","0","0","N","0","0","0","3","67301","0","","1","09","1100","N","N","N","0","","0","0","0","3","2","N","1028","1","3","0","0","0","1","1","2","0","3","07","04","N","","","","","","","","","","",""
"2022015155","0321","1","0","0","0","0","0","0","0","0","7","0","","67","01","2022","7","39.9797","-75.1077","0321","06","0","0","0","0","0","0","0","0","","1","0","0","03","3","0","00","N","1","39 58:46.961","5","01","75 06:27.583","1","0","0","0","67301","0","0","0","N","0","0","0","1","67301","0","2","4","01","0422","N","N","N","0","0","0","0","0","0","0","N","0319","0","1","0","0","0","0","0","2","0","1","03","03","N","","","","","","","","","","",""
"2022013909","1059","0","0","0","0","0","0","0","0","0","2","0","","67","01","2022","7","40.0234","-75.0348","1056","06","0","0","0","0","0","0","0","0","","0","0","0","10","1","0","00","N","0","40 01:24.140","","00","75 02:05.186","0","0","0","0","67301","0","0","0","Y","0","0","0","1","68K01","0","","2","02","","N","N","N","1","","0","0","0","0","0","","1054","0","1","0","0","0","0","0","2","0","1","02","02","N","","","","","","","","","","",""
"2022014825","0237","1","0","0","0","0","0","0","0","0","2","0","","67","02","2022","6","40.0152","-75.1472","0237","06","0","0","0","0","0","1","0","0","","0","0","0","02","3","0","01","","0","40 00:54.748","","00","75 08:49.919","0","0","0","0","67301","0","0","0","N","0","0","0","2","67301","0","","1","09","","N","N","N","0","","0","0","1","3","2","","0231","0","2","0","0","0","0","0","2","0","2","07","07","N","","","","","","","","","","",""
"2022014891","0641","1","0","0","0","0","0","0","0","0","8","0","","67","01","2022","6","40.0197","-75.1843","0637","06","0","0","0","0","0","0","0","0","","0","0","0","06","3","1","01","","1","40 01:10.898","5","00","75 11:03.583","4","0","0","0","67301","1","0","0","N","1","0","0","2","67301","1","","1","01","0650","N","N","N","0","","0","0","0","3","2","N","0633","1","2","0","0","0","0","0","2","0","1","03","03","N","","","","","","","","","","",""
"2022014541","0833","1","0","0","0","0","0","0","0","0","2","0","","67","01","2022","3","40.0508","-75.0775","0831","06","0","0","0","0","0","1","0","0","","0","0","0","08","1","2","01","","0","40 03:02.987","","00","75 04:38.971","3","0","0","0","67301","0","0","0","N","0","0","0","3","67301","1","","1","01","","N","N","N","0","","1","0","2","3","2","","0828","2","3","0","0","0","0","0","2","0","3","03","","N","","","","","","","","","","",""
"2022014801","1602","0","0","0","0","0","0","0","0","0","8","0","","67","02","2022","7","39.9714","-75.1594","1600","06","0","0","0","0","0","0","0","0","","0","0","0","15","1","1","01","","0","39 58:17.264","","00","75 09:34.278","3","0","0","0","67301","1","0","0","N","1","0","0","2","67301","0","","1","01","","N","N","N","0","","1","0","0","3","2","","1530","1","2","0","0","0","0","1","2","0","1","03","03","N","","","","","","","","","","",""
"2022015763","0910","0","0","0","0","0","0","0","0","0","1","0","","67","01","2022","2","39.9992","-75.1386","0903","06","0","0","0","0","0","0","0","0","","0","0","0","08","1","0","00","N","0","39 59:57.029","","00","75 08:19.128","0","0","0","0","67301","0","0","0","N","0","0","0","2","67301","0","","1","02","","N","N","N","0","","0","0","0","0","0","","0810","0","2","0","0","0","0","0","2","2","2","10","03","N","","","","","","","","","","",""
"2022014792","1322","2","0","0","0","0","0","0","0","0","2","0","","67","01","2022","1","39.9849","-75.1575","1322","06","0","0","0","0","0","0","0","0","","0","0","0","13","1","2","01","","2","39 59:05.480","7","00","75 09:27.133","3","0","0","0","67301","0","0","0","N","0","0","0","4","67301","0","","1","01","1450","N","N","N","1","","2","0","0","0","0","Y","1322","2","3","0","0","0","0","0","2","0","3","03","03","N","","","","","","","","","","",""
"2022014802","1217","0","0","0","0","0","0","0","0","0","8","0","","67","01","2022","2","39.9946","-75.0945","1217","06","0","0","0","0","0","0","0","0","","0","0","0","12","1","1","00","N","0","39 59:40.673","","07","75 05:40.311","8","0","0","0","67301","1","0","0","N","1","0","0","2","67301","0","","5","01","","N","N","N","0","","0","0","1","0","0","","1217","1","2","0","0","0","1","0","2","0","1","03","03","N","","","","","","","","","","",""
"2022013775","2102","2","0","0","0","0","0","0","0","0","1","0","","67","02","2022","7","39.9977","-75.196","2058","06","0","0","0","0","0","0","0","0","","0","0","0","20","3","2","00","N","0","39 59:51.718","","00","75 11:45.550","8","0","0","0","67301","0","0","0","N","0","0","0","8","68K01","0","","1","01","","N","N","N","0","","0","0","0","0","0","","2054","2","3","0","0","4","2","1","2","0","3","03","03","N","","","","","","","","","","",""
"2022014700","0105","0","0","0","0","0","0","0","0","0","7","0","","67","02","2022","6","40.0431","-75.1936","0102","06","0","0","0","0","0","0","0","0","","0","0","0","00","3","1","00","N","1","40 02:35.117","2","00","75 11:36.847","8","0","0","0","67301","0","0","0","N","0","0","0","1","67301","0","","5","09","0230","N","N","N","0","","0","0","1","0","0","Y","0050","1","1","0","0","0","1","0","2","0","1","07","07","N","","","","","","","","","","",""
"2022014708","1326","2","0","0","0","0","0","0","0","0","4","0","","67","01","2022","5","40.0272","-75.0624","1318","06","0","0","0","1","0","0","0","0","","0","0","0","13","1","1","03","","1","40 01:37.895","3","00","75 03:44.712","4","0","0","0","67301","0","0","0","N","0","0","0","2","67301","1","","1","09","1340","N","N","N","0","","0","0","0","3","3","N","1306","1","2","0","0","1","0","0","2","0","2","04","","N","","","","","","","","","","",""
"2022014383","1802","1","0","0","0","0","0","0","0","0","1","0","","67","02","2022","6","39.9968","-75.0822","1802","06","0","0","0","0","0","0","0","0","","0","0","0","17","3","0","00","N","0","39 59:48.505","","00","75 04:55.861","0","0","0","0","67301","0","0","0","N","0","0","0","2","68K01","0","","1","09","","N","N","N","0","","0","0","1","0","0","","1741","0","2","0","0","0","0","0","2","0","2","07","","N","","","","","","","","","","",""
"2022015717","0847","1","0","0","0","0","0","0","0","0","1","0","","67","02","2022","4","39.9596","-75.1752","0836","06","0","0","0","0","0","0","0","0","","0","0","0","08","1","1","00","N","1","39 57:34.389","4","00","75 10:30.899","3","0","0","0","67301","0","0","0","N","0","0","0","2","68K01","0","","1","01","1000","N","N","N","0","","1","0","1","0","0","N","0832","1","2","0","0","0","0","0","2","0","2","03","03","N","","","","","","","","","","",""
"2022014606","2212","3","0","0","0","0","0","0","0","0","6","0","","67","01","2022","6","40.0808","-74.972","2209","06","0","0","0","0","0","0","0","0","","0","0","0","22","3","2","00","N","0","40 04:51.040","","00","74 58:19.070","3","0","0","0","67301","0","0","0","N","0","0","0","2","67301","0","","6","01","","N","N","N","0","","2","0","1","0","0","","2205","2","4","0","0","0","0","0","2","0","4","03","03","N","","","","","","","","","","",""
"2022014813","0855","0","0","0","0","0","0","0","0","0","5","0","","67","01","2022","1","40.0021","-75.1324","0955","06","0","0","0","0","0","0","0","0","","0","0","0","08","1","1","00","N","2","40 00:07.510","3","00","75 07:56.550","8","0","0","0","67301","0","0","0","N","0","0","0","1","67301","0","","1","01","0030","N","N","N","0","","0","0","1","0","0","Y","0840","1","2","0","0","0","1","0","2","1","2","03","03","N","","","","","","","","","","",""
"2022014705","1627","2","0","0","0","0","0","0","0","0","4","0","","67","02","2022","3","40.0767","-75.1762","1621","06","0","0","0","0","1","0","0","1","","0","0","0","16","1","1","01","","0","40 04:36.177","","00","75 10:34.240","3","0","0","0","67301","0","0","0","N","0","0","0","2","67301","0","","1","01","","N","N","N","0","","1","0","0","3","3","","1620","1","2","0","0","0","0","0","2","0","2","03","03","N","","","","","","","","","","",""
"2022014651","1715","2","0","0","0","0","0","0","0","0","1","0","","67","02","2022","3","39.9415","-75.238","1711","06","0","0","0","0","0","0","0","0","","0","0","0","16","1","1","02","","0","39 56:29.575","","00","75 14:16.891","3","0","0","0","67301","0","0","0","N","0","0","0","2","67301","0","","1","01","","N","N","N","0","","1","0","0","0","0","","1629","1","2","0","0","0","0","0","2","0","2","03","03","N","","","","","","","","","","",""
"2022014732","2112","2","0","0","0","0","0","0","0","0","4","0","","67","02","2022","3","40.0343","-75.0386","2106","06","0","0","0","0","0","2","0","0","","0","0","0","20","3","0","01","","0","40 02:03.656","","00","75 02:18.792","0","0","0","0","67301","0","0","0","N","0","0","0","2","67301","0","","1","01","","N","N","N","0","","0","0","0","3","2","","2053","0","2","0","0","0","0","0","2","0","2","03","","N","","","","","","","","","","",""
"2022013508","1242","0","0","0","0","0","0","0","0","0","5","1","","67","01","2022","6","39.9498","-75.184","1227","06","0","0","0","0","0","1","0","0","","0","1","0","11","1","2","00","N","2","39 56:59.212","3","00","75 11:02.351","3","0","0","0","67301","0","0","0","N","0","0","0","3","68K01","0","","1","09","1245","N","N","N","0","","1","0","1","0","0","N","1149","2","2","0","0","0","1","0","2","0","2","10","","N","","","","","","","","","","",""
"2022015710","0510","1","0","0","0","0","0","0","0","0","7","0","","67","02","2022","3","39.9686","-75.1913","0504","06","0","0","0","0","0","0","0","0","","0","0","0","04","3","0","00","N","0","39 58:06.781","","00","75 11:28.817","0","0","0","0","67301","0","0","0","N","0","0","0","1","68K01","0","","2","09","","N","N","N","0","","0","0","0","0","0","","0454","0","1","0","0","0","0","0","2","0","1","03","","N","","","","","","","","","","",""
"2022013955","0143","2","0","0","0","0","0","0","0","0","5","0","","67","02","2022","1","39.9919","-75.2022","0142","06","0","0","0","0","0","0","0","0","","0","0","0","01","2","1","00","N","1","39 59:30.703","4","00","75 12:07.882","8","0","0","0","67301","0","0","0","N","0","0","0","5","68K01","0","","1","01","0215","N","N","N","0","","0","0","1","0","0","N","0140","1","4","0","0","0","1","1","2","0","4","03","03","N","","","","","","","","","","",""
"2022013509","0755","1","0","0","0","0","0","0","0","0","7","0","","67","01","2022","7","39.889","-75.2182","0730","06","0","0","0","0","0","1","0","0","","0","0","0","07","1","1","00","N","1","39 53:20.377","2","00","75 13:05.511","8","0","0","0","67301","0","0","0","N","0","0","0","1","68K01","0","","4","07","0820","N","N","N","0","","0","0","0","0","0","N","0730","1","1","0","0","0","1","0","2","0","1","10","","N","","","","","","","","","","",""
"2022007577","0612","2","0","0","0","0","0","0","0","0","1","0","","67","01","2022","7","40.0032","-75.1525","0609","06","0","0","0","0","0","0","0","0","","0","0","0","06","3","1","01","","0","40 00:11.467","","00","75 09:09.273","8","0","0","0","67301","0","0","0","N","0","0","0","2","67505","0","","1","01","","N","N","N","0","","0","0","0","3","2","","0600","1","3","0","0","0","1","0","2","1","3","03","","N","","","","","","","","","","",""
"2022014859","0455","1","0","0","0","0","0","0","0","0","1","0","","67","01","2022","1","40.0259","-75.1231","0450","06","0","0","0","0","0","0","0","0","","0","1","0","04","3","0","00","N","0","40 01:33.413","","00","75 07:23.164","0","0","0","0","67301","0","0","0","N","0","0","0","2","67301","0","","6","02","","N","N","N","0","","0","0","0","0","0","","0440","0","2","0","0","0","0","0","2","0","2","03","03","N","","","","","","","","","","",""
"2022014784","1150","1","0","0","0","0","0","0","0","0","4","0","","67","02","2022","5","40.0103","-75.2071","1130","06","0","0","0","0","0","0","0","0","","0","0","0","09","1","1","07","","9","40 00:37.227","","00","75 12:25.505","3","0","0","0","67301","0","0","0","N","0","0","0","3","67301","0","","1","99","","N","N","N","0","","1","0","1","0","0","","0950","1","2","0","0","0","0","2","2","0","2","04","04","N","","","","","","","","","","",""
"2022013781","0422","1","0","0","0","0","0","0","0","0","7","0","","67","02","2022","1","39.9584","-75.1802","0419","06","0","0","0","0","0","0","0","0","","0","0","0","04","3","3","00","N","1","39 57:30.115","4","00","75 10:48.849","4","0","0","0","67301","0","0","0","N","0","0","0","3","68K01","1","","7","01","0500","N","N","N","0","","0","0","0","0","0","N","0419","3","1","0","0","2","2","0","2","0","1","03","","N","","","","","","","","","","",""
"2022004246","0916","0","0","0","0","0","0","0","0","0","8","0","","67","01","2022","3","39.9546","-75.1817","0911","06","0","0","0","0","0","0","0","0","","1","0","0","07","1","0","00","Y","0","39 57:16.780","","00","75 10:54.160","1","0","0","0","67301","1","1","0","N","1","1","0","2","67301","0","2","1","01","","N","N","N","0","0","0","0","0","0","0","","0736","0","2","0","0","0","0","0","2","1","1","03","03","N","","","","","","","","","","",""
"2022007609","1145","1","0","0","1","0","0","0","0","0","8","0","","67","01","2022","7","39.9787","-75.1582","1143","06","0","0","0","0","0","0","0","0","","0","0","0","11","1","1","00","N","0","39 58:43.413","","07","75 09:29.506","8","0","0","0","67301","1","0","0","N","0","0","0","3","67505","0","","1","01","","N","N","N","0","","0","0","0","0","0","","1135","1","2","0","0","2","1","0","2","0","1","03","","N","","","","","","","","","","",""
"2022014714","2101","1","0","0","0","0","0","0","0","0","5","1","","67","01","2022","1","40.0313","-75.0539","2053","06","0","0","0","0","0","0","1","0","","0","1","0","20","3","0","00","N","0","40 01:52.778","","00","75 03:14.159","0","0","0","0","67301","0","0","0","N","0","0","0","1","67301","0","","6","01","","N","N","N","0","","0","0","0","0","0","","2048","0","2","0","0","0","0","0","2","0","2","03","","N","","","","","","","","","","",""
"2022015582","1957","2","0","0","0","0","0","0","0","0","5","0","","67","02","2022","5","39.9501","-75.1457","1953","06","0","0","0","0","0","0","0","0","","0","0","0","19","3","1","00","N","1","39 57:00.433","1","00","75 08:44.489","3","0","0","0","67301","0","0","0","N","0","0","0","4","67301","0","","1","01","2020","N","N","N","0","","1","0","0","3","2","N","1947","1","2","0","0","1","0","1","2","0","2","03","03","N","","","","","","","","","","",""
"2022014871","1150","2","0","0","0","0","0","0","0","0","3","0","","67","02","2022","7","40.037","-75.1304","1149","06","1","0","0","0","0","0","0","0","","0","0","0","11","1","0","00","N","0","40 02:13.160","","00","75 07:49.400","0","0","0","0","67301","0","0","0","N","0","0","0","2","67301","0","","1","01","","N","N","N","0","","0","0","0","0","0","","1149","0","2","0","0","0","0","0","2","0","2","03","","N","","","","","","","","","","",""
"2022014696","1112","2","0","0","0","0","0","0","0","0","4","0","","67","02","2022","3","40.0808","-75.2027","1108","06","0","0","0","0","0","0","1","0","","0","0","0","11","1","0","01","","0","40 04:51.446","","00","75 12:09.698","0","0","0","0","67301","0","0","0","N","0","0","0","2","67301","0","","1","01","","N","N","N","0","","0","0","0","3","2","","1108","0","2","0","0","0","0","0","2","0","2","03","","N","","","","","","","","","","",""
"2022015356","0934","2","0","0","0","0","0","0","0","0","4","0","","67","02","2022","5","40.0094","-75.1681","0934","06","0","0","0","0","0","1","0","0","","0","0","0","09","1","1","02","","0","40 00:33.697","","00","75 10:05.099","4","0","0","0","67301","0","0","0","N","0","0","0","2","67301","1","","1","01","","N","N","N","0","","0","0","0","3","3","","0930","1","2","0","0","0","0","0","2","0","2","03","","N","","","","","","","","","","",""
"2022015679","0954","1","0","0","0","0","0","0","0","0","7","0","","67","01","2022","7","39.9843","-75.2083","0948","06","0","0","0","0","0","0","0","0","","0","0","0","09","1","1","00","N","0","39 59:03.461","","00","75 12:30.024","4","0","0","0","67301","0","0","0","N","0","0","0","2","68K01","1","","2","07","","N","N","N","0","","0","0","0","0","0","","0939","1","1","0","0","0","0","0","2","0","1","10","04","N","","","","","","","","","","",""
"2022015233","1615","1","0","0","0","0","0","0","0","0","4","0","","67","02","2022","4","39.9741","-75.1179","1558","06","0","0","0","0","0","0","0","0","","0","0","0","15","1","1","01","","0","39 58:26.673","","00","75 07:04.312","3","0","0","0","67301","0","0","0","N","0","0","0","2","67301","0","","1","01","","N","N","N","0","","1","0","1","3","2","","1515","1","2","0","0","0","0","1","2","0","2","03","03","N","","","","","","","","","","",""
"2022014901","1204","3","0","0","0","0","0","0","0","0","4","0","","67","02","2022","6","40.0021","-75.1695","1202","06","0","0","0","0","0","0","0","0","","0","0","0","11","1","0","01","","0","40 00:07.491","","00","75 10:10.041","0","0","0","0","67301","0","0","0","N","0","0","0","2","67301","0","","1","09","","N","N","N","0","","0","0","0","3","3","","1141","0","3","0","0","0","0","0","2","0","3","07","","N","","","","","","","","","","",""
"2022013423","1349","1","0","0","0","0","0","0","0","0","1","0","","67","01","2022","5","40.0217","-75.0394","1336","06","0","0","0","0","0","0","0","0","","0","0","0","13","1","0","00","N","2","40 01:17.989","1","00","75 02:21.857","0","0","0","0","67301","0","0","0","N","0","0","0","2","68K01","0","","1","01","1350","N","N","N","0","","0","0","1","0","0","N","1331","0","2","0","0","0","0","0","2","0","2","03","03","N","","","","","","","","","","",""
"2022014757","2337","2","0","0","0","0","0","0","0","0","4","0","","67","01","2022","3","39.9524","-75.2428","2337","06","0","0","0","0","0","0","0","0","","0","0","0","23","3","0","01","","0","39 57:08.765","","00","75 14:33.903","0","0","0","0","67301","0","0","0","N","0","0","0","1","67301","0","","1","01","","N","N","N","0","","0","0","0","3","2","","2335","0","2","0","0","0","0","0","2","0","2","03","03","N","","","","","","","","","","",""
"2022014789","0422","1","0","0","0","0","0","1","0","0","4","1","","67","01","2022","7","39.9863","-75.1688","0418","06","0","0","0","0","0","1","0","0","","0","0","0","03","3","0","01","","0","39 59:10.654","","00","75 10:07.654","9","0","0","0","67301","0","0","0","N","0","0","0","2","67301","0","","1","01","","Y","N","N","0","","0","0","0","3","3","","0330","0","2","0","0","0","0","1","2","0","2","03","03","N","","","","","","","","","","",""