"CRN","ARRIVAL_TM","AUTOMOBILE_COUNT","BELTED_DEATH_COUNT","BELTED_SUSP_SERIOUS_INJ_COUNT","BICYCLE_COUNT","BICYCLE_DEATH_COUNT","BICYCLE_SUSP_SERIOUS_INJ_COUNT","BUS_COUNT","CHLDPAS_DEATH_COUNT","CHLDPAS_SUSP_SERIOUS_INJ_COUNT","COLLISION_TYPE","COMM_VEH_COUNT","CONS_ZONE_SPD_LIM","COUNTY","CRASH_MONTH","CRASH_YEAR","DAY_OF_WEEK","DEC_LAT","DEC_LONG","DISPATCH_TM","DISTRICT","DRIVER_COUNT_16YR","DRIVER_COUNT_17YR","DRIVER_COUNT_18YR","DRIVER_COUNT_19YR","DRIVER_COUNT_20YR","DRIVER_COUNT_50_64YR","DRIVER_COUNT_65_74YR","DRIVER_COUNT_75PLUS","EST_HRS_CLOSED","FATAL_COUNT","HEAVY_TRUCK_COUNT","HORSE_BUGGY_COUNT","HOUR_OF_DAY","ILLUMINATION","INJURY_COUNT","INTERSECT_TYPE","INTERSECTION_RELATED","LANE_CLOSED","LATITUDE","LN_CLOSE_DIR","LOCATION_TYPE","LONGITUDE","MAX_SEVERITY_LEVEL","MCYCLE_DEATH_COUNT","MCYCLE_SUSP_SERIOUS_INJ_COUNT","MOTORCYCLE_COUNT","MUNICIPALITY","NONMOTR_COUNT","NONMOTR_DEATH_COUNT","NONMOTR_SUSP_SERIOUS_INJ_COUNT","NTFY_HIWY_MAINT","PED_COUNT","PED_DEATH_COUNT","PED_SUSP_SERIOUS_INJ_COUNT","PERSON_COUNT","POLICE_AGCY","POSSIBLE_INJ_COUNT","RDWY_SURF_TYPE_CD","RELATION_TO_ROAD","ROAD_CONDITION","ROADWAY_CLEARED","SCH_BUS_IND","SCH_ZONE_IND","SECONDARY_CRASH","SMALL_TRUCK_COUNT","SPEC_JURIS_CD","SUSP_MINOR_INJ_COUNT","SUSP_SERIOUS_INJ_COUNT","SUV_COUNT","TCD_FUNC_CD","TCD_TYPE","TFC_DETOUR_IND","TIME_OF_DAY","TOT_INJ_COUNT","TOTAL_UNITS","UNB_DEATH_COUNT","UNB_SUSP_SERIOUS_INJ_COUNT","UNBELTED_OCC_COUNT","UNK_INJ_DEG_COUNT","UNK_INJ_PER_COUNT","URBAN_RURAL","VAN_COUNT","VEHICLE_COUNT","WEATHER1","WEATHER2","WORK_ZONE_IND","WORK_ZONE_LOC","WORK_ZONE_TYPE","WORKERS_PRES","WZ_CLOSE_DETOUR","WZ_FLAGGER","WZ_LAW_OFFCR_IND","WZ_LN_CLOSURE","WZ_MOVING","WZ_OTHER","WZ_SHLDER_MDN","WZ_WORKERS_INJ_KILLED"
"2022110736","","1","0","0","0","0","0","0","0","0","1","0","","67","09","2022","7","39.9531","-75.1819","","06","0","0","0","1","0","0","0","0","","0","0","0","05","1","1","01","","0","39 57:11.151","","02","75 10:54.540","8","0","0","0","67301","0","0","0","N","0","0","0","2","00000","0","","1","01","","","","N","0","","0","0","0","3","2","","0530","1","2","0","0","0","1","0","2","0","2","03","","N","","","","","","","","","","",""
"2022087242","0202","0","0","0","0","0","0","0","0","0","1","0","","67","09","2022","5","39.9787","-75.1578","0200","06","0","0","0","0","0","0","0","0","","0","0","0","01","3","1","01","","0","39 58:43.293","","00","75 09:28.577","2","0","1","2","67301","0","0","0","N","0","0","0","2","67505","0","","1","01","","N","N","N","0","","0","1","0","3","2","","0157","1","2","0","0","0","0","1","2","0","2","03","03","N","","","","","","","","","","",""
"2022086918","2349","0","0","0","0","0","0","0","0","0","7","0","","67","09","2022","1","40.036","-75.0161","2334","06","0","0","0","0","0","0","0","0","","0","0","0","23","3","1","00","N","1","40 02:09.479","1","00","75 00:57.979","8","0","0","0","67301","0","0","0","N","0","0","0","1","68K01","0","","2","09","0011","N","N","Y","1","","0","0","0","0","0","N","2332","1","1","0","0","0","1","0","2","0","1","07","","N","","","","","","","","","","",""
"2022083610","1607","0","0","0","0","0","0","0","0","0","8","0","","67","09","2022","6","40.0516","-75.1748","1603","06","0","0","0","0","0","0","0","0","","0","0","0","16","1","1","00","N","0","40 03:05.828","","00","75 10:29.348","2","0","0","0","67301","1","0","1","N","1","0","1","2","67301","0","","1","01","","N","N","N","0","","0","1","1","0","0","","1600","1","2","0","0","1","0","0","2","0","1","03","03","N","","","","","","","","","","",""
"2022088286","0925","2","0","0","0","0","0","0","0","0","4","0","","67","09","2022","6","39.9808","-75.1197","0925","06","0","0","0","0","0","0","0","0","","0","0","0","06","1","0","01","","0","39 58:51.023","","00","75 07:10.979","0","0","0","0","67301","0","0","0","N","0","0","0","2","67301","0","","1","99","","N","N","N","0","","0","0","0","3","3","","0630","0","2","0","0","2","0","0","2","0","2","03","","N","","","","","","","","","","",""
"2022097365","1245","0","0","0","0","0","0","0","0","0","5","0","","67","09","2022","4","40.009","-75.0687","1216","06","0","0","1","0","0","0","0","0","","0","0","0","12","1","0","00","N","1","40 00:32.308","2","03","75 04:07.372","0","0","0","0","67301","0","0","0","N","0","0","0","2","68K01","0","","1","01","1409","N","N","N","0","","0","0","2","0","0","N","1209","0","2","0","0","1","0","0","2","0","2","03","","N","","","","","","","","","","",""
"2022114690","1928","0","0","0","0","0","0","0","0","0","7","0","","67","12","2022","7","40.0193","-75.191","1926","06","0","0","0","0","0","0","0","0","","0","0","0","19","3","1","00","N","2","40 01:09.304","2","00","75 11:27.768","4","0","0","0","67301","0","0","0","N","0","0","0","1","67301","1","","5","09","2022","N","N","N","0","","0","0","1","0","0","Y","1925","1","1","0","0","0","0","0","2","0","1","07","04","N","","","","","","","","","","",""
"2022100200","","2","0","0","0","0","0","0","0","0","1","0","","67","08","2022","3","","","","06","0","0","0","0","0","0","0","1","","0","0","0","15","1","1","01","","0","","","00","","8","0","0","0","67301","0","0","0","N","0","0","0","2","00000","0","","1","01","","","","N","0","","0","0","0","3","2","","1500","1","2","0","0","1","1","0","1","0","2","03","","N","","","","","","","","","","",""
"2022104386","2025","1","0","0","0","0","0","0","0","0","5","1","","67","11","2022","5","40.105","-75.0017","2014","06","0","0","0","0","0","0","1","0","","0","1","0","17","1","2","02","","0","40 06:17.915","","00","75 00:06.177","8","0","0","0","67301","0","0","0","N","0","0","0","3","67301","0","","1","01","","N","N","N","0","","0","0","0","3","2","","1715","2","2","0","0","0","2","0","2","0","2","03","","N","","","","","","","","","","",""
"2022098150","2030","2","0","0","0","0","0","0","0","0","5","0","","67","09","2022","7","39.9282","-75.1512","2013","06","0","0","0","0","0","0","1","0","","0","0","0","19","3","1","00","N","1","39 55:41.650","4","00","75 09:04.430","3","0","0","0","67301","0","0","0","N","0","0","0","1","67301","0","","6","01","1030","N","N","N","0","","1","0","1","0","0","Y","1949","1","3","0","0","0","0","0","2","0","3","03","","N","","","","","","","","","","",""
"2022091246","1655","0","0","0","0","0","0","0","0","0","1","0","","67","09","2022","7","40.023","-75.0363","1643","06","0","0","0","0","1","0","0","0","","0","0","0","16","1","0","00","N","1","40 01:22.709","2","00","75 02:10.609","0","0","0","1","67301","0","0","0","N","0","0","0","5","68K01","0","","1","01","1743","N","N","N","0","","0","0","1","3","8","N","1643","0","2","0","0","0","0","0","2","0","2","03","03","N","","","","","","","","","","",""
"2022114089","1741","1","0","0","0","0","0","0","0","0","5","1","","67","12","2022","5","40.0182","-75.1695","1735","06","0","0","0","0","0","0","1","0","","0","1","0","17","4","1","00","N","2","40 01:05.410","1","00","75 10:10.354","8","0","0","0","67301","0","0","0","N","0","0","0","2","67301","0","","1","01","1917","N","N","N","0","","0","0","0","0","0","N","1730","1","2","0","0","0","1","0","2","0","2","03","","N","","","","","","","","","","",""
"2022105809","0036","1","0","0","0","0","0","0","0","0","7","0","","67","11","2022","6","40.0427","-75.1297","0035","06","0","0","0","0","0","0","0","0","","0","0","0","00","3","1","00","N","0","40 02:33.550","","00","75 07:47.050","3","0","0","0","67301","0","0","0","N","0","0","0","1","67301","0","","4","01","","N","N","N","0","","1","0","0","0","0","","0030","1","1","0","0","0","0","0","2","0","1","03","","N","","","","","","","","","","",""
"2022103087","1120","1","0","0","0","0","0","1","0","0","5","1","","67","10","2022","3","39.979","-75.2168","1050","06","0","0","0","0","0","1","0","0","","0","0","0","10","1","1","02","","0","39 58:44.533","","00","75 13:00.598","4","0","0","0","67301","0","0","0","N","0","0","0","3","67508","1","","1","01","","N","N","Y","0","","0","0","0","0","0","","1050","1","2","0","0","0","0","0","2","0","2","03","03","N","","","","","","","","","","",""
"2022104173","1415","0","0","0","0","0","0","2","0","0","4","2","","67","10","2022","4","40.0282","-75.0389","1400","06","0","0","0","0","0","2","0","0","","0","0","0","14","1","2","01","","1","40 01:41.450","3","00","75 02:20.031","4","0","0","0","67301","0","0","0","N","0","0","0","4","67508","1","","1","01","9999","Y","N","N","0","","0","0","0","3","2","N","1400","2","2","0","0","0","1","2","2","0","2","03","03","N","","","","","","","","","","",""
"2022098736","0010","1","0","0","0","0","0","0","0","0","2","0","","67","09","2022","3","40.0066","-75.1471","0000","06","0","0","1","0","0","0","0","0","","0","0","0","00","3","0","00","N","0","40 00:23.910","","00","75 08:49.660","0","0","0","0","67301","0","0","0","N","0","0","0","1","67301","0","","1","01","","N","N","N","0","","0","0","4","0","0","","0000","0","5","0","0","0","0","0","2","0","5","03","03","N","","","","","","","","","","",""
"2022104145","1444","0","0","0","0","0","0","0","0","0","7","1","","67","11","2022","6","40.0506","-75.1915","1356","06","0","0","0","0","0","0","0","0","","0","1","0","13","1","0","00","N","2","40 03:02.100","7","01","75 11:29.290","0","0","0","0","67301","0","0","0","N","0","0","0","1","67301","0","","1","01","1850","N","N","Y","0","","0","0","0","0","0","Y","1332","0","1","0","0","1","0","0","2","0","1","03","03","N","","","","","","","","","","",""
"2022103475","0815","1","0","0","0","0","0","0","0","0","1","0","","67","09","2022","5","40.0075","-75.2004","0804","06","0","0","0","0","0","0","0","0","","0","0","0","08","1","1","00","N","0","40 00:27.068","","00","75 12:01.469","3","0","0","1","67301","0","0","0","N","0","0","0","2","68K01","0","","1","01","","N","N","N","0","","1","0","0","0","0","","0803","1","2","0","0","0","0","0","2","0","2","03","03","N","","","","","","","","","","",""
"2022102043","","0","0","0","0","0","0","0","0","0","4","0","","67","10","2022","6","39.9872","-75.1755","","06","0","0","0","0","0","0","0","0","","0","0","0","14","1","1","01","","0","39 59:13.822","","00","75 10:31.872","8","0","0","0","67301","0","0","0","N","0","0","0","2","00000","0","","1","01","","","","N","0","","0","0","1","0","0","","1430","1","2","0","0","1","1","0","2","1","2","03","","N","","","","","","","","","","",""
"2022098811","0217","0","0","0","0","0","0","0","0","0","1","0","","67","09","2022","3","39.9555","-75.2014","0216","06","0","0","0","0","0","0","0","0","","0","0","0","02","3","1","00","N","0","39 57:19.885","","00","75 12:04.901","4","0","0","0","67301","0","0","0","N","0","0","0","1","67504","1","","6","01","","N","N","Y","0","","0","0","2","0","0","","0216","1","2","0","0","0","0","0","2","0","2","03","03","N","","","","","","","","","","",""
"2022087246","1600","0","0","0","0","0","0","0","0","0","4","0","","67","09","2022","3","40.0014","-75.1515","1555","06","0","0","0","0","0","0","0","0","","0","0","0","15","1","1","01","","0","40 00:05.120","","00","75 09:05.565","3","0","0","0","67301","0","0","0","N","0","0","0","2","67301","0","","1","01","","N","N","N","0","","1","0","2","3","3","","1545","1","2","0","0","1","0","0","2","0","2","03","03","N","","","","","","","","","","",""
"2022116339","0753","0","0","0","0","0","0","0","0","0","4","0","","67","12","2022","4","40.044","-75.0754","0746","06","0","0","0","0","0","1","0","0","","0","0","0","07","1","1","01","","0","40 02:38.461","","00","75 04:31.429","3","0","0","0","67301","0","0","0","N","0","0","0","3","67301","0","","1","09","","N","N","N","0","","1","0","2","3","3","","0740","1","2","0","0","0","0","0","2","0","2","04","07","N","","","","","","","","","","",""
"2022097021","0213","1","0","0","0","0","0","0","0","0","5","0","","67","09","2022","7","39.9723","-75.2488","0208","06","0","0","0","0","0","0","0","0","","0","0","0","18","1","1","01","","0","39 58:20.364","","00","75 14:55.925","3","0","0","0","67301","0","0","0","N","0","0","0","2","67301","0","","1","01","","N","N","N","0","","1","0","1","3","2","","1813","1","2","0","0","0","0","0","2","0","2","03","03","N","","","","","","","","","","",""
"2022105121","1801","0","0","0","0","0","0","0","0","0","8","0","","67","10","2022","2","39.901","-75.1694","1800","06","0","0","0","0","0","0","0","0","","0","0","0","01","3","2","00","N","9","39 54:03.520","","00","75 10:09.690","2","0","0","0","67301","2","0","1","N","2","0","1","3","67301","0","","1","99","","N","N","N","1","","1","1","0","0","0","","0102","2","3","0","0","0","0","1","2","0","1","99","","N","","","","","","","","","","",""
"2022103313","2331","1","0","0","0","0","0","0","0","0","7","0","","67","11","2022","6","39.969","-75.1278","2329","06","0","0","0","0","0","0","0","0","","0","0","0","23","3","1","00","N","0","39 58:08.392","","00","75 07:40.120","8","0","0","0","67301","0","0","0","N","0","0","0","1","68K01","0","","4","01","","N","N","N","0","","0","0","0","0","0","","2327","1","1","0","0","1","1","0","2","0","1","03","03","N","","","","","","","","","","",""
"2022083603","0317","1","0","0","0","0","0","0","0","0","7","0","","67","09","2022","6","39.9578","-75.1642","0315","06","0","0","0","0","0","0","0","0","","0","0","0","03","3","1","02","","0","39 57:27.800","","02","75 09:51.300","3","0","0","0","67301","0","0","0","N","0","0","0","1","67301","0","","4","01","","N","N","N","0","","1","0","0","3","2","","0311","1","1","0","0","1","0","0","2","0","1","03","03","N","","","","","","","","","","",""
"2022115119","2355","3","0","0","0","0","0","0","0","0","4","0","","67","12","2022","7","40.0453","-75.157","2340","06","0","0","0","0","0","0","0","0","","0","0","0","23","3","1","00","N","2","40 02:43.040","4","00","75 09:25.180","3","0","0","0","67301","0","0","0","N","0","0","0","1","67301","0","","1","01","0128","N","N","N","1","","1","0","0","0","0","N","2339","1","4","0","0","0","0","0","2","0","4","03","03","N","","","","","","","","","","",""
"2022087433","0008","1","0","0","0","0","0","0","0","0","1","0","","67","09","2022","5","40.0079","-75.1919","0010","06","0","0","0","0","0","0","0","0","","0","0","0","00","3","1","00","N","0","40 00:28.466","","03","75 11:30.916","3","0","0","0","67301","0","0","0","N","0","0","0","2","67301","0","","1","01","","N","N","N","0","","1","0","1","0","0","","0005","1","2","0","0","0","0","1","2","0","2","03","03","N","","","","","","","","","","",""
"2022102778","0818","1","0","0","0","0","0","0","0","0","1","0","","67","09","2022","5","39.94","-75.1435","0818","06","0","0","0","0","0","0","0","0","","0","0","0","08","1","2","00","N","2","39 56:23.899","2","02","75 08:36.577","8","0","0","0","67301","0","0","0","N","0","0","0","3","68K01","0","","1","01","0845","N","N","N","0","","0","0","1","0","0","N","0815","2","2","0","0","0","2","0","2","0","2","03","03","N","","","","","","","","","","",""
"2022116665","2345","2","0","0","0","0","0","0","0","0","4","0","","67","12","2022","2","40.026","-75.1348","2345","06","0","0","0","0","0","0","0","0","","0","0","0","21","3","0","00","N","9","40 01:33.440","","00","75 08:05.330","0","0","0","0","67301","0","0","0","N","0","0","0","1","67301","0","","6","01","","N","N","N","1","","0","0","0","0","0","","2109","0","3","0","0","0","0","0","2","0","3","03","","N","","","","","","","","","","",""
"2022114235","0940","2","0","0","0","0","0","0","0","0","4","0","","67","12","2022","7","40.0496","-75.0956","0937","06","0","0","0","0","0","0","0","0","","0","0","0","09","1","2","01","","0","40 02:58.479","","00","75 05:44.227","3","0","0","0","67301","0","0","0","N","0","0","0","2","67301","0","","1","09","","N","N","N","0","","2","0","0","9","2","","0925","2","2","0","0","0","0","0","2","0","2","07","","N","","","","","","","","","","",""
"2022115371","2131","1","0","0","0","0","0","0","0","0","7","0","","67","11","2022","1","40.0383","-75.0106","2116","06","0","0","0","0","0","0","0","0","","0","0","0","21","3","0","00","N","0","40 02:17.796","","00","75 00:38.292","0","0","0","0","67301","0","0","0","N","0","0","0","1","68K01","0","","2","09","","N","N","N","0","","0","0","0","0","0","","2114","0","1","0","0","0","0","0","2","0","1","07","07","N","","","","","","","","","","",""
"2022089779","1528","0","0","0","0","0","0","0","0","0","8","0","","67","09","2022","7","39.9563","-75.1956","1528","06","0","0","0","0","0","0","0","0","","0","0","0","15","1","1","02","","0","39 57:22.801","","00","75 11:44.221","2","0","0","0","67301","1","0","1","N","1","0","1","2","67504","0","","1","01","","N","N","N","0","","0","1","1","3","2","","1523","1","2","0","0","0","0","0","2","0","1","03","03","N","","","","","","","","","","",""
"2022118595","0456","1","0","0","0","0","0","0","0","0","4","0","","67","12","2022","1","39.9432","-75.1774","0453","06","0","0","0","0","0","0","0","0","","0","0","0","04","3","1","01","","0","39 56:35.658","","00","75 10:38.579","8","0","0","0","67301","0","0","0","N","0","0","0","2","67301","0","","1","01","","N","N","N","0","","0","0","0","3","3","","0450","1","2","0","0","1","1","0","2","1","2","03","","N","","","","","","","","","","",""
"2022117873","1915","0","0","0","0","0","0","0","0","0","7","0","","67","12","2022","1","39.9826","-75.2078","1912","06","0","0","0","0","0","0","0","0","","0","0","0","19","3","0","00","N","1","39 58:57.335","4","00","75 12:27.913","0","0","0","0","67301","0","0","0","N","0","0","0","1","68K01","0","","2","09","1945","N","N","N","1","","0","0","0","0","0","N","1904","0","1","0","0","0","0","0","2","0","1","03","","N","","","","","","","","","","",""
"2022088503","1714","2","0","0","0","0","0","0","0","0","1","0","","67","09","2022","1","39.968","-75.1309","1709","06","0","0","0","0","0","2","1","0","","0","0","0","17","1","0","00","N","0","39 58:04.698","","00","75 07:51.388","0","0","0","0","67301","0","0","0","N","0","0","0","4","68K01","0","","1","09","","N","N","N","0","","0","0","0","0","0","","1708","0","3","0","0","0","0","0","2","1","3","03","03","N","","","","","","","","","","",""
"2022096956","1338","0","0","0","0","0","0","0","0","0","4","0","","67","09","2022","2","40.0034","-75.2206","1338","06","0","0","0","0","0","1","0","0","","0","0","0","13","1","1","00","N","1","40 00:12.098","2","00","75 13:14.011","3","0","0","0","67301","0","0","0","N","0","0","0","3","68K01","0","","1","01","0020","N","N","N","0","","1","0","2","0","0","N","1337","1","2","0","0","0","0","0","2","0","2","03","","N","","","","","","","","","","",""
"2022119281","1751","1","0","0","0","0","0","0","0","0","8","0","","67","12","2022","5","39.9492","-75.2414","1746","06","0","0","0","0","0","0","0","0","","0","0","0","17","3","1","01","","0","39 56:57.011","","00","75 14:29.057","3","0","0","0","67301","1","0","0","N","1","0","0","2","67301","0","","1","09","","N","N","N","0","","1","0","0","3","3","","1746","1","2","0","0","0","0","0","2","0","1","07","","N","","","","","","","","","","",""
"2022103699","0915","2","0","0","0","0","0","0","0","0","4","0","","67","09","2022","3","40.0255","-75.1235","0913","06","0","0","0","0","0","0","1","0","","0","0","0","08","1","0","01","","0","40 01:31.670","","00","75 07:24.541","0","0","0","0","67301","0","0","0","N","0","0","0","3","67301","0","","1","01","","N","N","N","0","","0","0","1","3","1","","0850","0","3","0","0","0","0","0","2","0","3","03","03","N","","","","","","","","","","",""
"2022089313","1850","2","0","0","0","0","0","0","0","0","4","1","","67","09","2022","3","39.9558","-75.2257","1849","06","0","0","0","0","0","0","0","0","","0","1","0","16","3","1","01","","0","39 57:20.911","","00","75 13:32.672","3","0","0","0","67301","0","0","0","N","0","0","0","3","67301","0","","1","01","","N","N","Y","0","","1","0","0","3","2","","1645","1","3","0","0","0","0","1","2","0","3","03","03","N","","","","","","","","","","",""
"2022117068","1340","1","0","0","0","0","0","1","0","0","4","1","","67","12","2022","5","39.9441","-75.1653","1320","06","0","0","0","0","0","1","0","0","","0","0","0","13","1","2","02","","0","39 56:38.733","","00","75 09:55.258","8","0","0","0","67301","0","0","0","N","0","0","0","4","67508","0","","1","01","","N","N","Y","0","","0","0","0","0","0","","1320","2","2","0","0","1","2","0","2","0","2","03","03","N","","","","","","","","","","",""
"2022119036","2340","0","0","0","0","0","0","0","0","0","4","0","","67","12","2022","1","40.0299","-75.1532","2340","06","0","0","0","0","0","0","0","1","","0","0","0","20","3","1","00","N","0","40 01:47.510","","00","75 09:11.570","3","0","0","0","67301","0","0","0","N","0","0","0","2","67301","0","","1","99","","N","N","N","0","","1","0","2","0","0","","2048","1","2","0","0","0","0","0","2","0","2","03","","N","","","","","","","","","","",""
"2022089289","2020","1","0","0","0","0","0","0","0","0","5","0","","67","09","2022","2","39.9257","-75.2429","2015","06","0","0","0","0","0","1","0","0","","0","0","0","20","2","0","00","N","0","39 55:32.400","","00","75 14:34.570","0","0","0","0","67301","0","0","0","N","0","0","0","1","67301","0","","6","01","","N","N","N","1","","0","0","2","0","0","","2009","0","5","0","0","0","0","0","2","1","5","03","98","N","","","","","","","","","","",""
"2022112902","","0","0","0","0","0","0","0","0","0","2","0","","67","10","2022","6","40.0049","-75.1543","","06","0","0","0","0","0","1","0","0","","0","0","0","08","1","1","00","N","0","40 00:17.800","","00","75 09:15.300","8","0","0","0","67301","0","0","0","N","0","0","0","2","00000","0","","1","01","","","","N","0","","0","0","1","0","0","","0800","1","2","0","0","0","1","0","2","0","2","03","","N","","","","","","","","","","",""
"2022092923","1535","2","0","0","0","0","0","0","0","0","1","0","","67","09","2022","7","39.9861","-75.2494","1535","06","0","0","0","0","0","0","0","0","","0","0","0","14","1","1","03","","0","39 59:09.855","","00","75 14:57.896","4","0","0","0","67301","0","0","0","N","0","0","0","3","67301","1","","1","01","","N","N","N","0","","0","0","1","0","0","","1420","1","3","0","0","0","0","2","2","0","3","03","03","N","","","","","","","","","","",""
"2022089341","1629","1","0","0","0","0","0","0","0","0","4","0","","67","09","2022","2","40.0547","-75.0048","1629","06","0","1","0","0","0","0","1","0","","0","0","0","12","1","0","01","","0","40 03:17.072","","00","75 00:17.300","9","0","0","0","67301","0","0","0","N","0","0","0","2","67301","0","","1","01","","N","N","N","0","","0","0","0","3","2","","1230","0","2","0","0","1","0","1","2","1","2","03","03","N","","","","","","","","","","",""
"2022088962","1050","1","0","0","0","0","0","0","0","0","1","0","","67","09","2022","7","40.072","-75.013","1043","06","0","0","0","0","0","0","0","0","","0","0","0","10","1","1","01","","1","40 04:19.713","4","00","75 00:46.648","3","0","0","0","67301","0","0","0","N","0","0","0","4","67301","0","","1","01","0020","N","N","N","0","","1","0","1","3","2","N","1035","1","2","0","0","1","0","0","2","0","2","03","03","N","","","","","","","","","","",""
"2022088318","0944","2","0","0","0","0","0","0","0","0","7","0","","67","09","2022","7","40.0637","-75.1528","0939","06","0","0","0","1","0","0","0","0","","0","0","0","23","3","1","00","N","0","40 03:49.480","","00","75 09:10.120","3","0","0","0","67301","0","0","0","N","0","0","0","1","67301","0","","4","01","","N","N","N","0","","1","0","1","0","0","","2300","1","3","0","0","0","0","0","2","0","3","03","98","N","","","","","","","","","","",""
"2022118711","0127","0","0","0","0","0","0","0","0","0","7","0","","67","12","2022","4","39.9825","-75.2077","0122","06","0","0","0","0","0","1","0","0","","0","0","0","01","3","1","00","N","0","39 58:56.908","","00","75 12:27.690","3","0","0","0","67301","0","0","0","N","0","0","0","1","68K01","0","","2","09","","N","N","N","0","","1","0","1","0","0","","0120","1","1","0","0","0","0","0","2","0","1","07","","N","","","","","","","","","","",""
"2022091616","1727","1","0","0","0","0","0","0","0","0","5","0","","67","09","2022","7","39.978","-75.2017","1713","06","0","0","0","0","0","1","0","0","","0","0","0","17","1","0","00","N","1","39 58:40.953","4","00","75 12:06.171","0","0","0","0","67301","0","0","0","N","0","0","0","2","68K01","0","","1","01","1810","N","N","N","0","","0","0","1","0","0","N","1710","0","2","0","0","0","0","0","2","0","2","03","03","N","","","","","","","","","","",""
"2022117431","0851","0","0","0","0","0","0","0","0","0","7","0","","67","12","2022","1","40.0152","-75.1699","0848","06","0","0","0","0","0","0","0","0","","0","0","0","06","2","0","01","","0","40 00:54.823","","00","75 10:11.829","9","0","0","0","67301","0","0","0","N","0","0","0","1","67301","0","","5","01","","N","Y","N","0","","0","0","1","3","2","","0635","0","1","0","0","0","0","1","2","0","1","99","","N","","","","","","","","","","",""
"2022088193","0234","1","0","0","0","0","0","0","0","0","7","0","","67","09","2022","7","40.0583","-75.0909","0225","06","0","0","0","0","0","0","0","0","","0","0","0","02","3","0","02","","0","40 03:29.761","","00","75 05:27.067","0","0","0","0","67301","0","0","0","N","0","0","0","2","67301","0","","5","01","","N","N","N","0","","0","0","0","3","3","","0223","0","1","0","0","0","0","0","2","0","1","03","","N","","","","","","","","","","",""
"2022091117","2119","0","0","0","0","0","0","0","0","0","1","0","","67","09","2022","1","39.8862","-75.2432","2119","06","0","0","0","0","0","0","0","0","","0","0","0","20","3","1","00","N","0","39 53:10.256","","00","75 14:35.519","8","0","0","0","67301","1","0","0","N","1","0","0","2","68K01","0","","2","01","","N","N","N","0","","0","0","2","0","0","","2051","1","3","0","0","0","1","0","2","0","2","03","03","N","","","","","","","","","","",""
"2022116781","1534","1","0","0","0","0","0","0","0","0","1","0","","67","12","2022","5","39.9595","-75.1748","1533","06","0","0","0","0","0","0","0","0","","0","0","0","15","1","0","00","N","2","39 57:34.168","4","00","75 10:29.128","9","0","0","0","67301","0","0","0","N","0","0","0","3","68K01","0","","3","01","1540","N","N","N","0","","0","0","1","0","0","N","1532","0","3","0","0","0","0","1","2","0","3","03","","N","","","","","","","","","","",""
"2022117629","0009","0","0","0","0","0","0","0","0","0","7","1","","67","11","2022","4","39.96","-75.1798","0009","06","0","0","0","0","0","0","0","0","","0","1","0","00","3","0","07","","1","39 57:36.017","4","02","75 10:47.219","0","0","0","0","67301","0","0","0","N","0","0","0","1","68K01","0","","4","09","0150","N","N","N","0","","0","0","0","0","0","N","0008","0","1","0","0","0","0","0","2","0","1","07","","N","","","","","","","","","","",""
"2022088522","1017","1","0","0","0","0","0","0","0","0","6","0","","67","09","2022","1","40.008","-75.085","1012","06","0","0","0","0","0","0","0","0","","0","0","0","09","1","0","00","N","0","40 00:28.139","","00","75 05:07.461","9","0","0","0","67301","0","0","0","N","0","0","0","1","67301","0","","6","99","","N","N","N","0","","0","0","1","0","0","","0910","0","2","0","0","0","0","1","2","0","2","99","03","N","","","","","","","","","","",""
"2022118589","2041","2","0","0","0","0","0","0","0","0","1","0","","67","12","2022","3","39.9181","-75.2098","2039","06","0","0","0","0","0","0","0","0","","0","0","0","20","3","2","00","N","0","39 55:05.294","","00","75 12:35.106","3","0","0","0","67301","0","0","0","N","0","0","0","6","67301","1","","1","01","","N","N","N","0","","1","0","0","0","0","","2025","2","2","0","0","0","0","0","2","0","2","03","03","N","","","","","","","","","","",""
"2022118312","1737","0","0","0","0","0","0","0","0","0","1","0","","67","12","2022","2","40.0843","-74.9686","1732","06","0","0","0","0","0","0","0","1","","0","0","0","16","3","1","00","N","0","40 05:03.454","","00","74 58:07.077","8","0","0","0","67301","0","0","0","N","0","0","0","3","67301","0","","1","01","","N","N","N","0","","0","0","2","0","0","","1651","1","2","0","0","0","1","0","2","0","2","03","03","N","","","","","","","","","","",""
"2022119164","1904","1","0","0","0","0","0","0","0","0","5","0","","67","11","2022","3","39.8997","-75.1633","1855","06","0","0","0","0","0","0","0","1","","0","0","0","18","3","1","00","N","1","39 53:58.852","2","00","75 09:47.790","4","0","0","0","67301","0","0","0","N","0","0","0","3","68K01","1","","1","01","1950","N","N","N","0","","0","0","1","0","0","N","1854","1","2","0","0","0","0","0","2","0","2","03","","N","","","","","","","","","","",""
"2022118496","2228","1","0","0","0","0","0","0","0","0","7","0","","67","11","2022","3","39.936","-75.1996","2220","06","0","0","0","0","0","0","0","0","","0","0","0","22","3","0","00","N","1","39 56:09.549","4","00","75 11:58.640","0","0","0","0","67301","0","0","0","N","0","0","0","1","68K01","0","","4","01","2235","N","N","N","0","","0","0","0","0","0","N","2214","0","1","0","0","0","0","0","2","0","1","03","","N","","","","","","","","","","",""