"CRN","ARRIVAL_TM","AUTOMOBILE_COUNT","BELTED_DEATH_COUNT","BELTED_SUSP_SERIOUS_INJ_COUNT","BICYCLE_COUNT","BICYCLE_DEATH_COUNT","BICYCLE_SUSP_SERIOUS_INJ_COUNT","BUS_COUNT","CHLDPAS_DEATH_COUNT","CHLDPAS_SUSP_SERIOUS_INJ_COUNT","COLLISION_TYPE","COMM_VEH_COUNT","CONS_ZONE_SPD_LIM","COUNTY","CRASH_MONTH","CRASH_YEAR","DAY_OF_WEEK","DEC_LAT","DEC_LONG","DISPATCH_TM","DISTRICT","DRIVER_COUNT_16YR","DRIVER_COUNT_17YR","DRIVER_COUNT_18YR","DRIVER_COUNT_19YR","DRIVER_COUNT_20YR","DRIVER_COUNT_50_64YR","DRIVER_COUNT_65_74YR","DRIVER_COUNT_75PLUS","EST_HRS_CLOSED","FATAL_COUNT","HEAVY_TRUCK_COUNT","HORSE_BUGGY_COUNT","HOUR_OF_DAY","ILLUMINATION","INJURY_COUNT","INTERSECT_TYPE","INTERSECTION_RELATED","LANE_CLOSED","LATITUDE","LN_CLOSE_DIR","LOCATION_TYPE","LONGITUDE","MAX_SEVERITY_LEVEL","MCYCLE_DEATH_COUNT","MCYCLE_SUSP_SERIOUS_INJ_COUNT","MOTORCYCLE_COUNT","MUNICIPALITY","NONMOTR_COUNT","NONMOTR_DEATH_COUNT","NONMOTR_SUSP_SERIOUS_INJ_COUNT","NTFY_HIWY_MAINT","PED_COUNT","PED_DEATH_COUNT","PED_SUSP_SERIOUS_INJ_COUNT","PERSON_COUNT","POLICE_AGCY","POSSIBLE_INJ_COUNT","RDWY_SURF_TYPE_CD","RELATION_TO_ROAD","ROAD_CONDITION","ROADWAY_CLEARED","SCH_BUS_IND","SCH_ZONE_IND","SECONDARY_CRASH","SMALL_TRUCK_COUNT","SPEC_JURIS_CD","SUSP_MINOR_INJ_COUNT","SUSP_SERIOUS_INJ_COUNT","SUV_COUNT","TCD_FUNC_CD","TCD_TYPE","TFC_DETOUR_IND","TIME_OF_DAY","TOT_INJ_COUNT","TOTAL_UNITS","UNB_DEATH_COUNT","UNB_SUSP_SERIOUS_INJ_COUNT","UNBELTED_OCC_COUNT","UNK_INJ_DEG_COUNT","UNK_INJ_PER_COUNT","URBAN_RURAL","VAN_COUNT","VEHICLE_COUNT","WEATHER1","WEATHER2","WORK_ZONE_IND","WORK_ZONE_LOC","WORK_ZONE_TYPE","WORKERS_PRES","WZ_CLOSE_DETOUR","WZ_FLAGGER","WZ_LAW_OFFCR_IND","WZ_LN_CLOSURE","WZ_MOVING","WZ_OTHER","WZ_SHLDER_MDN","WZ_WORKERS_INJ_KILLED"
"2022119006","1545","0","0","0","0","0","0","0","0","0","8","1","","67","12","2022","4","40.044","-75.1026","1545","06","0","0","0","0","0","0","0","0","","0","1","0","15","1","1","01","","0","40 02:38.401","","00","75 06:09.537","3","0","0","0","67301","1","0","0","N","1","0","0","2","67301","0","","1","01","","N","N","N","0","","1","0","0","3","2","","1545","1","2","0","0","0","0","0","2","0","1","03","","N","","","","","","","","","","",""
"2022119859","0825","1","0","0","0","0","0","0","0","0","1","0","","67","11","2022","2","40.0384","-75.0102","0816","06","0","0","0","0","0","1","0","0","","0","0","0","08","1","0","00","N","0","40 02:18.415","","00","75 00:36.587","0","0","0","0","67301","0","0","0","N","0","0","0","2","68K01","0","","1","01","","N","N","N","0","","0","0","1","0","0","","0812","0","2","0","0","0","0","0","2","0","2","03","03","N","","","","","","","","","","",""
"2022090454","0907","1","0","0","0","0","0","0","0","0","5","0","","67","10","2022","7","40.0265","-75.2137","0902","06","0","0","0","0","0","0","0","0","","0","0","0","03","3","0","00","N","2","40 01:35.540","2","00","75 12:49.250","0","0","0","0","67301","0","0","0","N","0","0","0","1","67301","0","","6","09","0100","N","N","N","1","","0","0","0","0","0","Y","0357","0","2","0","0","0","0","0","2","0","2","07","04","N","","","","","","","","","","",""
"2022118731","1709","1","0","0","0","0","0","0","0","0","5","1","","67","12","2022","4","39.909","-75.1528","1708","06","0","0","0","0","0","2","0","0","","0","1","0","17","3","0","00","N","1","39 54:32.492","3","03","75 09:10.152","0","0","0","0","67301","0","0","0","N","0","0","0","2","67501","0","","1","01","1735","N","N","N","0","","0","0","0","3","8","N","1708","0","2","0","0","0","0","0","2","0","2","03","03","N","","","","","","","","","","",""
"2022089991","1631","0","0","0","1","0","0","0","0","0","8","0","","67","09","2022","2","39.9734","-75.1946","1621","06","0","0","0","0","0","0","1","0","","0","0","0","16","1","1","00","N","0","39 58:24.360","","00","75 11:40.410","3","0","0","0","67301","1","0","0","N","0","0","0","2","67301","0","","1","01","","N","N","N","0","","1","0","1","0","0","","1614","1","2","0","0","0","0","0","2","0","1","03","03","N","","","","","","","","","","",""
"2022088868","1736","1","0","0","0","0","0","0","0","0","1","0","","67","09","2022","1","39.9678","-75.1315","1736","06","0","0","0","0","0","1","0","0","","0","0","0","16","1","1","00","N","1","39 58:04.062","2","00","75 07:53.491","4","0","0","0","67301","0","0","0","N","0","0","0","2","68K01","1","","1","09","1750","N","N","N","0","","0","0","1","0","0","Y","1649","1","2","0","0","0","0","0","2","0","2","03","03","N","","","","","","","","","","",""
"2022112909","","1","0","0","0","0","0","0","0","0","1","0","","67","11","2022","1","40.1317","-75.0122","","06","0","0","0","0","0","0","0","0","","0","0","0","09","1","1","01","","0","40 07:53.962","","00","75 00:43.919","8","0","0","0","67301","0","0","0","N","0","0","0","2","00000","0","","1","01","","","","N","1","","0","0","0","3","2","","0900","1","2","0","0","0","1","0","2","0","2","03","","N","","","","","","","","","","",""
"2022090466","1627","0","0","0","0","0","0","0","0","0","8","0","","67","09","2022","3","39.9657","-75.1705","1626","06","0","0","0","0","0","0","0","0","","0","0","0","16","3","1","01","","0","39 57:56.473","","00","75 10:13.879","8","0","0","0","67301","1","0","0","N","1","0","0","2","67301","0","","1","01","","N","N","N","0","","0","0","1","0","0","","1622","1","2","0","0","1","1","0","2","0","1","03","03","N","","","","","","","","","","",""
"2022105912","0307","2","0","0","0","0","0","0","0","0","5","0","","67","09","2022","1","39.9639","-75.1843","0235","06","0","0","0","0","0","0","0","0","","0","0","0","02","3","0","03","","0","39 57:49.902","","00","75 11:03.361","0","0","0","0","67301","0","0","0","N","0","0","0","2","68K01","0","","1","01","","N","N","N","0","","0","0","0","0","0","","0233","0","2","0","0","0","0","0","2","0","2","03","03","N","","","","","","","","","","",""
"2022119273","1829","0","0","0","0","0","0","0","0","0","8","0","","67","12","2022","5","40.0472","-75.1744","1818","06","0","0","0","0","0","0","0","0","","0","0","0","18","3","1","00","N","0","40 02:49.790","","00","75 10:27.660","3","0","0","0","67301","1","0","0","N","1","0","0","1","67301","0","","1","09","","N","N","N","0","","1","0","0","0","0","","1800","1","2","0","0","0","0","0","2","0","1","07","07","N","","","","","","","","","","",""
"2022118550","2352","2","0","0","0","0","0","0","0","0","4","0","","67","12","2022","2","40.0489","-74.997","2348","06","0","0","0","0","0","1","0","0","","0","0","0","23","3","1","00","N","2","40 02:56.153","1","00","74 59:49.362","3","0","0","0","67301","0","0","0","N","0","0","0","3","68K01","0","","1","01","0045","N","N","N","0","","1","0","0","0","0","N","2347","1","2","0","0","0","0","0","2","0","2","03","03","N","","","","","","","","","","",""
"2022093658","0555","1","0","0","0","0","0","0","0","0","7","0","25","67","09","2022","4","39.9787","-75.0977","0555","06","0","1","0","0","0","0","0","0","","0","0","0","05","1","2","11","","0","39 58:43.342","","00","75 05:51.613","4","0","0","0","67301","0","0","0","N","0","0","0","2","67301","2","","4","01","","N","N","N","0","","0","0","0","0","0","","0550","2","2","0","0","1","0","0","2","0","1","03","03","Y","1","1","N","N","N","N","Y","N","N","N","N"
"2022098812","2332","1","0","0","0","0","0","0","0","0","4","0","","67","09","2022","2","39.9536","-75.1986","2330","06","0","0","0","1","0","0","0","0","","0","0","0","23","3","1","01","","0","39 57:12.991","","00","75 11:55.051","3","0","0","0","67301","0","0","0","N","0","0","0","3","67504","0","","1","01","","N","N","N","0","","1","0","1","3","2","","2328","1","2","0","0","0","0","0","2","0","2","03","03","N","","","","","","","","","","",""
"2022117418","0559","2","0","0","0","0","0","0","0","0","7","0","","67","12","2022","1","40.0736","-75.1783","0555","06","0","0","0","0","0","0","0","0","","0","0","0","05","3","1","00","N","1","40 04:24.903","6","00","75 10:41.781","3","0","0","0","67301","0","0","0","N","0","0","0","1","67301","0","","5","01","0800","N","N","N","0","","1","0","0","0","0","Y","0545","1","2","0","0","0","0","0","2","0","2","04","","N","","","","","","","","","","",""
"2022088821","1652","1","0","0","0","0","0","0","0","0","7","0","","67","09","2022","1","40.0734","-75.2153","1652","06","0","0","0","0","0","0","1","0","","0","0","0","15","1","1","00","N","0","40 04:24.270","","00","75 12:55.020","3","0","0","0","67301","0","0","0","N","0","0","0","1","67301","0","","4","09","","N","N","N","0","","1","0","0","3","3","","1501","1","1","0","0","0","0","0","2","0","1","07","07","N","","","","","","","","","","",""
"2022115292","1752","0","0","0","0","0","0","0","0","0","2","0","","67","12","2022","3","40.0062","-75.1518","1751","06","0","0","0","0","0","0","0","0","","0","0","0","17","3","1","01","N","1","40 00:22.203","3","00","75 09:06.487","3","0","0","0","67301","0","0","0","N","0","0","0","3","67505","0","","1","09","1830","N","N","N","0","","1","0","2","3","2","Y","1750","1","2","0","0","0","0","1","2","0","2","07","07","N","","","","","","","","","","",""
"2022118461","2033","3","0","0","0","0","0","0","0","0","1","0","","67","10","2022","7","40.0262","-75.0269","2025","06","0","0","0","0","0","0","0","0","","0","0","0","19","3","1","00","N","0","40 01:34.312","","00","75 01:36.835","3","0","0","0","67301","0","0","0","N","0","0","0","5","68K01","0","","1","01","","N","N","N","0","","1","0","0","0","0","","1920","1","3","0","0","0","0","0","2","0","3","03","03","N","","","","","","","","","","",""
"2022117622","0103","0","0","0","0","0","0","0","0","0","7","0","","67","11","2022","2","39.8909","-75.2385","0049","06","0","0","0","0","0","0","0","0","","0","0","0","00","3","0","00","N","0","39 53:27.191","","00","75 14:18.429","0","0","0","0","67301","0","0","0","N","0","0","0","1","68K01","0","","4","01","","N","N","N","0","","0","0","1","0","0","","0037","0","1","0","0","0","0","0","2","0","1","03","","N","","","","","","","","","","",""
"2022087838","1017","1","0","0","0","0","0","0","0","0","7","0","","67","09","2022","6","40.0388","-75.1716","1013","06","0","0","0","0","0","0","0","0","","0","0","0","10","1","1","01","","0","40 02:19.838","","00","75 10:17.849","3","0","0","0","67301","0","0","0","N","0","0","0","2","67301","0","","5","01","","N","N","N","0","","1","0","0","3","2","","1013","1","1","0","0","0","0","0","2","0","1","03","98","N","","","","","","","","","","",""
"2022112920","","0","0","0","0","0","0","0","0","0","1","0","","67","11","2022","1","39.9213","-75.1928","","06","0","0","0","0","0","1","0","0","","0","0","0","14","1","1","00","N","0","39 55:16.856","","00","75 11:34.184","8","0","0","0","67301","0","0","0","N","0","0","0","2","00000","0","","1","01","","","","N","0","","0","0","2","0","0","","1440","1","2","0","0","1","1","0","2","0","2","03","","N","","","","","","","","","","",""
"2022090474","2230","0","0","0","1","0","1","0","0","0","8","0","","67","09","2022","1","39.9534","-75.1638","2230","06","0","0","0","0","0","0","0","0","","0","0","0","20","3","1","03","","0","39 57:12.352","","00","75 09:49.776","2","0","0","0","67301","1","0","1","N","0","0","0","2","67301","0","","1","01","","N","N","N","0","","0","1","1","3","2","","2007","1","2","0","0","0","0","0","2","0","1","99","","N","","","","","","","","","","",""
"2022117264","1500","0","0","0","0","0","0","0","0","0","8","0","","67","11","2022","3","39.9585","-75.2252","1457","06","0","0","0","0","0","0","0","0","","0","0","0","14","1","1","01","","0","39 57:30.510","","00","75 13:30.663","2","0","0","0","67301","1","0","1","N","1","0","1","1","67301","0","","1","01","","N","N","N","0","","0","1","0","3","2","","1455","1","2","0","0","0","0","0","2","0","1","03","03","N","","","","","","","","","","",""
"2022089410","1630","1","0","0","0","0","0","0","0","0","4","0","","67","09","2022","2","39.963","-75.1584","1628","06","0","0","0","0","0","0","0","0","","0","0","0","16","1","0","01","","1","39 57:46.836","1","00","75 09:30.286","0","0","0","0","67301","0","0","0","N","0","0","0","2","67301","0","","1","01","0100","N","N","N","0","","0","0","1","0","0","N","1620","0","2","0","0","2","0","0","2","0","2","03","03","N","","","","","","","","","","",""
"2022115622","","1","0","0","0","0","0","0","0","0","5","0","","67","10","2022","6","39.9214","-75.1926","","06","0","0","0","0","0","0","0","0","","0","0","0","19","1","1","00","N","0","39 55:16.936","","00","75 11:33.395","8","0","0","0","67301","0","0","0","N","0","0","0","2","00000","0","","1","01","","","","N","0","","0","0","1","0","0","","1930","1","2","0","0","1","1","0","2","0","2","03","","N","","","","","","","","","","",""
"2022118953","0838","1","0","0","0","0","0","0","0","0","1","0","","67","12","2022","2","39.9083","-75.1495","0824","06","0","0","0","0","0","0","0","0","","0","0","0","08","1","0","06","","0","39 54:26.891","","02","75 08:58.831","0","0","0","0","67301","0","0","0","N","0","0","0","2","68K01","0","","1","01","","N","N","N","0","","0","0","1","0","0","","0821","0","2","0","0","0","0","0","2","0","2","03","","N","","","","","","","","","","",""
"2022112260","2004","0","0","0","0","0","0","0","0","0","8","0","","67","11","2022","6","39.9915","-75.2266","2004","06","0","0","0","0","0","1","0","0","","0","0","0","18","3","1","01","","0","39 59:29.470","","00","75 13:35.669","3","0","0","0","67301","1","0","0","N","1","0","0","2","67301","0","","1","08","","N","N","N","0","","1","0","1","3","2","","1840","1","2","0","0","0","0","0","2","0","1","07","04","N","","","","","","","","","","",""
"2022088884","1909","0","0","0","0","0","0","0","0","0","1","0","","67","09","2022","7","39.9851","-75.1786","1905","06","0","0","0","0","0","1","0","0","","0","0","0","18","4","2","00","N","0","39 59:06.481","","00","75 10:43.000","3","0","0","0","67301","0","0","0","N","0","0","0","3","67301","0","","1","01","","N","N","N","0","","2","0","1","0","0","","1845","2","3","0","0","0","0","1","2","1","3","03","03","N","","","","","","","","","","",""
"2022088883","1730","1","0","0","0","0","0","0","0","0","4","0","","67","09","2022","7","39.9714","-75.1594","1724","06","0","0","0","0","0","0","0","0","","0","0","0","17","1","0","01","","0","39 58:17.205","","00","75 09:33.736","0","0","0","0","67301","0","0","0","N","0","0","0","2","67301","0","","1","01","","N","N","N","0","","0","0","1","3","2","","1723","0","2","0","0","0","0","0","2","0","2","03","03","N","","","","","","","","","","",""
"2022118703","2352","1","0","0","0","0","0","0","0","0","1","1","","67","12","2022","6","40.0126","-75.0592","2339","06","0","0","0","0","0","2","0","0","","0","1","0","23","3","1","00","N","1","40 00:45.360","2","00","75 03:32.971","8","0","0","0","67301","0","0","0","N","0","0","0","3","68K01","0","","1","01","0031","N","N","N","0","","0","0","0","0","0","N","2331","1","2","0","0","0","1","0","2","0","2","03","03","N","","","","","","","","","","",""
"2022118175","0054","0","0","0","0","0","0","0","0","0","4","1","","67","12","2022","2","40.0379","-75.1395","0054","06","0","0","0","0","0","2","0","0","","0","1","0","00","3","0","01","","0","40 02:16.410","","00","75 08:22.177","0","0","0","0","67301","0","0","0","N","0","0","0","5","67301","0","","1","01","","N","N","N","0","","0","0","1","3","2","","0054","0","2","0","0","0","0","0","2","0","2","03","03","N","","","","","","","","","","",""
"2022119572","0916","1","0","0","0","0","0","0","0","0","7","0","","67","12","2022","5","40.0692","-75.2377","0912","06","0","0","0","0","0","1","0","0","","0","0","0","09","1","0","00","N","2","40 04:09.160","5","00","75 14:15.840","9","0","0","0","67301","0","0","0","N","0","0","0","1","67301","0","","2","02","0951","N","N","N","0","","0","0","0","0","0","Y","0900","0","1","0","0","0","0","1","2","0","1","06","06","N","","","","","","","","","","",""
"2022119581","1905","0","0","0","0","0","0","0","0","0","8","0","","67","09","2022","1","40.0364","-75.0415","1854","06","0","0","0","0","0","0","0","0","","0","0","0","18","1","1","00","N","0","40 02:10.959","","00","75 02:29.477","3","0","0","0","67301","1","0","0","N","1","0","0","1","67301","0","","1","09","","N","N","N","0","","1","0","1","0","0","","1841","1","2","0","0","0","0","0","2","0","1","07","07","N","","","","","","","","","","",""
"2022110735","","0","0","0","0","0","0","0","0","0","1","0","","67","11","2022","6","40.0553","-75.0734","","06","0","0","0","0","1","0","0","0","","0","0","0","18","1","1","01","","0","40 03:19.170","","00","75 04:24.060","8","0","0","0","67301","0","0","0","N","0","0","0","2","00000","0","","1","01","","","","N","0","","0","0","1","3","2","","1800","1","2","0","0","0","1","0","2","0","2","03","","N","","","","","","","","","","",""
"2022088240","2200","2","0","0","0","0","0","0","0","0","1","0","","67","09","2022","7","40.0203","-75.0804","2151","06","0","0","0","0","0","1","0","0","","0","0","0","21","3","2","01","","0","40 01:13.195","","01","75 04:49.615","3","0","0","0","67301","0","0","0","N","0","0","0","3","67301","0","","1","01","","N","N","N","0","","2","0","0","3","2","","2132","2","2","0","0","0","0","0","2","0","2","03","03","N","","","","","","","","","","",""
"2022089046","1401","0","0","0","0","0","0","0","0","0","8","0","","67","09","2022","7","39.9862","-75.168","1401","06","0","0","0","0","0","1","0","0","","0","0","0","14","1","1","01","","0","39 59:10.273","","00","75 10:04.778","3","0","0","0","67301","1","0","0","N","1","0","0","2","67301","0","","1","01","","N","N","N","0","","1","0","1","3","1","","1401","1","2","0","0","0","0","0","2","0","1","03","03","N","","","","","","","","","","",""
"2022117995","0708","0","0","0","0","0","0","1","0","0","5","1","","67","12","2022","5","39.998","-75.2332","0658","06","0","0","0","0","0","2","0","0","","0","0","0","06","1","1","01","N","0","39 59:52.816","","00","75 13:59.550","8","0","0","0","67301","0","0","0","N","0","0","0","3","67508","0","","1","01","","N","N","Y","0","","0","0","1","3","2","N","0658","1","2","0","0","1","1","0","2","0","2","03","03","N","","","","","","","","","","",""
"2022116753","0947","1","0","0","0","0","0","0","0","0","1","0","","67","10","2022","1","39.9703","-75.1928","0939","06","0","0","0","0","0","0","0","0","","0","0","0","09","1","0","00","N","1","39 58:13.082","4","00","75 11:33.944","0","0","0","0","67301","0","0","0","N","0","0","0","2","68K01","0","","1","09","0955","N","N","N","0","","0","0","1","0","0","N","0937","0","2","0","0","0","0","0","2","0","2","03","","N","","","","","","","","","","",""
"2022118594","1130","0","0","0","0","0","0","0","0","0","4","1","","67","12","2022","2","40.0541","-75.049","1120","06","0","0","0","0","0","1","1","0","","0","1","0","11","1","2","01","","2","40 03:14.734","1","00","75 02:56.553","2","0","0","0","67301","0","0","0","N","0","0","0","3","67301","0","","1","01","1335","N","N","N","1","","0","2","0","3","2","Y","1100","2","2","0","0","0","0","0","2","0","2","04","04","N","","","","","","","","","","",""
"2022097451","2130","0","0","0","0","0","0","0","0","0","8","0","","67","09","2022","2","40.0202","-75.1141","2116","06","0","0","0","0","0","0","0","0","","0","0","0","17","1","1","01","","0","40 01:12.880","","00","75 06:50.704","8","0","0","0","67301","1","0","0","N","1","0","0","2","67301","0","","1","01","","N","N","N","1","","0","0","0","3","2","","1714","1","2","0","0","0","1","0","2","0","1","03","03","N","","","","","","","","","","",""
"2022112221","0206","0","0","0","0","0","0","0","0","0","7","0","","67","11","2022","2","40.0657","-74.9824","0202","06","0","0","0","0","0","0","0","0","","0","0","0","02","3","1","00","N","0","40 03:56.639","","00","74 58:56.617","3","0","0","0","67301","0","0","0","N","0","0","0","1","67301","0","","5","01","","N","N","N","0","","1","0","1","0","0","","0200","1","1","0","0","1","0","0","2","0","1","03","03","N","","","","","","","","","","",""
"2022088589","1954","3","0","0","0","0","0","0","0","0","5","0","","67","09","2022","1","39.9404","-75.1495","1953","06","0","0","0","0","0","0","0","0","","0","0","0","19","3","0","00","N","0","39 56:25.360","","00","75 08:58.040","0","0","0","0","67301","0","0","0","N","0","0","0","1","67301","0","","6","09","","N","N","N","0","","0","0","0","0","0","","1952","0","3","0","0","1","0","0","2","0","3","07","07","N","","","","","","","","","","",""
"2022115620","","0","0","0","0","0","0","0","0","0","1","0","","67","11","2022","4","40.0396","-75.0458","","06","0","0","0","0","0","0","0","0","","0","0","0","07","1","1","01","","0","40 02:22.384","","00","75 02:44.945","8","0","0","0","67301","0","0","0","N","0","0","0","2","00000","0","","1","01","","","","N","0","","0","0","0","3","2","","0730","1","2","0","0","0","1","0","2","1","2","03","","N","","","","","","","","","","",""
"2022119268","1737","0","0","0","0","0","0","0","0","0","4","0","","67","12","2022","5","40.1197","-75.0087","1733","06","0","0","0","0","0","1","0","0","","0","0","0","17","3","1","02","","0","40 07:10.752","","00","75 00:31.478","3","0","0","0","67301","0","0","0","N","0","0","0","2","67301","0","","1","09","","N","N","Y","0","","1","0","2","3","3","","1725","1","2","0","0","0","0","0","2","0","2","07","","N","","","","","","","","","","",""
"2022105487","1846","1","0","0","0","0","0","0","0","0","4","0","","67","11","2022","4","40.0303","-75.146","1845","06","0","0","0","0","0","0","0","0","","0","0","0","17","4","1","01","","0","40 01:48.914","","00","75 08:45.427","4","0","0","0","67301","0","0","0","N","0","0","0","2","67301","1","","1","01","","N","N","N","0","","0","0","1","3","2","","1724","1","2","0","0","1","0","0","2","0","2","03","03","N","","","","","","","","","","",""
"2022088160","2355","1","0","0","0","0","0","0","0","0","7","0","","67","09","2022","6","39.9061","-75.2409","2350","06","0","0","0","0","0","0","0","0","","0","0","0","23","3","1","00","N","0","39 54:21.838","","00","75 14:27.335","2","0","0","0","67301","0","0","0","N","0","0","0","1","67301","0","","4","01","","N","N","N","0","","0","1","0","0","0","","2345","1","1","0","0","0","0","0","2","0","1","03","03","N","","","","","","","","","","",""
"2022089609","1718","0","0","0","0","0","0","0","0","0","0","0","","67","09","2022","4","40.0125","-75.1688","1715","06","0","0","0","0","0","0","0","0","","0","0","0","17","1","1","00","N","0","40 00:44.829","","00","75 10:07.837","2","0","1","1","67301","0","0","0","N","0","0","0","1","67301","0","","4","01","","N","N","N","0","","0","1","0","0","0","","1711","1","1","0","0","0","0","0","2","0","1","03","03","N","","","","","","","","","","",""
"2022120700","1517","0","0","0","0","0","0","0","0","0","7","0","","67","11","2022","5","39.9608","-75.1401","1503","06","0","0","0","0","0","0","0","0","","0","0","0","14","1","0","00","N","0","39 57:38.922","","00","75 08:24.374","0","0","0","0","67301","0","0","0","N","0","0","0","1","68K01","0","","2","01","","N","N","N","0","","0","0","1","0","0","","1454","0","1","0","0","0","0","0","2","0","1","03","03","N","","","","","","","","","","",""
"2022118590","1930","1","0","0","0","0","0","0","0","0","7","0","","67","12","2022","2","40.0443","-75.1874","1925","06","0","0","0","0","0","0","0","0","","0","0","0","19","3","2","00","N","0","40 02:39.420","","00","75 11:14.740","4","0","0","0","67301","0","0","0","N","0","0","0","2","67301","2","","2","01","","N","N","N","0","","0","0","0","0","0","","1920","2","1","0","0","0","0","0","2","0","1","03","","N","","","","","","","","","","",""
"2022117413","1637","1","0","0","0","0","0","0","0","0","5","0","","67","12","2022","7","39.8919","-75.2349","1634","06","0","0","0","0","0","0","0","0","","0","0","0","15","1","0","00","N","0","39 53:30.892","","00","75 14:05.683","0","0","0","0","67301","0","0","0","N","0","0","0","2","67301","0","","1","01","","N","N","Y","1","","0","0","0","0","0","","1528","0","2","0","0","0","0","0","2","0","2","03","03","N","","","","","","","","","","",""
"2022117755","2352","0","0","0","0","0","0","0","0","0","4","0","","67","12","2022","7","40.0948","-75.0507","2350","06","0","0","0","0","0","1","1","0","","0","0","0","23","3","2","01","","0","40 05:41.329","","00","75 03:02.612","8","0","0","0","67301","0","0","0","N","0","0","0","3","67301","0","","1","01","","N","N","N","0","","0","0","2","3","2","","2349","2","2","0","0","0","2","0","2","0","2","03","","N","","","","","","","","","","",""
"2022088272","0033","2","0","0","0","0","0","0","0","0","5","0","","67","09","2022","1","40.0348","-75.1312","0033","06","0","0","0","1","0","0","0","0","","0","0","0","00","3","1","00","N","0","40 02:05.450","","00","75 07:52.250","8","0","0","0","67301","0","0","0","N","0","0","0","3","67301","0","","1","01","","N","N","N","0","","0","0","0","3","2","","0020","1","2","0","0","3","1","0","2","0","2","03","03","N","","","","","","","","","","",""
"2022118697","0501","0","0","0","0","0","0","0","0","0","7","0","","67","12","2022","5","40.0393","-75.0074","0442","06","0","0","0","0","0","1","0","0","","0","0","0","04","3","1","00","N","0","40 02:21.503","","00","75 00:26.486","4","0","0","0","67301","0","0","0","N","0","0","0","1","68K01","1","","2","01","","N","N","N","0","","0","0","1","0","0","","0437","1","1","0","0","0","0","0","2","0","1","03","","N","","","","","","","","","","",""
"2022118591","2323","1","0","0","0","0","0","0","0","0","4","0","","67","12","2022","2","40.0739","-75.1904","2322","06","0","0","0","0","0","0","0","1","","0","0","0","23","3","1","00","N","1","40 04:26.166","2","00","75 11:25.539","8","0","0","0","67301","0","0","0","N","0","0","0","1","67301","0","","1","01","0015","N","N","N","0","","0","0","1","0","0","N","2322","1","2","0","0","0","1","0","2","0","2","03","03","N","","","","","","","","","","",""
"2022087937","1610","1","0","0","0","0","0","0","0","0","8","0","","67","09","2022","6","40.0569","-75.1881","1606","06","0","0","0","0","0","0","0","0","","0","0","0","15","1","1","01","","0","40 03:24.795","","00","75 11:17.028","2","0","0","0","67301","1","0","1","N","1","0","1","2","67301","0","","1","01","","N","N","N","0","","0","1","0","3","2","","1522","1","2","0","0","0","0","0","2","0","1","03","03","N","","","","","","","","","","",""
"2022091370","2008","2","0","0","0","0","0","0","0","0","4","0","","67","10","2022","7","39.9575","-75.2234","2008","06","0","0","0","0","0","0","0","0","","0","0","0","20","3","2","01","","1","39 57:26.841","1","00","75 13:24.214","3","0","0","0","67301","0","0","0","N","0","0","0","3","67301","0","","1","09","2100","N","N","N","0","","2","0","0","3","3","Y","2008","2","2","0","0","2","0","0","2","0","2","04","07","N","","","","","","","","","","",""
"2022089679","2158","0","0","0","0","0","0","0","0","0","4","0","","67","09","2022","4","39.9274","-75.2317","2157","06","0","0","0","0","0","2","0","0","","0","0","0","21","3","2","01","","2","39 55:38.715","6","00","75 13:54.163","3","0","0","0","67301","0","0","0","N","0","0","0","3","67301","0","","1","01","0100","N","N","N","1","","2","0","1","3","2","Y","2156","2","2","0","0","0","0","0","2","0","2","03","03","N","","","","","","","","","","",""
"2022095495","0321","2","0","0","0","0","0","0","0","0","4","0","","67","09","2022","7","39.973","-75.2261","0309","06","0","0","0","0","1","0","0","0","","0","0","0","02","3","1","01","","0","39 58:22.631","","00","75 13:34.022","8","0","0","0","67301","0","0","0","N","0","0","0","3","67301","0","","1","01","","N","N","N","0","","0","0","0","3","2","","0251","1","2","0","0","0","1","1","2","0","2","03","","N","","","","","","","","","","",""
"2022119018","1925","1","0","0","0","0","0","0","0","0","4","0","","67","08","2022","4","40.0443","-75.0541","1900","06","0","0","0","0","0","0","0","0","","0","0","0","18","1","3","01","","1","40 02:39.718","4","00","75 03:14.534","3","0","0","0","67301","0","0","0","N","0","0","0","5","67301","0","","1","01","2000","N","N","N","0","","3","0","1","3","2","N","1839","3","2","0","0","1","0","0","2","0","2","03","","N","","","","","","","","","","",""
"2022117762","0038","0","0","0","0","0","0","0","0","0","99","0","","67","12","2022","7","39.9962","-75.1413","0034","06","0","0","0","0","0","0","0","0","","0","0","0","22","3","0","00","N","0","39 59:46.230","","00","75 08:28.830","9","0","0","0","67301","0","0","0","N","0","0","0","1","67301","0","","1","01","","N","N","N","0","","0","0","1","3","2","","2214","0","1","0","0","0","0","1","2","0","1","03","","N","","","","","","","","","","",""
"2022119588","1832","1","0","0","0","0","0","0","0","0","1","0","","67","12","2022","1","40.0092","-75.1663","1816","06","0","0","0","0","0","0","0","0","","0","0","0","13","1","0","00","N","0","40 00:33.070","","00","75 09:58.550","9","0","0","0","67301","0","0","0","N","0","0","0","1","67301","0","","2","09","","N","N","N","0","","0","0","0","0","0","","1345","0","2","0","0","0","0","1","2","0","2","07","04","N","","","","","","","","","","",""