"CRN","ARRIVAL_TM","AUTOMOBILE_COUNT","BELTED_DEATH_COUNT","BELTED_SUSP_SERIOUS_INJ_COUNT","BICYCLE_COUNT","BICYCLE_DEATH_COUNT","BICYCLE_SUSP_SERIOUS_INJ_COUNT","BUS_COUNT","CHLDPAS_DEATH_COUNT","CHLDPAS_SUSP_SERIOUS_INJ_COUNT","COLLISION_TYPE","COMM_VEH_COUNT","CONS_ZONE_SPD_LIM","COUNTY","CRASH_MONTH","CRASH_YEAR","DAY_OF_WEEK","DEC_LAT","DEC_LONG","DISPATCH_TM","DISTRICT","DRIVER_COUNT_16YR","DRIVER_COUNT_17YR","DRIVER_COUNT_18YR","DRIVER_COUNT_19YR","DRIVER_COUNT_20YR","DRIVER_COUNT_50_64YR","DRIVER_COUNT_65_74YR","DRIVER_COUNT_75PLUS","EST_HRS_CLOSED","FATAL_COUNT","HEAVY_TRUCK_COUNT","HORSE_BUGGY_COUNT","HOUR_OF_DAY","ILLUMINATION","INJURY_COUNT","INTERSECT_TYPE","INTERSECTION_RELATED","LANE_CLOSED","LATITUDE","LN_CLOSE_DIR","LOCATION_TYPE","LONGITUDE","MAX_SEVERITY_LEVEL","MCYCLE_DEATH_COUNT","MCYCLE_SUSP_SERIOUS_INJ_COUNT","MOTORCYCLE_COUNT","MUNICIPALITY","NONMOTR_COUNT","NONMOTR_DEATH_COUNT","NONMOTR_SUSP_SERIOUS_INJ_COUNT","NTFY_HIWY_MAINT","PED_COUNT","PED_DEATH_COUNT","PED_SUSP_SERIOUS_INJ_COUNT","PERSON_COUNT","POLICE_AGCY","POSSIBLE_INJ_COUNT","RDWY_SURF_TYPE_CD","RELATION_TO_ROAD","ROAD_CONDITION","ROADWAY_CLEARED","SCH_BUS_IND","SCH_ZONE_IND","SECONDARY_CRASH","SMALL_TRUCK_COUNT","SPEC_JURIS_CD","SUSP_MINOR_INJ_COUNT","SUSP_SERIOUS_INJ_COUNT","SUV_COUNT","TCD_FUNC_CD","TCD_TYPE","TFC_DETOUR_IND","TIME_OF_DAY","TOT_INJ_COUNT","TOTAL_UNITS","UNB_DEATH_COUNT","UNB_SUSP_SERIOUS_INJ_COUNT","UNBELTED_OCC_COUNT","UNK_INJ_DEG_COUNT","UNK_INJ_PER_COUNT","URBAN_RURAL","VAN_COUNT","VEHICLE_COUNT","WEATHER1","WEATHER2","WORK_ZONE_IND","WORK_ZONE_LOC","WORK_ZONE_TYPE","WORKERS_PRES","WZ_CLOSE_DETOUR","WZ_FLAGGER","WZ_LAW_OFFCR_IND","WZ_LN_CLOSURE","WZ_MOVING","WZ_OTHER","WZ_SHLDER_MDN","WZ_WORKERS_INJ_KILLED"
"2022115617","","1","0","0","0","0","0","0","0","0","4","0","","67","11","2022","1","39.9333","-75.1434","","06","0","0","0","0","0","0","0","0","","0","0","0","23","3","1","02","","0","39 55:59.902","","00","75 08:36.154","8","0","0","0","67301","0","0","0","N","0","0","0","2","00000","0","","1","01","","","","N","0","","0","0","0","3","2","","2300","1","2","0","0","0","1","0","2","0","2","03","","N","","","","","","","","","","",""
"2022119141","1009","0","0","0","0","0","0","0","0","0","7","0","","67","11","2022","1","39.9517","-75.1415","1003","06","0","0","0","0","0","0","0","0","","0","0","0","10","1","0","00","N","0","39 57:06.151","","00","75 08:29.297","0","0","0","0","67301","0","0","0","N","0","0","0","1","68K01","0","","2","01","","N","N","N","0","","0","0","0","0","0","","1002","0","1","0","0","0","0","0","2","1","1","03","","N","","","","","","","","","","",""
"2022120512","1219","0","0","0","0","0","0","0","0","0","8","1","","67","12","2022","6","39.9694","-75.1393","1217","06","0","0","0","0","0","0","0","0","","0","1","0","12","1","1","00","N","0","39 58:09.912","","00","75 08:21.501","3","0","0","0","67301","1","0","0","N","1","0","0","2","67301","0","","1","09","","N","N","N","0","","1","0","0","0","0","","1210","1","2","0","0","1","0","0","2","0","1","07","07","N","","","","","","","","","","",""
"2022090807","1652","1","0","0","0","0","0","0","0","0","8","0","","67","10","2022","7","40.0481","-75.158","1652","06","0","0","0","0","0","0","0","0","","0","0","0","16","1","1","03","","2","40 02:53.268","6","00","75 09:28.940","3","0","0","0","67301","1","0","0","N","1","0","0","2","67301","0","","1","09","1730","N","N","N","0","","1","0","0","0","0","Y","1649","1","2","0","0","0","0","0","2","0","1","07","07","N","","","","","","","","","","",""
"2022106157","0241","2","0","0","0","0","0","0","0","0","5","0","","67","09","2022","5","39.9478","-75.2243","0240","06","0","0","0","0","0","0","0","0","","0","0","0","01","3","1","00","N","0","39 56:52.188","","00","75 13:27.572","4","0","0","0","67301","0","0","0","N","0","0","0","2","67301","1","","6","01","","N","N","N","0","","0","0","0","0","0","","0138","1","2","0","0","0","0","1","2","0","2","03","03","N","","","","","","","","","","",""
"2022119272","1537","2","0","0","0","0","0","0","0","0","4","0","","67","12","2022","5","40.0349","-75.1844","1536","06","0","0","0","0","0","1","0","0","","0","0","0","15","1","1","01","","2","40 02:05.601","7","00","75 11:03.743","3","0","0","0","67301","0","0","0","N","0","0","0","2","67301","0","","1","09","0045","N","N","N","0","","1","0","0","3","2","Y","1534","1","2","0","0","0","0","1","2","0","2","07","07","N","","","","","","","","","","",""
"2022088255","1209","0","0","0","0","0","0","0","0","0","1","0","","67","09","2022","7","40.0032","-75.1525","1156","06","0","0","0","0","0","2","0","0","","0","0","0","11","1","1","05","","0","40 00:11.467","","00","75 09:09.273","3","0","0","0","67301","0","0","0","N","0","0","0","2","67301","0","","1","01","","N","N","N","0","","1","0","2","3","2","","1106","1","2","0","0","0","0","0","2","0","2","03","03","N","","","","","","","","","","",""
"2022107516","2235","3","0","0","0","0","0","0","0","0","1","0","","67","10","2022","3","39.8943","-75.2374","2230","06","0","0","0","0","1","0","0","0","","0","0","0","21","3","0","00","Y","0","39 53:39.476","","00","75 14:14.784","0","0","0","0","67301","0","0","0","N","0","0","0","3","67301","0","","1","01","","N","N","N","0","","0","0","0","0","0","","2125","0","3","0","0","2","0","0","2","0","3","03","03","N","","","","","","","","","","",""
"2022089300","1355","0","0","0","0","0","0","0","0","0","5","0","","67","09","2022","2","39.9183","-75.1622","1349","06","0","0","0","0","0","0","0","1","","0","0","0","13","1","1","00","N","0","39 55:05.900","","00","75 09:44.000","3","0","0","0","67301","0","0","0","N","0","0","0","2","67301","0","","1","01","","N","N","N","0","","1","0","2","0","0","","1322","1","2","0","0","0","0","0","2","0","2","03","","N","","","","","","","","","","",""
"2022088927","1650","0","0","0","0","0","0","0","0","0","1","0","","67","09","2022","2","39.9194","-75.1521","1640","06","0","0","0","0","0","0","0","0","","0","0","0","16","1","0","00","N","0","39 55:09.930","","00","75 09:07.630","0","0","0","0","67301","0","0","0","N","0","0","0","1","67301","0","","6","01","","N","N","N","0","","0","0","1","0","0","","1630","0","3","0","0","0","0","0","2","1","3","03","03","N","","","","","","","","","","",""
"2022117764","2125","1","0","0","0","0","0","0","0","0","8","0","","67","12","2022","7","39.9828","-75.1186","2124","06","0","0","0","0","0","0","0","0","","0","0","0","21","3","1","01","","0","39 58:57.983","","00","75 07:06.814","3","0","0","0","67301","1","0","0","N","1","0","0","2","67301","0","","1","01","","N","N","N","0","","1","0","0","0","0","","2120","1","2","0","0","1","0","0","2","0","1","03","","N","","","","","","","","","","",""
"2022119276","0600","1","0","0","0","0","0","0","0","0","8","0","","67","12","2022","4","40.0301","-75.0352","0555","06","0","0","0","0","0","0","0","0","","0","0","0","05","3","1","01","","0","40 01:48.464","","00","75 02:06.579","3","0","0","0","67301","1","0","0","N","1","0","0","2","67301","0","","1","01","","N","N","N","0","","1","0","0","3","2","","0551","1","2","0","0","0","0","0","2","0","1","03","03","N","","","","","","","","","","",""
"2022117892","2059","2","0","0","0","0","0","0","0","0","4","1","","67","12","2022","7","40.0054","-75.1073","2059","06","0","0","0","0","0","0","0","0","","0","1","0","20","3","0","02","","0","40 00:19.593","","00","75 06:26.392","9","0","0","0","67301","0","0","0","N","0","0","0","2","67301","0","","1","01","","N","N","Y","0","","0","0","0","0","0","","2045","0","3","0","0","0","0","2","2","0","3","03","03","N","","","","","","","","","","",""
"2022104958","1046","1","0","0","0","0","0","0","0","0","7","0","","67","11","2022","1","40.0257","-75.0737","1034","06","0","0","0","0","0","1","0","0","","0","0","0","10","1","0","00","N","0","40 01:32.490","","00","75 04:25.460","0","0","0","0","67301","0","0","0","N","0","0","0","1","67301","0","","4","01","","N","N","N","0","","0","0","0","3","2","","1030","0","1","0","0","1","0","0","2","0","1","07","04","N","","","","","","","","","","",""
"2022089850","1622","1","0","0","0","0","0","0","0","0","4","0","","67","09","2022","3","39.957","-75.2194","1622","06","0","0","0","0","0","0","0","0","","0","0","0","15","1","1","01","","0","39 57:25.138","","00","75 13:09.994","3","0","0","0","67301","0","0","0","N","0","0","0","2","67301","0","","1","01","","N","N","N","0","","1","0","1","3","3","","1547","1","2","0","0","0","0","0","2","0","2","03","03","N","","","","","","","","","","",""
"2022089538","1749","0","0","0","0","0","0","0","0","0","4","0","","67","09","2022","2","40.0475","-75.1428","1731","06","0","0","0","0","0","0","1","0","","0","0","0","13","1","3","01","","0","40 02:51.013","","00","75 08:34.447","3","0","0","0","67301","0","0","0","N","0","0","0","4","67301","0","","1","01","","N","N","N","0","","3","0","2","3","2","","1330","3","2","0","0","0","0","1","2","0","2","03","","N","","","","","","","","","","",""
"2022089314","0025","0","0","0","0","0","0","0","0","0","1","0","","67","09","2022","3","40.0515","-75.1485","0025","06","0","0","0","0","0","1","0","0","","0","0","0","00","3","4","00","N","0","40 03:05.500","","00","75 08:54.700","3","0","0","0","67301","0","0","0","N","0","0","0","4","67301","0","","1","01","","N","N","N","0","","4","0","2","0","0","","0024","4","2","0","0","0","0","0","2","0","2","03","03","N","","","","","","","","","","",""
"2022117747","1845","0","0","0","0","0","0","0","0","0","7","0","","67","12","2022","1","39.9453","-75.1424","1843","06","0","0","0","0","0","0","0","0","","0","0","0","18","3","1","00","N","1","39 56:42.976","1","00","75 08:32.601","8","0","0","0","67301","0","0","0","N","0","0","0","1","68K01","0","","3","09","1910","N","N","N","0","","0","0","1","0","0","N","1840","1","1","0","0","1","1","0","2","0","1","04","04","N","","","","","","","","","","",""
"2022118749","1139","0","0","0","0","0","0","0","0","0","4","1","","67","12","2022","4","40.0553","-75.1929","1137","06","0","0","0","0","0","0","1","0","","0","1","0","11","1","0","01","","0","40 03:19.015","","00","75 11:34.594","0","0","0","0","67301","0","0","0","N","0","0","0","2","67301","0","","1","01","","N","N","N","0","","0","0","1","3","2","","1128","0","2","0","0","0","0","0","2","0","2","03","03","N","","","","","","","","","","",""
"2022088161","1145","1","0","0","0","0","0","0","0","0","6","0","","67","09","2022","7","39.9438","-75.2379","1145","06","0","0","0","0","0","1","0","0","","0","0","0","11","1","0","01","","1","39 56:37.760","7","00","75 14:16.286","0","0","0","0","67301","0","0","0","N","0","0","0","2","67301","0","","1","01","1210","N","N","N","0","","0","0","1","3","2","Y","1144","0","2","0","0","2","0","0","2","0","2","03","03","N","","","","","","","","","","",""
"2022104961","0327","2","0","0","0","0","0","0","0","0","4","0","","67","09","2022","7","39.9988","-75.119","0323","06","0","0","0","0","0","0","0","0","","0","0","0","03","3","1","01","","0","39 59:55.804","","00","75 07:08.496","3","0","0","0","67301","0","0","0","N","0","0","0","2","67301","0","","1","01","","N","N","N","0","","1","0","0","3","3","","0323","1","2","0","0","2","0","0","2","0","2","03","03","N","","","","","","","","","","",""
"2022089281","1117","2","0","0","0","0","0","0","0","0","4","0","","67","09","2022","2","40.0202","-75.1505","1112","06","0","0","0","0","0","0","1","0","","0","0","0","10","1","1","01","","0","40 01:12.714","","03","75 09:01.947","3","0","0","0","67301","0","0","0","N","0","0","0","2","67301","0","","1","01","","N","N","N","0","","1","0","0","3","2","","1044","1","2","0","0","2","0","0","2","0","2","04","04","N","","","","","","","","","","",""
"2022095494","0255","1","0","0","0","0","0","0","0","0","1","0","","67","09","2022","7","39.9903","-75.2386","0250","06","0","0","0","0","0","0","0","0","","0","0","0","02","3","0","00","N","0","39 59:25.030","","00","75 14:19.070","0","0","0","0","67301","0","0","0","N","0","0","0","1","67301","0","","6","01","","N","N","N","0","","0","0","1","0","0","","0200","0","2","0","0","0","0","0","2","0","2","03","03","N","","","","","","","","","","",""
"2022116782","1655","1","0","0","0","0","0","0","0","0","5","0","","67","12","2022","5","40.037","-75.0135","1648","06","0","0","0","0","0","1","1","0","","0","0","0","15","1","2","00","N","0","40 02:13.096","","00","75 00:48.504","4","0","0","0","67301","0","0","0","N","0","0","0","3","68K01","2","","1","01","","N","N","N","0","","0","0","1","0","0","","1557","2","2","0","0","0","0","0","2","0","2","03","03","N","","","","","","","","","","",""
"2022088194","0557","0","0","0","0","0","0","0","0","0","4","0","","67","09","2022","7","40.0405","-75.0591","0555","06","0","0","0","0","0","2","0","0","","0","0","0","05","3","3","01","","1","40 02:25.817","2","00","75 03:32.713","3","0","0","0","67301","0","0","0","N","0","0","0","6","67301","2","","1","01","0706","N","N","N","0","","1","0","2","3","2","N","0544","3","2","0","0","0","0","0","2","0","2","03","","N","","","","","","","","","","",""
"2022118974","0343","2","0","0","0","0","0","0","0","0","5","0","","67","12","2022","1","39.9976","-75.1963","0342","06","0","0","0","1","0","0","0","0","","0","0","0","03","3","1","00","N","1","39 59:51.358","6","00","75 11:46.507","3","0","0","0","67301","0","0","0","N","0","0","0","3","68K01","0","","1","01","0425","N","N","N","0","","1","0","0","0","0","N","0340","1","2","0","0","0","0","0","2","0","2","03","","N","","","","","","","","","","",""
"2022117875","1654","1","0","0","0","0","0","0","0","0","1","0","","67","12","2022","2","39.916","-75.1478","1654","06","0","0","0","0","1","0","0","0","","0","0","0","16","3","0","00","N","0","39 54:57.729","","00","75 08:51.953","0","0","0","0","67301","0","0","0","N","0","0","0","2","68K01","0","","3","01","","N","N","N","1","","0","0","0","0","0","","1654","0","2","0","0","0","0","0","2","0","2","03","","N","","","","","","","","","","",""
"2022094623","0427","1","0","0","0","0","0","0","0","0","5","0","","67","09","2022","1","39.9993","-75.0696","0427","06","0","0","0","0","0","0","0","0","","0","0","0","03","3","0","00","N","0","39 59:57.478","","00","75 04:10.508","0","0","0","0","67301","0","0","0","N","0","0","0","1","67301","0","","6","01","","N","N","N","1","","0","0","1","0","0","","0338","0","4","0","0","0","0","0","2","1","4","04","","N","","","","","","","","","","",""
"2022117597","1857","2","0","0","0","0","0","0","0","0","5","0","","67","10","2022","5","39.8992","-75.1765","1844","06","0","0","1","0","0","0","0","0","","0","0","0","18","3","1","00","N","2","39 53:57.002","1","00","75 10:35.363","3","0","0","0","67301","0","0","0","N","0","0","0","2","68K01","0","","1","01","2000","N","N","N","0","","1","0","0","0","0","N","1832","1","2","0","0","0","0","0","2","0","2","03","03","N","","","","","","","","","","",""
"2022100527","1747","1","0","0","0","0","0","0","0","0","4","0","","67","09","2022","6","40.0107","-75.1508","1722","06","0","0","0","0","0","1","0","0","","0","0","0","16","1","2","01","","0","40 00:38.613","","00","75 09:02.915","4","0","0","0","67301","0","0","0","N","0","0","0","4","67301","2","","1","01","","N","N","N","0","","0","0","1","3","2","","1631","2","2","0","0","0","0","0","2","0","2","03","03","N","","","","","","","","","","",""
"2022096756","1900","1","0","0","1","0","0","0","0","0","8","0","","67","09","2022","2","39.9903","-75.127","1900","06","0","0","0","0","0","0","0","0","","0","0","0","18","4","1","01","","0","39 59:25.574","","00","75 07:37.365","8","0","0","0","67301","1","0","0","N","0","0","0","2","67301","0","","1","01","","N","N","N","0","","0","0","0","3","2","","1857","1","2","0","0","1","1","0","2","0","1","03","03","N","","","","","","","","","","",""
"2022118759","0336","1","0","0","0","0","0","0","0","0","2","0","","67","12","2022","4","39.974","-75.2433","0336","06","0","0","0","0","0","0","0","0","","0","0","0","03","3","3","01","","0","39 58:26.331","","00","75 14:35.811","2","0","0","0","67301","0","0","0","N","0","0","0","3","67301","0","","1","01","","N","N","N","0","","2","1","1","9","3","","0335","3","2","0","0","0","0","0","2","0","2","03","03","N","","","","","","","","","","",""
"2022119012","0909","2","0","0","0","0","0","0","0","0","2","0","","67","12","2022","4","40.1141","-74.9877","0909","06","0","0","0","0","0","0","0","0","","0","0","0","09","1","1","05","","0","40 06:50.926","","00","74 59:15.880","4","0","0","0","67301","0","0","0","N","0","0","0","2","67301","1","","1","01","","N","N","N","0","","0","0","0","3","2","","0907","1","2","0","0","0","0","0","2","0","2","03","","N","","","","","","","","","","",""
"2022117034","1134","1","0","0","0","0","0","0","0","0","1","0","","67","12","2022","6","39.9594","-75.1741","1122","06","0","0","0","0","0","0","0","0","","0","0","0","11","1","0","00","N","0","39 57:33.865","","00","75 10:26.688","0","0","0","0","67301","0","0","0","N","0","0","0","2","68K01","0","","1","01","","N","N","N","0","","0","0","0","0","0","","1118","0","2","0","0","0","0","0","2","1","2","03","03","N","","","","","","","","","","",""
"2022116785","1711","1","0","0","0","0","0","0","0","0","7","0","","67","12","2022","6","40.0103","-75.2071","1707","06","0","0","0","0","0","0","0","0","","0","0","0","17","3","0","06","","1","40 00:37.227","3","02","75 12:25.505","0","0","0","0","67301","0","0","0","N","0","0","0","3","68K01","0","","2","01","1714","N","N","N","1","","0","0","0","0","0","N","1701","0","2","0","0","0","0","0","2","0","2","03","","N","","","","","","","","","","",""
"2022116795","1120","1","0","0","0","0","0","0","0","0","1","1","","67","12","2022","6","39.9351","-75.1539","1108","06","0","0","0","0","0","0","0","0","","0","1","0","10","1","2","01","","0","39 56:06.459","","00","75 09:13.913","8","0","0","0","67301","0","0","0","N","0","0","0","4","67301","0","","1","01","","N","N","N","1","","0","0","0","3","2","","1045","2","3","0","0","2","2","0","2","0","3","03","03","N","","","","","","","","","","",""
"2022089290","0458","1","0","0","0","0","0","0","0","0","4","0","","67","09","2022","3","39.9222","-75.2303","0455","06","0","0","0","0","0","1","0","0","","0","0","0","04","3","1","01","","2","39 55:19.936","7","00","75 13:49.166","8","0","0","0","67301","0","0","0","N","0","0","0","2","67301","0","","1","01","0630","N","N","N","0","","0","0","1","3","2","Y","0449","1","2","0","0","0","1","1","2","0","2","03","03","N","","","","","","","","","","",""
"2022090503","0236","2","0","0","0","0","0","0","0","0","4","0","","67","09","2022","6","39.9579","-75.1641","0236","06","0","0","0","0","0","0","0","0","","0","0","0","02","3","0","01","","0","39 57:28.550","","02","75 09:50.921","0","0","0","0","67301","0","0","0","N","0","0","0","2","67301","0","","1","01","","N","N","N","0","","0","0","0","3","2","","0236","0","2","0","0","2","0","0","2","0","2","03","03","N","","","","","","","","","","",""
"2022093812","1202","0","0","0","0","0","0","0","0","0","8","1","","67","09","2022","3","39.9701","-75.2374","1202","06","0","0","0","0","0","0","0","0","","0","1","0","10","1","1","01","","0","39 58:12.525","","00","75 14:14.801","3","0","0","0","67301","1","0","0","N","1","0","0","2","67301","0","","1","01","","N","N","N","0","","1","0","0","3","2","","1051","1","2","0","0","0","0","1","2","0","1","03","","N","","","","","","","","","","",""
"2022087674","0153","1","0","0","0","0","0","0","0","0","6","0","","67","09","2022","6","40.0297","-75.132","0153","06","0","0","0","0","0","0","0","0","","0","0","0","01","3","0","00","N","2","40 01:46.810","5","00","75 07:55.140","9","0","0","0","67301","0","0","0","N","0","0","0","1","67301","0","","6","01","0231","N","N","N","0","","0","0","0","0","0","Y","0135","0","2","0","0","0","0","1","2","1","2","03","03","N","","","","","","","","","","",""
"2022119576","1828","0","0","0","0","0","0","0","0","0","4","0","","67","12","2022","5","39.8887","-75.2471","1819","06","0","0","0","0","0","0","0","0","","0","0","0","17","3","3","00","N","0","39 53:19.162","","00","75 14:49.587","3","0","0","0","67301","0","0","0","N","0","0","0","4","67301","0","","1","08","","N","N","N","0","","3","0","1","0","0","","1717","3","2","0","0","0","0","1","2","0","2","07","07","N","","","","","","","","","","",""
"2022118492","2303","1","0","0","0","0","0","0","0","0","5","0","","67","11","2022","2","39.9338","-75.2","2254","06","0","0","0","0","0","0","0","0","","0","0","0","22","3","2","00","N","1","39 56:01.551","4","00","75 11:59.842","3","0","0","0","67301","0","0","0","N","0","0","0","3","68K01","0","","1","01","2330","N","N","N","0","","1","0","0","0","0","N","2251","2","2","0","0","2","1","1","2","0","2","03","","N","","","","","","","","","","",""
"2022117058","2050","1","0","0","0","0","0","0","0","0","5","0","","67","12","2022","5","40.0219","-75.1269","2045","06","0","0","0","0","0","0","0","0","","0","0","0","16","3","0","00","N","0","40 01:18.730","","00","75 07:36.880","0","0","0","0","67301","0","0","0","N","0","0","0","0","67301","0","","1","01","","N","N","N","0","","0","0","1","0","0","","1640","0","2","0","0","0","0","0","2","0","2","03","","N","","","","","","","","","","",""
"2022089133","0218","1","0","0","0","0","0","0","0","0","7","0","","67","09","2022","1","39.9965","-75.0811","0217","06","0","0","0","0","0","0","0","0","","0","0","0","02","3","1","00","N","0","39 59:47.371","","00","75 04:51.947","3","0","0","0","67301","0","0","0","N","0","0","0","1","68K01","0","","2","01","","N","N","N","0","","1","0","0","0","0","","0205","1","1","0","0","0","0","0","2","0","1","03","","N","","","","","","","","","","",""
"2022119020","0040","1","0","0","0","0","0","0","0","0","8","0","","67","12","2022","2","39.974","-75.2045","0030","06","0","0","0","0","0","0","0","0","","0","0","0","22","3","1","00","N","0","39 58:26.577","","00","75 12:16.303","8","0","0","0","67301","1","0","0","N","1","0","0","2","67301","0","","1","01","","N","N","N","0","","0","0","0","0","0","","2230","1","2","0","0","1","1","0","2","0","1","03","","N","","","","","","","","","","",""
"2022117046","1749","1","0","0","1","0","0","0","0","0","8","0","","67","12","2022","6","39.9548","-75.1463","1742","06","0","0","0","0","0","0","0","0","","0","0","0","17","3","1","01","","0","39 57:17.304","","00","75 08:46.603","3","0","0","0","67301","1","0","0","N","0","0","0","2","67301","0","","1","01","","N","N","N","0","","1","0","0","0","0","","1700","1","2","0","0","1","0","0","2","0","1","03","03","N","","","","","","","","","","",""
"2022089315","1632","1","0","0","0","0","0","0","0","0","4","0","","67","09","2022","3","40.0429","-75.1438","1631","06","0","0","0","0","0","0","0","0","","0","0","0","16","1","1","01","","2","40 02:34.337","1","00","75 08:38.117","3","0","0","0","67301","0","0","0","N","0","0","0","2","67301","0","","1","01","1900","N","N","N","0","","1","0","1","3","2","Y","1630","1","2","0","0","0","0","0","2","0","2","03","","N","","","","","","","","","","",""
"2022117081","1325","0","0","0","0","0","0","1","0","0","1","1","","67","12","2022","6","40.0107","-75.1513","1315","06","0","0","0","0","0","0","0","0","","0","0","0","13","1","2","01","","0","40 00:38.617","","00","75 09:04.835","8","0","0","0","67301","0","0","0","N","0","0","0","4","67508","0","","1","01","","N","N","Y","0","","0","0","0","3","2","","1315","2","2","0","0","1","2","0","2","1","2","03","03","N","","","","","","","","","","",""
"2022090312","1341","1","0","0","0","0","0","0","0","0","4","0","","67","09","2022","2","39.9585","-75.2476","1341","06","0","0","0","0","0","0","0","0","","0","0","0","13","1","2","02","","0","39 57:30.706","","00","75 14:51.628","3","0","0","0","67301","0","0","0","N","0","0","0","2","67301","0","","1","01","","N","N","N","0","","2","0","1","3","3","","1325","2","2","0","0","0","0","0","2","0","2","03","03","N","","","","","","","","","","",""
"2022118781","0003","0","0","0","0","0","0","1","0","0","4","1","","67","12","2022","2","40.0254","-75.0733","0000","06","0","0","0","0","0","0","0","0","","0","0","0","00","3","3","01","","0","40 01:31.360","","00","75 04:23.920","4","0","0","0","67301","0","0","0","N","0","0","0","5","67508","1","","1","01","","N","N","Y","0","","0","0","1","3","2","","0000","3","2","0","0","1","2","0","2","0","2","03","03","N","","","","","","","","","","",""
"2022089340","1527","0","0","0","0","0","0","0","0","0","1","0","","67","09","2022","3","40.1078","-74.9964","1512","06","0","0","0","0","0","1","0","0","","0","0","0","15","1","1","00","N","1","40 06:28.031","4","03","74 59:47.159","3","0","0","0","67301","0","0","0","N","0","0","0","3","67301","0","","1","01","0100","N","N","N","1","","1","0","2","0","0","Y","1507","1","3","0","0","3","0","0","2","0","3","03","03","N","","","","","","","","","","",""
"2022088443","0327","4","0","0","0","0","0","0","0","0","5","0","","67","09","2022","7","40.0067","-75.078","0324","06","0","0","0","0","0","0","0","0","","0","0","0","03","3","0","00","N","2","40 00:24.090","3","00","75 04:40.850","0","0","0","0","67301","0","0","0","N","0","0","0","1","67301","0","","6","01","0449","N","N","N","0","","0","0","1","0","0","Y","0315","0","5","0","0","1","0","0","2","0","5","03","03","N","","","","","","","","","","",""
"2022119038","2335","2","0","0","0","0","0","0","0","0","4","0","","67","12","2022","2","40.0477","-75.1429","2335","06","0","0","0","0","0","1","0","0","","0","0","0","22","3","0","01","","0","40 02:51.770","","00","75 08:34.280","0","0","0","0","67301","0","0","0","N","0","0","0","3","67301","0","","1","01","","N","N","N","0","","0","0","0","3","2","","2230","0","2","0","0","0","0","0","2","0","2","03","","N","","","","","","","","","","",""
"2022088958","0835","1","0","0","0","0","0","0","0","0","1","0","","67","09","2022","2","40.056","-75.0502","0832","06","0","0","0","0","0","0","0","0","","0","0","0","07","1","0","00","N","0","40 03:21.470","","00","75 03:00.620","9","0","0","0","67301","0","0","0","N","0","0","0","1","67301","0","","6","01","","N","N","N","0","","0","0","0","0","0","","0709","0","2","0","0","0","0","1","2","0","2","03","03","N","","","","","","","","","","",""
"2022091619","1745","2","0","0","0","0","0","0","0","0","1","0","","67","09","2022","1","39.9583","-75.1665","1745","06","0","0","0","0","0","1","0","0","","0","0","0","17","1","0","00","N","0","39 57:30.025","","00","75 09:59.241","0","0","0","0","67301","0","0","0","N","0","0","0","3","68K01","0","","1","09","","N","N","N","0","","0","0","1","0","0","","1709","0","3","0","0","0","0","0","2","0","3","04","","N","","","","","","","","","","",""
"2022118538","0257","0","0","0","0","0","0","0","0","0","4","0","","67","12","2022","2","40.0103","-75.207","0256","06","0","0","0","0","0","0","0","0","","0","0","0","02","3","0","00","N","1","40 00:37.160","4","00","75 12:25.376","9","0","0","0","67301","0","0","0","N","0","0","0","2","68K01","0","","1","01","0305","N","N","N","0","","0","0","1","0","0","N","0256","0","2","0","0","0","0","1","2","0","2","03","03","N","","","","","","","","","","",""
"2022087666","0401","1","0","0","0","0","0","0","0","0","1","0","","67","09","2022","6","39.9087","-75.1501","0400","06","0","0","0","0","0","0","1","0","","0","0","0","04","3","1","00","N","2","39 54:31.400","3","03","75 09:00.500","3","0","0","0","67301","0","0","0","N","0","0","0","2","67501","0","","1","01","0427","N","N","N","0","","1","0","0","0","0","N","0400","1","2","0","0","0","0","0","2","1","2","03","","N","","","","","","","","","","",""
"2022119146","0715","0","0","0","0","0","0","0","0","0","0","1","","67","11","2022","4","40.012","-75.0603","0659","06","0","0","0","0","0","0","0","0","","0","1","0","06","1","0","00","N","1","40 00:43.130","2","03","75 03:37.010","0","0","0","0","67301","0","0","0","N","0","0","0","2","68K01","0","","1","01","0735","N","N","N","1","","0","0","0","0","0","N","0658","0","3","0","0","0","0","0","2","0","2","03","","N","","","","","","","","","","",""
"2022117759","0818","1","0","0","0","0","0","0","0","0","4","1","","67","12","2022","6","39.995","-75.2276","0803","06","0","0","0","0","0","0","0","0","","0","1","0","07","1","1","01","","1","39 59:42.122","2","00","75 13:39.471","8","0","0","0","67301","0","0","0","N","0","0","0","2","67301","0","","1","01","1015","N","N","N","0","","0","0","0","3","3","N","0751","1","2","0","0","1","1","0","2","0","2","03","03","N","","","","","","","","","","",""
"2022087870","1045","1","0","0","0","0","0","0","0","0","8","0","","67","09","2022","4","39.919","-75.1671","1041","06","0","0","0","0","0","0","0","0","","0","0","0","06","1","1","05","","0","39 55:08.284","","00","75 10:01.671","4","0","0","0","67301","1","0","0","N","1","0","0","2","67301","1","","1","01","","N","N","N","0","","0","0","0","3","2","","0600","1","2","0","0","0","0","0","2","0","1","03","03","N","","","","","","","","","","",""