"CRN","ARRIVAL_TM","AUTOMOBILE_COUNT","BELTED_DEATH_COUNT","BELTED_SUSP_SERIOUS_INJ_COUNT","BICYCLE_COUNT","BICYCLE_DEATH_COUNT","BICYCLE_SUSP_SERIOUS_INJ_COUNT","BUS_COUNT","CHLDPAS_DEATH_COUNT","CHLDPAS_SUSP_SERIOUS_INJ_COUNT","COLLISION_TYPE","COMM_VEH_COUNT","CONS_ZONE_SPD_LIM","COUNTY","CRASH_MONTH","CRASH_YEAR","DAY_OF_WEEK","DEC_LAT","DEC_LONG","DISPATCH_TM","DISTRICT","DRIVER_COUNT_16YR","DRIVER_COUNT_17YR","DRIVER_COUNT_18YR","DRIVER_COUNT_19YR","DRIVER_COUNT_20YR","DRIVER_COUNT_50_64YR","DRIVER_COUNT_65_74YR","DRIVER_COUNT_75PLUS","EST_HRS_CLOSED","FATAL_COUNT","HEAVY_TRUCK_COUNT","HORSE_BUGGY_COUNT","HOUR_OF_DAY","ILLUMINATION","INJURY_COUNT","INTERSECT_TYPE","INTERSECTION_RELATED","LANE_CLOSED","LATITUDE","LN_CLOSE_DIR","LOCATION_TYPE","LONGITUDE","MAX_SEVERITY_LEVEL","MCYCLE_DEATH_COUNT","MCYCLE_SUSP_SERIOUS_INJ_COUNT","MOTORCYCLE_COUNT","MUNICIPALITY","NONMOTR_COUNT","NONMOTR_DEATH_COUNT","NONMOTR_SUSP_SERIOUS_INJ_COUNT","NTFY_HIWY_MAINT","PED_COUNT","PED_DEATH_COUNT","PED_SUSP_SERIOUS_INJ_COUNT","PERSON_COUNT","POLICE_AGCY","POSSIBLE_INJ_COUNT","RDWY_SURF_TYPE_CD","RELATION_TO_ROAD","ROAD_CONDITION","ROADWAY_CLEARED","SCH_BUS_IND","SCH_ZONE_IND","SECONDARY_CRASH","SMALL_TRUCK_COUNT","SPEC_JURIS_CD","SUSP_MINOR_INJ_COUNT","SUSP_SERIOUS_INJ_COUNT","SUV_COUNT","TCD_FUNC_CD","TCD_TYPE","TFC_DETOUR_IND","TIME_OF_DAY","TOT_INJ_COUNT","TOTAL_UNITS","UNB_DEATH_COUNT","UNB_SUSP_SERIOUS_INJ_COUNT","UNBELTED_OCC_COUNT","UNK_INJ_DEG_COUNT","UNK_INJ_PER_COUNT","URBAN_RURAL","VAN_COUNT","VEHICLE_COUNT","WEATHER1","WEATHER2","WORK_ZONE_IND","WORK_ZONE_LOC","WORK_ZONE_TYPE","WORKERS_PRES","WZ_CLOSE_DETOUR","WZ_FLAGGER","WZ_LAW_OFFCR_IND","WZ_LN_CLOSURE","WZ_MOVING","WZ_OTHER","WZ_SHLDER_MDN","WZ_WORKERS_INJ_KILLED"
"2022115451","0145","1","0","0","0","0","0","0","0","0","4","0","","67","11","2022","6","39.9857","-75.2475","0141","06","0","0","0","0","0","0","0","0","","0","0","0","01","3","2","01","","0","39 59:08.457","","00","75 14:51.079","8","0","0","0","67301","0","0","0","N","0","0","0","2","67301","0","","1","01","","N","N","N","0","","0","0","1","3","2","","0133","2","2","0","0","0","2","0","2","0","2","03","","N","","","","","","","","","","",""
"2022116025","2057","1","0","0","0","0","0","0","0","0","5","0","","67","11","2022","7","40.0233","-75.0351","2055","06","0","0","0","0","0","0","0","0","","0","0","0","20","3","1","00","N","0","40 01:23.896","","00","75 02:06.194","4","0","0","0","67301","0","0","0","N","0","0","0","7","68K01","1","","1","01","","N","N","N","0","","0","0","0","0","0","","2018","1","2","0","0","0","0","0","2","1","2","03","03","N","","","","","","","","","","",""
"2022116023","0623","2","0","0","0","0","0","0","0","0","5","0","","67","11","2022","7","39.9609","-75.1822","0622","06","0","0","0","0","0","0","0","0","","0","0","0","06","3","4","00","N","1","39 57:39.270","3","00","75 10:55.899","8","0","0","0","67301","0","0","0","N","0","0","0","4","68K01","0","","1","01","0720","N","N","N","0","","0","0","0","0","0","N","0618","4","2","0","0","1","4","0","2","0","2","03","","N","","","","","","","","","","",""
"2022086890","0102","1","0","0","0","0","0","0","0","0","4","0","","67","09","2022","4","40.0503","-75.1736","0055","06","0","0","0","0","0","1","0","0","","0","0","0","00","3","0","00","N","0","40 03:01.094","","00","75 10:24.985","0","0","0","0","67301","0","0","0","N","0","0","0","1","67301","0","","5","01","","N","N","N","0","","0","0","2","0","0","","0045","0","3","0","0","0","0","0","2","0","3","03","03","N","","","","","","","","","","",""
"2022088008","1537","1","0","0","0","0","0","0","0","0","7","0","","67","09","2022","4","39.9334","-75.2","1522","06","0","0","0","0","0","0","0","0","","0","0","0","15","1","1","00","N","1","39 56:00.244","4","00","75 11:59.954","3","0","0","0","67301","0","0","0","N","0","0","0","5","68K01","0","","4","01","1655","N","N","N","0","","1","0","1","0","0","N","1520","1","2","0","0","4","0","0","2","0","2","03","","N","","","","","","","","","","",""
"2022115932","1300","0","0","0","0","0","0","0","0","0","4","1","","67","12","2022","3","39.9556","-75.1895","1244","06","0","0","0","0","0","0","0","0","","0","1","0","08","1","1","01","","0","39 57:20.190","","00","75 11:22.130","3","0","0","0","67301","0","0","0","N","0","0","0","2","67301","0","","1","99","","N","N","N","0","","1","0","1","9","2","","0810","1","2","0","0","1","0","0","2","0","2","07","07","N","","","","","","","","","","",""
"2022115628","1020","1","0","0","0","0","0","1","0","0","5","1","","67","11","2022","2","39.9804","-75.1574","1010","06","0","0","0","0","0","2","0","0","","0","0","0","10","1","4","00","N","0","39 58:49.488","","00","75 09:26.727","8","0","0","0","67301","0","0","0","N","0","0","0","7","67508","0","","1","01","","N","N","N","0","","0","0","1","0","0","","1010","4","3","0","0","2","4","2","2","0","3","03","03","N","","","","","","","","","","",""
"2022088731","0919","1","0","0","0","0","0","0","0","0","8","0","","67","09","2022","5","39.9645","-75.2201","0919","06","0","0","0","0","0","1","0","0","","0","0","0","09","1","1","00","N","0","39 57:52.100","","00","75 13:12.400","3","0","0","0","67301","1","0","0","N","1","0","0","2","67301","0","","1","01","","N","N","N","0","","1","0","0","0","0","","0919","1","2","0","0","0","0","0","2","0","1","03","04","N","","","","","","","","","","",""
"2022094160","0646","0","0","0","0","0","0","0","0","0","1","0","","67","09","2022","4","39.9868","-75.1357","0640","06","0","0","0","0","0","0","0","0","","0","0","0","06","1","0","00","N","0","39 59:12.520","","00","75 08:08.670","9","0","0","0","67301","0","0","0","N","0","0","0","1","67301","0","","6","01","","N","N","N","1","","0","0","1","0","0","","0635","0","2","0","0","0","0","1","2","0","2","03","03","N","","","","","","","","","","",""
"2022100802","1510","0","0","0","0","0","0","0","0","0","8","0","","67","09","2022","5","40.0215","-75.1204","1510","06","0","0","0","0","0","1","0","0","","0","0","0","15","1","1","00","N","0","40 01:17.230","","00","75 07:13.420","4","0","0","0","67301","1","0","0","N","1","0","0","2","67301","1","","1","01","","N","Y","N","0","","0","0","1","0","0","","1510","1","2","0","0","0","0","0","2","0","1","03","03","N","","","","","","","","","","",""
"2022086457","2353","2","0","0","0","0","0","0","0","0","4","0","","67","09","2022","5","40","-75.1405","2351","06","0","0","0","0","0","0","0","0","","0","0","0","23","3","2","01","","0","39 59:59.964","","00","75 08:25.794","3","0","0","0","67301","0","0","0","N","0","0","0","3","67301","0","","1","01","","N","N","N","0","","1","0","0","3","2","","2342","2","2","0","0","0","1","0","2","0","2","03","03","N","","","","","","","","","","",""
"2022085398","1020","0","0","0","0","0","0","0","0","0","8","0","","67","09","2022","6","40.0152","-75.1552","1020","06","0","1","0","0","0","0","0","0","","0","0","0","10","1","1","02","","0","40 00:55.067","","00","75 09:18.839","3","0","0","0","67301","1","0","0","N","1","0","0","2","67301","0","","1","01","","N","N","N","0","","1","0","0","3","2","","1000","1","2","0","0","0","0","0","2","1","1","03","","N","","","","","","","","","","",""
"2022106153","2303","3","0","0","0","0","0","0","0","0","4","0","","67","09","2022","5","39.9538","-75.2364","2205","06","0","0","0","0","0","0","0","0","","0","0","0","22","3","2","01","","0","39 57:13.546","","00","75 14:11.122","3","0","0","0","67301","0","0","0","N","0","0","0","3","67301","0","","1","01","","N","N","N","0","","2","0","0","3","3","","2205","2","3","0","0","3","0","0","2","0","3","03","03","N","","","","","","","","","","",""
"2022115120","0020","1","0","0","0","0","0","0","0","0","1","0","","67","12","2022","7","40.0194","-75.1456","0008","06","0","0","0","0","0","0","0","0","","0","0","0","23","3","0","00","N","1","40 01:09.782","2","00","75 08:44.231","0","0","0","0","67301","0","0","0","N","0","0","0","2","67301","0","","2","01","0100","N","N","N","0","","0","0","1","0","0","U","2359","0","2","0","0","0","0","0","2","0","2","03","03","N","","","","","","","","","","",""
"2022114929","2039","2","0","0","0","0","0","0","0","0","1","0","","67","11","2022","3","39.9771","-75.1133","2039","06","0","0","0","0","0","0","1","0","","0","0","0","20","3","1","00","N","0","39 58:37.695","","00","75 06:47.729","8","0","0","0","67301","0","0","0","N","0","0","0","2","68K01","0","","1","01","","N","N","N","0","","0","0","0","0","0","","2039","1","2","0","0","0","1","0","2","0","2","03","03","N","","","","","","","","","","",""
"2022115554","0528","2","0","0","0","0","0","0","0","0","1","0","","67","10","2022","1","39.9371","-75.199","0521","06","0","0","0","0","0","0","0","0","","0","0","0","05","3","0","00","N","0","39 56:13.575","","00","75 11:56.547","0","0","0","0","67301","0","0","0","N","0","0","0","2","68K01","0","","1","01","","N","N","N","0","","0","0","0","0","0","","0510","0","2","0","0","0","0","0","2","0","2","03","03","N","","","","","","","","","","",""
"2022115579","2336","0","0","0","0","0","0","0","0","0","7","0","","67","11","2022","6","39.9524","-75.141","2317","06","0","0","0","0","0","0","0","0","","0","0","0","23","3","1","00","N","1","39 57:08.491","1","00","75 08:27.572","4","0","0","0","67301","0","0","0","N","0","0","0","4","68K01","1","","3","01","0000","N","N","N","0","","0","0","1","0","0","N","2303","1","2","0","0","0","0","0","2","0","1","03","","N","","","","","","","","","","",""
"2022087961","2145","2","0","0","0","0","0","0","0","0","1","0","35","67","09","2022","6","39.9545","-75.1433","2145","06","0","0","0","0","0","1","0","0","","0","0","0","21","3","0","00","N","1","39 57:16.200","4","03","75 08:35.700","9","0","0","0","67301","0","0","0","N","0","0","0","5","67501","0","","1","01","2209","N","N","N","0","","0","0","2","0","0","N","2145","0","4","0","0","0","0","1","2","0","4","03","03","Y","4","1","Y","","","N","Y","","","","N"
"2022114500","0818","0","0","0","0","0","0","0","0","0","7","0","","67","12","2022","7","40.0312","-75.0217","0802","06","0","0","0","0","0","0","0","0","","0","0","0","08","1","0","00","N","0","40 01:52.208","","00","75 01:18.052","0","0","0","0","67301","0","0","0","N","0","0","0","1","68K01","0","","2","09","","N","N","N","1","","0","0","0","0","0","","0801","0","1","0","0","0","0","0","2","0","1","07","07","N","","","","","","","","","","",""
"2022087656","0125","3","0","0","0","0","0","0","0","0","4","0","","67","09","2022","5","39.9879","-75.1326","0121","06","0","0","0","0","0","1","0","0","","0","0","0","01","3","0","01","","0","39 59:16.583","","00","75 07:57.424","0","0","0","0","67301","0","0","0","N","0","0","0","2","67301","0","","1","01","","N","N","N","0","","0","0","1","3","3","","0121","0","4","0","0","2","0","0","2","0","4","03","03","N","","","","","","","","","","",""
"2022115559","2021","0","0","0","0","0","0","0","0","0","7","0","","67","10","2022","2","40.0309","-75.0218","2013","06","0","0","0","0","0","0","0","0","","0","0","0","20","3","0","00","N","1","40 01:51.182","2","00","75 01:18.491","0","0","0","0","67301","0","0","0","N","0","0","0","1","68K01","0","","4","09","2050","N","N","N","0","","0","0","1","0","0","N","2011","0","1","0","0","0","0","0","2","0","1","07","","N","","","","","","","","","","",""
"2022088192","2350","0","0","0","0","0","0","0","0","0","7","0","","67","09","2022","6","40.0344","-75.0748","2323","06","0","0","0","0","0","0","0","0","","0","0","0","23","3","1","05","","0","40 02:03.672","","00","75 04:29.364","3","0","0","0","67301","0","0","0","N","0","0","0","1","67301","0","","3","01","","N","N","N","0","","1","0","1","3","1","","2310","1","1","0","0","0","0","0","2","0","1","03","","N","","","","","","","","","","",""
"2022096699","","1","0","0","0","0","0","0","0","0","1","0","","67","10","2022","3","39.8954","-75.2168","","06","0","0","0","0","0","0","0","0","","0","0","0","00","3","1","00","N","0","39 53:43.342","","03","75 13:00.632","8","0","0","0","67301","0","0","0","N","0","0","0","2","00000","0","","1","01","","","","N","0","","0","0","1","0","0","","0055","1","2","0","0","1","1","0","2","0","2","03","","N","","","","","","","","","","",""
"2022096703","","1","0","0","0","0","0","0","0","0","5","0","","67","09","2022","6","39.9027","-75.1741","","06","0","0","0","0","0","0","0","0","","0","0","0","18","1","0","00","N","0","39 54:09.585","","00","75 10:26.599","0","0","0","0","67301","0","0","0","N","0","0","0","2","00000","0","","1","01","","","","N","0","","0","0","0","0","0","","1800","0","2","0","0","0","0","0","2","0","2","03","","N","","","","","","","","","","",""
"2022084548","1723","0","0","0","0","0","0","0","0","0","7","0","","67","09","2022","4","40.018","-75.097","1723","06","0","0","0","0","0","1","0","0","","0","0","0","17","1","1","12","","1","40 01:05.269","3","00","75 05:51.253","3","0","0","0","67301","0","0","0","N","0","0","0","2","67301","0","","4","01","1750","N","N","N","0","","1","0","1","3","4","N","1720","1","1","0","0","0","0","1","2","0","1","03","03","N","","","","","","","","","","",""
"2022090277","2016","1","0","0","0","0","0","0","0","0","4","0","","67","09","2022","6","40.0082","-75.0948","2009","06","0","0","0","0","0","0","0","0","","0","0","0","20","3","1","03","","2","40 00:29.685","7","00","75 05:41.384","8","0","0","1","67301","0","0","0","N","0","0","0","2","67301","0","","1","01","2140","N","N","N","0","","0","0","0","0","0","Y","2005","1","2","0","0","0","1","1","2","0","2","03","03","N","","","","","","","","","","",""
"2022090307","1716","0","0","0","0","0","0","0","0","0","5","0","","67","09","2022","5","39.9978","-75.111","1715","06","0","0","0","1","0","0","0","0","","0","0","0","17","1","1","05","","0","39 59:52.234","","01","75 06:39.499","3","0","0","1","67301","0","0","0","N","0","0","0","2","67301","0","","1","01","","N","N","N","1","","1","0","0","3","2","","1710","1","2","0","0","1","0","0","2","0","2","03","03","N","","","","","","","","","","",""
"2022084691","0402","1","0","0","0","0","0","0","0","0","7","0","","67","09","2022","5","40.0238","-75.1867","0401","06","0","0","0","0","0","0","0","0","","0","0","0","04","3","0","00","N","0","40 01:25.530","","00","75 11:12.210","0","0","0","0","67301","0","0","0","N","0","0","0","1","67301","0","","4","01","","N","N","N","0","","0","0","0","0","0","","0401","0","1","0","0","1","0","0","2","0","1","03","03","N","","","","","","","","","","",""
"2022109207","0700","0","0","0","0","0","0","1","0","0","8","1","","67","11","2022","5","40.0379","-75.1395","0625","06","0","0","0","0","0","1","0","0","","0","0","0","06","1","1","01","","0","40 02:16.410","","00","75 08:22.177","8","0","0","0","67301","1","0","0","N","1","0","0","2","67508","0","","1","98","","N","N","Y","0","","0","0","0","3","2","","0625","1","2","0","0","0","1","0","2","0","1","03","03","N","","","","","","","","","","",""
"2022110076","0100","2","0","0","0","0","0","0","0","0","4","0","","67","11","2022","1","40.0595","-75.1499","0059","06","0","0","0","0","0","1","0","0","","0","0","0","00","3","0","00","N","0","40 03:34.260","","00","75 08:59.640","0","0","0","0","67301","0","0","0","N","0","0","0","1","67301","0","","2","01","","N","N","N","0","","0","0","1","0","0","","0055","0","3","0","0","1","0","0","2","0","3","03","","N","","","","","","","","","","",""
"2022104589","","1","0","0","0","0","0","0","0","0","1","0","","67","10","2022","6","40.0014","-75.195","","06","0","0","0","0","0","0","0","0","","0","0","0","22","3","2","00","N","0","40 00:05.095","","00","75 11:41.875","8","0","0","0","67301","0","0","0","N","0","0","0","4","00000","0","","1","01","","","","N","0","","0","0","0","0","0","","2205","2","3","0","0","0","2","0","2","0","3","03","","N","","","","","","","","","","",""
"2022110209","1313","0","0","0","0","0","0","0","0","0","1","0","","67","11","2022","6","40.0232","-75.0344","1243","06","0","0","0","0","0","0","1","0","","0","0","0","12","1","0","00","N","0","40 01:23.398","","00","75 02:03.896","0","0","0","0","67301","0","0","0","N","0","0","0","3","68K01","0","","1","01","","N","N","N","1","","0","0","1","0","0","","1241","0","2","0","0","0","0","0","2","0","2","03","03","N","","","","","","","","","","",""
"2022110561","1120","1","0","0","0","0","0","0","0","0","4","0","","67","10","2022","7","39.9705","-75.1481","1115","06","0","0","0","0","0","0","0","0","","0","0","0","11","1","0","01","","0","39 58:13.819","","00","75 08:53.332","0","0","0","0","67301","0","0","0","N","0","0","0","2","67301","0","","1","01","","N","N","N","0","","0","0","1","3","2","","1100","0","2","0","0","0","0","0","2","0","2","03","03","N","","","","","","","","","","",""
"2022088542","1009","0","0","0","0","0","0","0","0","0","1","0","35","67","09","2022","5","39.9531","-75.1364","1007","06","0","0","0","0","0","0","0","0","","0","0","0","10","1","0","00","N","2","39 57:11.170","4","03","75 08:11.061","0","0","0","0","67301","0","0","0","N","0","0","0","5","67501","0","","1","01","1104","N","N","N","0","","0","0","2","0","0","Y","1007","0","2","0","0","0","0","0","2","0","2","04","04","Y","4","1","Y","","","N","Y","Y","","","N"
"2022116342","1940","1","0","0","0","0","0","0","0","0","8","0","","67","12","2022","4","39.9343","-75.1508","1937","06","0","0","0","0","0","1","0","0","","0","0","0","19","3","1","02","","0","39 56:03.368","","00","75 09:02.948","8","0","0","0","67301","1","0","0","N","1","0","0","2","67301","0","","1","09","","N","N","N","0","","0","0","0","3","2","","1936","1","2","0","0","0","1","0","2","0","1","03","","N","","","","","","","","","","",""
"2022115846","0305","1","0","0","0","0","0","0","0","0","1","0","","67","11","2022","1","39.9485","-75.1857","0255","06","0","0","0","0","0","0","0","0","","0","0","0","02","3","1","00","N","2","39 56:54.681","4","00","75 11:08.435","3","0","0","0","67301","0","0","0","N","0","0","0","5","68K01","0","","1","01","0330","N","N","N","0","","1","0","1","0","0","N","0255","1","2","0","0","3","0","0","2","0","2","03","","N","","","","","","","","","","",""
"2022115931","0700","0","0","0","0","0","0","0","0","0","8","0","","67","12","2022","6","40.0456","-75.0531","0635","06","0","0","0","0","0","1","0","0","","1","0","0","06","3","0","00","N","2","40 02:44.184","1","00","75 03:11.004","1","0","0","0","67301","1","1","0","N","1","1","0","2","67301","0","2","1","01","0835","N","N","N","0","0","0","0","1","3","8","Y","0621","0","2","0","0","0","0","0","2","0","1","03","","N","","","","","","","","","","",""
"2022110559","0830","0","0","0","0","0","0","0","0","0","8","0","","67","10","2022","5","39.9695","-75.1442","0830","06","0","0","0","0","0","0","0","0","","0","0","0","08","1","1","00","N","0","39 58:10.260","","00","75 08:38.990","4","0","0","0","67301","1","0","0","N","1","0","0","1","67301","1","","1","01","","N","Y","N","0","","0","0","0","0","0","","0805","1","2","0","0","0","0","0","2","1","1","03","","N","","","","","","","","","","",""
"2022086458","2219","2","0","0","0","0","0","0","0","0","4","0","","67","09","2022","6","40.0204","-75.1265","2217","06","0","0","0","0","0","0","0","0","","0","0","0","22","3","1","02","","1","40 01:13.436","5","00","75 07:35.327","3","0","0","1","67301","0","0","0","N","0","0","0","3","67301","0","","1","01","2320","N","N","N","0","","1","0","0","0","0","Y","2211","1","3","0","0","0","0","0","2","0","3","03","03","N","","","","","","","","","","",""
"2022109325","0754","1","0","0","0","0","0","0","0","0","7","0","","67","11","2022","4","39.8905","-75.2396","0748","06","0","0","0","0","0","0","0","0","","0","0","0","07","1","0","00","N","0","39 53:25.632","","00","75 14:22.404","0","0","0","0","67301","0","0","0","N","0","0","0","3","68K01","0","","2","01","","N","N","N","1","","0","0","1","0","0","","0736","0","3","0","0","0","0","0","2","0","3","03","03","N","","","","","","","","","","",""
"2022114293","0822","0","0","0","0","0","0","0","0","0","8","0","","67","11","2022","2","39.9518","-75.2031","0821","06","0","0","0","0","0","1","0","0","","0","0","0","08","1","1","01","","2","39 57:06.318","2","00","75 12:11.070","3","0","0","0","67301","1","0","0","N","1","0","0","2","67504","0","","1","01","0832","N","N","N","1","","1","0","0","3","2","Y","0818","1","2","0","0","0","0","0","2","0","1","03","","N","","","","","","","","","","",""
"2022088729","2337","1","0","0","0","0","0","0","0","0","1","0","","67","09","2022","4","40.009","-75.0676","2329","06","0","0","0","0","0","0","0","0","","0","0","0","23","3","0","00","N","2","40 00:32.579","1","03","75 04:03.329","0","0","0","0","67301","0","0","0","N","0","0","0","2","68K01","0","","1","01","0021","N","N","N","0","","0","0","1","0","0","Y","2318","0","2","0","0","0","0","0","2","0","2","03","03","N","","","","","","","","","","",""
"2022087962","0203","1","0","0","0","0","0","0","0","0","2","0","","67","09","2022","4","39.9853","-75.2125","0200","06","0","0","0","0","0","0","0","0","","0","0","0","01","3","3","00","N","2","39 59:07.200","6","00","75 12:44.900","2","0","0","0","67301","0","0","0","N","0","0","0","3","67301","0","","1","01","0215","N","N","N","0","","0","3","1","0","0","Y","0159","3","2","0","0","0","0","0","2","0","2","03","03","N","","","","","","","","","","",""
"2022114927","1237","1","0","0","0","0","0","0","0","0","5","1","","67","11","2022","3","39.972","-75.1224","1230","06","0","0","0","0","0","0","0","0","","0","1","0","12","1","1","00","N","0","39 58:19.146","","00","75 07:20.534","3","0","0","0","67301","0","0","0","N","0","0","0","2","68K01","0","","1","01","","N","N","N","0","","1","0","0","0","0","","1228","1","2","0","0","0","0","0","2","0","2","03","03","N","","","","","","","","","","",""
"2022116102","0230","1","0","0","0","0","0","0","0","0","4","0","","67","11","2022","4","39.9997","-75.099","0230","06","0","0","0","0","0","0","0","0","","0","0","0","02","3","0","01","","0","39 59:58.827","","00","75 05:56.359","0","0","0","0","67301","0","0","0","N","0","0","0","2","67301","0","","1","01","","N","N","Y","0","","0","0","1","3","2","","0228","0","2","0","0","0","0","0","2","0","2","03","03","N","","","","","","","","","","",""
"2022084896","0745","1","0","0","0","0","0","0","0","0","4","0","","67","09","2022","5","40.095","-75.0154","0731","06","0","1","0","0","1","0","0","0","","0","0","0","07","1","1","01","","1","40 05:41.842","2","00","75 00:55.583","2","0","1","1","67301","0","0","0","N","0","0","0","2","67301","0","","1","01","0920","N","N","N","0","","0","1","0","3","8","N","0731","1","2","0","0","0","0","0","2","0","2","03","03","N","","","","","","","","","","",""
"2022109435","1530","1","0","0","0","0","0","0","0","0","7","0","","67","11","2022","5","39.959","-75.1406","1530","06","0","0","0","0","0","0","1","0","","0","0","0","15","1","1","00","N","0","39 57:32.543","","00","75 08:26.250","3","0","0","0","67301","0","0","0","N","0","0","0","1","68K01","0","","2","01","","N","N","N","0","","1","0","0","0","0","","1530","1","1","0","0","1","0","0","2","0","1","03","","N","","","","","","","","","","",""
"2022085295","1453","1","0","0","0","0","0","0","0","0","8","0","","67","09","2022","5","40.0771","-75.2081","1453","06","0","0","0","0","0","0","1","0","","0","0","0","14","1","2","03","","1","40 04:37.641","2","00","75 12:29.231","8","0","0","0","67301","1","0","0","N","1","0","0","2","67301","0","","4","01","1545","N","N","N","0","","0","0","0","3","2","N","1453","2","2","0","0","0","2","0","2","0","1","03","03","N","","","","","","","","","","",""
"2022116617","0043","1","0","0","0","0","0","0","0","0","7","0","","67","11","2022","3","39.9826","-75.2078","0038","06","0","0","0","0","0","0","0","0","","0","0","0","00","3","1","00","N","1","39 58:57.519","4","00","75 12:28.005","8","0","0","0","67301","0","0","0","N","0","0","0","1","68K01","0","","2","01","1300","N","N","N","0","","0","0","0","0","0","N","0037","1","1","0","0","1","1","0","2","0","1","03","","N","","","","","","","","","","",""
"2022087374","1010","1","0","0","0","0","0","0","0","0","1","0","","67","09","2022","5","40.049","-75.1749","1008","06","0","0","0","0","0","0","0","0","","0","0","0","09","1","1","01","","0","40 02:56.544","","00","75 10:29.690","4","0","0","0","67301","0","0","0","N","0","0","0","2","67301","1","","1","01","","N","N","N","0","","0","0","1","3","2","","0945","1","2","0","0","0","0","0","2","0","2","04","","N","","","","","","","","","","",""
"2022114687","1620","1","0","0","0","0","0","0","0","0","8","0","","67","11","2022","6","40.0038","-75.1697","1613","06","0","0","0","0","0","0","0","0","","0","0","0","15","1","1","00","N","0","40 00:13.522","","00","75 10:10.762","8","0","0","0","67301","1","0","0","N","1","0","0","1","67301","0","","1","01","","N","N","N","0","","0","0","0","0","0","","1551","1","2","0","0","0","1","0","2","0","1","03","","N","","","","","","","","","","",""
"2022114228","0552","1","0","0","0","0","0","0","0","0","7","0","","67","12","2022","7","39.9612","-75.1824","0552","06","0","0","0","0","0","0","0","0","","0","0","0","05","3","0","07","","0","39 57:40.397","","02","75 10:56.651","0","0","0","0","67301","0","0","0","N","0","0","0","1","68K01","0","","2","09","","N","N","N","0","","0","0","0","0","0","","0544","0","1","0","0","0","0","0","2","0","1","07","","N","","","","","","","","","","",""
"2022088614","1144","0","0","0","0","0","0","0","0","0","4","0","","67","09","2022","4","39.9615","-75.1517","1142","06","0","0","0","0","1","1","0","0","","0","0","0","11","1","0","01","","1","39 57:41.631","3","00","75 09:06.337","0","0","0","0","67301","0","0","0","N","0","0","0","3","67301","0","","1","01","1150","N","N","N","0","","0","0","1","3","2","N","1140","0","2","0","0","0","0","0","2","1","2","03","03","N","","","","","","","","","","",""
"2022086686","1215","0","0","0","0","0","0","0","0","0","1","0","","67","09","2022","4","40.0025","-75.1456","1209","06","0","0","0","0","0","0","0","0","","0","0","0","11","1","1","00","N","0","40 00:09.000","","00","75 08:44.200","4","0","0","0","67301","1","0","0","N","1","0","0","2","67301","1","","6","01","","N","N","N","1","","0","0","1","0","0","","1114","1","3","0","0","0","0","0","2","0","2","03","","N","","","","","","","","","","",""
"2022109187","0805","0","0","0","0","0","0","0","0","0","8","0","","67","11","2022","6","40.0403","-75.0789","0755","06","0","0","0","0","0","0","0","0","","0","0","0","07","1","1","02","","2","40 02:25.167","7","00","75 04:44.065","2","0","0","0","67301","1","0","1","N","1","0","1","1","67301","0","","1","01","0830","N","N","N","0","","0","1","0","0","0","Y","0753","1","2","0","0","0","0","0","2","0","1","03","03","N","","","","","","","","","","",""
"2022115121","0422","0","0","0","0","0","0","0","0","0","7","0","","67","11","2022","2","40.0198","-75.1487","0413","06","0","0","0","0","0","1","0","0","","0","0","0","04","3","1","00","N","2","40 01:11.307","2","00","75 08:55.412","3","0","0","0","67301","0","0","0","N","0","0","0","1","67301","0","","3","01","0500","N","N","N","0","","1","0","1","0","0","Y","0409","1","1","0","0","0","0","0","2","0","1","03","03","N","","","","","","","","","","",""
"2022115377","1627","2","0","0","0","0","0","0","0","0","1","0","","67","11","2022","3","40.0258","-75.0282","1549","06","0","0","0","0","1","0","0","0","","0","0","0","15","1","1","00","N","0","40 01:33.016","","00","75 01:41.479","8","0","0","0","67301","0","0","0","N","0","0","0","4","68K01","0","","1","01","","N","N","Y","0","","0","0","0","0","0","","1546","1","2","0","0","1","1","0","2","0","2","03","","N","","","","","","","","","","",""
"2022109184","1645","0","0","0","0","0","0","0","0","0","1","0","","67","11","2022","5","39.9053","-75.1947","1643","06","0","0","0","0","0","1","0","0","","0","0","0","15","1","1","00","N","0","39 54:19.003","","03","75 11:41.075","3","0","0","0","67301","0","0","0","N","0","0","0","2","67301","0","","1","01","","N","N","N","0","","1","0","2","0","0","","1531","1","2","0","0","0","0","0","2","0","2","03","03","N","","","","","","","","","","",""
"2022085365","1720","2","0","0","0","0","0","0","0","0","4","0","","67","09","2022","5","40.0564","-75.0142","1717","06","0","0","0","0","0","0","0","1","","0","0","0","16","1","2","02","","1","40 03:23.068","3","06","75 00:51.078","3","0","0","0","67301","0","0","0","N","0","0","0","2","67301","0","","1","01","1747","N","N","N","0","","1","0","0","3","3","N","1650","2","2","0","0","0","1","0","2","0","2","03","03","N","","","","","","","","","","",""