"CRN","ARRIVAL_TM","AUTOMOBILE_COUNT","BELTED_DEATH_COUNT","BELTED_SUSP_SERIOUS_INJ_COUNT","BICYCLE_COUNT","BICYCLE_DEATH_COUNT","BICYCLE_SUSP_SERIOUS_INJ_COUNT","BUS_COUNT","CHLDPAS_DEATH_COUNT","CHLDPAS_SUSP_SERIOUS_INJ_COUNT","COLLISION_TYPE","COMM_VEH_COUNT","CONS_ZONE_SPD_LIM","COUNTY","CRASH_MONTH","CRASH_YEAR","DAY_OF_WEEK","DEC_LAT","DEC_LONG","DISPATCH_TM","DISTRICT","DRIVER_COUNT_16YR","DRIVER_COUNT_17YR","DRIVER_COUNT_18YR","DRIVER_COUNT_19YR","DRIVER_COUNT_20YR","DRIVER_COUNT_50_64YR","DRIVER_COUNT_65_74YR","DRIVER_COUNT_75PLUS","EST_HRS_CLOSED","FATAL_COUNT","HEAVY_TRUCK_COUNT","HORSE_BUGGY_COUNT","HOUR_OF_DAY","ILLUMINATION","INJURY_COUNT","INTERSECT_TYPE","INTERSECTION_RELATED","LANE_CLOSED","LATITUDE","LN_CLOSE_DIR","LOCATION_TYPE","LONGITUDE","MAX_SEVERITY_LEVEL","MCYCLE_DEATH_COUNT","MCYCLE_SUSP_SERIOUS_INJ_COUNT","MOTORCYCLE_COUNT","MUNICIPALITY","NONMOTR_COUNT","NONMOTR_DEATH_COUNT","NONMOTR_SUSP_SERIOUS_INJ_COUNT","NTFY_HIWY_MAINT","PED_COUNT","PED_DEATH_COUNT","PED_SUSP_SERIOUS_INJ_COUNT","PERSON_COUNT","POLICE_AGCY","POSSIBLE_INJ_COUNT","RDWY_SURF_TYPE_CD","RELATION_TO_ROAD","ROAD_CONDITION","ROADWAY_CLEARED","SCH_BUS_IND","SCH_ZONE_IND","SECONDARY_CRASH","SMALL_TRUCK_COUNT","SPEC_JURIS_CD","SUSP_MINOR_INJ_COUNT","SUSP_SERIOUS_INJ_COUNT","SUV_COUNT","TCD_FUNC_CD","TCD_TYPE","TFC_DETOUR_IND","TIME_OF_DAY","TOT_INJ_COUNT","TOTAL_UNITS","UNB_DEATH_COUNT","UNB_SUSP_SERIOUS_INJ_COUNT","UNBELTED_OCC_COUNT","UNK_INJ_DEG_COUNT","UNK_INJ_PER_COUNT","URBAN_RURAL","VAN_COUNT","VEHICLE_COUNT","WEATHER1","WEATHER2","WORK_ZONE_IND","WORK_ZONE_LOC","WORK_ZONE_TYPE","WORKERS_PRES","WZ_CLOSE_DETOUR","WZ_FLAGGER","WZ_LAW_OFFCR_IND","WZ_LN_CLOSURE","WZ_MOVING","WZ_OTHER","WZ_SHLDER_MDN","WZ_WORKERS_INJ_KILLED"
"2022091392","1209","1","0","0","0","0","0","0","0","0","4","0","","67","09","2022","4","39.9531","-75.1819","1206","06","0","0","0","0","0","1","0","0","","0","0","0","12","1","1","01","","1","39 57:11.151","3","08","75 10:54.540","8","0","0","0","67301","0","0","0","N","0","0","0","2","67301","0","","1","01","1230","N","N","N","0","","0","0","1","3","2","N","1200","1","2","0","0","0","1","0","2","0","2","03","","N","","","","","","","","","","",""
"2022120503","1640","1","0","0","0","0","0","0","0","0","2","0","","67","12","2022","4","39.9916","-75.1091","1640","06","0","0","0","0","0","0","0","0","","0","0","0","16","3","0","00","N","0","39 59:29.853","","00","75 06:32.737","0","0","0","0","67301","0","0","0","N","0","0","0","1","67301","0","","1","01","","N","N","N","0","","0","0","0","0","0","","1640","0","2","0","0","1","0","0","2","0","2","03","03","N","","","","","","","","","","",""
"2022119575","1424","1","0","0","0","0","0","0","0","0","4","0","","67","12","2022","4","39.9255","-75.2417","1424","06","0","0","0","0","0","0","0","0","","0","0","0","16","8","0","01","","0","39 55:31.869","","00","75 14:30.237","9","0","0","0","67301","0","0","0","N","0","0","0","2","67301","0","","1","98","","N","N","N","0","","0","0","0","3","3","","1657","0","2","0","0","0","0","1","2","1","2","98","07","N","","","","","","","","","","",""
"2022090167","2223","2","0","0","0","0","0","0","0","0","5","0","","67","09","2022","6","39.9825","-75.157","2223","06","0","0","0","0","0","0","0","0","","0","0","0","22","3","0","00","N","0","39 58:56.965","","00","75 09:25.097","9","0","0","0","67301","0","0","0","N","0","0","0","3","67505","0","","1","09","","N","N","N","0","","0","0","0","0","0","","2214","0","2","0","0","0","0","3","2","0","2","07","07","N","","","","","","","","","","",""
"2022108075","2032","1","0","0","0","0","0","0","0","0","8","0","","67","09","2022","4","39.9953","-75.1041","2027","06","0","0","0","0","0","0","0","0","","0","0","0","20","3","1","00","N","0","39 59:43.100","","00","75 06:14.700","4","0","0","0","67301","1","0","0","N","1","0","0","2","67301","1","","1","01","","N","N","N","0","","0","0","0","0","0","","2019","1","2","0","0","1","0","0","2","0","1","99","03","N","","","","","","","","","","",""
"2022090314","1914","1","0","0","0","0","0","0","0","0","4","0","","67","09","2022","4","39.9562","-75.2196","1909","06","0","0","0","0","0","0","0","0","","0","0","0","19","4","2","01","","1","39 57:22.441","4","00","75 13:10.576","8","0","0","0","67301","0","0","0","Y","0","0","0","3","67301","0","","1","01","2057","N","N","N","1","","0","0","1","3","2","N","1902","2","3","0","0","0","2","0","2","0","3","03","03","N","","","","","","","","","","",""
"2022121344","1609","0","0","0","0","0","0","0","0","0","7","1","","67","12","2022","2","39.9322","-75.2189","1536","06","0","0","0","0","0","0","0","0","","0","1","0","15","1","0","00","N","1","39 55:56.030","3","01","75 13:08.070","0","0","0","0","67301","0","0","0","N","0","0","0","2","67301","0","","1","01","1920","N","N","N","0","","0","0","0","0","0","N","1522","0","1","0","0","0","0","0","2","0","1","04","","N","","","","","","","","","","",""
"2022092155","0202","1","0","0","0","0","0","0","0","0","7","0","","67","10","2022","1","39.9554","-75.148","0202","06","0","0","0","0","0","0","0","0","","0","0","0","02","3","0","00","N","0","39 57:19.363","","02","75 08:52.632","0","0","0","0","67301","0","0","0","N","0","0","0","1","67501","0","","4","09","","N","N","N","0","","0","0","0","0","0","","0202","0","1","0","0","0","0","0","2","0","1","07","","N","","","","","","","","","","",""
"2022090561","0959","4","0","0","0","0","0","0","0","0","4","0","","67","10","2022","7","40.0251","-75.0827","0956","06","0","0","0","0","0","1","0","0","","0","0","0","09","1","3","01","","1","40 01:30.464","6","00","75 04:57.622","3","0","0","0","67301","0","0","0","N","0","0","0","5","67301","0","","1","09","1113","N","N","N","0","","3","0","2","3","3","Y","0955","3","6","0","0","0","0","0","2","0","6","04","04","N","","","","","","","","","","",""
"2022091848","1211","1","0","0","0","0","0","0","0","0","1","0","","67","10","2022","3","40.0743","-74.9846","1200","06","0","0","0","0","0","0","0","1","","0","0","0","11","1","1","02","","0","40 04:27.573","","00","74 59:04.653","3","0","0","0","67301","0","0","0","N","0","0","0","3","67301","0","","1","09","","N","N","N","0","","1","0","0","3","3","","1157","1","2","0","0","0","0","0","2","1","2","07","07","N","","","","","","","","","","",""
"2022124984","1245","0","0","0","0","0","0","0","0","0","1","0","","67","12","2022","3","40.0191","-75.0458","1242","06","0","0","0","0","0","0","0","0","","0","0","0","12","1","1","00","N","0","40 01:08.635","","00","75 02:44.967","8","0","0","0","67301","0","0","0","N","0","0","0","2","68K01","0","","1","01","","N","N","N","0","","0","0","2","0","0","","1238","1","2","0","0","0","1","0","2","0","2","03","","N","","","","","","","","","","",""
"2022090616","1420","0","0","0","0","0","0","0","0","0","1","0","","67","09","2022","6","39.8919","-75.2419","1405","06","0","0","0","0","0","1","0","0","","0","0","0","13","1","1","02","","0","39 53:30.990","","00","75 14:30.862","3","0","0","0","67301","0","0","0","N","0","0","0","2","67301","0","","1","01","","N","N","N","0","","1","0","2","3","2","","1326","1","2","0","0","1","0","0","2","0","2","03","","N","","","","","","","","","","",""
"2022090814","0318","2","0","0","0","0","0","0","0","0","4","0","","67","09","2022","5","39.9215","-75.1769","0311","06","0","0","0","0","0","0","0","0","","0","0","0","02","3","1","01","","0","39 55:17.223","","00","75 10:36.951","3","0","0","0","67301","0","0","0","N","0","0","0","2","67301","0","","1","01","","N","N","N","0","","1","0","0","3","2","","0228","1","2","0","0","0","0","1","2","0","2","03","03","N","","","","","","","","","","",""
"2022122408","1957","1","0","0","0","0","0","0","0","0","8","0","","67","12","2022","3","39.9978","-75.1238","1951","06","0","0","0","0","0","1","0","0","","0","0","0","19","3","1","00","N","0","39 59:52.045","","00","75 07:25.693","3","0","0","0","67301","1","0","0","N","1","0","0","2","67301","0","","6","01","","N","N","N","0","","1","0","0","0","0","","1944","1","2","0","0","0","0","0","2","0","1","03","03","N","","","","","","","","","","",""
"2022122392","1949","1","0","0","0","0","0","0","0","0","2","0","","67","12","2022","3","40.0595","-75.052","1943","06","0","0","0","0","0","0","0","0","","0","0","0","19","3","0","01","","1","40 03:34.246","1","00","75 03:07.165","0","0","0","0","67301","0","0","0","N","0","0","0","2","67301","0","","1","01","2010","N","N","N","1","","0","0","0","3","2","N","1943","0","2","0","0","0","0","0","2","0","2","03","","N","","","","","","","","","","",""
"2022121358","0415","0","0","0","0","0","0","0","0","0","2","0","","67","11","2022","7","39.9946","-75.0945","0415","06","0","0","0","0","0","0","0","0","","1","0","0","21","3","2","01","","2","39 59:40.673","7","00","75 05:40.311","1","0","0","0","67301","1","1","0","N","1","1","0","12","67301","0","2","1","01","0359","N","N","N","1","0","2","0","2","3","2","Y","2122","2","4","0","0","0","0","7","2","0","3","03","03","N","","","","","","","","","","",""
"2022090383","1620","0","0","0","0","0","0","0","0","0","7","0","","67","09","2022","6","39.9879","-75.2163","1608","06","0","0","0","0","0","0","0","0","","0","0","0","16","1","1","00","N","0","39 59:16.609","","00","75 12:58.692","3","0","0","0","67301","0","0","0","N","0","0","0","1","67301","0","","4","01","","N","N","N","0","","1","0","1","0","0","","1606","1","1","0","0","1","0","0","2","0","1","03","03","N","","","","","","","","","","",""
"2022091817","0947","1","0","0","0","0","0","0","0","0","8","0","","67","10","2022","3","40.0294","-75.1247","0941","06","0","0","0","0","0","0","0","0","","0","0","0","09","1","1","01","","0","40 01:45.919","","99","75 07:28.902","8","0","0","0","67301","1","0","0","N","1","0","0","2","67301","0","","1","09","","N","N","N","0","","0","0","0","3","2","","0927","1","2","0","0","0","1","1","2","0","1","07","07","N","","","","","","","","","","",""
"2022090817","2102","0","0","0","0","0","0","0","0","0","4","0","","67","10","2022","1","40.0223","-75.162","2102","06","0","1","0","0","0","0","0","0","","0","0","0","20","3","1","01","","0","40 01:20.289","","00","75 09:43.290","3","0","0","0","67301","0","0","0","N","0","0","0","2","67301","0","","1","09","","N","N","N","0","","1","0","2","3","2","","2050","1","2","0","0","1","0","0","2","0","2","07","07","N","","","","","","","","","","",""
"2022090801","0009","2","0","0","0","0","0","0","0","0","5","0","","67","10","2022","1","40.0316","-75.1292","0009","06","0","0","0","0","0","0","0","0","","0","0","0","00","3","2","00","N","0","40 01:53.690","","00","75 07:45.060","3","0","0","0","67301","0","0","0","N","0","0","0","2","67301","0","","6","09","","N","N","N","0","","1","0","0","0","0","","0000","2","2","0","0","0","1","0","2","0","2","07","07","N","","","","","","","","","","",""
"2022119860","1135","1","0","0","0","0","0","0","0","0","1","0","","67","11","2022","4","39.9652","-75.1858","1131","06","0","0","0","0","0","0","0","0","","0","0","0","11","1","3","00","N","0","39 57:54.747","","00","75 11:08.852","3","0","0","0","67301","0","0","0","N","0","0","0","4","68K01","0","","1","01","","N","N","N","0","","3","0","0","0","0","","1130","3","2","0","0","0","0","0","2","1","2","03","03","N","","","","","","","","","","",""
"2022120113","1845","0","0","0","0","0","0","0","0","0","8","0","","67","12","2022","2","39.9244","-75.1757","1841","06","0","0","0","0","0","0","0","0","","0","0","0","16","3","1","00","N","0","39 55:27.663","","00","75 10:32.514","3","0","0","0","67301","1","0","0","N","1","0","0","2","67301","0","","1","01","","N","N","N","0","","1","0","0","0","0","","1655","1","2","0","0","0","0","1","2","0","1","03","03","N","","","","","","","","","","",""
"2022120137","1420","0","0","0","0","0","0","0","0","0","2","0","","67","12","2022","7","39.8922","-75.2417","1415","06","0","0","0","0","0","1","0","0","","0","0","0","14","1","1","01","","0","39 53:31.857","","07","75 14:29.950","8","0","0","0","67301","0","0","0","N","0","0","0","2","67301","0","","1","01","","N","N","N","0","","0","0","2","0","0","","1415","1","2","0","0","1","1","0","2","0","2","03","03","N","","","","","","","","","","",""
"2022089990","1955","3","0","0","0","0","0","0","0","0","5","0","","67","09","2022","5","39.9221","-75.1618","1949","06","0","0","0","0","0","0","0","0","","0","0","0","17","4","0","00","N","0","39 55:19.520","","00","75 09:42.470","9","0","0","0","67301","0","0","0","N","0","0","0","1","67301","0","","6","01","","N","N","N","0","","0","0","3","0","0","","1743","0","6","0","0","0","0","1","2","0","6","03","03","N","","","","","","","","","","",""
"2022090183","0848","1","0","0","0","0","0","0","0","0","8","0","","67","09","2022","4","40.0311","-75.1498","0847","06","0","0","0","0","0","0","0","0","","0","0","0","08","1","1","01","","0","40 01:51.805","","00","75 08:59.244","3","0","0","0","67301","1","0","0","N","1","0","0","2","67301","0","","1","01","","N","N","N","0","","1","0","0","3","2","","0845","1","2","0","0","0","0","0","2","0","1","03","03","N","","","","","","","","","","",""
"2022122226","0140","1","0","0","0","0","0","0","0","0","1","0","","67","12","2022","1","39.9773","-75.2459","0130","06","0","0","0","0","0","0","0","0","","0","0","0","01","3","1","00","N","0","39 58:38.245","","00","75 14:45.112","3","0","0","0","67301","0","0","0","N","0","0","0","3","67301","0","","1","01","","N","N","N","0","","1","0","1","0","0","","0125","1","2","0","0","3","0","0","2","0","2","03","03","N","","","","","","","","","","",""
"2022120329","1715","0","0","0","0","0","0","0","0","0","8","0","","67","01","2022","7","40.0575","-75.1493","1707","06","0","0","0","0","0","1","0","0","","0","0","0","15","1","1","01","","0","40 03:27.089","","00","75 08:57.418","3","0","0","0","67301","1","0","0","N","1","0","0","2","67301","0","","1","01","","N","N","N","0","","1","0","1","3","2","","1551","1","2","0","0","0","0","0","2","0","1","03","03","N","","","","","","","","","","",""
"2022089851","1520","2","0","0","0","0","0","0","0","0","4","0","","67","09","2022","4","39.9554","-75.1943","1510","06","0","0","0","0","0","1","1","0","","0","0","0","14","1","2","01","","0","39 57:19.472","","00","75 11:39.537","3","0","0","0","67301","0","0","0","N","0","0","0","2","67301","0","","1","01","","N","N","N","0","","2","0","0","3","3","","1459","2","2","0","0","0","0","0","2","0","2","03","03","N","","","","","","","","","","",""
"2022092824","2225","2","0","0","0","0","0","0","0","0","4","0","","67","10","2022","4","40.0394","-75.154","2219","06","0","0","0","0","0","1","0","0","","0","0","0","22","3","2","00","N","0","40 02:21.968","","00","75 09:14.423","8","0","0","0","67301","0","0","0","N","0","0","0","4","67301","0","","1","01","","N","N","N","0","","0","0","0","0","0","","2215","2","2","0","0","0","2","0","2","0","2","03","03","N","","","","","","","","","","",""
"2022090808","1224","0","0","0","0","0","0","0","0","0","7","0","","67","10","2022","1","40.0644","-75.1846","1217","06","0","0","0","0","0","0","0","0","","0","0","0","12","1","1","01","","0","40 03:51.710","","00","75 11:04.624","8","0","0","0","67301","0","0","0","N","0","0","0","1","67301","0","","4","09","","N","N","N","0","","0","0","1","0","0","","1213","1","1","0","0","0","1","0","2","0","1","07","04","N","","","","","","","","","","",""
"2022118336","","2","0","0","0","0","0","0","0","0","1","0","","67","10","2022","5","39.914","-75.1499","","06","0","0","0","0","0","1","0","0","","0","0","0","16","1","1","01","","0","39 54:50.430","","00","75 08:59.773","8","0","0","0","67301","0","0","0","N","0","0","0","2","00000","0","","1","01","","","","N","0","","0","0","0","3","2","","1600","1","2","0","0","1","1","0","2","0","2","03","","N","","","","","","","","","","",""
"2022119855","1529","2","0","0","0","0","0","0","0","0","1","0","","67","11","2022","5","39.9963","-75.0825","1510","06","0","0","0","0","0","0","0","0","","0","0","0","15","1","1","00","N","0","39 59:46.837","","00","75 04:57.084","3","0","0","0","67301","0","0","0","N","0","0","0","2","68K01","0","","1","01","","N","N","N","0","","1","0","0","0","0","","1508","1","2","0","0","0","0","0","2","0","2","03","03","N","","","","","","","","","","",""
"2022091012","2052","1","0","0","0","0","0","0","0","0","8","0","","67","10","2022","7","40.1141","-74.9877","2047","06","0","0","0","0","0","0","0","0","","0","0","0","20","3","1","01","","0","40 06:50.926","","00","74 59:15.880","3","0","0","0","67301","1","0","0","N","1","0","0","2","67301","0","","1","09","","N","N","N","0","","1","0","0","3","2","","2029","1","2","0","0","0","0","0","2","0","1","07","","N","","","","","","","","","","",""
"2022102785","1550","1","0","0","0","0","0","0","0","0","1","0","","67","09","2022","5","40.0072","-75.1995","1550","06","0","0","0","0","0","0","0","1","","0","0","0","15","1","0","00","N","2","40 00:25.886","4","03","75 11:58.179","0","0","0","0","67301","0","0","0","N","0","0","0","2","68K01","0","","1","01","1555","N","N","N","0","","0","0","1","0","0","N","1535","0","2","0","0","0","0","0","2","0","2","03","03","N","","","","","","","","","","",""
"2022090973","2130","1","0","0","0","0","0","0","0","0","8","0","","67","10","2022","7","39.9372","-75.1615","2130","06","0","0","0","0","0","0","0","0","","0","0","0","20","3","1","01","","0","39 56:13.826","","00","75 09:41.371","8","0","0","0","67301","1","0","0","N","1","0","0","2","67301","0","","1","09","","N","N","N","0","","0","0","0","3","2","","2050","1","2","0","0","0","1","0","2","0","1","07","","N","","","","","","","","","","",""
"2022119864","1500","1","0","0","0","0","0","0","0","0","4","0","","67","12","2022","7","40.0469","-75.001","1443","06","0","0","0","1","0","0","0","0","","0","0","0","14","1","1","00","N","0","40 02:48.828","","00","75 00:03.653","3","0","0","0","67301","0","0","0","N","0","0","0","2","68K01","0","","1","09","","N","N","N","0","","1","0","1","0","0","","1440","1","2","0","0","0","0","0","2","0","2","03","","N","","","","","","","","","","",""
"2022121805","2344","1","0","0","0","0","0","0","0","0","4","0","","67","12","2022","2","40.0053","-75.157","2344","06","0","0","0","0","0","0","0","0","","0","0","0","23","3","1","01","","0","40 00:19.015","","00","75 09:25.340","3","0","0","0","67301","0","0","0","N","0","0","0","2","67301","0","","1","01","","N","N","N","0","","1","0","1","3","2","","2304","1","2","0","0","0","0","0","2","0","2","03","","N","","","","","","","","","","",""
"2022091834","1113","1","0","0","0","0","0","0","0","0","4","0","","67","10","2022","3","39.9716","-75.1265","1113","06","0","0","0","0","0","1","0","0","","0","0","0","10","1","0","00","N","0","39 58:17.822","","00","75 07:35.452","0","0","0","0","67301","0","0","0","N","0","0","0","2","67301","0","","1","09","","N","N","N","1","","0","0","0","0","0","","1055","0","2","0","0","0","0","0","2","0","2","07","","N","","","","","","","","","","",""
"2022123848","1503","1","0","0","0","0","0","0","0","0","5","1","","67","11","2022","3","39.9743","-75.1942","1503","06","0","0","1","0","0","1","0","0","","0","1","0","14","1","0","00","N","1","39 58:27.324","3","00","75 11:39.221","0","0","0","0","67301","0","0","0","N","0","0","0","2","68K01","0","","1","01","1600","N","N","N","0","","0","0","0","0","0","N","1435","0","2","0","0","0","0","0","2","0","2","03","03","N","","","","","","","","","","",""
"2022120499","0832","2","0","0","0","0","0","0","0","0","6","0","","67","12","2022","3","40.0041","-75.0939","0831","06","0","0","0","0","0","1","0","0","","0","0","0","08","1","2","00","N","1","40 00:14.848","5","00","75 05:38.111","3","0","0","0","67301","0","0","0","N","0","0","0","2","67301","1","","1","01","0914","N","N","N","0","","1","0","0","3","2","Y","0830","2","2","0","0","0","0","0","2","0","2","03","","N","","","","","","","","","","",""
"2022090023","1200","0","0","0","0","0","0","0","0","0","8","0","","67","09","2022","6","40.0535","-75.0918","1151","06","0","0","0","0","0","0","0","0","","0","0","0","11","1","1","00","N","0","40 03:12.726","","00","75 05:30.338","3","0","0","0","67301","1","0","0","N","1","0","0","2","67301","0","","1","01","","N","N","N","0","","1","0","0","0","0","","1150","1","2","0","0","0","0","0","2","1","1","04","04","N","","","","","","","","","","",""
"2022090163","2000","1","0","0","0","0","0","0","0","0","1","0","","67","09","2022","5","39.9084","-75.1934","1945","06","0","0","0","0","0","0","0","0","","0","0","0","19","2","1","00","N","0","39 54:30.136","","00","75 11:36.382","3","0","0","0","67301","0","0","0","N","0","0","0","2","67301","0","","1","01","","N","N","N","0","","1","0","1","0","0","","1900","1","2","0","0","1","0","0","2","0","2","03","03","N","","","","","","","","","","",""
"2022106158","0447","1","0","0","1","0","0","0","0","0","8","0","","67","09","2022","6","39.9496","-75.1997","0444","06","0","0","0","0","0","0","0","0","","0","0","0","04","3","1","00","N","1","39 56:58.586","1","00","75 11:58.815","3","0","0","0","67301","1","0","0","N","0","0","0","3","67301","0","","6","01","0505","N","N","N","0","","1","0","0","0","0","N","0441","1","2","0","0","0","0","0","2","0","1","03","03","N","","","","","","","","","","",""
"2022120908","1158","0","0","0","0","0","0","0","0","0","4","2","","67","12","2022","5","39.9891","-75.0896","1157","06","0","0","0","0","0","1","0","0","","0","2","0","11","1","0","01","","0","39 59:20.627","","00","75 05:22.626","0","0","0","0","67301","0","0","0","N","0","0","0","2","67301","0","","1","09","","N","N","N","0","","0","0","0","3","2","","1100","0","2","0","0","0","0","0","2","0","2","07","","N","","","","","","","","","","",""
"2022122221","2325","0","0","0","0","0","0","0","0","0","2","0","","67","12","2022","2","39.9734","-75.2276","2320","06","0","0","0","0","0","0","1","0","","0","1","0","23","3","1","00","N","0","39 58:24.200","","00","75 13:39.400","4","0","0","0","67301","0","0","0","N","0","0","0","1","67301","1","","6","01","","N","N","N","0","","0","0","1","0","0","","2300","1","3","0","0","0","0","0","2","1","3","03","","N","","","","","","","","","","",""
"2022119579","1610","0","0","0","1","0","0","0","0","0","8","0","","67","08","2022","1","40.0246","-75.1097","1600","06","0","0","0","0","0","0","0","0","","0","0","0","01","3","1","05","","0","40 01:28.725","","00","75 06:34.951","8","0","0","0","67301","1","0","0","N","0","0","0","2","67301","0","","1","99","","N","N","N","0","","0","0","0","3","1","","0100","1","2","0","0","0","1","1","2","0","1","99","98","N","","","","","","","","","","",""
"2022123213","1949","3","0","0","0","0","0","0","0","0","1","0","","67","12","2022","3","40.0384","-75.0102","1947","06","0","0","0","1","0","0","0","0","","0","0","0","19","3","1","00","N","2","40 02:18.329","2","00","75 00:36.823","8","0","0","0","67301","0","0","0","N","0","0","0","4","68K01","0","","1","09","0820","N","N","N","0","","0","0","0","0","0","N","1946","1","3","0","0","0","1","0","2","0","3","07","07","N","","","","","","","","","","",""
"2022123211","1642","1","0","0","0","0","0","0","0","0","5","1","","67","11","2022","1","40.0174","-75.0492","1628","06","0","0","1","0","0","0","0","0","","0","1","0","16","4","0","00","N","1","40 01:02.739","1","00","75 02:56.954","0","0","0","0","67301","0","0","0","N","0","0","0","2","68K01","0","","1","01","1646","N","N","N","0","","0","0","0","0","0","N","1626","0","2","0","0","0","0","0","2","0","2","03","","N","","","","","","","","","","",""
"2022094883","0154","3","0","0","0","0","0","0","0","0","1","0","","67","10","2022","1","39.9712","-75.1215","0154","06","0","0","0","0","0","0","0","0","","0","0","0","01","3","0","00","Y","0","39 58:16.141","","00","75 07:17.333","0","0","0","0","67301","0","0","0","N","0","0","0","4","67301","0","","1","09","","N","N","N","0","","0","0","0","3","2","","0140","0","3","0","0","1","0","0","2","0","3","07","04","N","","","","","","","","","","",""
"2022090800","0426","1","0","0","0","0","0","0","0","0","7","0","","67","10","2022","1","40.0158","-75.1411","0423","06","0","0","0","0","0","0","0","0","","0","0","0","04","3","0","01","","0","40 00:56.908","","00","75 08:28.024","0","0","0","0","67301","0","0","0","N","0","0","0","1","67301","0","","4","09","","N","N","N","0","","0","0","0","3","2","","0420","0","1","0","0","1","0","0","2","0","1","07","","N","","","","","","","","","","",""
"2022091343","1000","1","0","0","0","0","0","0","0","0","4","0","","67","10","2022","2","40.0143","-75.0709","0949","06","0","0","0","0","0","1","0","0","","0","0","0","08","1","1","01","","0","40 00:51.572","","00","75 04:15.064","3","0","0","0","67301","0","0","0","N","0","0","0","2","67301","0","","1","09","","N","N","N","0","","1","0","0","3","2","","0805","1","2","0","0","0","0","1","2","1","2","07","","N","","","","","","","","","","",""
"2022123209","1404","2","0","0","0","0","0","0","0","0","1","1","","67","11","2022","6","39.9935","-75.0847","1347","06","0","0","0","0","0","0","0","0","","0","1","0","13","1","3","00","N","1","39 59:36.421","1","00","75 05:04.789","4","0","0","0","67301","0","0","0","N","0","0","0","5","68K01","3","","1","09","1430","N","N","N","0","","0","0","2","0","0","N","1346","3","5","0","0","0","0","0","2","0","5","07","","N","","","","","","","","","","",""
"2022123680","0005","1","0","0","0","0","0","0","0","0","5","0","","67","12","2022","7","40.0208","-75.1314","0005","06","0","0","0","0","0","0","0","0","","0","0","0","23","3","0","00","N","0","40 01:15.040","","00","75 07:53.070","0","0","0","0","67301","0","0","0","N","0","0","0","0","67301","0","","1","01","","N","N","N","0","","0","0","1","0","0","","2350","0","2","0","0","0","0","0","2","0","2","03","","N","","","","","","","","","","",""
"2022091275","1412","1","0","0","0","0","0","0","0","0","7","0","","67","09","2022","5","39.9299","-75.1461","1412","06","0","0","0","0","0","0","0","0","","0","0","0","14","1","0","00","N","1","39 55:47.516","2","03","75 08:46.138","0","0","0","0","67301","0","0","0","N","0","0","0","1","68K01","0","","3","01","1430","N","N","N","0","","0","0","0","0","0","N","1402","0","1","0","0","0","0","0","2","0","1","03","","N","","","","","","","","","","",""
"2022119739","2025","1","0","0","0","0","0","0","0","0","4","0","","67","11","2022","6","40.0481","-75.2351","2020","06","0","0","0","0","0","0","0","0","","0","0","0","20","3","1","00","N","0","40 02:53.199","","07","75 14:06.259","8","0","0","1","67301","0","0","0","N","0","0","0","2","67301","0","","1","01","","N","N","N","0","","0","0","0","0","0","","2015","1","2","0","0","0","1","0","2","0","2","03","03","N","","","","","","","","","","",""
"2022121794","0340","1","0","0","0","0","0","0","0","0","4","1","","67","12","2022","4","39.9346","-75.2273","0333","06","0","0","0","0","0","0","0","1","","0","1","0","03","3","2","01","","0","39 56:04.800","","00","75 13:38.065","2","0","0","0","67301","0","0","0","N","0","0","0","2","67301","0","","1","01","","N","N","N","0","","1","1","1","3","2","","0332","2","3","0","0","0","0","0","2","0","3","03","03","N","","","","","","","","","","",""
"2022121803","1331","0","0","0","1","0","0","0","0","0","8","0","","67","07","2022","4","40.0031","-75.1643","1327","06","0","0","0","0","0","1","0","0","","0","0","0","13","1","1","01","","0","40 00:11.036","","00","75 09:51.468","3","0","0","0","67301","1","0","0","N","0","0","0","2","67301","0","","1","01","","N","N","N","0","","1","0","1","3","2","","1311","1","2","0","0","0","0","0","2","0","1","03","","N","","","","","","","","","","",""
"2022095226","0829","0","0","0","0","0","0","0","0","0","8","0","","67","09","2022","5","39.9138","-75.2422","0828","06","0","0","0","0","0","0","0","0","","0","0","0","08","1","1","00","N","0","39 54:49.811","","00","75 14:32.000","3","0","0","0","67301","1","0","0","N","1","0","0","2","67301","0","","1","01","","N","N","N","0","","1","0","0","0","0","","0827","1","2","0","0","0","0","0","2","1","1","03","03","N","","","","","","","","","","",""
"2022119863","1843","1","0","0","0","0","0","0","0","0","4","0","","67","12","2022","6","39.927","-75.1952","1828","06","0","0","0","1","0","0","0","0","","0","0","0","18","3","2","00","N","1","39 55:37.310","3","00","75 11:42.730","3","0","0","0","67301","0","0","0","N","0","0","0","5","68K01","0","","1","01","1919","N","N","N","0","","2","0","0","0","0","Y","1826","2","2","0","0","0","0","0","2","1","2","03","","N","","","","","","","","","","",""
"2022121810","1750","1","0","0","0","0","0","0","0","0","2","0","","67","12","2022","3","40.0114","-75.1557","1745","06","0","0","0","0","0","2","0","0","","0","0","0","17","3","0","01","","0","40 00:41.173","","00","75 09:20.476","0","0","0","0","67301","0","0","0","N","0","0","0","4","67301","0","","1","01","","N","N","N","0","","0","0","1","3","3","","1715","0","2","0","0","0","0","0","2","0","2","03","03","N","","","","","","","","","","",""