"CRN","ARRIVAL_TM","AUTOMOBILE_COUNT","BELTED_DEATH_COUNT","BELTED_SUSP_SERIOUS_INJ_COUNT","BICYCLE_COUNT","BICYCLE_DEATH_COUNT","BICYCLE_SUSP_SERIOUS_INJ_COUNT","BUS_COUNT","CHLDPAS_DEATH_COUNT","CHLDPAS_SUSP_SERIOUS_INJ_COUNT","COLLISION_TYPE","COMM_VEH_COUNT","CONS_ZONE_SPD_LIM","COUNTY","CRASH_MONTH","CRASH_YEAR","DAY_OF_WEEK","DEC_LAT","DEC_LONG","DISPATCH_TM","DISTRICT","DRIVER_COUNT_16YR","DRIVER_COUNT_17YR","DRIVER_COUNT_18YR","DRIVER_COUNT_19YR","DRIVER_COUNT_20YR","DRIVER_COUNT_50_64YR","DRIVER_COUNT_65_74YR","DRIVER_COUNT_75PLUS","EST_HRS_CLOSED","FATAL_COUNT","HEAVY_TRUCK_COUNT","HORSE_BUGGY_COUNT","HOUR_OF_DAY","ILLUMINATION","INJURY_COUNT","INTERSECT_TYPE","INTERSECTION_RELATED","LANE_CLOSED","LATITUDE","LN_CLOSE_DIR","LOCATION_TYPE","LONGITUDE","MAX_SEVERITY_LEVEL","MCYCLE_DEATH_COUNT","MCYCLE_SUSP_SERIOUS_INJ_COUNT","MOTORCYCLE_COUNT","MUNICIPALITY","NONMOTR_COUNT","NONMOTR_DEATH_COUNT","NONMOTR_SUSP_SERIOUS_INJ_COUNT","NTFY_HIWY_MAINT","PED_COUNT","PED_DEATH_COUNT","PED_SUSP_SERIOUS_INJ_COUNT","PERSON_COUNT","POLICE_AGCY","POSSIBLE_INJ_COUNT","RDWY_SURF_TYPE_CD","RELATION_TO_ROAD","ROAD_CONDITION","ROADWAY_CLEARED","SCH_BUS_IND","SCH_ZONE_IND","SECONDARY_CRASH","SMALL_TRUCK_COUNT","SPEC_JURIS_CD","SUSP_MINOR_INJ_COUNT","SUSP_SERIOUS_INJ_COUNT","SUV_COUNT","TCD_FUNC_CD","TCD_TYPE","TFC_DETOUR_IND","TIME_OF_DAY","TOT_INJ_COUNT","TOTAL_UNITS","UNB_DEATH_COUNT","UNB_SUSP_SERIOUS_INJ_COUNT","UNBELTED_OCC_COUNT","UNK_INJ_DEG_COUNT","UNK_INJ_PER_COUNT","URBAN_RURAL","VAN_COUNT","VEHICLE_COUNT","WEATHER1","WEATHER2","WORK_ZONE_IND","WORK_ZONE_LOC","WORK_ZONE_TYPE","WORKERS_PRES","WZ_CLOSE_DETOUR","WZ_FLAGGER","WZ_LAW_OFFCR_IND","WZ_LN_CLOSURE","WZ_MOVING","WZ_OTHER","WZ_SHLDER_MDN","WZ_WORKERS_INJ_KILLED"
"2022098382","0828","1","0","0","0","0","0","0","0","0","4","0","","67","09","2022","4","39.995","-75.1377","0823","06","0","0","0","0","0","0","0","0","","0","0","0","08","1","0","01","","0","39 59:41.841","","00","75 08:15.550","9","0","0","0","67301","0","0","0","N","0","0","0","1","67301","0","","1","01","","N","N","N","0","","0","0","0","3","3","","0814","0","2","0","0","0","0","1","2","1","2","04","","N","","","","","","","","","","",""
"2022083617","0303","2","0","0","0","0","0","0","0","0","5","0","","67","09","2022","4","40.0253","-75.059","0247","06","0","0","0","0","0","0","0","0","","0","0","0","02","3","1","00","N","0","40 01:31.080","","00","75 03:32.520","3","0","0","0","67301","0","0","0","N","0","0","0","1","67301","0","","6","09","","N","N","N","0","","1","0","1","0","0","","0246","1","4","0","0","0","0","0","2","1","4","07","","N","","","","","","","","","","",""
"2022089252","","2","0","0","0","0","0","0","0","0","1","0","","67","08","2022","2","","","","06","0","0","0","0","0","0","0","0","","0","0","0","17","1","1","00","N","0","","","00","","8","0","0","0","67301","0","0","0","N","0","0","0","2","00000","0","","1","01","","","","N","0","","0","0","0","0","0","","1730","1","2","0","0","0","1","0","1","0","2","03","","N","","","","","","","","","","",""
"2022101523","2215","1","0","0","0","0","0","0","0","0","98","0","","67","10","2022","2","39.9828","-75.208","2214","06","0","0","0","0","1","0","0","0","","0","0","0","22","3","0","00","N","1","39 58:57.960","3","00","75 12:28.780","0","0","0","0","67301","0","0","0","N","0","0","0","1","68K01","0","","1","01","2250","N","N","N","0","","0","0","0","0","0","N","2208","0","1","0","0","0","0","0","2","0","1","03","","N","","","","","","","","","","",""
"2022101104","1330","0","0","0","0","0","0","0","0","0","4","0","","67","10","2022","7","39.9583","-75.1641","1330","06","0","0","0","0","0","1","0","0","","0","0","0","01","3","1","01","","9","39 57:29.829","","00","75 09:50.647","8","0","0","0","67301","0","0","0","N","0","0","0","3","67301","0","","1","01","","N","N","Y","0","","0","0","2","9","2","","0126","1","2","0","0","0","1","1","2","0","2","03","03","N","","","","","","","","","","",""
"2022084312","2323","0","0","0","0","0","0","0","0","0","4","0","","67","09","2022","6","39.9616","-75.175","2323","06","0","0","0","0","0","0","0","0","","0","0","0","23","3","1","01","","1","39 57:41.736","1","00","75 10:30.090","3","0","0","0","67301","0","0","0","N","0","0","0","5","67301","0","","1","01","2354","N","N","N","1","","1","0","1","3","2","N","2307","1","2","0","0","0","0","0","2","0","2","03","03","N","","","","","","","","","","",""
"2022103625","2255","0","0","0","0","0","0","0","0","0","7","0","","67","10","2022","2","40.0469","-75.001","2242","06","0","0","0","0","0","0","0","0","","0","0","0","22","3","1","00","N","1","40 02:48.887","2","00","75 00:03.598","8","0","0","0","67301","0","0","0","N","0","0","0","1","68K01","0","","4","09","2310","N","N","N","0","","0","0","1","0","0","N","2237","1","1","0","0","1","1","0","2","0","1","07","","N","","","","","","","","","","",""
"2022105125","1553","1","0","0","0","0","0","0","0","0","5","1","","67","11","2022","4","40.1065","-74.9989","1544","06","0","0","0","0","0","0","1","0","","0","1","0","15","1","0","02","","2","40 06:23.287","7","00","74 59:55.982","0","0","0","0","67301","0","0","0","N","0","0","0","4","67301","0","","1","01","1605","N","N","N","0","","0","0","0","3","2","Y","1504","0","2","0","0","0","0","0","2","0","2","03","","N","","","","","","","","","","",""
"2022083652","2030","1","0","0","0","0","0","0","0","0","4","0","","67","09","2022","3","40.0105","-75.1608","2030","06","0","0","0","0","0","1","0","0","","0","0","0","11","1","1","01","","0","40 00:37.740","","00","75 09:38.779","3","0","0","0","67301","0","0","0","N","0","0","0","2","67301","0","","1","09","","N","N","N","0","","1","0","1","3","3","","1100","1","2","0","0","0","0","1","2","0","2","07","","N","","","","","","","","","","",""
"2022072945","","1","0","0","0","0","0","0","0","0","6","0","","67","07","2022","7","","","","06","0","0","0","0","0","0","0","0","","0","0","0","23","3","1","00","N","0","","","00","","8","0","0","0","67301","0","0","0","N","0","0","0","2","00000","0","","1","01","","","","N","0","","0","0","1","0","0","","2315","1","2","0","0","0","1","0","1","0","2","03","","N","","","","","","","","","","",""
"2022101457","1409","1","0","0","0","0","0","0","0","0","1","1","","67","10","2022","1","39.9913","-75.1349","1409","06","0","0","0","0","0","0","0","0","","0","0","0","14","1","4","01","","1","39 59:28.846","3","00","75 08:05.483","3","0","0","0","67301","0","0","0","N","0","0","0","4","67301","0","","1","01","1530","N","N","N","1","","3","0","0","3","2","Y","1405","4","2","0","0","1","1","0","2","0","2","03","","N","","","","","","","","","","",""
"2022086786","1522","0","0","0","0","0","0","0","0","0","5","1","","67","09","2022","3","40.0821","-74.9667","1421","06","0","0","0","0","0","0","0","0","","0","1","0","14","1","1","00","N","0","40 04:55.580","","00","74 58:00.233","3","0","0","0","67301","0","0","0","N","0","0","0","2","68M03","0","","1","01","","N","N","N","0","","1","0","1","0","0","","1418","1","2","0","0","0","0","1","2","0","2","03","03","N","","","","","","","","","","",""
"2022088708","0229","2","0","0","0","0","0","0","0","0","5","0","","67","09","2022","3","39.9717","-75.1933","0223","06","0","0","0","0","0","0","0","0","","0","0","0","02","3","0","07","","2","39 58:18.209","4","02","75 11:35.991","0","0","0","0","67301","0","0","0","N","0","0","0","3","68K01","0","","7","01","0300","N","N","N","0","","0","0","0","0","0","Y","0218","0","2","0","0","0","0","0","2","0","2","07","","N","","","","","","","","","","",""
"2022081972","1010","1","0","0","0","0","0","0","0","0","1","0","","67","09","2022","3","39.9175","-75.1561","0929","06","0","0","0","0","0","0","0","0","","0","0","0","09","1","1","01","","0","39 55:03.057","","00","75 09:22.086","3","0","0","0","67301","0","0","0","N","0","0","0","2","67301","0","","1","08","","N","Y","N","0","","1","0","1","3","2","","0913","1","2","0","0","0","0","0","2","0","2","07","04","N","","","","","","","","","","",""
"2022083632","1832","1","0","0","0","0","0","0","0","0","7","0","","67","09","2022","5","39.9889","-75.1924","1824","06","0","0","0","0","0","0","0","0","","0","0","0","18","1","0","00","N","0","39 59:19.970","","00","75 11:32.620","0","0","0","0","67301","0","0","0","N","0","0","0","1","67301","0","","4","01","","N","N","N","0","","0","0","0","0","0","","1819","0","1","0","0","0","0","0","2","0","1","03","","N","","","","","","","","","","",""
"2022091738","0116","2","0","0","0","0","0","0","0","0","1","0","","67","09","2022","4","40.0182","-75.0475","0102","06","0","0","0","0","1","0","0","0","","0","0","0","01","3","0","00","N","0","40 01:05.634","","00","75 02:51.146","0","0","0","0","67301","0","0","0","N","0","0","0","2","68K01","0","","1","01","","N","N","N","0","","0","0","0","0","0","","0101","0","2","0","0","0","0","0","2","0","2","03","","N","","","","","","","","","","",""
"2022101310","1241","1","0","0","0","0","0","0","0","0","1","0","","67","10","2022","7","39.9917","-75.2028","1234","06","0","0","1","0","0","0","0","0","","0","0","0","12","1","0","00","N","0","39 59:30.247","","00","75 12:10.045","0","0","0","0","67301","0","0","0","N","0","0","0","2","68K01","0","","1","01","","N","N","N","0","","0","0","1","0","0","","1231","0","2","0","0","1","0","0","2","0","2","04","","N","","","","","","","","","","",""
"2022075127","","0","0","0","0","0","0","0","0","0","5","0","","67","08","2022","4","","","","06","0","0","0","0","0","1","0","0","","0","0","0","08","1","1","00","N","0","","","00","","8","0","0","0","67301","0","0","0","N","0","0","0","2","00000","0","","1","01","","","","N","0","","0","0","1","0","0","","0845","1","2","0","0","0","1","0","1","0","2","03","","N","","","","","","","","","","",""
"2022103291","1240","1","0","0","0","0","0","0","0","0","4","0","","67","11","2022","6","40.1066","-75.0299","1229","06","0","0","0","0","0","0","0","0","","0","0","0","11","1","0","00","N","0","40 06:23.705","","00","75 01:47.563","9","0","0","0","67301","0","0","0","N","0","0","0","7","67301","0","","1","01","","N","N","N","0","","0","0","1","0","0","","1150","0","2","0","0","0","0","6","2","0","2","03","","N","","","","","","","","","","",""
"2022088945","1325","1","0","0","0","0","0","0","0","0","5","0","","67","09","2022","3","39.9787","-75.1583","1325","06","0","0","0","0","0","0","0","0","","0","0","0","13","1","0","00","N","0","39 58:43.438","","00","75 09:29.697","9","0","0","0","67301","0","0","0","N","0","0","0","2","67505","0","","1","01","","N","N","N","1","","0","0","0","0","0","","1307","0","2","0","0","1","0","1","2","0","2","03","","N","","","","","","","","","","",""
"2022084736","1248","0","0","0","0","0","0","0","0","0","8","0","","67","09","2022","5","39.9786","-75.1335","1248","06","0","0","0","0","0","0","0","0","","0","0","0","07","1","1","02","","0","39 58:43.057","","01","75 08:00.553","2","0","0","0","67301","1","0","1","N","1","0","1","2","67301","0","","1","01","","N","N","N","0","","0","1","0","3","2","","0720","1","2","0","0","0","0","0","2","0","1","03","","N","","","","","","","","","","",""
"2022101603","2043","0","0","0","0","0","0","0","0","0","1","0","","67","10","2022","1","40.0556","-75.2324","2041","06","0","0","0","0","0","0","0","0","","0","0","0","20","3","0","00","N","0","40 03:20.119","","00","75 13:56.593","9","0","0","0","67301","0","0","0","N","0","0","0","3","67301","0","","1","01","","N","N","N","0","","0","0","2","0","0","","2035","0","2","0","0","1","0","1","2","0","2","03","","N","","","","","","","","","","",""
"2022094542","0030","2","0","0","0","0","0","0","0","0","1","0","","67","10","2022","5","39.9564","-75.1893","0030","06","0","0","0","0","0","0","0","0","","0","0","0","00","3","1","00","N","0","39 57:22.993","","00","75 11:21.572","3","0","0","0","67301","0","0","0","N","0","0","0","2","67507","0","","1","01","","N","N","N","0","","1","0","0","0","0","","0025","1","2","0","0","1","0","1","2","0","2","03","03","N","","","","","","","","","","",""
"2022082000","","1","0","0","0","0","0","0","0","0","5","0","","67","07","2022","2","40.0089","-75.1512","","06","0","0","0","0","0","0","0","0","","0","0","0","08","1","1","00","N","0","40 00:31.894","","00","75 09:04.380","8","0","0","0","67301","0","0","0","N","0","0","0","2","00000","0","","1","01","","","","N","0","","0","0","1","0","0","","0800","1","2","0","0","0","1","0","2","0","2","03","","N","","","","","","","","","","",""
"2022083600","1434","2","0","0","0","0","0","0","0","0","4","0","","67","09","2022","4","40.0764","-75.0326","1427","06","0","0","0","0","0","0","1","1","","0","0","0","14","1","2","01","","0","40 04:35.200","","00","75 01:57.222","3","0","0","0","67301","0","0","0","N","0","0","0","4","67301","0","","1","01","","N","N","N","1","","2","0","0","3","2","","1426","2","3","0","0","0","0","0","2","0","3","03","03","N","","","","","","","","","","",""
"2022100954","1232","0","0","0","0","0","0","0","0","0","8","0","","67","10","2022","7","39.926","-75.2337","1232","06","0","0","0","0","0","0","0","0","","0","0","0","12","1","1","02","","0","39 55:33.708","","00","75 14:01.255","3","0","0","0","67301","1","0","0","N","1","0","0","1","67301","0","","1","01","","N","N","N","0","","1","0","0","3","3","","1216","1","2","0","0","0","0","0","2","0","1","03","03","N","","","","","","","","","","",""
"2022103477","1814","1","0","0","0","0","0","0","0","0","1","0","","67","09","2022","6","39.916","-75.1478","1809","06","0","0","0","0","0","0","0","0","","0","0","0","17","1","0","00","N","0","39 54:57.454","","00","75 08:51.997","0","0","0","0","67301","0","0","0","N","0","0","0","3","68K01","0","","1","01","","N","N","N","0","","0","0","1","0","0","","1752","0","2","0","0","0","0","0","2","0","2","03","03","N","","","","","","","","","","",""
"2022104967","2311","2","0","0","0","0","0","0","0","0","5","0","","67","10","2022","6","40.0139","-75.1415","2311","06","0","0","0","0","0","0","0","0","","0","0","0","22","3","0","00","N","0","40 00:49.990","","00","75 08:29.520","9","0","0","0","67301","0","0","0","N","0","0","0","1","67301","0","","1","01","","N","N","N","0","","0","0","0","0","0","","2230","0","2","0","0","1","0","1","2","0","2","03","","N","","","","","","","","","","",""
"2022083629","1118","1","0","0","0","0","0","0","0","0","8","0","","67","09","2022","3","39.9653","-75.2255","1101","06","0","0","0","0","0","0","0","1","","0","0","0","08","1","1","01","","0","39 57:55.055","","00","75 13:31.731","3","0","0","0","67301","1","0","0","N","1","0","0","2","67301","0","","1","09","","N","N","N","0","","1","0","0","3","2","","0850","1","2","0","0","0","0","1","2","0","1","07","","N","","","","","","","","","","",""
"2022075124","","1","0","0","0","0","0","0","0","0","5","0","","67","07","2022","6","39.9717","-75.1933","","06","0","0","0","0","0","0","0","0","","0","0","0","13","1","1","07","","0","39 58:18.209","","02","75 11:35.991","8","0","0","0","67301","0","0","0","N","0","0","0","2","00000","0","","7","01","","","","N","0","","0","0","1","0","0","","1315","1","2","0","0","1","1","0","2","0","2","03","","N","","","","","","","","","","",""
"2022101031","2239","1","0","0","0","0","0","0","0","0","7","0","","67","10","2022","2","39.9831","-75.2081","2238","06","0","0","0","0","0","0","0","0","","0","0","0","22","3","0","00","N","1","39 58:59.139","3","00","75 12:29.242","0","0","0","0","67301","0","0","0","N","0","0","0","1","68K01","0","","1","01","2300","N","N","N","0","","0","0","0","0","0","N","2224","0","1","0","0","0","0","0","2","0","1","03","","N","","","","","","","","","","",""
"2022101853","0530","1","0","0","0","0","0","0","0","0","7","0","","67","10","2022","3","39.9909","-75.1851","0516","06","0","0","0","0","0","0","0","0","","0","0","0","05","3","0","00","N","0","39 59:27.122","","00","75 11:06.416","9","0","0","0","67301","0","0","0","N","0","0","0","1","67301","0","","5","01","","N","N","N","0","","0","0","0","0","0","","0510","0","1","0","0","0","0","1","2","0","1","03","","N","","","","","","","","","","",""
"2022101453","0935","0","0","0","0","0","0","0","0","0","4","0","","67","08","2022","5","39.9578","-75.2193","0928","06","0","0","0","0","0","2","0","0","","0","0","0","08","1","0","01","","0","39 57:27.908","","00","75 13:09.386","0","0","0","0","67301","0","0","0","N","0","0","0","2","67301","0","","1","01","","N","N","N","2","","0","0","0","3","2","","0841","0","2","0","0","0","0","0","2","0","2","03","03","N","","","","","","","","","","",""
"2022102796","1509","1","0","0","0","0","0","0","0","0","7","0","","67","10","2022","2","40.0406","-75.0057","1448","06","0","0","0","0","0","1","0","0","","0","0","0","14","1","0","00","N","0","40 02:26.116","","00","75 00:20.396","0","0","0","0","67301","0","0","0","N","0","0","0","1","68K01","0","","4","09","","N","N","N","0","","0","0","0","0","0","","1445","0","1","0","0","0","0","0","2","0","1","07","04","N","","","","","","","","","","",""
"2022072951","","0","0","0","0","0","0","0","0","0","4","0","","67","07","2022","6","39.9187","-75.2095","","06","0","0","0","0","0","1","0","0","","0","0","0","12","1","1","00","N","0","39 55:07.400","","07","75 12:34.300","8","0","0","0","67301","0","0","0","N","0","0","0","2","00000","0","","1","01","","","","N","0","","0","0","0","0","0","","1230","1","2","0","0","0","1","0","2","1","2","03","","N","","","","","","","","","","",""
"2022087743","1205","1","0","0","0","0","0","0","0","0","5","0","","67","09","2022","5","40.068","-75.0402","1200","06","0","0","0","0","0","1","0","0","","0","0","0","11","1","0","08","","1","40 04:04.796","1","00","75 02:24.854","0","0","0","0","67301","0","0","0","N","0","0","0","2","67301","0","","1","01","1210","N","N","N","1","","0","0","0","3","8","N","1150","0","2","0","0","0","0","0","2","0","2","04","","N","","","","","","","","","","",""
"2022103628","0645","1","0","0","0","0","0","0","0","0","1","0","","67","10","2022","4","39.9301","-75.1982","0634","06","0","0","0","0","0","0","0","0","","0","0","0","06","1","0","00","N","1","39 55:48.491","4","00","75 11:53.407","0","0","0","0","67301","0","0","0","N","0","0","0","3","68K01","0","","1","09","0655","N","N","N","0","","0","0","1","0","0","N","0630","0","3","0","0","0","0","0","2","1","3","03","","N","","","","","","","","","","",""
"2022103616","1707","1","0","0","0","0","0","0","0","0","1","0","","67","10","2022","4","39.9573","-75.1407","1703","06","0","0","0","0","0","0","0","0","","0","0","0","16","1","1","00","N","0","39 57:26.120","","02","75 08:26.382","8","0","0","0","67301","0","0","0","N","0","0","0","2","68K01","0","","1","01","","N","N","N","0","","0","0","1","0","0","","1657","1","2","0","0","0","1","0","2","0","2","03","","N","","","","","","","","","","",""
"2022082041","1019","1","0","0","0","0","0","0","0","0","1","0","","67","09","2022","4","40.0679","-75.161","1019","06","0","0","0","0","0","0","0","0","","0","0","0","09","1","0","00","N","0","40 04:04.560","","00","75 09:39.600","0","0","0","0","67301","0","0","0","N","0","0","0","1","67301","0","","6","01","","N","N","N","0","","0","0","1","0","0","","0936","0","2","0","0","0","0","0","2","0","2","03","03","N","","","","","","","","","","",""
"2022083604","2034","2","0","0","0","0","0","0","0","0","4","0","","67","09","2022","4","39.9291","-75.2205","2034","06","0","0","0","0","1","0","0","0","","0","0","0","20","3","0","01","","0","39 55:44.592","","00","75 13:14.099","0","0","0","0","67301","0","0","0","N","0","0","0","2","67301","0","","1","01","","N","N","Y","0","","0","0","0","3","1","","2034","0","2","0","0","1","0","0","2","0","2","03","03","N","","","","","","","","","","",""
"2022093413","0230","3","0","0","0","0","0","0","0","0","6","0","","67","09","2022","5","39.9543","-75.22","0229","06","0","0","0","0","0","0","0","0","","0","0","0","02","3","0","00","N","0","39 57:15.550","","00","75 13:11.990","0","0","0","0","67301","0","0","0","N","0","0","0","1","67301","0","","6","01","","N","N","N","0","","0","0","2","0","0","","0229","0","5","0","0","1","0","0","2","0","5","03","03","N","","","","","","","","","","",""
"2022101846","0815","0","0","0","0","0","0","1","0","0","1","1","","67","10","2022","2","40.0665","-75.0636","0752","06","0","0","0","0","0","1","0","0","","0","0","0","07","1","1","00","N","0","40 03:59.284","","00","75 03:48.962","3","0","0","0","67301","0","0","0","N","0","0","0","3","67301","0","","1","01","","N","N","N","0","","1","0","2","0","0","","0750","1","3","0","0","0","0","0","2","0","3","03","03","N","","","","","","","","","","",""
"2022099058","2039","2","0","0","0","0","0","0","0","0","5","0","","67","08","2022","3","39.9687","-75.1277","2013","06","0","0","0","0","0","0","0","0","","0","0","0","20","3","0","00","N","1","39 58:07.327","1","03","75 07:39.645","0","0","0","0","67301","0","0","0","N","0","0","0","3","68K01","0","","1","01","2130","N","N","N","0","","0","0","1","0","0","N","2011","0","3","0","0","0","0","0","2","0","3","03","","N","","","","","","","","","","",""
"2022077367","","1","0","0","0","0","0","0","0","0","1","0","","67","07","2022","6","","","","06","0","0","0","0","0","1","0","0","","0","0","0","16","1","1","01","","0","","","00","","8","0","0","0","67301","0","0","0","N","0","0","0","2","00000","0","","1","01","","","","N","0","","0","0","1","3","2","","1645","1","2","0","0","1","1","0","1","0","2","03","","N","","","","","","","","","","",""
"2022102205","0740","1","0","0","0","0","0","0","0","0","1","0","","67","11","2022","3","39.9863","-75.092","0656","06","0","0","0","0","1","0","0","0","","0","0","0","06","1","0","00","N","0","39 59:10.528","","00","75 05:31.311","0","0","0","0","67301","0","0","0","N","0","0","0","2","68K01","0","","1","09","","N","N","N","1","","0","0","0","0","0","","0607","0","2","0","0","0","0","0","2","0","2","04","04","N","","","","","","","","","","",""
"2022102030","2155","4","0","0","0","0","0","1","0","0","5","1","","67","10","2022","6","40.0306","-75.2181","2140","06","0","0","0","0","0","1","0","0","","0","0","0","21","3","0","00","N","0","40 01:50.200","","00","75 13:05.100","0","0","0","0","67301","0","0","0","N","0","0","0","1","67508","0","","6","01","","N","N","Y","0","","0","0","1","0","0","","2140","0","6","0","0","0","0","0","2","0","6","03","03","N","","","","","","","","","","",""
"2022105071","1124","1","0","0","0","0","0","0","0","0","1","0","","67","09","2022","7","39.9571","-75.1568","1106","06","0","0","0","1","0","0","2","0","","0","0","0","11","1","1","00","N","0","39 57:25.584","","00","75 09:24.465","3","0","0","0","67301","0","0","0","N","0","0","0","5","68K01","0","","1","01","","N","N","N","0","","1","0","2","0","0","","1101","1","3","0","0","0","0","0","2","0","3","03","03","N","","","","","","","","","","",""
"2022084257","","1","0","0","0","0","0","0","0","0","1","0","","67","09","2022","4","40.0011","-75.0841","","06","0","0","1","0","0","1","0","0","","0","0","0","17","1","2","00","Y","0","40 00:03.815","","02","75 05:02.877","8","0","0","0","67301","0","0","0","N","0","0","0","3","00000","0","","1","01","","","","N","0","","0","0","1","3","2","","1700","2","2","0","0","0","2","0","2","0","2","03","","N","","","","","","","","","","",""
"2022077377","","2","0","0","0","0","0","0","0","0","4","0","","67","08","2022","1","39.9413","-75.2178","","06","0","0","0","0","1","0","0","0","","0","0","0","02","3","1","01","","0","39 56:28.852","","00","75 13:03.932","8","0","0","0","67301","0","0","0","N","0","0","0","2","00000","0","","1","01","","","","N","0","","0","0","0","3","2","","0237","1","2","0","0","0","1","0","2","0","2","03","","N","","","","","","","","","","",""
"2022083643","1645","0","0","0","0","0","0","0","0","0","4","0","","67","09","2022","5","39.9695","-75.1396","1645","06","0","0","0","0","0","0","0","0","","0","0","0","19","3","0","05","","0","39 58:10.111","","00","75 08:22.610","0","0","0","0","67301","0","0","0","N","0","0","0","2","67301","0","","1","99","","N","N","N","0","","0","0","2","3","2","","1939","0","2","0","0","0","0","0","2","0","2","99","","N","","","","","","","","","","",""
"2022083594","0757","0","0","0","0","0","0","0","0","0","1","0","","67","09","2022","5","40.0858","-75.0381","0757","06","0","0","0","0","0","0","0","0","","0","0","0","07","1","1","00","Y","0","40 05:08.927","","00","75 02:17.153","3","0","0","0","67301","0","0","0","N","0","0","0","2","67301","0","","1","01","","N","N","N","1","","1","0","1","3","2","","0756","1","2","0","0","0","0","0","2","0","2","03","","N","","","","","","","","","","",""
"2022085388","1411","1","0","0","0","0","0","0","0","0","1","0","","67","09","2022","4","39.9663","-75.2248","1411","06","0","0","0","0","0","0","0","0","","0","0","0","14","1","1","00","N","1","39 57:58.628","5","00","75 13:29.317","2","0","1","1","67301","0","0","0","N","0","0","0","2","67301","0","","1","01","1440","N","N","N","0","","0","1","0","0","0","Y","1410","1","2","0","0","0","0","0","2","0","2","07","03","N","","","","","","","","","","",""
"2022101452","1120","2","0","0","0","0","0","0","0","0","2","0","","67","08","2022","4","39.9579","-75.2142","1120","06","0","0","0","0","0","1","0","0","","0","0","0","11","1","0","01","","1","39 57:28.339","1","00","75 12:51.029","0","0","0","0","67301","0","0","0","N","0","0","0","2","67301","0","","1","01","1231","N","N","N","0","","0","0","0","3","3","Y","1110","0","2","0","0","0","0","0","2","0","2","03","03","N","","","","","","","","","","",""
"2022083648","0845","1","0","0","0","0","0","0","0","0","8","0","","67","09","2022","5","40.0521","-75.1418","0832","06","0","0","0","0","0","0","0","0","","0","0","0","08","1","1","01","","0","40 03:07.476","","00","75 08:30.412","8","0","0","0","67301","1","0","0","N","1","0","0","2","67301","0","","1","01","","N","N","N","0","","0","0","0","3","2","","0801","1","2","0","0","0","1","0","2","0","1","03","03","N","","","","","","","","","","",""
"2022101986","0253","1","0","0","0","0","0","0","0","0","7","0","","67","11","2022","3","40.0421","-75.0038","0249","06","0","0","1","0","0","0","0","0","","0","0","0","02","3","1","00","N","1","40 02:31.426","1","00","75 00:13.506","8","0","0","0","67301","0","0","0","N","0","0","0","1","68K01","0","","4","09","0255","N","N","N","0","","0","0","0","0","0","N","0248","1","1","0","0","0","1","0","2","0","1","07","","N","","","","","","","","","","",""
"2022102451","2034","1","0","0","0","0","0","0","0","0","4","0","","67","09","2022","4","39.9324","-75.2246","2034","06","0","0","0","0","0","0","0","0","","0","0","0","20","3","3","01","","0","39 55:56.749","","00","75 13:28.517","3","0","0","0","67301","0","0","0","N","0","0","0","3","67301","0","","1","01","","N","N","Y","0","","3","0","0","3","2","","2034","3","2","0","0","1","0","0","2","1","2","03","","N","","","","","","","","","","",""
"2022083605","0850","0","0","0","0","0","0","0","0","0","8","0","","67","09","2022","6","39.9278","-75.237","0850","06","0","0","0","0","0","0","0","0","","0","0","0","08","1","1","01","","0","39 55:40.109","","00","75 14:13.130","3","0","0","0","67301","1","0","0","N","1","0","0","2","67301","0","","1","01","","N","N","N","0","","1","0","0","3","2","","0837","1","2","0","0","0","0","0","2","1","1","03","03","N","","","","","","","","","","",""
"2022091840","","1","0","0","0","0","0","0","0","0","4","0","","67","09","2022","3","39.8954","-75.2335","","06","0","0","0","0","0","1","0","0","","0","0","0","22","3","2","02","","0","39 53:44.021","","00","75 14:00.761","8","0","0","0","67301","0","0","0","N","0","0","0","3","00000","0","","1","01","","","","N","0","","0","0","0","3","2","","2230","2","2","0","0","0","2","0","2","0","2","03","","N","","","","","","","","","","",""
"2022102226","1202","0","0","0","0","0","0","0","0","0","8","0","","67","11","2022","3","39.9538","-75.1751","1202","06","0","0","0","0","0","0","0","0","","0","0","0","11","1","1","01","","0","39 57:13.812","","00","75 10:30.258","3","0","0","0","67301","1","0","0","N","1","0","0","2","67301","0","","1","01","","N","N","N","0","","1","0","1","3","2","","1155","1","2","0","0","0","0","0","2","0","1","03","","N","","","","","","","","","","",""
"2022083601","1646","1","0","0","0","0","0","0","0","0","4","0","","67","09","2022","5","40.0774","-75.0243","1641","06","0","0","0","0","0","0","0","1","","0","0","0","16","1","2","00","N","1","40 04:38.760","2","07","75 01:27.390","3","0","0","0","67301","0","0","0","N","0","0","0","3","67301","0","","1","01","0015","N","N","N","0","","2","0","1","0","0","N","1640","2","2","0","0","3","0","0","2","0","2","03","03","N","","","","","","","","","","",""
"2022083556","1328","0","0","0","0","0","0","0","0","0","1","0","","67","09","2022","4","40.0286","-75.0339","1328","06","0","0","0","0","0","0","0","0","","0","0","0","13","1","1","01","","0","40 01:42.885","","00","75 02:02.202","4","0","0","0","67301","0","0","0","N","0","0","0","3","67301","1","","1","01","","N","N","N","1","","0","0","0","3","2","","1328","1","3","0","0","1","0","0","2","2","3","04","","N","","","","","","","","","","",""