"CRN","ARRIVAL_TM","AUTOMOBILE_COUNT","BELTED_DEATH_COUNT","BELTED_SUSP_SERIOUS_INJ_COUNT","BICYCLE_COUNT","BICYCLE_DEATH_COUNT","BICYCLE_SUSP_SERIOUS_INJ_COUNT","BUS_COUNT","CHLDPAS_DEATH_COUNT","CHLDPAS_SUSP_SERIOUS_INJ_COUNT","COLLISION_TYPE","COMM_VEH_COUNT","CONS_ZONE_SPD_LIM","COUNTY","CRASH_MONTH","CRASH_YEAR","DAY_OF_WEEK","DEC_LAT","DEC_LONG","DISPATCH_TM","DISTRICT","DRIVER_COUNT_16YR","DRIVER_COUNT_17YR","DRIVER_COUNT_18YR","DRIVER_COUNT_19YR","DRIVER_COUNT_20YR","DRIVER_COUNT_50_64YR","DRIVER_COUNT_65_74YR","DRIVER_COUNT_75PLUS","EST_HRS_CLOSED","FATAL_COUNT","HEAVY_TRUCK_COUNT","HORSE_BUGGY_COUNT","HOUR_OF_DAY","ILLUMINATION","INJURY_COUNT","INTERSECT_TYPE","INTERSECTION_RELATED","LANE_CLOSED","LATITUDE","LN_CLOSE_DIR","LOCATION_TYPE","LONGITUDE","MAX_SEVERITY_LEVEL","MCYCLE_DEATH_COUNT","MCYCLE_SUSP_SERIOUS_INJ_COUNT","MOTORCYCLE_COUNT","MUNICIPALITY","NONMOTR_COUNT","NONMOTR_DEATH_COUNT","NONMOTR_SUSP_SERIOUS_INJ_COUNT","NTFY_HIWY_MAINT","PED_COUNT","PED_DEATH_COUNT","PED_SUSP_SERIOUS_INJ_COUNT","PERSON_COUNT","POLICE_AGCY","POSSIBLE_INJ_COUNT","RDWY_SURF_TYPE_CD","RELATION_TO_ROAD","ROAD_CONDITION","ROADWAY_CLEARED","SCH_BUS_IND","SCH_ZONE_IND","SECONDARY_CRASH","SMALL_TRUCK_COUNT","SPEC_JURIS_CD","SUSP_MINOR_INJ_COUNT","SUSP_SERIOUS_INJ_COUNT","SUV_COUNT","TCD_FUNC_CD","TCD_TYPE","TFC_DETOUR_IND","TIME_OF_DAY","TOT_INJ_COUNT","TOTAL_UNITS","UNB_DEATH_COUNT","UNB_SUSP_SERIOUS_INJ_COUNT","UNBELTED_OCC_COUNT","UNK_INJ_DEG_COUNT","UNK_INJ_PER_COUNT","URBAN_RURAL","VAN_COUNT","VEHICLE_COUNT","WEATHER1","WEATHER2","WORK_ZONE_IND","WORK_ZONE_LOC","WORK_ZONE_TYPE","WORKERS_PRES","WZ_CLOSE_DETOUR","WZ_FLAGGER","WZ_LAW_OFFCR_IND","WZ_LN_CLOSURE","WZ_MOVING","WZ_OTHER","WZ_SHLDER_MDN","WZ_WORKERS_INJ_KILLED"
"2022109348","0822","2","0","0","0","0","0","0","0","0","1","0","","67","11","2022","7","39.9674","-75.1318","0805","06","0","0","0","0","0","0","0","0","","0","0","0","08","1","0","00","N","0","39 58:02.802","","00","75 07:54.572","0","0","0","0","67301","0","0","0","N","0","0","0","3","68K01","0","","1","01","","N","N","N","0","","0","0","0","0","0","","0801","0","2","0","0","0","0","0","2","0","2","03","03","N","","","","","","","","","","",""
"2022084281","1755","1","0","0","0","0","0","0","0","0","6","0","","67","09","2022","3","40.0609","-75.1551","1752","06","0","0","0","0","0","0","0","0","","0","0","0","17","1","1","00","N","1","40 03:39.300","6","00","75 09:18.200","3","0","0","0","67301","0","0","0","N","0","0","0","1","67301","0","","6","01","1818","N","N","N","0","","1","0","0","0","0","Y","1747","1","2","0","0","1","0","0","2","1","2","03","03","N","","","","","","","","","","",""
"2022091099","1351","1","0","0","0","0","0","0","0","0","7","0","","67","09","2022","2","39.9357","-75.1998","1322","06","0","0","0","0","0","0","0","0","","0","0","0","13","1","1","00","N","0","39 56:08.549","","03","75 11:59.271","3","0","0","0","67301","0","0","0","N","0","0","0","1","68K01","0","","3","01","","N","N","N","0","","1","0","0","0","0","","1318","1","1","0","0","0","0","0","2","0","1","03","03","N","","","","","","","","","","",""
"2022084236","0319","1","0","0","0","0","0","0","0","0","7","0","","67","09","2022","3","40.0272","-75.0258","0227","06","0","0","0","0","0","0","0","0","","0","0","0","02","3","0","00","N","0","40 01:37.796","","00","75 01:32.771","0","0","0","0","67301","0","0","0","N","0","0","0","2","68K01","0","","3","09","","N","N","N","1","","0","0","0","0","0","","0227","0","2","0","0","0","0","0","2","0","2","07","07","N","","","","","","","","","","",""
"2022091345","1915","0","0","0","0","0","0","0","0","0","8","0","","67","09","2022","3","39.94","-75.1662","1913","06","0","0","0","0","0","0","0","0","","0","0","0","15","1","1","01","","0","39 56:24.162","","00","75 09:58.832","3","0","0","0","67301","1","0","0","N","1","0","0","2","67301","0","","1","01","","N","N","N","0","","1","0","0","3","2","","1540","1","2","0","0","0","0","0","2","0","1","03","","N","","","","","","","","","","",""
"2022108597","0630","2","0","0","0","0","0","0","0","0","4","0","","67","11","2022","1","39.9888","-75.1557","0630","06","0","0","0","0","0","0","1","0","","0","0","0","06","3","1","00","N","1","39 59:19.790","2","00","75 09:20.617","4","0","0","0","67301","0","0","0","N","0","0","0","2","67301","1","","1","09","0800","N","N","N","0","","0","0","0","0","0","Y","0630","1","2","0","0","0","0","0","2","0","2","07","","N","","","","","","","","","","",""
"2022084289","1628","1","0","0","0","0","0","0","0","0","1","0","","67","09","2022","1","40.0444","-75.1435","1628","06","0","0","0","0","0","1","0","0","","0","0","0","16","1","0","01","","1","40 02:39.888","1","00","75 08:36.428","0","0","0","0","67301","0","0","0","N","0","0","0","4","67301","0","","1","09","0015","N","N","Y","0","","0","0","2","3","2","N","1625","0","3","0","0","0","0","0","2","0","3","07","","N","","","","","","","","","","",""
"2022105805","0334","1","0","0","0","0","0","0","0","0","1","0","","67","07","2022","2","39.9573","-75.2476","0120","06","0","0","0","0","0","0","0","0","","0","0","0","01","3","1","00","N","0","39 57:26.200","","00","75 14:51.200","3","0","0","0","67301","0","0","0","N","0","0","0","2","67301","0","","1","01","","N","N","N","0","","1","0","1","0","0","","0120","1","2","0","0","2","0","0","2","0","2","03","03","N","","","","","","","","","","",""
"2022107445","1155","1","0","0","0","0","0","0","0","0","4","2","50","67","11","2022","2","39.9932","-75.2","1151","06","0","0","0","1","0","0","1","0","","0","2","0","11","1","2","00","N","1","39 59:35.394","4","00","75 12:00.121","3","0","0","0","67301","0","0","0","Y","0","0","0","4","68K01","1","","1","01","1240","N","N","N","0","","1","0","0","3","8","N","1148","2","3","0","0","0","0","0","2","0","3","03","","Y","4","8","Y","N","N","N","N","Y","N","N","Y"
"2022108294","1955","0","0","0","0","0","0","0","0","0","1","1","","67","11","2022","3","40.0531","-75.1416","1955","06","0","0","0","0","0","0","0","0","","0","1","0","19","3","0","00","Y","0","40 03:11.115","","00","75 08:29.619","9","0","0","0","67301","0","0","0","N","0","0","0","2","67301","0","","1","09","","N","N","N","0","","0","0","1","3","2","","1900","0","2","0","0","0","0","1","2","0","2","07","","N","","","","","","","","","","",""
"2022085389","0821","0","0","0","0","0","0","0","0","0","8","0","","67","09","2022","5","39.9625","-75.2162","0817","06","0","0","0","0","0","0","0","0","","0","0","0","08","1","1","01","","0","39 57:44.928","","00","75 12:58.374","3","0","0","0","67301","1","0","0","N","1","0","0","2","67301","0","","1","01","","N","N","N","0","","1","0","1","3","2","","0811","1","2","0","0","1","0","0","2","0","1","03","03","N","","","","","","","","","","",""
"2022108992","0103","0","0","0","0","0","0","0","0","0","7","1","","67","11","2022","4","40.0318","-75.0214","0026","06","0","0","0","0","0","0","0","0","","0","1","0","00","3","0","00","N","1","40 01:54.551","2","03","75 01:17.105","0","0","0","0","67301","0","0","0","N","0","0","0","1","68K01","0","","4","09","0246","N","N","N","0","","0","0","0","0","0","N","0025","0","1","0","0","0","0","0","2","0","1","07","07","N","","","","","","","","","","",""
"2022094267","","2","0","0","0","0","0","0","0","0","4","0","","67","07","2022","4","39.9579","-75.1641","","06","0","0","0","0","0","0","0","0","","0","0","0","13","1","0","01","","0","39 57:28.550","","02","75 09:50.921","0","0","0","0","67301","0","0","0","N","0","0","0","2","00000","0","","1","01","","","","N","0","","0","0","0","3","2","","1345","0","2","0","0","1","0","0","2","0","2","03","","N","","","","","","","","","","",""
"2022083591","2036","2","0","0","0","0","0","0","0","0","4","0","","67","09","2022","1","40.0641","-75.2396","2033","06","0","0","0","1","0","0","0","0","","0","0","0","20","3","0","01","","0","40 03:50.433","","00","75 14:22.976","0","0","0","0","67301","0","0","0","N","0","0","0","3","67301","0","","1","09","","N","N","N","0","","0","0","0","1","2","","2029","0","2","0","0","3","0","0","2","0","2","07","07","N","","","","","","","","","","",""
"2022084100","2146","3","0","0","0","0","0","0","0","0","5","0","","67","09","2022","2","40.027","-75.1421","2144","06","0","0","0","0","0","0","0","0","","0","0","0","21","3","1","00","N","0","40 01:37.130","","00","75 08:31.650","3","0","0","0","67301","0","0","0","N","0","0","0","1","67301","0","","6","09","","N","N","N","0","","1","0","0","0","0","","2140","1","3","0","0","0","0","0","2","0","3","07","","N","","","","","","","","","","",""
"2022084279","0816","0","0","0","0","0","0","0","0","0","4","0","","67","09","2022","3","40.0473","-75.1677","0815","06","0","0","0","0","0","0","0","0","","0","0","0","08","1","1","01","","0","40 02:50.166","","00","75 10:03.872","3","0","0","0","67301","0","0","0","N","0","0","0","2","67301","0","","1","01","","N","N","N","0","","1","0","1","1","2","","0814","1","2","0","0","0","0","1","2","1","2","03","03","N","","","","","","","","","","",""
"2022084301","2338","1","0","0","0","0","0","0","0","0","1","0","","67","09","2022","2","40.0467","-75.0837","2335","06","0","0","0","0","0","0","0","0","","0","0","0","23","3","1","00","N","0","40 02:48.270","","00","75 05:01.190","3","0","0","0","67301","0","0","0","N","0","0","0","1","67301","0","","6","09","","N","N","N","0","","1","0","1","0","0","","2330","1","2","0","0","0","0","0","2","0","2","07","03","N","","","","","","","","","","",""
"2022106267","0855","1","0","0","0","0","0","0","0","0","7","0","","67","11","2022","7","40.0825","-74.9671","0842","06","0","0","0","0","1","0","0","0","","0","0","0","08","1","1","00","N","0","40 04:56.997","","00","74 58:01.387","3","0","0","0","67301","0","0","0","Y","0","0","0","1","67301","0","","5","01","","N","N","N","0","","1","0","0","0","0","","0830","1","1","0","0","0","0","0","2","0","1","04","","N","","","","","","","","","","",""
"2022084828","1532","1","0","0","0","0","0","0","0","0","7","0","","67","09","2022","5","39.9181","-75.2096","1528","06","0","0","0","0","0","0","0","1","","0","0","0","13","1","2","00","N","0","39 55:05.074","","00","75 12:34.388","3","0","0","0","67301","0","0","0","N","0","0","0","2","67301","0","","4","01","","N","N","N","0","","2","0","0","0","0","","1306","2","1","0","0","1","0","0","2","0","1","03","03","N","","","","","","","","","","",""
"2022109711","1913","1","0","0","0","0","0","0","0","0","1","0","","67","11","2022","6","39.9045","-75.1503","1913","06","0","1","0","0","0","0","0","0","","0","0","0","19","3","0","00","N","1","39 54:16.083","2","00","75 09:00.969","0","0","0","0","67301","0","0","0","N","0","0","0","2","68K01","0","","1","01","1935","N","N","N","0","","0","0","1","0","0","N","1908","0","2","0","0","0","0","0","2","0","2","03","","N","","","","","","","","","","",""
"2022085506","1733","0","0","0","0","0","0","0","0","0","1","0","","67","09","2022","5","40.0775","-75.0438","1733","06","0","0","0","0","0","2","0","0","","0","0","0","17","1","0","02","","1","40 04:39.438","5","00","75 02:37.836","0","0","0","0","67301","0","0","0","N","0","0","0","4","67301","0","","1","01","0030","N","N","N","0","","0","0","4","3","2","N","1730","0","4","0","0","0","0","0","2","0","4","03","03","N","","","","","","","","","","",""
"2022087223","0830","0","0","0","0","0","0","0","0","0","8","0","","67","09","2022","2","40.0102","-75.0623","0825","06","0","0","0","0","0","1","0","0","","0","0","0","08","1","1","00","N","0","40 00:36.839","","00","75 03:44.285","3","0","0","0","67301","1","0","0","N","1","0","0","2","67301","0","","1","01","","N","Y","N","0","","1","0","1","0","0","","0821","1","2","0","0","0","0","0","2","0","1","03","","N","","","","","","","","","","",""
"2022094271","1638","1","0","0","0","0","0","0","0","0","4","0","","67","09","2022","1","39.972","-75.2345","1638","06","0","0","0","0","0","0","0","0","","0","0","0","16","1","2","01","","0","39 58:19.300","","00","75 14:04.109","3","0","0","0","67301","0","0","0","N","0","0","0","3","67301","0","","1","09","","N","N","N","0","","2","0","1","3","3","","1636","2","2","0","0","0","0","0","2","0","2","07","","N","","","","","","","","","","",""
"2022096705","","1","0","0","0","0","0","0","0","0","1","0","","67","09","2022","7","39.9924","-75.2454","","06","0","0","0","0","0","0","0","0","","0","0","0","01","3","1","00","Y","0","39 59:32.646","","00","75 14:43.262","8","0","0","0","67301","0","0","0","N","0","0","0","2","00000","0","","1","01","","","","N","0","","0","0","1","3","2","","0145","1","2","0","0","0","1","0","2","0","2","03","","N","","","","","","","","","","",""
"2022107088","0132","0","0","0","0","0","0","0","0","0","7","0","","67","10","2022","7","39.9582","-75.1644","0132","06","0","0","0","0","0","1","0","0","","0","0","0","01","3","0","00","N","1","39 57:29.528","4","00","75 09:51.985","0","0","0","0","67301","0","0","0","N","0","0","0","2","68K01","0","","2","01","0200","N","N","N","0","","0","0","2","0","0","N","0131","0","2","0","0","0","0","0","2","0","2","03","","N","","","","","","","","","","",""
"2022106561","1008","1","0","0","0","0","0","0","0","0","7","0","","67","09","2022","1","39.8893","-75.2187","0957","06","0","0","0","0","0","0","0","0","","0","0","0","09","1","1","00","N","2","39 53:21.467","2","00","75 13:07.268","3","0","0","0","67301","0","0","0","N","0","0","0","1","68K01","0","","7","01","1023","N","N","N","0","","1","0","0","0","0","N","0955","1","1","0","0","0","0","0","2","0","1","04","04","N","","","","","","","","","","",""
"2022084151","1745","0","0","0","0","0","0","0","0","0","8","0","","67","09","2022","3","40.0307","-75.112","1738","06","0","0","0","0","0","0","0","0","","0","0","0","17","1","1","01","","0","40 01:50.653","","00","75 06:43.207","3","0","0","0","67301","1","0","0","N","1","0","0","2","67301","0","","1","01","","N","N","N","0","","1","0","1","3","1","","1723","1","2","0","0","0","0","0","2","0","1","03","03","N","","","","","","","","","","",""
"2022083875","0730","1","0","0","0","0","0","0","0","0","7","0","","67","09","2022","2","40.0865","-74.9867","0724","06","0","0","0","0","0","0","0","0","","0","0","0","07","1","1","00","N","0","40 05:11.486","","07","74 59:11.973","8","0","0","0","67301","0","0","0","N","0","0","0","1","67301","0","","5","01","","N","N","N","0","","0","0","0","3","2","","0720","1","1","0","0","0","1","0","2","0","1","03","03","N","","","","","","","","","","",""
"2022105914","1713","1","0","0","0","0","0","0","0","0","7","0","","67","10","2022","7","39.8872","-75.2153","1713","06","0","0","0","0","0","0","0","0","","0","0","0","17","1","1","00","N","2","39 53:14.063","2","00","75 12:54.922","3","0","0","0","67301","0","0","0","N","0","0","0","1","68K01","0","","5","09","1744","N","N","N","0","","1","0","0","0","0","N","1703","1","1","0","0","0","0","0","2","0","1","07","07","N","","","","","","","","","","",""
"2022101849","0802","1","0","0","0","0","0","0","0","0","8","0","","67","09","2022","4","39.9607","-75.243","0802","06","0","0","0","0","0","0","0","0","","0","0","0","08","3","1","01","","0","39 57:38.474","","00","75 14:34.999","3","0","0","0","67301","1","0","0","N","1","0","0","2","67301","0","","1","01","","N","N","N","0","","1","0","0","3","2","","0800","1","2","0","0","0","0","0","2","0","1","03","03","N","","","","","","","","","","",""
"2022100803","2009","1","0","0","0","0","0","0","0","0","4","0","","67","09","2022","5","40.003","-75.1276","1735","06","0","0","0","0","0","0","1","0","","0","0","0","17","1","1","01","","0","40 00:10.868","","00","75 07:39.525","4","0","0","1","67301","0","0","0","N","0","0","0","2","67301","1","","1","01","","N","N","N","0","","0","0","0","3","3","","1730","1","2","0","0","0","0","0","2","0","2","03","03","N","","","","","","","","","","",""
"2022091835","","0","0","0","0","0","0","0","0","0","1","0","","67","09","2022","6","","","","06","0","0","0","0","0","0","0","0","","0","0","0","13","1","2","00","N","0","","","00","","8","0","0","0","67301","0","0","0","N","0","0","0","3","00000","0","","1","01","","","","N","0","","0","0","2","0","0","","1320","2","2","0","0","1","2","0","1","0","2","03","","N","","","","","","","","","","",""
"2022088898","0950","1","0","0","0","0","0","0","0","0","4","0","","67","09","2022","3","40.0264","-75.2091","0947","06","0","0","0","0","0","2","0","0","","0","0","0","09","1","3","00","N","1","40 01:34.970","2","07","75 12:32.852","3","0","0","0","67301","0","0","0","N","0","0","0","3","67301","0","","1","01","1112","N","N","N","0","","2","0","1","0","0","Y","0945","3","2","0","0","3","1","0","2","0","2","03","03","N","","","","","","","","","","",""
"2022105801","0612","1","0","0","0","0","0","0","0","0","7","0","","67","06","2022","7","39.9528","-75.2326","0612","06","0","0","0","0","0","0","0","0","","0","0","0","06","1","0","00","N","0","39 57:10.100","","00","75 13:57.300","0","0","0","0","67301","0","0","0","N","0","0","0","1","67301","0","","4","01","","N","N","N","0","","0","0","0","0","0","","0611","0","1","0","0","1","0","0","2","0","1","03","03","N","","","","","","","","","","",""
"2022106154","0112","2","0","0","0","0","0","0","0","0","1","0","","67","09","2022","7","39.9551","-75.2442","0112","06","0","0","0","0","0","0","0","0","","0","0","0","00","3","0","00","N","0","39 57:18.360","","00","75 14:39.190","0","0","0","0","67301","0","0","0","N","0","0","0","1","67301","0","","6","01","","N","N","Y","0","","0","0","1","0","0","","0021","0","3","0","0","0","0","0","2","0","3","03","03","N","","","","","","","","","","",""
"2022084891","1912","1","0","0","0","0","0","0","0","0","4","0","","67","09","2022","4","39.9262","-75.1457","1911","06","0","0","0","0","0","0","0","0","","0","0","0","18","4","2","01","","0","39 55:34.780","","02","75 08:46.899","4","0","0","0","67301","0","0","0","N","0","0","0","2","67301","1","","1","99","","N","N","N","0","","0","0","1","3","3","","1855","2","2","0","0","0","1","0","2","0","2","03","03","N","","","","","","","","","","",""
"2022084278","1840","1","0","0","0","0","0","0","0","0","4","0","","67","09","2022","2","40.0581","-75.1658","1835","06","0","0","0","1","0","0","0","0","","0","0","0","18","4","1","02","","0","40 03:29.228","","00","75 09:56.782","4","0","0","0","67301","0","0","0","N","0","0","0","3","67301","1","","1","01","","N","N","N","0","","0","0","0","3","3","","1835","1","2","0","0","3","0","0","2","1","2","03","03","N","","","","","","","","","","",""
"2022105803","2132","1","0","0","0","0","0","0","0","0","4","0","","67","07","2022","2","39.9459","-75.2403","2130","06","0","0","0","0","0","1","0","0","","0","0","0","21","3","1","05","","0","39 56:45.089","","00","75 14:25.018","8","0","0","0","67301","0","0","0","N","0","0","0","3","67301","0","","1","01","","N","N","N","0","","0","0","1","3","2","","2113","1","2","0","0","1","1","0","2","0","2","03","03","N","","","","","","","","","","",""
"2022106567","1406","0","0","0","0","0","0","0","0","0","1","0","","67","10","2022","6","39.9768","-75.198","1356","06","0","0","0","0","0","1","0","0","","0","0","0","13","1","2","00","N","0","39 58:36.576","","00","75 11:52.837","3","0","0","0","67301","0","0","0","N","0","0","0","5","68K01","0","","1","01","","N","N","N","0","","2","0","1","0","0","","1355","2","2","0","0","0","0","0","2","1","2","03","03","N","","","","","","","","","","",""
"2022107478","0154","2","0","0","0","0","0","0","0","0","5","0","","67","11","2022","1","39.96","-75.1786","0154","06","0","0","0","0","0","0","0","0","","0","0","0","01","3","0","00","N","1","39 57:35.906","4","00","75 10:42.982","0","0","0","0","67301","0","0","0","N","0","0","0","2","68K01","0","","1","09","0255","N","N","N","0","","0","0","0","0","0","N","0152","0","2","0","0","0","0","0","2","0","2","07","","N","","","","","","","","","","",""
"2022105366","1530","0","0","0","0","0","0","0","0","0","5","0","","67","09","2022","3","39.9906","-75.127","1530","06","0","0","0","0","0","0","0","0","","0","0","0","10","1","0","00","N","0","39 59:26.130","","00","75 07:37.070","0","0","0","0","67301","0","0","0","N","0","0","0","1","67301","0","","6","99","","N","N","N","0","","0","0","2","0","0","","1030","0","2","0","0","0","0","0","2","0","2","99","","N","","","","","","","","","","",""
"2022108285","0842","1","0","0","0","0","0","0","0","0","7","0","","67","11","2022","1","39.993","-75.0819","0836","06","0","0","0","0","0","0","0","0","","0","0","0","08","1","1","00","N","0","39 59:34.856","","00","75 04:54.792","3","0","0","0","67301","0","0","0","N","0","0","0","1","67301","0","","5","01","","N","N","N","0","","1","0","0","0","0","","0804","1","1","0","0","0","0","0","2","0","1","03","03","N","","","","","","","","","","",""
"2022108072","0350","1","0","0","0","0","0","0","0","0","5","0","","67","09","2022","6","40.0008","-75.0989","0321","06","0","0","0","0","0","0","0","0","","0","0","0","02","3","0","00","N","0","40 00:03.040","","00","75 05:56.070","9","0","0","0","67301","0","0","0","N","0","0","0","1","67301","0","","6","01","","N","N","N","0","","0","0","2","0","0","","0253","0","3","0","0","0","0","1","2","0","3","03","","N","","","","","","","","","","",""
"2022105798","0026","0","0","0","0","0","0","0","0","0","5","1","","67","11","2022","4","40.0211","-75.0545","0022","06","0","0","0","0","0","1","0","0","","0","1","0","20","3","0","00","N","1","40 01:16.040","3","00","75 03:16.070","0","0","0","0","67301","0","0","0","N","0","0","0","1","67301","0","","6","01","0300","N","N","N","0","","0","0","2","0","0","N","2032","0","4","0","0","0","0","0","2","1","4","03","03","N","","","","","","","","","","",""
"2022107712","2044","0","0","0","0","0","0","0","0","0","2","0","","67","11","2022","1","40.0773","-75.0854","2034","06","0","0","0","0","0","0","1","0","","0","0","0","19","3","2","00","N","2","40 04:38.359","6","00","75 05:07.460","3","0","0","0","67301","0","0","0","N","0","0","0","3","67301","0","","1","01","0200","N","N","N","0","","2","0","2","0","0","N","1943","2","2","0","0","0","0","0","2","0","2","03","03","N","","","","","","","","","","",""
"2022109183","1656","1","0","0","0","0","0","0","0","0","7","0","","67","11","2022","5","39.921","-75.1955","1655","06","0","1","0","0","0","0","0","0","","0","0","0","16","1","0","00","N","1","39 55:15.423","3","00","75 11:43.657","0","0","0","0","67301","0","0","0","N","0","0","0","1","67301","0","","9","01","1745","N","N","N","0","","0","0","0","0","0","N","1650","0","1","0","0","0","0","0","2","0","1","03","","N","","","","","","","","","","",""
"2022109024","1656","1","0","0","0","0","0","0","0","0","1","0","","67","11","2022","5","39.9095","-75.2423","1653","06","0","0","0","0","0","1","0","0","","0","0","0","16","3","6","00","N","0","39 54:34.109","","00","75 14:32.109","3","0","0","0","67301","0","0","0","N","0","0","0","6","67301","0","","1","01","","N","N","N","0","","6","0","1","0","0","","1645","6","2","0","0","4","0","0","2","0","2","03","03","N","","","","","","","","","","",""
"2022084686","1356","1","0","0","0","0","0","0","0","0","4","0","","67","09","2022","4","40.013","-75.1503","1354","06","0","0","0","0","0","0","0","0","","0","0","0","13","1","1","03","","1","40 00:47.304","2","00","75 09:01.456","8","0","0","0","67301","0","0","0","N","0","0","0","5","67301","0","","1","01","1440","N","N","N","0","","0","0","1","0","0","N","1349","1","2","0","0","0","1","0","2","0","2","03","03","N","","","","","","","","","","",""
"2022107722","0905","1","0","0","0","0","0","0","0","0","8","0","","67","08","2022","6","39.995","-75.1238","0905","06","0","0","0","0","0","0","0","0","","0","0","0","09","1","1","00","N","0","39 59:41.900","","00","75 07:25.720","3","0","0","0","67301","1","0","0","N","1","0","0","2","67301","0","","1","01","","N","N","N","0","","1","0","0","0","0","","0905","1","2","0","0","0","0","0","2","0","1","03","03","N","","","","","","","","","","",""
"2022083614","2034","3","0","0","0","0","0","0","0","0","6","0","","67","09","2022","1","40.0414","-75.1655","2034","06","0","0","0","0","0","0","0","0","","0","0","0","20","3","0","00","N","0","40 02:29.040","","00","75 09:55.960","0","0","0","1","67301","0","0","0","N","0","0","0","1","67301","0","","6","09","","N","N","N","0","","0","0","0","0","0","","2021","0","4","0","0","0","0","0","2","0","4","07","07","N","","","","","","","","","","",""
"2022100801","1927","0","0","0","0","0","0","0","0","0","8","0","","67","09","2022","4","39.9997","-75.1385","1922","06","0","0","0","0","0","0","0","0","","0","0","0","19","1","1","01","","0","39 59:59.082","","00","75 08:18.715","3","0","0","0","67301","1","0","0","N","1","0","0","2","67301","0","","1","01","","N","N","N","0","","1","0","1","3","2","","1922","1","2","0","0","1","0","0","2","0","1","03","03","N","","","","","","","","","","",""
"2022087224","1810","2","0","0","0","0","0","0","0","0","4","0","","67","09","2022","5","39.9867","-75.2083","1800","06","0","0","0","0","0","0","0","0","","0","0","0","17","1","1","03","","0","39 59:11.983","","02","75 12:29.919","2","0","0","0","67301","0","0","0","N","0","0","0","2","67301","0","","1","01","","N","N","N","0","","0","1","0","3","3","","1700","1","2","0","0","0","0","1","2","0","2","03","03","N","","","","","","","","","","",""
"2022084000","2257","2","0","0","0","0","0","0","0","0","0","0","","67","09","2022","1","39.9425","-75.149","2251","06","0","0","0","0","0","0","0","0","","0","0","0","22","3","0","00","N","2","39 56:33.160","2","00","75 08:56.310","0","0","0","0","67301","0","0","0","N","0","0","0","1","67301","0","","1","09","2350","N","N","N","0","","0","0","0","0","0","Y","2240","0","2","0","0","0","0","0","2","0","2","07","07","N","","","","","","","","","","",""
"2022108077","2345","2","0","0","0","0","0","0","0","0","4","0","","67","10","2022","3","39.9986","-75.1096","2343","06","0","0","0","0","0","0","0","0","","0","0","0","23","3","2","00","N","0","39 59:54.880","","00","75 06:34.700","2","0","0","0","67301","0","0","0","N","0","0","0","2","67301","0","","6","01","","N","N","N","1","","1","1","1","0","0","","2335","2","4","0","0","1","0","0","2","0","4","03","03","N","","","","","","","","","","",""
"2022105897","1649","0","0","0","0","0","0","0","0","0","8","0","","67","08","2022","3","39.9552","-75.1983","1648","06","0","0","0","0","0","0","0","0","","0","0","0","06","1","1","01","","0","39 57:18.548","","00","75 11:53.953","3","0","0","0","67301","1","0","0","N","1","0","0","2","67504","0","","1","01","","N","N","N","0","","1","0","1","3","2","","0600","1","2","0","0","1","0","0","2","0","1","03","03","N","","","","","","","","","","",""
"2022084721","0735","0","0","0","0","0","0","0","0","0","7","0","","67","09","2022","5","39.9655","-75.2317","0730","06","0","0","0","0","0","0","0","0","","0","0","0","06","5","0","05","","0","39 57:55.969","","00","75 13:53.947","9","0","0","0","67301","0","0","0","N","0","0","0","1","67301","0","","5","01","","N","N","N","0","","0","0","1","3","2","","0634","0","1","0","0","0","0","1","2","0","1","03","03","N","","","","","","","","","","",""
"2022110428","0257","1","0","0","0","0","0","0","0","0","7","0","","67","10","2022","6","39.9829","-75.2079","0252","06","0","0","0","0","0","0","0","0","","0","0","0","02","3","0","00","N","0","39 58:58.523","","00","75 12:28.440","0","0","0","0","67301","0","0","0","N","0","0","0","2","68K01","0","","4","09","","N","N","N","0","","0","0","0","0","0","","0251","0","1","0","0","0","0","0","2","0","1","03","","N","","","","","","","","","","",""
"2022105911","0914","1","0","0","0","0","0","0","0","0","1","0","","67","09","2022","5","40.009","-75.2044","0830","06","0","0","0","0","0","0","0","0","","0","0","0","08","1","1","00","N","0","40 00:32.528","","00","75 12:15.662","3","0","0","0","67301","0","0","0","N","0","0","0","3","68K01","0","","1","01","","N","N","N","0","","1","0","1","0","0","","0828","1","2","0","0","0","0","0","2","0","2","03","03","N","","","","","","","","","","",""
"2022083552","2340","0","0","0","0","0","0","0","0","0","0","0","","67","09","2022","1","39.8919","-75.2419","2334","06","0","0","0","0","0","0","0","0","","0","0","0","23","3","1","02","","0","39 53:30.990","","00","75 14:30.862","2","0","1","1","67301","0","0","0","N","0","0","0","1","67301","0","","1","01","","N","N","N","0","","0","1","0","3","2","","2320","1","1","0","0","0","0","0","2","0","1","03","03","N","","","","","","","","","","",""
"2022106270","2100","0","0","0","0","0","0","0","0","0","7","0","","67","10","2022","3","40.0166","-75.1495","2056","06","0","0","0","0","0","0","0","0","","0","0","0","20","3","1","00","N","1","40 00:59.866","2","00","75 08:58.296","3","0","0","1","67301","0","0","0","N","0","0","0","1","67301","0","","3","01","2105","N","N","N","0","","1","0","0","0","0","N","2055","1","1","0","0","0","0","0","2","0","1","03","","N","","","","","","","","","","",""