"CRN","ARRIVAL_TM","AUTOMOBILE_COUNT","BELTED_DEATH_COUNT","BELTED_SUSP_SERIOUS_INJ_COUNT","BICYCLE_COUNT","BICYCLE_DEATH_COUNT","BICYCLE_SUSP_SERIOUS_INJ_COUNT","BUS_COUNT","CHLDPAS_DEATH_COUNT","CHLDPAS_SUSP_SERIOUS_INJ_COUNT","COLLISION_TYPE","COMM_VEH_COUNT","CONS_ZONE_SPD_LIM","COUNTY","CRASH_MONTH","CRASH_YEAR","DAY_OF_WEEK","DEC_LAT","DEC_LONG","DISPATCH_TM","DISTRICT","DRIVER_COUNT_16YR","DRIVER_COUNT_17YR","DRIVER_COUNT_18YR","DRIVER_COUNT_19YR","DRIVER_COUNT_20YR","DRIVER_COUNT_50_64YR","DRIVER_COUNT_65_74YR","DRIVER_COUNT_75PLUS","EST_HRS_CLOSED","FATAL_COUNT","HEAVY_TRUCK_COUNT","HORSE_BUGGY_COUNT","HOUR_OF_DAY","ILLUMINATION","INJURY_COUNT","INTERSECT_TYPE","INTERSECTION_RELATED","LANE_CLOSED","LATITUDE","LN_CLOSE_DIR","LOCATION_TYPE","LONGITUDE","MAX_SEVERITY_LEVEL","MCYCLE_DEATH_COUNT","MCYCLE_SUSP_SERIOUS_INJ_COUNT","MOTORCYCLE_COUNT","MUNICIPALITY","NONMOTR_COUNT","NONMOTR_DEATH_COUNT","NONMOTR_SUSP_SERIOUS_INJ_COUNT","NTFY_HIWY_MAINT","PED_COUNT","PED_DEATH_COUNT","PED_SUSP_SERIOUS_INJ_COUNT","PERSON_COUNT","POLICE_AGCY","POSSIBLE_INJ_COUNT","RDWY_SURF_TYPE_CD","RELATION_TO_ROAD","ROAD_CONDITION","ROADWAY_CLEARED","SCH_BUS_IND","SCH_ZONE_IND","SECONDARY_CRASH","SMALL_TRUCK_COUNT","SPEC_JURIS_CD","SUSP_MINOR_INJ_COUNT","SUSP_SERIOUS_INJ_COUNT","SUV_COUNT","TCD_FUNC_CD","TCD_TYPE","TFC_DETOUR_IND","TIME_OF_DAY","TOT_INJ_COUNT","TOTAL_UNITS","UNB_DEATH_COUNT","UNB_SUSP_SERIOUS_INJ_COUNT","UNBELTED_OCC_COUNT","UNK_INJ_DEG_COUNT","UNK_INJ_PER_COUNT","URBAN_RURAL","VAN_COUNT","VEHICLE_COUNT","WEATHER1","WEATHER2","WORK_ZONE_IND","WORK_ZONE_LOC","WORK_ZONE_TYPE","WORKERS_PRES","WZ_CLOSE_DETOUR","WZ_FLAGGER","WZ_LAW_OFFCR_IND","WZ_LN_CLOSURE","WZ_MOVING","WZ_OTHER","WZ_SHLDER_MDN","WZ_WORKERS_INJ_KILLED"
"2022107498","1744","1","0","0","0","0","0","0","0","0","1","0","","67","11","2022","2","40.0089","-75.2054","1739","06","0","0","0","0","0","0","0","0","","0","0","0","17","3","2","00","N","1","40 00:32.113","3","02","75 12:19.403","3","0","0","0","67301","0","0","0","N","0","0","0","3","68K01","1","","1","01","0612","N","N","N","0","","1","0","1","0","0","N","1738","2","2","0","0","0","0","0","2","0","2","03","03","N","","","","","","","","","","",""
"2022089093","0006","0","0","0","0","0","0","0","0","0","7","0","","67","09","2022","2","40.0053","-75.1956","0005","06","0","0","0","0","0","0","0","0","","0","0","0","23","3","1","00","N","1","40 00:19.210","4","00","75 11:44.118","3","0","0","1","67301","0","0","0","N","0","0","0","1","68K01","0","","3","09","1246","N","N","N","0","","1","0","0","0","0","N","2347","1","1","0","0","0","0","0","2","0","1","03","","N","","","","","","","","","","",""
"2022107523","1715","1","0","0","0","0","0","0","0","0","7","0","","67","08","2022","7","39.9963","-75.1133","1715","06","0","0","0","0","0","0","0","0","","0","0","0","17","1","1","00","N","0","39 59:46.653","","00","75 06:47.703","3","0","0","0","67301","0","0","0","N","0","0","0","1","67301","0","","5","01","","N","N","N","0","","1","0","1","0","0","","1715","1","2","0","0","1","0","0","2","0","2","03","03","N","","","","","","","","","","",""
"2022099700","0648","0","0","0","0","0","0","0","0","0","4","0","","67","09","2022","4","39.9497","-75.227","0648","06","0","0","0","0","0","1","1","0","","0","0","0","06","1","2","01","","0","39 56:58.861","","00","75 13:37.260","3","0","0","0","67301","0","0","0","N","0","0","0","3","67301","0","","1","01","","N","N","N","0","","2","0","2","3","3","","0647","2","2","0","0","0","0","0","2","0","2","03","03","N","","","","","","","","","","",""
"2022084047","1825","0","0","0","0","0","0","0","0","0","4","0","","67","09","2022","1","40.0382","-75.0786","1823","06","0","0","0","0","0","0","0","1","","0","0","0","18","4","1","01","","0","40 02:17.535","","00","75 04:43.136","3","0","0","0","67301","0","0","0","N","0","0","0","2","67301","0","","1","09","","N","N","N","0","","1","0","2","0","0","","1810","1","3","0","0","0","0","0","2","1","3","07","04","N","","","","","","","","","","",""
"2022109191","1203","0","0","0","0","0","0","0","0","0","5","0","","67","11","2022","4","39.9164","-75.2189","1154","06","0","0","0","0","1","1","0","0","","0","0","0","11","1","1","00","N","0","39 54:59.170","","00","75 13:07.962","3","0","0","0","67301","0","0","0","N","0","0","0","2","67301","0","","1","01","","N","N","N","0","","1","0","2","0","0","","1122","1","2","0","0","0","0","0","2","0","2","03","03","N","","","","","","","","","","",""
"2022110083","2116","0","0","0","0","0","0","0","0","0","8","0","","67","11","2022","2","40.0044","-75.124","2114","06","0","0","0","0","0","0","0","0","","1","0","0","21","3","0","00","N","2","40 00:16.309","5","01","75 07:26.420","1","0","0","0","67301","1","1","0","N","1","1","0","3","67301","0","2","1","01","2300","N","N","N","0","0","0","0","1","0","0","Y","2114","0","2","0","0","0","0","0","2","0","1","03","","N","","","","","","","","","","",""
"2022083588","2005","1","0","0","0","0","0","0","0","0","1","0","","67","09","2022","6","39.943","-75.1656","2201","06","0","0","0","0","0","0","0","0","","0","0","0","21","3","1","00","N","0","39 56:34.687","","00","75 09:56.135","3","0","0","0","67301","0","0","0","N","0","0","0","1","67301","0","","6","01","","N","N","N","0","","1","0","1","0","0","","2130","1","2","0","0","0","0","0","2","0","2","03","03","N","","","","","","","","","","",""
"2022105789","0810","1","0","0","0","0","0","0","0","0","5","1","","67","11","2022","3","40.03","-75.1026","0810","06","0","0","0","0","0","1","0","0","","0","1","0","07","1","0","00","N","0","40 01:47.927","","00","75 06:09.501","0","0","0","0","67301","0","0","0","N","0","0","0","2","67301","0","","1","01","","N","N","N","0","","0","0","0","0","0","","0755","0","2","0","0","0","0","0","2","0","2","03","03","N","","","","","","","","","","",""
"2022084605","1620","0","0","0","0","0","0","0","0","0","4","0","","67","09","2022","4","40.0536","-75.1594","1612","06","0","0","0","0","0","0","0","0","","0","0","0","16","1","0","02","","2","40 03:12.931","7","00","75 09:33.732","0","0","0","0","67301","0","0","0","N","0","0","0","1","67301","0","","1","01","1639","N","N","N","0","","0","0","2","0","0","Y","1601","0","2","0","0","1","0","0","2","0","2","03","03","N","","","","","","","","","","",""
"2022086346","2313","0","0","0","0","0","0","0","0","0","7","0","","67","09","2022","1","39.8883","-75.2171","2313","06","0","0","0","0","0","0","0","0","","0","0","0","23","3","1","00","N","1","39 53:17.845","2","03","75 13:01.423","8","0","0","0","67301","0","0","0","N","0","0","0","1","68K01","0","","3","09","2320","N","N","N","0","","0","0","1","0","0","N","2308","1","1","0","0","0","1","0","2","0","1","07","","N","","","","","","","","","","",""
"2022084543","1706","0","0","0","0","0","0","0","0","0","4","0","","67","09","2022","4","39.991","-75.1686","1702","06","0","0","0","0","0","1","0","0","","0","0","0","16","1","1","01","","0","39 59:27.754","","00","75 10:06.805","8","0","0","0","67301","0","0","0","N","0","0","0","2","67301","0","","1","01","","N","N","N","0","","0","0","0","3","2","","1600","1","2","0","0","0","1","0","2","1","2","03","03","N","","","","","","","","","","",""
"2022084310","1018","0","0","0","0","0","0","0","0","0","1","0","","67","09","2022","4","40.104","-75.0516","1015","06","0","0","0","0","0","1","0","0","","0","0","0","10","1","1","00","N","0","40 06:14.383","","00","75 03:05.784","3","0","0","0","67301","0","0","0","N","0","0","0","3","67301","0","","1","01","","N","N","N","0","","1","0","2","0","0","","1011","1","2","0","0","0","0","0","2","0","2","03","03","N","","","","","","","","","","",""
"2022084770","2212","0","0","0","0","0","0","0","0","0","8","0","","67","09","2022","4","40.0306","-75.0548","2200","06","0","0","0","0","0","0","0","0","","0","0","0","10","8","1","01","","0","40 01:50.438","","00","75 03:17.357","3","0","0","0","67301","1","0","0","N","1","0","0","2","67301","0","","1","01","","N","N","N","0","","1","0","1","3","2","","1010","1","2","0","0","0","0","0","2","0","1","03","03","N","","","","","","","","","","",""
"2022096658","","0","0","0","0","0","0","0","0","0","1","0","","67","08","2022","4","40.0332","-75.0798","","06","0","0","0","0","0","0","0","0","","0","0","0","08","1","1","03","","0","40 01:59.583","","00","75 04:47.102","8","0","0","0","67301","0","0","0","N","0","0","0","2","00000","0","","1","01","","","","N","0","","0","0","1","3","2","","0800","1","2","0","0","1","1","0","2","0","2","03","","N","","","","","","","","","","",""
"2022108009","0454","1","0","0","0","0","0","0","0","0","7","0","","67","11","2022","7","39.9405","-75.1436","0447","06","0","0","0","0","0","0","0","0","","0","0","0","04","3","1","00","N","2","39 56:25.842","2","00","75 08:36.821","8","0","0","0","67301","0","0","0","N","0","0","0","1","68K01","0","","2","09","0524","N","N","Y","0","","0","0","0","0","0","Y","0442","1","1","0","0","0","1","0","2","0","1","07","","N","","","","","","","","","","",""
"2022084613","1610","1","0","0","0","0","0","0","0","0","4","0","","67","09","2022","4","40.0609","-75.1923","1604","06","0","1","0","0","0","0","0","0","","0","0","0","15","1","0","00","N","0","40 03:39.249","","07","75 11:32.149","9","0","0","0","67301","0","0","0","N","0","0","0","2","67301","0","","1","01","","N","N","N","0","","0","0","1","0","0","","1545","0","3","0","0","0","0","2","2","1","3","03","","N","","","","","","","","","","",""
"2022105365","2317","0","0","0","0","0","0","0","0","0","4","1","","67","09","2022","7","39.9983","-75.1274","2317","06","0","0","0","0","0","0","0","0","","0","1","0","22","3","0","01","","0","39 59:53.719","","00","75 07:38.508","0","0","0","1","67301","0","0","0","N","0","0","0","2","67301","0","","1","01","","N","N","N","0","","0","0","0","3","2","","2216","0","2","0","0","1","0","0","2","0","2","03","03","N","","","","","","","","","","",""
"2022085505","1356","0","0","0","0","0","0","0","0","0","1","0","","67","09","2022","3","40.0673","-75.051","1352","06","0","0","0","0","0","0","0","0","","0","0","0","13","1","0","00","N","0","40 04:02.035","","00","75 03:03.721","0","0","0","0","67301","0","0","0","N","0","0","0","3","67301","0","","1","01","","N","N","N","0","","0","0","2","3","2","","1350","0","2","0","0","0","0","0","2","0","2","03","03","N","","","","","","","","","","",""
"2022109017","2235","1","0","0","0","0","0","0","0","0","8","0","","67","11","2022","5","40.0443","-75.0541","2224","06","0","0","0","0","0","0","0","0","","0","0","0","22","3","1","01","","0","40 02:39.718","","00","75 03:14.534","3","0","0","0","67301","1","0","0","N","1","0","0","2","67301","0","","1","01","","N","N","N","0","","1","0","0","3","2","","2221","1","2","0","0","0","0","0","2","0","1","03","03","N","","","","","","","","","","",""
"2022105800","0030","1","0","0","0","0","0","0","0","0","4","0","","67","06","2022","5","39.9469","-75.2127","0021","06","0","0","0","0","0","0","0","0","","0","0","0","23","3","1","01","","0","39 56:48.807","","00","75 12:45.628","3","0","0","0","67301","0","0","0","N","0","0","0","2","67301","0","","1","01","","N","N","N","0","","1","0","0","3","3","","2313","1","2","0","0","0","0","1","2","0","2","03","03","N","","","","","","","","","","",""
"2022096739","0905","1","0","0","0","0","0","0","0","0","4","0","","67","09","2022","5","39.9579","-75.2142","0902","06","0","0","0","0","0","0","0","0","","0","0","0","08","1","4","01","","2","39 57:28.339","3","00","75 12:51.029","3","0","0","0","67301","0","0","0","N","0","0","0","4","67301","0","","1","01","0910","N","N","Y","1","","4","0","2","3","3","N","0842","4","4","0","0","0","0","0","2","0","4","03","03","N","","","","","","","","","","",""
"2022106147","0205","2","0","0","0","0","0","0","0","0","6","0","","67","08","2022","7","39.9548","-75.183","0205","06","0","0","0","0","0","0","0","0","","0","0","0","00","3","1","00","N","0","39 57:17.431","","00","75 10:58.683","3","0","0","0","67301","0","0","0","N","0","0","0","2","67301","0","","1","01","","N","N","N","0","","1","0","0","0","0","","0025","1","2","0","0","0","0","1","2","0","2","03","03","N","","","","","","","","","","",""
"2022084023","1719","0","0","0","0","0","0","0","0","0","8","0","","67","09","2022","2","40.0072","-75.1566","1717","06","0","0","0","0","0","0","1","0","","0","0","0","15","1","1","00","N","0","40 00:26.070","","00","75 09:23.780","3","0","0","0","67301","1","0","0","N","1","0","0","2","67301","0","","1","01","","N","N","N","0","","1","0","1","0","0","","1545","1","2","0","0","0","0","0","2","0","1","04","","N","","","","","","","","","","",""
"2022084231","2202","1","0","0","0","0","0","0","0","0","7","0","","67","09","2022","1","39.9815","-75.2072","2202","06","0","0","0","0","0","0","0","0","","0","0","0","21","3","0","00","N","0","39 58:53.491","","00","75 12:25.792","0","0","0","0","67301","0","0","0","N","0","0","0","1","68K01","0","","3","09","","N","N","N","0","","0","0","0","0","0","","2147","0","1","0","0","0","0","0","2","0","1","07","07","N","","","","","","","","","","",""
"2022084452","0733","2","0","0","0","0","0","0","0","0","6","0","","67","09","2022","3","39.9393","-75.2292","0733","06","0","0","0","0","0","0","0","0","","0","0","0","06","1","0","00","N","0","39 56:21.420","","00","75 13:45.140","0","0","0","0","67301","0","0","0","N","0","0","0","1","67301","0","","6","99","","N","N","N","0","","0","0","1","0","0","","0622","0","3","0","0","1","0","0","2","0","3","03","","N","","","","","","","","","","",""
"2022084277","1759","1","0","0","0","0","0","0","0","0","4","0","","67","09","2022","2","40.0473","-75.1677","1759","06","0","0","0","0","0","0","0","1","","0","0","0","17","4","6","01","","0","40 02:50.166","","00","75 10:03.872","3","0","0","0","67301","0","0","0","N","0","0","0","7","67301","0","","1","01","","N","N","Y","0","","6","0","1","3","2","","1750","6","2","0","0","0","0","0","2","0","2","04","98","N","","","","","","","","","","",""
"2022089253","","1","0","0","0","0","0","0","0","0","7","0","","67","08","2022","6","40.0715","-75.2402","","06","0","0","0","0","0","0","0","0","","0","0","0","23","3","1","00","N","0","40 04:17.500","","00","75 14:24.800","8","0","0","0","67301","0","0","0","N","0","0","0","1","00000","0","","5","01","","","","N","0","","0","0","0","0","0","","2330","1","2","0","0","0","1","0","2","0","1","03","","N","","","","","","","","","","",""
"2022109367","1100","0","0","0","0","0","0","0","0","0","8","0","","67","11","2022","5","39.946","-75.1842","1051","06","0","0","0","0","0","0","0","0","","0","0","0","10","1","1","01","","0","39 56:45.546","","00","75 11:03.246","3","0","0","0","67301","1","0","0","N","1","0","0","2","67301","0","","1","01","","N","N","N","1","","1","0","0","3","2","","1049","1","2","0","0","1","0","0","2","0","1","03","03","N","","","","","","","","","","",""
"2022107525","2225","1","0","0","0","0","0","0","0","0","4","0","","67","10","2022","6","40.0159","-75.1296","2225","06","0","0","0","0","0","0","0","0","","1","0","0","20","3","1","01","","0","40 00:57.340","","00","75 07:46.520","1","1","1","1","67301","0","0","0","N","0","0","0","3","67301","0","2","1","01","","N","N","N","0","0","0","1","0","3","2","","2000","1","2","0","0","0","0","0","2","0","2","03","03","N","","","","","","","","","","",""
"2022099320","1207","1","0","0","0","0","0","0","0","0","4","0","","67","09","2022","7","40.0074","-75.1494","1825","06","0","0","0","0","0","0","0","0","","0","0","0","18","1","1","01","","0","40 00:26.474","","00","75 08:57.865","8","0","0","0","67301","0","0","0","N","0","0","0","2","67301","0","","1","01","","N","N","N","0","","0","0","1","3","3","","1820","1","2","0","0","0","1","1","2","0","2","03","03","N","","","","","","","","","","",""
"2022096738","2020","1","0","0","0","0","0","0","0","0","8","0","","67","10","2022","2","40.0277","-75.0612","2020","06","0","0","0","1","0","0","0","0","","1","0","0","19","3","0","00","N","0","40 01:39.779","","00","75 03:40.204","1","0","0","0","67301","1","1","0","N","1","1","0","2","67301","0","2","1","09","","N","N","N","0","0","0","0","0","0","0","","1936","0","2","0","0","0","0","0","2","0","1","07","07","N","","","","","","","","","","",""
"2022085363","1910","0","0","0","0","0","0","0","0","0","8","0","","67","09","2022","3","39.9305","-75.1683","1910","06","0","0","0","0","0","1","0","0","","0","0","0","19","1","1","01","","0","39 55:49.827","","00","75 10:05.835","4","0","0","0","67301","1","0","0","N","1","0","0","2","67301","1","","1","01","","N","N","N","0","","0","0","1","3","2","","1905","1","2","0","0","0","0","0","2","0","1","03","03","N","","","","","","","","","","",""
"2022108056","1245","0","0","0","0","0","0","0","0","0","7","1","","67","11","2022","2","39.9124","-75.1739","1240","06","0","0","0","0","0","1","0","0","","0","1","0","12","1","0","07","","2","39 54:44.600","3","08","75 10:25.900","0","0","0","0","67301","0","0","0","N","0","0","0","1","67301","0","","4","01","0617","N","N","N","0","","0","0","0","3","8","Y","1230","0","1","0","0","0","0","0","2","0","1","03","03","N","","","","","","","","","","",""
"2022105910","0759","1","0","0","0","0","0","0","0","0","5","0","","67","09","2022","4","40.0238","-75.0321","0745","06","0","0","0","0","0","0","0","0","","0","0","0","07","1","0","00","N","0","40 01:25.654","","00","75 01:55.500","0","0","0","0","67301","0","0","0","N","0","0","0","2","68K01","0","","1","01","","N","N","N","0","","0","0","1","0","0","","0742","0","2","0","0","0","0","0","2","0","2","03","03","N","","","","","","","","","","",""
"2022109034","0925","2","0","0","0","0","0","0","0","0","2","0","","67","11","2022","6","40.0181","-75.2019","0920","06","0","0","0","0","0","1","0","0","","0","0","0","06","1","1","00","N","0","40 01:04.980","","00","75 12:06.890","8","0","0","0","67301","0","0","0","N","0","0","0","2","67301","0","","1","01","","N","N","N","0","","0","0","0","0","0","","0655","1","2","0","0","0","1","1","2","0","2","03","","N","","","","","","","","","","",""
"2022111349","0033","2","0","0","0","0","0","0","0","0","1","0","","67","11","2022","6","40.0234","-75.0345","0033","06","0","0","0","0","0","1","0","0","","0","0","0","00","3","0","00","N","1","40 01:24.379","2","00","75 02:04.196","0","0","0","0","67301","0","0","0","N","0","0","0","2","68K01","0","","1","01","0430","N","N","N","0","","0","0","0","0","0","N","0033","0","2","0","0","0","0","0","2","0","2","03","","N","","","","","","","","","","",""
"2022090942","2035","2","0","0","0","0","0","0","0","0","1","0","","67","09","2022","4","39.8946","-75.2296","2035","06","0","0","0","0","0","1","0","0","","0","0","0","16","1","1","03","","0","39 53:40.896","","00","75 13:46.117","3","0","0","0","67301","0","0","0","N","0","0","0","4","67301","0","","1","01","","N","N","N","0","","1","0","2","3","2","","1640","1","5","0","0","0","0","2","2","0","4","03","03","N","","","","","","","","","","",""
"2022109760","0306","2","0","0","0","0","0","0","0","0","2","0","","67","11","2022","6","39.9744","-75.1949","0306","06","0","0","0","0","0","0","0","0","","0","0","0","02","3","0","00","N","0","39 58:27.983","","00","75 11:41.461","9","0","0","0","67301","0","0","0","N","0","0","0","2","67301","0","","1","01","","N","N","N","0","","0","0","0","0","0","","0236","0","2","0","0","0","0","1","2","0","2","03","","N","","","","","","","","","","",""
"2022106560","1124","1","0","0","0","0","0","0","0","0","1","0","","67","09","2022","2","40.0453","-75.0023","1124","06","0","0","1","0","0","0","0","0","","0","0","0","11","1","1","06","","1","40 02:43.190","2","02","75 00:08.414","3","0","0","0","67301","0","0","0","N","0","0","0","2","68K01","0","","1","01","1225","N","N","N","0","","1","0","1","3","4","N","1124","1","2","0","0","0","0","0","2","0","2","03","03","N","","","","","","","","","","",""
"2022107003","0755","1","0","0","0","0","0","0","0","0","7","0","","67","11","2022","1","40.0348","-75.0184","0755","06","0","0","0","0","0","0","0","0","","0","0","0","07","1","0","00","N","2","40 02:05.357","1","00","75 01:06.320","0","0","0","0","67301","0","0","0","N","0","0","0","1","68K01","0","","2","09","0800","N","N","N","0","","0","0","0","0","0","N","0749","0","1","0","0","0","0","0","2","0","1","03","","N","","","","","","","","","","",""
"2022083589","0016","1","0","0","0","0","0","0","0","0","4","0","","67","09","2022","7","39.9245","-75.1406","0015","06","0","0","0","0","0","0","0","0","","0","0","0","00","3","0","01","","0","39 55:28.230","","07","75 08:26.150","0","0","0","0","67301","0","0","0","N","0","0","0","3","67301","0","","1","01","","N","N","N","0","","0","0","1","0","0","","0015","0","2","0","0","0","0","0","2","0","2","03","","N","","","","","","","","","","",""
"2022108064","1355","0","0","0","0","0","0","0","0","0","8","0","99","67","05","2022","5","40.0275","-75.0331","1341","06","0","0","0","0","0","0","0","0","","0","0","0","13","1","1","02","","0","40 01:39.009","","00","75 01:59.143","3","0","0","0","67301","1","0","0","N","1","0","0","2","67301","0","","1","01","","N","N","N","1","","1","0","0","3","3","","1306","1","2","0","0","0","0","1","2","0","1","03","03","Y","8","8","Y","N","N","N","Y","N","N","N","Y"
"2022108047","2326","1","0","0","0","0","0","0","0","0","7","0","","67","11","2022","3","39.9748","-75.1169","2314","06","0","0","0","0","1","0","0","0","","0","0","0","23","3","0","00","N","1","39 58:29.349","1","00","75 07:00.934","0","0","0","0","67301","0","0","0","N","0","0","0","1","68K01","0","","2","09","1137","N","N","N","0","","0","0","0","0","0","N","2314","0","1","0","0","0","0","0","2","0","1","07","","N","","","","","","","","","","",""
"2022107459","2334","1","0","0","0","0","0","0","0","0","5","0","45","67","11","2022","5","39.9959","-75.0828","2324","06","0","0","0","0","0","0","0","0","","0","0","0","23","3","2","00","N","0","39 59:45.307","","00","75 04:58.208","4","0","0","0","67301","0","0","0","N","0","0","0","5","68K01","2","","1","01","","N","N","N","0","","0","0","1","0","0","","2319","2","3","0","0","0","0","1","2","0","3","03","","Y","2","2","Y","N","N","Y","Y","N","N","N","N"
"2022107164","1955","1","0","0","0","0","0","0","0","0","7","0","","67","11","2022","1","40.092","-75.0667","1949","06","0","0","0","0","0","0","0","0","","0","0","0","19","3","1","02","","2","40 05:31.020","5","00","75 04:00.152","3","0","0","0","67301","0","0","0","N","0","0","0","2","67301","0","","5","01","0200","N","N","N","0","","1","0","0","0","0","Y","1949","1","1","0","0","0","0","0","2","0","1","03","03","N","","","","","","","","","","",""
"2022106264","2204","0","0","0","0","0","0","0","0","0","4","0","","67","10","2022","2","39.9177","-75.1577","2204","06","0","0","0","0","0","0","0","0","","0","0","0","20","3","1","01","","0","39 55:03.853","","00","75 09:27.698","3","0","0","0","67301","0","0","0","N","0","0","0","2","67301","0","","1","09","","N","N","N","0","","1","0","1","3","3","","2030","1","2","0","0","0","0","1","2","0","2","07","07","N","","","","","","","","","","",""
"2022084461","1225","1","0","0","0","0","0","0","0","0","1","0","","67","09","2022","4","39.9175","-75.2129","1219","06","0","0","1","0","0","0","0","0","","0","0","0","12","1","1","00","N","0","39 55:03.153","","00","75 12:46.573","3","0","0","0","67301","0","0","0","N","0","0","0","2","67301","0","","1","01","","N","N","N","0","","1","0","1","0","0","","1200","1","2","0","0","0","0","0","2","0","2","03","03","N","","","","","","","","","","",""
"2022085085","1017","0","0","0","0","0","0","0","0","0","8","2","","67","09","2022","7","40.031","-75.1797","1014","06","0","0","0","0","0","0","0","0","","1","0","0","10","1","0","00","N","0","40 01:51.450","","00","75 10:46.990","1","0","0","0","67301","1","1","0","N","1","1","0","2","67301","0","2","6","01","","N","N","N","0","0","0","0","0","0","0","","1010","0","3","0","0","1","0","0","2","2","2","03","03","N","","","","","","","","","","",""
"2022084235","2342","2","0","0","0","0","0","0","0","0","4","0","","67","09","2022","2","40.035","-75.0186","2329","06","0","0","0","0","0","0","0","0","","0","0","0","23","3","0","00","N","0","40 02:06.175","","03","75 01:06.837","0","0","0","0","67301","0","0","0","N","0","0","0","1","68K01","0","","1","09","","N","N","N","0","","0","0","0","0","0","","2317","0","2","0","0","0","0","0","2","0","2","07","","N","","","","","","","","","","",""
"2022106575","0004","0","0","0","0","0","0","0","0","0","1","0","","67","10","2022","2","39.9809","-75.2065","2354","06","0","0","0","1","0","0","0","0","","0","0","0","23","3","1","00","N","0","39 58:51.382","","00","75 12:23.387","3","0","0","0","67301","0","0","0","N","0","0","0","4","68K01","0","","1","09","","N","N","N","0","","1","0","2","0","0","","2350","1","2","0","0","1","0","0","2","0","2","03","","N","","","","","","","","","","",""
"2022108539","2325","0","0","0","0","0","0","0","0","0","7","0","","67","11","2022","7","39.9605","-75.1812","2316","06","0","0","0","0","0","0","0","0","","0","0","0","23","3","0","00","N","1","39 57:37.624","4","00","75 10:52.455","0","0","0","0","67301","0","0","0","N","0","0","0","3","68K01","0","","4","09","2335","N","N","N","0","","0","0","1","0","0","N","2316","0","1","0","0","3","0","0","2","0","1","07","","N","","","","","","","","","","",""
"2022106564","1532","1","0","0","0","0","0","0","0","0","7","0","","67","10","2022","3","40.0457","-74.9999","1458","06","0","0","0","0","0","0","0","0","","0","0","0","14","1","0","06","","0","40 02:44.465","","02","74 59:59.498","0","0","0","0","67301","0","0","0","N","0","0","0","2","68K01","0","","4","09","","N","N","N","0","","0","0","0","0","0","","1439","0","1","0","0","0","0","0","2","0","1","07","07","N","","","","","","","","","","",""
"2022084309","2042","1","0","0","0","0","0","0","0","0","8","0","","67","09","2022","3","39.9416","-75.1492","2041","06","0","0","0","0","0","0","0","0","","0","0","0","20","3","1","01","","0","39 56:29.847","","00","75 08:57.023","8","0","0","0","67301","1","0","0","N","1","0","0","2","67301","0","","1","01","","N","N","N","0","","0","0","0","3","2","","2040","1","2","0","0","0","1","0","2","0","1","03","03","N","","","","","","","","","","",""
"2022083650","1323","1","0","0","0","0","0","0","0","0","4","0","","67","09","2022","1","40.0554","-75.1263","1323","06","0","0","0","0","0","0","0","1","","0","0","0","12","1","0","02","","0","40 03:19.504","","00","75 07:34.819","0","0","0","0","67301","0","0","0","N","0","0","0","4","67301","0","","1","09","","N","N","N","0","","0","0","1","3","2","","1245","0","2","0","0","0","0","0","2","0","2","07","","N","","","","","","","","","","",""
"2022086741","1710","1","0","0","0","0","0","0","0","0","4","0","","67","09","2022","7","39.9314","-75.2289","1704","06","0","0","1","0","0","1","0","0","","0","0","0","12","1","1","01","","0","39 55:53.155","","00","75 13:43.928","8","0","0","1","67301","0","0","0","N","0","0","0","2","67301","0","","1","01","","N","N","N","0","","0","0","0","3","3","","1200","1","2","0","0","0","1","0","2","0","2","03","03","N","","","","","","","","","","",""
"2022112899","1000","0","0","0","0","0","0","0","0","0","7","0","","67","11","2022","5","39.9882","-75.2144","0949","06","0","0","0","0","0","0","0","0","","0","0","0","09","1","0","00","N","1","39 59:17.540","6","00","75 12:52.010","0","0","0","0","67301","0","0","0","N","0","0","0","1","67301","0","","4","01","1054","N","N","N","0","","0","0","1","0","0","Y","0926","0","1","0","0","0","0","0","2","0","1","03","03","N","","","","","","","","","","",""
"2022110732","","1","0","0","0","0","0","0","0","0","4","0","","67","10","2022","1","39.9714","-75.1644","","06","0","0","0","0","0","0","0","0","","0","0","0","11","1","1","01","","0","39 58:17.050","","00","75 09:51.958","8","0","0","0","67301","0","0","0","N","0","0","0","2","00000","0","","1","01","","","","N","0","","0","0","0","3","3","","1100","1","2","0","0","0","1","0","2","0","2","03","","N","","","","","","","","","","",""
"2022115557","1733","0","0","0","0","0","0","0","0","0","1","0","","67","10","2022","1","39.9425","-75.1432","1724","06","0","0","1","0","0","0","0","0","","0","0","0","17","1","0","00","N","0","39 56:32.939","","00","75 08:35.627","0","0","0","0","67301","0","0","0","N","0","0","0","2","68K01","0","","1","09","","N","N","Y","1","","0","0","1","0","0","","1722","0","2","0","0","0","0","0","2","0","2","07","07","N","","","","","","","","","","",""