"CRN","ARRIVAL_TM","AUTOMOBILE_COUNT","BELTED_DEATH_COUNT","BELTED_SUSP_SERIOUS_INJ_COUNT","BICYCLE_COUNT","BICYCLE_DEATH_COUNT","BICYCLE_SUSP_SERIOUS_INJ_COUNT","BUS_COUNT","CHLDPAS_DEATH_COUNT","CHLDPAS_SUSP_SERIOUS_INJ_COUNT","COLLISION_TYPE","COMM_VEH_COUNT","CONS_ZONE_SPD_LIM","COUNTY","CRASH_MONTH","CRASH_YEAR","DAY_OF_WEEK","DEC_LAT","DEC_LONG","DISPATCH_TM","DISTRICT","DRIVER_COUNT_16YR","DRIVER_COUNT_17YR","DRIVER_COUNT_18YR","DRIVER_COUNT_19YR","DRIVER_COUNT_20YR","DRIVER_COUNT_50_64YR","DRIVER_COUNT_65_74YR","DRIVER_COUNT_75PLUS","EST_HRS_CLOSED","FATAL_COUNT","HEAVY_TRUCK_COUNT","HORSE_BUGGY_COUNT","HOUR_OF_DAY","ILLUMINATION","INJURY_COUNT","INTERSECT_TYPE","INTERSECTION_RELATED","LANE_CLOSED","LATITUDE","LN_CLOSE_DIR","LOCATION_TYPE","LONGITUDE","MAX_SEVERITY_LEVEL","MCYCLE_DEATH_COUNT","MCYCLE_SUSP_SERIOUS_INJ_COUNT","MOTORCYCLE_COUNT","MUNICIPALITY","NONMOTR_COUNT","NONMOTR_DEATH_COUNT","NONMOTR_SUSP_SERIOUS_INJ_COUNT","NTFY_HIWY_MAINT","PED_COUNT","PED_DEATH_COUNT","PED_SUSP_SERIOUS_INJ_COUNT","PERSON_COUNT","POLICE_AGCY","POSSIBLE_INJ_COUNT","RDWY_SURF_TYPE_CD","RELATION_TO_ROAD","ROAD_CONDITION","ROADWAY_CLEARED","SCH_BUS_IND","SCH_ZONE_IND","SECONDARY_CRASH","SMALL_TRUCK_COUNT","SPEC_JURIS_CD","SUSP_MINOR_INJ_COUNT","SUSP_SERIOUS_INJ_COUNT","SUV_COUNT","TCD_FUNC_CD","TCD_TYPE","TFC_DETOUR_IND","TIME_OF_DAY","TOT_INJ_COUNT","TOTAL_UNITS","UNB_DEATH_COUNT","UNB_SUSP_SERIOUS_INJ_COUNT","UNBELTED_OCC_COUNT","UNK_INJ_DEG_COUNT","UNK_INJ_PER_COUNT","URBAN_RURAL","VAN_COUNT","VEHICLE_COUNT","WEATHER1","WEATHER2","WORK_ZONE_IND","WORK_ZONE_LOC","WORK_ZONE_TYPE","WORKERS_PRES","WZ_CLOSE_DETOUR","WZ_FLAGGER","WZ_LAW_OFFCR_IND","WZ_LN_CLOSURE","WZ_MOVING","WZ_OTHER","WZ_SHLDER_MDN","WZ_WORKERS_INJ_KILLED"
"2022110734","","1","0","0","0","0","0","0","0","0","1","0","","67","08","2022","2","40.0352","-75.1455","","06","0","0","0","0","0","1","0","0","","0","0","0","99","1","1","01","","0","40 02:06.768","","00","75 08:43.662","8","0","0","0","67301","0","0","0","N","0","0","0","2","00000","0","","1","01","","","","N","0","","0","0","0","3","2","","9999","1","2","0","0","1","1","0","2","1","2","03","","N","","","","","","","","","","",""
"2022112206","0800","0","0","0","0","0","0","0","0","0","2","0","","67","11","2022","4","40.0526","-75.2272","0756","06","0","0","0","0","0","0","0","1","","0","0","0","07","1","2","01","","0","40 03:09.034","","00","75 13:37.563","2","0","0","0","67301","0","0","0","N","0","0","0","2","67301","0","","1","01","","N","N","N","0","","0","2","2","3","2","","0753","2","2","0","0","0","0","0","2","0","2","03","03","N","","","","","","","","","","",""
"2022097778","2136","2","0","0","0","0","0","0","0","0","4","0","","67","09","2022","1","39.9566","-75.2098","2136","06","0","0","0","0","0","0","0","0","","0","0","0","04","5","2","01","","0","39 57:23.634","","00","75 12:35.058","3","0","0","0","67301","0","0","0","N","0","0","0","3","67301","0","","1","01","","N","N","N","0","","2","0","0","3","2","","0405","2","2","0","0","2","0","0","2","0","2","03","98","N","","","","","","","","","","",""
"2022086682","0744","0","0","0","0","0","0","0","0","0","8","0","","67","09","2022","3","39.938","-75.1597","0744","06","0","0","0","0","0","0","0","0","","0","0","0","07","1","1","01","","0","39 56:16.780","","00","75 09:34.835","3","0","0","0","67301","1","0","0","N","1","0","0","2","67301","0","","1","01","","N","N","N","0","","1","0","1","3","3","","0730","1","2","0","0","0","0","0","2","0","1","03","","N","","","","","","","","","","",""
"2022113974","0810","1","0","0","0","0","0","0","0","0","7","0","","67","12","2022","5","40.056","-75.0745","0810","06","0","0","0","0","0","0","0","1","","0","0","0","08","1","0","00","N","1","40 03:21.499","3","00","75 04:28.053","0","0","0","0","67301","0","0","0","N","0","0","0","1","67301","0","","2","01","0030","N","N","N","0","","0","0","0","0","0","N","0810","0","1","0","0","1","0","0","2","0","1","04","03","N","","","","","","","","","","",""
"2022096696","","1","0","0","0","0","0","0","0","0","1","0","","67","09","2022","5","40.0275","-75.0991","","06","0","0","0","0","0","1","0","0","","0","0","0","15","1","1","01","","0","40 01:39.097","","00","75 05:56.781","8","0","0","0","67301","0","0","0","N","0","0","0","2","00000","0","","1","01","","","","N","0","","0","0","1","3","2","","1515","1","2","0","0","0","1","0","2","0","2","03","","N","","","","","","","","","","",""
"2022113747","2012","0","0","0","0","0","0","0","0","0","1","0","","67","07","2022","2","40.0423","-75.0636","1840","06","0","0","0","0","0","1","0","0","","0","0","0","18","4","2","00","Y","1","40 02:32.382","1","00","75 03:49.070","8","0","0","0","67301","0","0","0","N","0","0","0","3","67301","0","","1","01","0100","N","N","N","0","","0","0","1","3","2","Y","1839","2","3","0","0","0","2","1","2","0","3","03","03","N","","","","","","","","","","",""
"2022085805","1507","1","0","0","0","0","0","0","0","0","4","0","25","67","09","2022","1","39.9587","-75.1621","1501","06","0","0","0","0","0","1","0","0","","0","0","0","14","1","1","01","","0","39 57:31.392","","00","75 09:44.125","8","0","0","0","67301","0","0","0","N","0","0","0","3","67301","0","","1","01","","N","N","N","0","","0","0","1","0","0","","1427","1","2","0","0","0","1","0","2","0","2","03","","Y","4","1","N","N","N","N","Y","N","N","N","N"
"2022112204","1620","0","0","0","1","0","0","0","0","0","8","0","","67","11","2022","5","39.9363","-75.1617","1613","06","0","0","0","0","0","0","0","0","","0","0","0","09","1","1","00","N","0","39 56:10.720","","07","75 09:42.030","8","0","0","0","67301","1","0","0","N","0","0","0","2","67301","0","","4","01","","N","N","N","0","","0","0","1","0","0","","0930","1","2","0","0","0","1","0","2","0","1","03","","N","","","","","","","","","","",""
"2022111718","2019","1","0","0","0","0","0","0","0","0","5","0","","67","10","2022","7","40.0394","-75.0077","2008","06","0","0","0","1","0","1","0","0","","0","0","0","20","3","2","00","N","1","40 02:21.757","2","00","75 00:27.815","4","0","0","0","67301","0","0","0","N","0","0","0","4","68K01","2","","1","09","2050","N","N","N","0","","0","0","2","0","0","N","2006","2","4","0","0","0","0","0","2","0","4","07","","N","","","","","","","","","","",""
"2022112761","0739","2","0","0","0","0","0","0","0","0","4","0","","67","10","2022","2","40.0169","-75.097","0734","06","0","0","0","0","0","1","0","0","","0","0","0","07","5","0","00","N","1","40 01:00.697","2","00","75 05:49.295","9","0","0","0","67301","0","0","0","N","0","0","0","2","67301","0","","4","09","0800","N","N","Y","0","","0","0","2","0","0","Y","0730","0","4","0","0","0","0","2","2","0","4","07","04","N","","","","","","","","","","",""
"2022113081","0537","1","0","0","0","0","0","0","0","0","1","0","","67","09","2022","1","39.8971","-75.1887","0525","06","0","0","0","0","0","0","0","0","","1","0","0","05","3","7","00","N","2","39 53:49.650","1","03","75 11:19.195","1","0","0","0","67301","0","0","0","N","0","0","0","8","68K01","0","2","1","01","1005","N","N","Y","0","0","0","0","1","0","0","Y","0524","7","2","1","0","8","7","0","2","0","2","03","03","N","","","","","","","","","","",""
"2022113714","0847","2","0","0","0","0","0","0","0","0","1","0","","67","11","2022","5","40.0163","-75.0519","0839","06","0","0","0","0","0","0","0","0","","0","0","0","08","1","0","00","N","0","40 00:58.733","","00","75 03:06.810","0","0","0","0","67301","0","0","0","N","0","0","0","3","68K01","0","","1","01","","N","N","N","0","","0","0","1","0","0","","0835","0","3","0","0","0","0","0","2","0","3","03","","N","","","","","","","","","","",""
"2022093811","2050","1","0","0","0","0","0","0","0","0","4","0","","67","09","2022","2","39.9734","-75.2276","2045","06","0","0","0","0","0","0","0","0","","0","0","0","20","2","1","01","","0","39 58:24.329","","00","75 13:39.496","3","0","0","1","67301","0","0","0","N","0","0","0","2","67301","0","","1","01","","N","N","N","0","","1","0","0","0","0","","2040","1","2","0","0","0","0","0","2","0","2","03","","N","","","","","","","","","","",""
"2022113608","2320","0","0","0","0","0","0","0","0","0","4","0","","67","11","2022","6","40.0293","-75.0627","2320","06","0","0","0","0","0","1","0","0","","0","0","0","21","3","1","00","N","0","40 01:45.401","","00","75 03:45.770","8","0","0","0","67301","0","0","0","N","0","0","0","4","67301","0","","1","99","","N","N","N","0","","0","0","2","0","0","","2100","1","2","0","0","0","1","2","2","0","2","03","","N","","","","","","","","","","",""
"2022113327","0712","0","0","0","0","0","0","0","0","0","5","0","","67","11","2022","3","40.0304","-75.2184","0702","06","0","0","0","0","0","0","0","0","","0","0","0","06","5","0","00","N","0","40 01:49.510","","00","75 13:06.150","9","0","0","0","67301","0","0","0","N","0","0","0","1","67301","0","","1","01","","N","N","N","0","","0","0","2","0","0","","0645","0","2","0","0","0","0","1","2","0","2","03","","N","","","","","","","","","","",""
"2022086619","1040","0","0","0","0","0","0","0","0","0","4","0","","67","09","2022","2","40.1269","-75.021","1040","06","0","0","0","0","0","1","0","0","","0","0","0","09","1","2","00","N","0","40 07:37.000","","07","75 01:15.700","3","0","0","0","67301","0","0","0","N","0","0","0","3","67301","0","","1","01","","N","N","N","0","","2","0","2","0","0","","0935","2","2","0","0","0","0","1","2","0","2","03","03","N","","","","","","","","","","",""
"2022112399","0619","0","0","0","0","0","0","0","0","0","8","0","","67","11","2022","5","39.9127","-75.2433","0617","06","0","0","0","0","0","0","0","0","","1","0","0","06","3","0","00","N","2","39 54:45.575","5","00","75 14:35.716","1","0","0","0","67301","1","1","0","N","1","1","0","2","67301","0","2","1","01","0845","N","N","N","0","0","0","0","0","0","0","Y","0613","0","2","0","0","0","0","0","2","1","1","03","03","N","","","","","","","","","","",""
"2022112765","1550","2","0","0","0","0","0","0","0","0","1","0","","67","11","2022","2","40.0139","-75.179","1550","06","0","0","0","0","0","0","0","0","","0","0","0","15","1","1","00","N","0","40 00:50.096","","00","75 10:44.432","4","0","0","0","67301","0","0","0","N","0","0","0","2","67301","1","","1","01","","N","N","N","0","","0","0","0","0","0","","1544","1","2","0","0","0","0","0","2","0","2","03","03","N","","","","","","","","","","",""
"2022113179","1541","0","0","0","0","0","0","0","0","0","8","0","","67","11","2022","3","40.0553","-75.0734","1540","06","0","0","0","0","0","0","0","0","","0","0","0","15","1","1","01","","0","40 03:19.170","","00","75 04:24.060","2","0","0","0","67301","1","0","1","N","1","0","1","2","67301","0","","1","01","","N","N","N","0","","0","1","1","3","2","","1535","1","2","0","0","0","0","0","2","0","1","03","","N","","","","","","","","","","",""
"2022086028","1035","0","0","0","0","0","0","0","0","0","4","0","","67","09","2022","2","40.0337","-75.0636","1032","06","0","0","0","0","0","0","0","0","","0","0","0","09","1","1","05","","0","40 02:01.162","","00","75 03:49.102","4","0","0","0","67301","0","0","0","N","0","0","0","2","67301","1","","1","01","","N","N","N","0","","0","0","2","3","2","","0959","1","2","0","0","0","0","1","2","0","2","03","","N","","","","","","","","","","",""
"2022112895","1046","1","0","0","0","0","0","0","0","0","4","0","","67","11","2022","3","40.0318","-75.1789","1043","06","0","0","0","0","0","0","1","0","","0","0","0","10","1","3","01","","0","40 01:54.331","","00","75 10:44.072","4","0","0","0","67301","0","0","0","N","0","0","0","4","67301","3","","1","01","","N","N","N","0","","0","0","1","3","2","","1035","3","2","0","0","0","0","0","2","0","2","03","03","N","","","","","","","","","","",""
"2022113716","1241","2","0","0","0","0","0","0","0","0","5","0","","67","11","2022","6","40.0324","-75.0209","1232","06","0","0","0","0","0","0","1","0","","0","0","0","12","1","2","00","N","1","40 01:56.805","1","00","75 01:15.061","8","0","0","0","67301","0","0","0","N","0","0","0","6","68K01","0","","1","01","0140","N","N","N","0","","0","0","0","0","0","N","1227","2","2","0","0","0","2","0","2","0","2","03","","N","","","","","","","","","","",""
"2022113730","1725","1","0","0","0","0","0","0","0","0","1","0","","67","11","2022","2","39.9625","-75.1833","1716","06","0","0","0","0","0","0","0","0","","0","0","0","17","3","0","00","N","1","39 57:45.077","3","00","75 10:59.981","0","0","0","0","67301","0","0","0","N","0","0","0","4","68K01","0","","1","01","1816","N","N","N","0","","0","0","1","0","0","N","1712","0","2","0","0","0","0","0","2","0","2","03","","N","","","","","","","","","","",""
"2022085568","0140","1","0","0","0","0","0","0","0","0","4","0","","67","09","2022","1","39.9159","-75.1645","0137","06","0","0","0","0","0","0","0","0","","0","0","0","01","3","1","01","","0","39 54:57.561","","00","75 09:52.072","3","0","0","0","67301","0","0","0","N","0","0","0","2","67301","0","","1","01","","N","N","N","0","","1","0","0","3","2","","0130","1","2","0","0","1","0","0","2","1","2","03","03","N","","","","","","","","","","",""
"2022113197","0340","1","0","0","0","0","0","0","0","0","5","1","","67","11","2022","3","40.0144","-75.1306","0334","06","0","0","0","0","0","0","0","0","","0","0","0","03","3","1","00","N","1","40 00:51.990","4","00","75 07:50.020","3","0","0","0","67301","0","0","0","N","0","0","0","3","67301","0","","1","01","0430","N","N","N","1","","1","0","0","0","0","N","0329","1","2","0","0","0","0","0","2","0","2","03","","N","","","","","","","","","","",""
"2022097177","0942","0","0","0","0","0","0","0","0","0","7","0","25","67","10","2022","4","40.0256","-75.2022","0942","06","0","0","0","0","0","0","0","0","","0","0","0","09","1","0","00","N","0","40 01:32.061","","00","75 12:07.850","0","0","0","0","67301","0","0","0","N","0","0","0","1","67301","0","","2","01","","N","N","N","0","","0","0","0","0","0","","0942","0","1","0","0","0","0","0","2","1","1","03","","Y","4","1","N","N","N","Y","N","N","N","Y","N"
"2022112213","1436","0","0","0","0","0","0","0","0","0","8","0","","67","11","2022","4","40.1044","-75.0344","1424","06","0","0","0","0","0","1","0","0","","0","0","0","14","1","2","02","","0","40 06:15.928","","00","75 02:03.818","3","0","0","1","67301","1","0","0","N","1","0","0","2","67301","1","","1","01","","N","N","N","0","","1","0","0","0","0","","1420","2","2","0","0","0","0","0","2","0","1","03","","N","","","","","","","","","","",""
"2022110545","1139","1","0","0","0","0","0","0","0","0","2","0","","67","11","2022","7","39.9073","-75.1876","1136","06","0","0","0","0","0","0","0","0","","1","0","0","11","1","0","03","","0","39 54:26.100","","00","75 11:15.400","1","1","0","1","67301","0","0","0","N","0","0","0","2","67301","0","2","1","01","","N","N","Y","0","0","0","0","0","3","3","","1130","0","2","0","0","0","0","0","2","0","2","03","03","N","","","","","","","","","","",""
"2022110246","1628","2","0","0","0","0","0","0","0","0","4","0","","67","11","2022","1","40.0014","-75.1145","1628","06","0","0","0","0","0","1","0","0","","1","0","0","16","1","0","01","","0","40 00:04.917","","00","75 06:52.095","1","0","0","0","67301","0","0","0","N","0","0","0","3","67301","0","2","1","01","","N","N","N","0","0","0","0","0","3","2","","1628","0","2","0","0","0","0","0","2","0","2","03","03","N","","","","","","","","","","",""
"2022108073","1928","0","0","0","0","0","0","0","0","0","5","0","","67","09","2022","7","40.0106","-75.1009","1924","06","0","0","0","0","0","0","0","0","","0","0","0","19","4","1","00","N","1","40 00:38.100","4","00","75 06:03.200","8","0","0","1","67301","0","0","0","N","0","0","0","2","67301","0","","1","01","2020","N","N","N","0","","0","0","1","0","0","N","1909","1","2","0","0","1","1","0","2","0","2","03","03","N","","","","","","","","","","",""
"2022086694","1010","0","0","0","0","0","0","0","0","0","8","0","","67","09","2022","3","39.977","-75.2725","1010","06","0","0","0","0","0","0","0","0","","0","0","0","10","1","1","01","","0","39 58:37.055","","00","75 16:20.949","8","0","0","0","67301","1","0","0","N","1","0","0","2","67301","0","","1","01","","N","N","N","0","","0","0","0","3","3","","1008","1","2","0","0","0","1","0","2","1","1","03","03","N","","","","","","","","","","",""
"2022098810","2050","1","0","0","0","0","0","0","0","0","8","0","","67","09","2022","6","39.9561","-75.2061","2046","06","0","0","0","0","0","0","0","0","","0","0","0","20","3","1","01","","0","39 57:21.992","","00","75 12:22.039","3","0","0","0","67301","1","0","0","N","1","0","0","2","67504","0","","1","01","","N","N","N","0","","1","0","0","3","2","","2040","1","2","0","0","0","0","0","2","0","1","03","03","N","","","","","","","","","","",""
"2022112627","0635","1","0","0","0","0","0","0","0","0","8","0","","67","11","2022","7","39.9514","-75.1415","0635","06","0","0","0","0","0","1","0","0","","2","0","0","05","3","0","00","N","2","39 57:05.077","2","00","75 08:29.386","1","0","0","0","67301","1","1","0","N","1","1","0","2","68K01","0","1","1","09","1000","N","N","N","0","0","0","0","1","0","0","Y","0549","0","4","1","0","1","0","0","2","1","3","03","","N","","","","","","","","","","",""
"2022112604","2342","1","0","0","0","0","0","0","0","0","7","0","","67","10","2022","2","39.9607","-75.1816","2342","06","0","0","0","0","0","0","0","0","","0","0","0","23","3","1","00","N","0","39 57:38.364","","00","75 10:53.596","8","0","0","0","67301","0","0","0","N","0","0","0","1","68K01","0","","4","01","","N","N","N","0","","0","0","0","0","0","","2342","1","1","0","0","0","1","0","2","0","1","03","03","N","","","","","","","","","","",""
"2022086935","1005","1","0","0","0","0","0","0","0","0","1","0","","67","09","2022","3","40.0512","-75.0094","0956","06","0","0","0","0","0","1","1","0","","0","0","0","09","1","1","00","N","0","40 03:04.231","","00","75 00:33.970","3","0","0","0","67301","0","0","0","N","0","0","0","2","67301","0","","1","01","","N","N","N","0","","1","0","1","0","0","","0947","1","2","0","0","0","0","0","2","0","2","03","03","N","","","","","","","","","","",""
"2022110242","2230","1","0","0","0","0","0","0","0","0","4","0","","67","11","2022","6","40.1063","-75.0305","2155","06","0","0","0","0","0","0","0","0","","1","0","0","21","3","0","00","N","0","40 06:22.678","","07","75 01:49.714","1","0","0","0","67301","0","0","0","N","0","0","0","2","67301","0","2","1","09","","N","N","N","0","0","0","0","0","0","0","","2149","0","2","0","0","0","0","0","2","1","2","07","07","N","","","","","","","","","","",""
"2022112928","0356","1","0","0","0","0","0","0","0","0","5","0","","67","11","2022","7","40.0315","-75.1544","0351","06","0","0","0","0","0","0","0","0","","0","0","0","03","3","1","00","N","1","40 01:53.470","3","00","75 09:15.860","3","0","0","0","67301","0","0","0","N","0","0","0","1","67301","0","","1","01","0453","N","N","N","0","","1","0","1","0","0","N","0339","1","2","0","0","0","0","0","2","0","2","03","03","N","","","","","","","","","","",""
"2022085665","1130","1","0","0","0","0","0","0","0","0","4","0","","67","09","2022","1","40.0498","-75.1818","1119","06","0","0","0","0","0","1","0","0","","0","0","0","11","1","1","00","N","0","40 02:59.259","","00","75 10:54.612","3","0","0","0","67301","0","0","0","N","0","0","0","2","67301","0","","1","01","","N","N","N","0","","1","0","1","0","0","","1110","1","2","0","0","0","0","0","2","0","2","03","03","N","","","","","","","","","","",""
"2022086974","0905","0","0","0","0","0","0","0","0","0","8","0","","67","09","2022","2","40.0078","-75.1031","0852","06","0","0","0","0","0","0","0","0","","0","0","0","08","1","1","00","N","0","40 00:27.930","","00","75 06:11.320","3","0","0","1","67301","1","0","0","N","1","0","0","2","67301","0","","1","01","","N","N","N","0","","1","0","0","0","0","","0845","1","2","0","0","0","0","0","2","0","1","03","03","N","","","","","","","","","","",""
"2022113084","0444","1","0","0","0","0","0","0","0","0","98","0","","67","09","2022","2","39.9965","-75.0811","0437","06","0","0","0","0","0","0","0","0","","1","0","0","04","3","1","00","N","2","39 59:47.371","1","02","75 04:51.947","1","0","0","0","67301","0","0","0","N","0","0","0","2","68K01","0","1","4","01","0725","N","N","N","0","0","1","0","0","0","0","N","0436","1","1","1","0","2","0","0","2","0","1","03","","N","","","","","","","","","","",""
"2022112231","2335","2","0","0","0","0","0","0","0","0","4","0","","67","11","2022","2","39.9221","-75.2349","2335","06","0","0","0","0","0","0","0","0","","0","0","0","22","3","0","00","N","0","39 55:19.660","","03","75 14:05.580","9","0","0","0","67301","0","0","0","N","0","0","0","1","67301","0","","6","01","","N","N","N","0","","0","0","0","0","0","","2245","0","3","0","0","0","0","1","2","0","3","03","03","N","","","","","","","","","","",""
"2022112748","0836","0","0","0","0","0","0","0","0","0","1","0","","67","11","2022","3","39.9571","-75.1444","0819","06","0","0","0","0","0","0","0","0","","0","0","0","08","1","2","00","N","0","39 57:25.710","","02","75 08:39.698","4","0","0","0","67301","0","0","0","N","0","0","0","3","68K01","2","","1","01","","N","N","N","0","","0","0","2","0","0","","0813","2","2","0","0","0","0","0","2","0","2","03","03","N","","","","","","","","","","",""
"2022110730","","2","0","0","0","0","0","0","0","0","5","0","","67","09","2022","6","39.9711","-75.2258","","06","0","0","0","0","0","0","0","0","","0","0","0","17","1","1","00","N","0","39 58:16.087","","00","75 13:32.773","8","0","0","0","67301","0","0","0","N","0","0","0","2","00000","0","","1","01","","","","N","0","","0","0","0","0","0","","1700","1","2","0","0","0","1","0","2","0","2","03","","N","","","","","","","","","","",""
"2022088121","0912","2","0","0","0","0","0","0","0","0","4","0","","67","09","2022","2","39.9479","-75.2233","0902","06","0","0","0","0","0","0","1","0","","0","0","0","08","1","1","01","","0","39 56:52.594","","00","75 13:23.885","8","0","0","0","67301","0","0","0","N","0","0","0","2","67301","0","","1","01","","N","N","N","0","","0","0","0","3","2","","0850","1","2","0","0","0","1","0","2","0","2","03","03","N","","","","","","","","","","",""
"2022087568","1707","0","0","0","1","0","0","0","0","0","8","0","","67","09","2022","7","39.9343","-75.1508","1707","06","0","0","0","0","0","0","0","0","","0","0","0","21","3","1","01","","0","39 56:03.368","","00","75 09:02.948","3","0","0","0","67301","1","0","0","N","0","0","0","2","67301","0","","1","01","","N","N","N","0","","1","0","0","3","2","","2130","1","2","0","0","0","0","1","2","0","1","03","","N","","","","","","","","","","",""
"2022086449","1655","1","0","0","0","0","0","0","0","0","4","0","","67","09","2022","2","40.0433","-75.1729","1650","06","0","0","0","0","0","0","0","0","","0","0","0","16","1","1","01","","0","40 02:35.962","","00","75 10:22.418","3","0","0","0","67301","0","0","0","N","0","0","0","2","67301","0","","1","09","","N","N","N","0","","1","0","1","0","0","","1645","1","2","0","0","0","0","0","2","0","2","03","03","N","","","","","","","","","","",""
"2022100101","0925","1","0","0","0","0","0","0","0","0","1","0","","67","10","2022","3","40.0573","-75.1357","0920","06","0","0","0","0","0","1","0","0","","0","0","0","08","1","1","02","","0","40 03:26.319","","00","75 08:08.628","8","0","0","0","67301","0","0","0","N","0","0","0","2","67301","0","","1","09","","N","N","N","0","","0","0","1","3","3","","0830","1","2","0","0","2","1","0","2","0","2","07","","N","","","","","","","","","","",""
"2022113614","0622","0","0","0","0","0","0","0","0","0","1","0","","67","11","2022","1","40.0308","-75.0869","0600","06","0","0","0","0","0","0","0","0","","0","0","0","05","3","0","00","N","0","40 01:50.803","","00","75 05:12.817","9","0","0","0","67301","0","0","0","N","0","0","0","2","67301","0","","1","01","","N","N","N","0","","0","0","2","3","3","","0548","0","2","0","0","0","0","1","2","0","2","04","","N","","","","","","","","","","",""
"2022112371","1616","1","0","0","0","0","0","0","0","0","1","0","","67","11","2022","7","40.0256","-75.0286","1608","06","0","0","1","0","0","0","0","0","","0","0","0","16","1","0","00","N","1","40 01:32.143","2","00","75 01:43.071","9","0","0","0","67301","0","0","0","N","0","0","0","2","68K01","0","","1","01","1630","N","N","N","0","","0","0","0","0","0","N","1605","0","2","0","0","0","0","1","2","0","2","03","03","N","","","","","","","","","","",""
"2022087215","1658","0","0","0","0","0","0","0","0","0","8","0","","67","09","2022","2","39.9851","-75.1715","1658","06","0","0","0","0","0","1","0","0","","0","0","0","16","1","1","01","","0","39 59:06.363","","00","75 10:17.536","3","0","0","0","67301","1","0","0","N","1","0","0","2","67301","0","","1","09","","N","N","N","0","","1","0","0","3","3","","1648","1","2","0","0","0","0","0","2","1","1","07","07","N","","","","","","","","","","",""
"2022086620","2110","0","0","0","0","0","0","0","0","0","5","0","","67","09","2022","2","40.0603","-75.0534","2104","06","0","0","0","0","0","0","0","0","","0","0","0","20","3","1","00","N","0","40 03:37.088","","00","75 03:12.339","3","0","0","0","67301","0","0","0","N","0","0","0","2","67301","0","","1","01","","N","N","N","0","","1","0","1","0","0","","2058","1","2","0","0","1","0","0","2","1","2","03","03","N","","","","","","","","","","",""
"2022085874","2330","2","0","0","0","0","0","0","0","0","4","0","","67","09","2022","7","40.0257","-75.1725","2311","06","0","0","0","0","0","1","0","0","","0","0","0","23","3","0","01","","0","40 01:32.689","","00","75 10:21.050","9","0","0","0","67301","0","0","0","N","0","0","0","1","67301","0","","1","01","","N","N","N","0","","0","0","0","3","3","","2305","0","2","0","0","0","0","1","2","0","2","03","03","N","","","","","","","","","","",""
"2022085778","1115","2","0","0","0","0","0","0","0","0","4","0","","67","09","2022","1","40.0221","-75.0631","1111","06","0","0","0","0","1","0","0","0","","0","0","0","11","8","1","01","","0","40 01:19.624","","00","75 03:47.697","3","0","0","0","67301","0","0","0","N","0","0","0","2","67301","0","","1","01","","N","N","N","0","","1","0","0","3","2","","1109","1","2","0","0","0","0","0","2","0","2","03","03","N","","","","","","","","","","",""
"2022086934","1725","1","0","0","0","0","0","0","0","0","1","0","","67","09","2022","3","39.9418","-75.1424","1719","06","0","0","0","0","0","0","0","0","","0","0","0","16","1","3","00","Y","0","39 56:30.616","","00","75 08:32.502","3","0","0","0","67301","0","0","0","N","0","0","0","5","67301","0","","1","01","","N","N","N","0","","3","0","0","3","2","","1630","3","2","0","0","0","0","0","2","1","2","03","03","N","","","","","","","","","","",""
"2022085875","0101","0","0","0","0","0","0","0","0","0","7","0","","67","09","2022","1","40.0203","-75.2006","0050","06","0","0","0","1","0","0","0","0","","0","0","0","00","3","1","00","N","0","40 01:13.230","","00","75 12:02.280","3","0","0","0","67301","0","0","0","N","0","0","0","1","67301","0","","4","01","","N","N","N","1","","1","0","0","0","0","","0040","1","1","0","0","0","0","0","2","0","1","03","03","N","","","","","","","","","","",""
"2022110567","1441","0","0","0","0","0","0","0","0","0","8","0","","67","09","2022","1","39.9921","-75.1403","1441","06","0","0","0","0","0","0","0","0","","0","0","0","14","1","1","00","N","0","39 59:31.732","","00","75 08:25.050","2","0","0","0","67301","1","0","1","N","1","0","1","2","67301","0","","1","99","","N","N","N","0","","0","1","0","0","0","","1441","1","2","0","0","0","0","0","2","0","1","99","","N","","","","","","","","","","",""
"2022110737","","0","0","0","0","0","0","0","0","0","1","0","","67","11","2022","5","39.9856","-75.2083","","06","0","0","0","0","0","0","0","0","","0","0","0","09","1","1","06","","0","39 59:08.312","","02","75 12:29.815","8","0","0","0","67301","0","0","0","N","0","0","0","2","00000","0","","7","01","","","","N","0","","0","0","1","0","0","","0900","1","2","0","0","0","1","0","2","0","2","03","","N","","","","","","","","","","",""
"2022086459","2245","0","0","0","0","0","0","0","0","0","8","0","","67","09","2022","7","40.0153","-75.1472","2235","06","0","0","0","0","0","0","0","0","","0","0","0","20","3","1","02","","0","40 00:55.112","","00","75 08:49.930","3","0","0","0","67301","1","0","0","N","1","0","0","2","67301","0","","1","01","","N","N","N","0","","1","0","1","0","0","","2035","1","2","0","0","0","0","1","2","0","1","03","","N","","","","","","","","","","",""
"2022086304","1234","1","0","0","0","0","0","0","0","0","4","0","","67","09","2022","7","39.9766","-75.1132","1234","06","1","0","0","0","0","0","0","0","","0","0","0","12","1","1","02","","0","39 58:35.702","","00","75 06:47.416","3","0","0","0","67301","0","0","0","N","0","0","0","2","67301","0","","1","01","","N","N","N","0","","1","0","1","3","2","","1234","1","2","0","0","2","0","0","2","0","2","03","03","N","","","","","","","","","","",""