"CRN","ARRIVAL_TM","AUTOMOBILE_COUNT","BELTED_DEATH_COUNT","BELTED_SUSP_SERIOUS_INJ_COUNT","BICYCLE_COUNT","BICYCLE_DEATH_COUNT","BICYCLE_SUSP_SERIOUS_INJ_COUNT","BUS_COUNT","CHLDPAS_DEATH_COUNT","CHLDPAS_SUSP_SERIOUS_INJ_COUNT","COLLISION_TYPE","COMM_VEH_COUNT","CONS_ZONE_SPD_LIM","COUNTY","CRASH_MONTH","CRASH_YEAR","DAY_OF_WEEK","DEC_LAT","DEC_LONG","DISPATCH_TM","DISTRICT","DRIVER_COUNT_16YR","DRIVER_COUNT_17YR","DRIVER_COUNT_18YR","DRIVER_COUNT_19YR","DRIVER_COUNT_20YR","DRIVER_COUNT_50_64YR","DRIVER_COUNT_65_74YR","DRIVER_COUNT_75PLUS","EST_HRS_CLOSED","FATAL_COUNT","HEAVY_TRUCK_COUNT","HORSE_BUGGY_COUNT","HOUR_OF_DAY","ILLUMINATION","INJURY_COUNT","INTERSECT_TYPE","INTERSECTION_RELATED","LANE_CLOSED","LATITUDE","LN_CLOSE_DIR","LOCATION_TYPE","LONGITUDE","MAX_SEVERITY_LEVEL","MCYCLE_DEATH_COUNT","MCYCLE_SUSP_SERIOUS_INJ_COUNT","MOTORCYCLE_COUNT","MUNICIPALITY","NONMOTR_COUNT","NONMOTR_DEATH_COUNT","NONMOTR_SUSP_SERIOUS_INJ_COUNT","NTFY_HIWY_MAINT","PED_COUNT","PED_DEATH_COUNT","PED_SUSP_SERIOUS_INJ_COUNT","PERSON_COUNT","POLICE_AGCY","POSSIBLE_INJ_COUNT","RDWY_SURF_TYPE_CD","RELATION_TO_ROAD","ROAD_CONDITION","ROADWAY_CLEARED","SCH_BUS_IND","SCH_ZONE_IND","SECONDARY_CRASH","SMALL_TRUCK_COUNT","SPEC_JURIS_CD","SUSP_MINOR_INJ_COUNT","SUSP_SERIOUS_INJ_COUNT","SUV_COUNT","TCD_FUNC_CD","TCD_TYPE","TFC_DETOUR_IND","TIME_OF_DAY","TOT_INJ_COUNT","TOTAL_UNITS","UNB_DEATH_COUNT","UNB_SUSP_SERIOUS_INJ_COUNT","UNBELTED_OCC_COUNT","UNK_INJ_DEG_COUNT","UNK_INJ_PER_COUNT","URBAN_RURAL","VAN_COUNT","VEHICLE_COUNT","WEATHER1","WEATHER2","WORK_ZONE_IND","WORK_ZONE_LOC","WORK_ZONE_TYPE","WORKERS_PRES","WZ_CLOSE_DETOUR","WZ_FLAGGER","WZ_LAW_OFFCR_IND","WZ_LN_CLOSURE","WZ_MOVING","WZ_OTHER","WZ_SHLDER_MDN","WZ_WORKERS_INJ_KILLED"
"2022049292","2114","0","0","0","1","0","0","0","0","0","8","0","","67","04","2022","3","39.9709","-75.2409","2113","06","0","0","0","0","0","0","0","0","","0","0","0","21","3","1","01","","0","39 58:15.274","","00","75 14:27.291","3","0","0","0","67301","1","0","0","N","0","0","0","2","67301","0","","1","01","","N","N","N","0","","1","0","1","3","2","","2112","1","2","0","0","0","0","0","2","0","1","03","","N","","","","","","","","","","",""
"2022023770","2230","1","0","0","0","0","0","0","0","0","1","0","","67","03","2022","5","39.9747","-75.1843","2230","06","0","0","0","0","0","0","0","0","","0","0","0","22","3","0","00","N","1","39 58:28.789","4","00","75 11:03.493","0","0","0","0","67301","0","0","0","N","0","0","0","1","67301","0","","1","01","2350","N","N","N","0","","0","0","1","0","0","Y","2230","0","2","0","0","1","0","0","2","0","2","03","03","N","","","","","","","","","","",""
"2022024039","1812","1","0","0","0","0","0","0","0","0","5","0","","67","03","2022","6","39.9566","-75.1428","1743","06","0","0","0","0","0","0","1","0","","0","0","0","17","3","1","00","N","0","39 57:23.827","","08","75 08:34.123","8","0","0","0","67301","0","0","0","N","0","0","0","2","68K01","0","","1","01","","N","N","N","1","","0","0","0","0","0","","1732","1","2","0","0","0","1","0","2","0","2","03","","N","","","","","","","","","","",""
"2022043818","0800","2","0","0","0","0","0","0","0","0","4","0","","67","04","2022","3","40.0316","-75.2076","0749","06","0","0","0","0","0","0","0","0","","0","0","0","07","1","1","01","","0","40 01:53.814","","00","75 12:27.475","4","0","0","0","67301","0","0","0","N","0","0","0","3","67301","1","","1","01","","N","N","N","0","","0","0","1","3","2","","0746","1","3","0","0","0","0","0","2","0","3","03","03","N","","","","","","","","","","",""
"2022033251","1340","1","0","0","0","0","0","0","0","0","4","0","","67","04","2022","1","39.9279","-75.1679","1328","06","0","0","0","0","1","0","1","0","","0","0","0","12","1","0","02","","0","39 55:40.469","","00","75 10:04.337","0","0","0","0","67301","0","0","0","N","0","0","0","2","67301","0","","1","09","","N","N","N","1","","0","0","0","3","3","","1257","0","2","0","0","0","0","0","2","0","2","07","","N","","","","","","","","","","",""
"2022041828","1446","2","0","0","0","0","0","0","0","0","5","0","","67","03","2022","7","40.0405","-75.0055","1425","06","0","0","0","0","0","0","0","0","","0","0","0","14","1","0","00","N","1","40 02:25.664","1","00","75 00:19.647","0","0","0","0","67301","0","0","0","N","0","0","0","2","68K01","0","","1","01","1510","N","N","N","0","","0","0","0","0","0","Y","1420","0","2","0","0","0","0","0","2","0","2","03","","N","","","","","","","","","","",""
"2022019577","0505","1","0","0","0","0","0","0","0","0","1","0","","67","02","2022","5","39.8959","-75.2157","0450","06","0","0","0","0","0","0","0","0","","0","0","0","04","3","0","00","N","0","39 53:45.162","","03","75 12:56.576","0","0","0","0","67301","0","0","0","N","0","0","0","4","67301","0","","1","01","","N","N","N","0","","0","0","0","0","0","","0449","0","2","0","0","1","0","0","2","1","2","03","03","N","","","","","","","","","","",""
"2022050591","1900","0","0","0","0","0","0","0","0","0","4","0","","67","05","2022","3","39.9084","-75.1735","1855","06","0","0","0","0","0","0","0","0","","1","0","0","18","1","0","00","N","2","39 54:30.283","2","07","75 10:24.560","1","1","0","1","67301","0","0","0","N","0","0","0","2","67301","0","2","1","01","0100","N","N","N","0","0","0","0","1","0","0","N","1840","0","2","0","0","0","0","0","2","0","2","03","","N","","","","","","","","","","",""
"2022045062","0920","0","0","0","0","0","0","0","0","0","7","0","","67","05","2022","6","40.1309","-75.0146","0918","06","0","0","0","0","0","0","0","0","","0","0","0","09","1","1","00","N","0","40 07:51.174","","00","75 00:52.431","3","0","0","0","67301","0","0","0","N","0","0","0","1","67301","0","","5","09","","N","N","N","0","","1","0","1","0","0","","0915","1","1","0","0","0","0","0","2","0","1","07","","N","","","","","","","","","","",""
"2022020771","1830","1","0","0","0","0","0","0","0","0","8","0","","67","02","2022","2","39.9985","-75.1293","1830","06","0","0","0","0","0","0","0","0","","0","0","0","18","3","1","01","","0","39 59:54.633","","00","75 07:45.412","3","0","0","0","67301","1","0","0","N","1","0","0","2","67301","0","","1","09","","N","N","N","0","","1","0","0","3","2","","1830","1","2","0","0","0","0","0","2","0","1","07","07","N","","","","","","","","","","",""
"2022043962","2110","0","0","0","1","0","0","0","0","0","8","0","","67","05","2022","3","39.9379","-75.1667","2110","06","0","0","0","0","0","0","0","0","","0","0","0","15","1","1","01","","0","39 56:16.309","","00","75 10:00.119","3","0","0","0","67301","1","0","0","N","0","0","0","2","67301","0","","1","01","","N","N","N","1","","1","0","0","9","2","","1545","1","2","0","0","0","0","0","2","0","1","03","","N","","","","","","","","","","",""
"2022029282","1716","1","0","0","0","0","0","0","0","0","8","0","","67","03","2022","3","40.0548","-75.1527","1710","06","0","0","0","0","0","0","0","0","","0","0","0","16","1","1","01","","0","40 03:17.355","","00","75 09:09.820","3","0","0","0","67301","1","0","0","N","1","0","0","2","67301","0","","1","01","","N","N","N","0","","1","0","0","3","2","","1633","1","2","0","0","0","0","0","2","0","1","03","","N","","","","","","","","","","",""
"2022030373","1548","3","0","0","0","0","0","0","0","0","1","0","","67","03","2022","3","39.9866","-75.2572","1541","06","0","0","0","0","0","0","0","0","","0","0","0","15","1","3","00","N","1","39 59:11.778","2","00","75 15:25.750","4","0","0","0","67301","0","0","0","N","0","0","0","4","46104","3","","1","01","1636","N","N","Y","0","","0","0","0","0","0","N","1541","3","3","0","0","1","0","0","2","0","3","03","","N","","","","","","","","","","",""
"2022051891","0031","1","0","0","0","0","0","0","0","0","7","0","","67","06","2022","7","40.0626","-75.1708","0029","06","0","0","0","0","0","0","0","0","","0","0","0","00","3","4","01","","0","40 03:45.318","","00","75 10:14.844","3","0","0","0","67301","0","0","0","N","0","0","0","5","67301","0","","5","01","","N","N","N","0","","4","0","0","3","2","","0025","4","1","0","0","0","0","1","2","0","1","03","","N","","","","","","","","","","",""
"2022023725","2035","1","0","0","0","0","0","0","0","0","1","0","","67","03","2022","4","40.0568","-75.047","2032","06","0","0","0","0","0","0","0","0","","0","0","0","20","3","0","01","","0","40 03:24.532","","00","75 02:49.228","0","0","0","0","67301","0","0","0","N","0","0","0","4","67301","0","","1","01","","N","N","N","0","","0","0","3","3","2","","2029","0","4","0","0","0","0","0","2","0","4","03","03","N","","","","","","","","","","",""
"2022031578","1143","0","0","0","1","0","0","1","0","0","8","1","","67","02","2022","4","39.9453","-75.1786","9999","06","0","0","0","0","0","1","0","0","","0","0","0","99","1","1","01","","0","39 56:42.961","","00","75 10:42.830","8","0","0","0","67301","1","0","0","N","0","0","0","2","67508","0","","1","01","","","","N","0","","0","0","0","3","2","","9999","1","2","0","0","0","1","0","2","0","1","03","03","N","","","","","","","","","","",""
"2022043535","0530","1","0","0","0","0","0","0","0","0","7","0","","67","03","2022","5","40.0308","-75.0218","0509","06","0","0","0","0","0","1","0","0","","0","0","0","04","3","0","00","N","1","40 01:50.815","2","03","75 01:18.644","0","0","0","0","67301","0","0","0","N","0","0","0","1","68K01","0","","2","09","0600","N","N","N","0","","0","0","0","0","0","N","0456","0","1","0","0","0","0","0","2","0","1","07","","N","","","","","","","","","","",""
"2022046424","0036","0","0","0","0","0","0","0","0","0","2","0","","67","03","2022","2","39.9965","-75.114","9999","06","0","0","0","0","0","0","0","0","","0","0","0","99","3","0","00","N","0","39 59:47.534","","00","75 06:50.335","0","0","0","0","67301","0","0","0","N","0","0","0","3","67508","0","","1","01","","N","N","N","0","","0","0","0","0","0","","9999","0","2","0","0","0","0","0","2","1","2","03","03","N","","","","","","","","","","",""
"2022020659","1826","0","0","0","0","0","0","0","0","0","8","0","","67","02","2022","4","40.0162","-75.0724","1825","06","0","0","0","0","0","0","0","0","","0","0","0","18","1","1","00","N","0","40 00:58.350","","00","75 04:20.460","8","0","0","0","67301","1","0","0","N","1","0","0","2","67301","0","","1","01","","N","N","N","0","","0","0","0","0","0","","1815","1","2","0","0","0","1","0","2","1","1","03","","N","","","","","","","","","","",""
"2022032876","0939","0","0","0","0","0","0","0","0","0","4","0","","67","03","2022","5","39.9383","-75.2163","0935","06","0","0","0","0","0","1","0","1","","0","0","0","09","1","2","01","","0","39 56:17.890","","00","75 12:58.503","8","0","0","0","67301","0","0","0","N","0","0","0","3","67301","0","","1","01","","N","N","N","0","","0","0","2","3","2","","0934","2","2","0","0","1","2","1","2","0","2","04","04","N","","","","","","","","","","",""
"2022030728","0908","1","0","0","0","0","0","0","0","0","5","0","","67","03","2022","5","39.9814","-75.1469","0908","06","0","0","0","0","0","0","1","0","","0","0","0","09","1","0","00","N","0","39 58:53.020","","00","75 08:48.730","0","0","0","0","67301","0","0","0","N","0","0","0","1","67301","0","","6","09","","N","N","N","0","","0","0","1","0","0","","0901","0","2","0","0","1","0","0","2","0","2","07","","N","","","","","","","","","","",""
"2022043926","1305","2","0","0","0","0","0","0","0","0","1","0","","67","04","2022","2","40.0405","-75.0474","1305","06","0","0","0","0","0","0","0","0","","0","0","0","12","1","2","01","","0","40 02:25.802","","00","75 02:50.481","4","0","0","0","67301","0","0","0","N","0","0","0","3","67301","2","","1","01","","N","N","N","0","","0","0","0","3","2","","1257","2","2","0","0","0","0","0","2","0","2","04","","N","","","","","","","","","","",""
"2022016684","0413","1","0","0","0","0","0","0","0","0","1","0","","67","02","2022","7","39.9545","-75.2056","0413","06","0","0","0","0","0","0","0","0","","0","0","0","04","3","1","00","N","0","39 57:16.177","","00","75 12:20.069","3","0","0","0","67301","0","0","0","N","0","0","0","1","67504","0","","6","01","","N","N","N","1","","1","0","2","0","0","","0413","1","4","0","0","0","0","0","2","0","4","03","03","N","","","","","","","","","","",""
"2022043743","2015","0","0","0","0","0","0","0","0","0","4","0","","67","05","2022","1","39.9799","-75.2047","1945","06","0","0","0","0","0","0","0","0","","0","0","0","19","4","2","00","N","0","39 58:47.544","","00","75 12:16.798","8","0","0","0","67301","0","0","0","N","0","0","0","5","68K01","0","","1","01","","N","N","N","0","","0","0","2","3","8","","1943","2","2","0","0","0","2","0","2","0","2","03","","N","","","","","","","","","","",""
"2022032938","0240","1","0","0","0","0","0","0","0","0","4","0","","67","03","2022","5","40.0227","-75.1482","0235","06","0","0","0","0","0","0","0","0","","0","0","0","19","3","0","05","","0","40 01:21.790","","00","75 08:53.512","9","0","0","0","67301","0","0","0","N","0","0","0","2","67301","0","","1","09","","N","N","Y","0","","0","0","1","3","2","","1945","0","2","0","0","0","0","1","2","0","2","07","03","N","","","","","","","","","","",""
"2022023726","1015","0","0","0","0","0","0","0","0","0","4","0","","67","03","2022","6","40.0845","-75.0384","1008","06","0","0","0","0","0","0","0","0","","0","0","0","10","1","2","01","","1","40 05:04.029","1","00","75 02:18.148","4","0","0","0","67301","0","0","0","N","0","0","0","5","67301","2","","1","01","1100","N","N","N","0","","0","0","1","3","2","Y","1000","2","2","0","0","0","0","0","2","1","2","03","03","N","","","","","","","","","","",""
"2022036153","2237","2","0","0","0","0","0","0","0","0","1","0","","67","04","2022","6","39.9537","-75.1393","2237","06","0","0","0","0","1","0","0","0","","0","0","0","22","3","1","00","N","0","39 57:13.409","","03","75 08:21.537","8","0","0","0","67301","0","0","0","N","0","0","0","4","67501","0","","1","01","","N","N","N","0","","0","0","0","3","1","","2234","1","2","0","0","0","1","0","2","0","2","03","","N","","","","","","","","","","",""
"2022019645","0339","0","0","0","0","0","0","0","0","0","4","0","","67","02","2022","4","40.003","-75.1276","0332","06","0","0","0","0","0","1","0","0","","0","0","0","03","3","0","01","","2","40 00:10.868","7","00","75 07:39.525","9","0","0","0","67301","0","0","0","N","0","0","0","2","67301","0","","1","01","0515","N","N","N","0","","0","0","3","3","3","N","0331","0","3","0","0","0","0","1","2","0","3","03","03","N","","","","","","","","","","",""
"2022033157","0045","1","0","0","0","0","0","0","0","0","5","0","","67","04","2022","1","39.9978","-75.1599","0039","06","0","0","0","0","0","0","0","0","","0","0","0","00","3","0","00","N","0","39 59:52.110","","00","75 09:35.750","0","0","0","0","67301","0","0","0","N","0","0","0","3","67301","0","","6","01","","N","N","N","0","","0","0","1","0","0","","0025","0","2","0","0","0","0","0","2","0","2","03","03","N","","","","","","","","","","",""
"2022029289","1544","0","0","0","0","0","0","0","0","0","4","0","","67","03","2022","3","40.0131","-75.1569","1535","06","0","0","0","0","0","1","0","0","","0","0","0","15","1","2","01","","0","40 00:47.289","","00","75 09:24.926","3","0","0","0","67301","0","0","0","N","0","0","0","4","67301","0","","1","01","","N","Y","N","0","","2","0","2","3","3","","1533","2","3","0","0","1","0","1","2","1","3","03","03","N","","","","","","","","","","",""
"2022044343","1815","3","0","0","0","0","0","0","0","0","4","0","","67","01","2022","2","40.0284","-75.0502","1805","06","0","0","0","0","0","1","0","0","","0","0","0","17","3","0","02","","0","40 01:42.178","","00","75 03:00.619","0","0","0","0","67301","0","0","0","N","0","0","0","3","67301","0","","1","01","","N","N","Y","0","","0","0","0","3","3","","1758","0","3","0","0","1","0","0","2","0","3","03","03","N","","","","","","","","","","",""
"2022045497","0220","1","0","0","0","0","0","0","0","0","0","0","","67","05","2022","1","39.8947","-75.2296","0210","06","0","0","0","0","0","0","0","0","","0","0","0","02","3","1","00","N","0","39 53:40.814","","00","75 13:46.430","3","0","0","0","67301","0","0","0","N","0","0","0","1","67301","0","","9","09","","N","N","N","0","","1","0","0","9","2","","0207","1","1","0","0","0","0","0","2","0","1","07","05","N","","","","","","","","","","",""
"2022023800","0410","2","0","0","0","0","0","0","0","0","1","0","","67","03","2022","6","39.9961","-75.1715","0408","06","0","0","0","0","0","1","0","0","","0","0","0","04","3","1","00","N","2","39 59:46.064","6","00","75 10:17.457","8","0","0","0","67301","0","0","0","N","0","0","0","1","67301","0","","6","01","0500","N","N","N","0","","0","0","0","0","0","Y","0407","1","2","0","0","0","1","0","2","0","2","03","","N","","","","","","","","","","",""
"2022032868","1530","1","0","0","0","0","0","0","0","0","4","0","","67","03","2022","5","40.0804","-74.9771","1530","06","0","0","0","0","0","1","0","0","","0","0","0","14","1","1","01","","0","40 04:49.584","","00","74 58:37.727","3","0","0","0","67301","0","0","0","N","0","0","0","3","67301","0","","1","01","","N","N","N","0","","1","0","1","3","2","","1430","1","2","0","0","0","0","0","2","0","2","04","04","N","","","","","","","","","","",""
"2022022035","0252","2","0","0","0","0","0","0","0","0","4","0","","67","02","2022","1","39.9535","-75.2067","0252","06","0","0","0","1","0","0","0","0","","0","0","0","02","3","0","01","","0","39 57:12.420","","00","75 12:24.004","0","0","0","0","67301","0","0","0","N","0","0","0","4","67301","0","","1","01","","N","Y","N","0","","0","0","0","3","3","","0252","0","2","0","0","0","0","0","2","0","2","03","","N","","","","","","","","","","",""
"2022021549","1300","0","0","0","0","0","0","0","0","0","8","0","","67","02","2022","3","39.962","-75.1357","1300","06","0","0","0","0","0","0","0","0","","0","0","0","19","3","2","02","","0","39 57:43.358","","00","75 08:08.617","3","0","0","0","67301","2","0","0","N","2","0","0","3","67301","0","","1","99","","N","N","N","0","","2","0","1","3","3","","1930","2","3","0","0","0","0","0","2","0","1","99","","N","","","","","","","","","","",""
"2022049115","0714","1","0","0","0","0","0","0","0","0","5","0","","67","05","2022","7","40.0344","-75.0191","0706","06","0","0","0","0","0","0","0","0","","0","0","0","07","1","1","00","N","1","40 02:03.863","1","00","75 01:08.586","4","0","0","0","67301","0","0","0","N","0","0","0","2","68K01","1","","1","01","0721","N","N","N","0","","0","0","0","0","0","N","0700","1","2","0","0","1","0","1","2","0","2","03","05","N","","","","","","","","","","",""
"2022029237","0827","1","0","0","0","0","0","0","0","0","1","0","","67","03","2022","2","39.951","-75.2394","0817","06","0","0","0","0","0","0","0","0","","0","0","0","08","1","0","00","N","2","39 57:03.570","3","00","75 14:21.780","0","0","0","0","67301","0","0","0","N","0","0","0","2","67301","0","","6","01","0945","N","N","N","1","","0","0","0","0","0","N","0808","0","2","0","0","0","0","0","2","0","2","03","03","N","","","","","","","","","","",""
"2022033020","0001","0","0","0","0","0","0","0","0","0","1","0","","67","04","2022","2","40.0215","-75.1398","0000","06","0","0","0","0","0","0","0","0","","0","0","0","23","3","2","01","","2","40 01:17.537","2","00","75 08:23.331","4","0","0","0","67301","0","0","0","N","0","0","0","2","67301","2","","1","01","0040","N","N","N","0","","0","0","2","3","2","N","2350","2","2","0","0","0","0","0","2","0","2","03","03","N","","","","","","","","","","",""
"2022020677","0216","1","0","0","0","0","0","0","0","0","5","0","","67","02","2022","7","40.1133","-75.0269","0213","06","0","0","0","0","0","0","0","0","","0","0","0","02","3","0","00","N","0","40 06:47.860","","00","75 01:36.700","0","0","0","0","67301","0","0","0","N","0","0","0","1","67301","0","","6","01","","N","N","N","0","","0","0","2","0","0","","0210","0","4","0","0","0","0","0","2","1","4","03","03","N","","","","","","","","","","",""
"2022050575","1636","0","0","0","0","0","0","0","0","0","4","1","","67","05","2022","1","40.0437","-75.1498","1633","06","0","0","0","0","0","0","0","0","","0","1","0","16","1","1","01","","0","40 02:37.244","","00","75 08:59.247","3","0","0","0","67301","0","0","0","N","0","0","0","2","67301","0","","1","01","","N","N","N","0","","1","0","1","3","2","","1621","1","2","0","0","2","0","1","2","0","2","03","03","N","","","","","","","","","","",""
"2022043869","0739","1","0","0","0","0","0","0","0","0","4","0","","67","04","2022","7","39.9241","-75.2277","0730","06","0","0","0","0","0","0","0","0","","0","1","0","06","1","1","01","","0","39 55:26.552","","00","75 13:39.745","4","0","0","0","67301","0","0","0","N","0","0","0","2","67301","1","","1","01","","N","N","N","0","","0","0","0","3","2","","0656","1","2","0","0","1","0","0","2","0","2","03","03","N","","","","","","","","","","",""
"2022020226","1948","0","0","0","0","0","0","0","0","0","8","0","","67","02","2022","5","40.0622","-75.1518","1942","06","0","0","0","0","0","0","0","0","","0","0","0","19","3","1","01","","0","40 03:44.042","","00","75 09:06.346","3","0","0","0","67301","1","0","0","N","1","0","0","2","67301","0","","1","01","","N","N","N","0","","1","0","0","3","2","","1940","1","2","0","0","0","0","0","2","0","1","03","03","N","","","","","","","","","","",""
"2022050638","1730","2","0","0","0","0","0","0","0","0","1","0","","67","05","2022","1","39.9303","-75.2334","1722","06","0","0","0","0","0","0","0","0","","0","0","0","17","1","1","00","N","0","39 55:49.087","","00","75 14:00.382","3","0","0","0","67301","0","0","0","N","0","0","0","2","67301","0","","6","01","","N","N","N","0","","1","0","2","0","0","","1705","1","4","0","0","0","0","0","2","0","4","03","","N","","","","","","","","","","",""
"2022051588","1102","2","0","0","0","0","0","0","0","0","4","0","","67","06","2022","5","39.9848","-75.1134","1102","06","0","0","0","0","0","0","0","0","","0","0","0","00","3","0","01","","9","39 59:05.388","","00","75 06:48.208","9","0","0","0","67301","0","0","0","N","0","0","0","1","67301","0","","1","01","","N","N","Y","0","","0","0","2","3","2","","0000","0","4","0","0","0","0","1","2","0","4","04","","N","","","","","","","","","","",""
"2022040687","0314","3","0","0","0","0","0","0","0","0","1","0","","67","03","2022","7","40.0193","-75.0459","0259","06","0","0","0","0","0","0","0","0","","0","0","0","02","3","0","00","N","1","40 01:09.560","2","00","75 02:45.332","0","0","0","0","67301","0","0","0","N","0","0","0","4","68K01","0","","1","01","0400","N","N","N","0","","0","0","1","0","0","N","0256","0","4","0","0","1","0","0","2","0","4","03","","N","","","","","","","","","","",""
"2022017624","","2","0","0","0","0","0","0","0","0","4","0","","67","02","2022","3","40","-75.1531","","06","0","0","0","0","0","0","0","0","","0","0","0","22","3","0","02","","0","39 59:59.964","","00","75 09:11.322","9","0","0","0","67301","0","0","0","N","0","0","0","6","00000","0","","1","01","","N","N","N","0","","0","0","0","9","2","","2220","0","2","0","0","0","0","6","2","0","2","03","","N","","","","","","","","","","",""
"2022020471","0236","3","0","0","0","0","0","0","0","0","4","0","","67","02","2022","6","39.9928","-75.1461","0233","06","0","0","0","0","0","1","0","0","","0","0","0","02","3","0","01","","0","39 59:34.073","","00","75 08:46.043","0","0","0","0","67301","0","0","0","N","0","0","0","2","67301","0","","1","09","","N","N","Y","0","","0","0","1","3","2","","0200","0","4","0","0","0","0","0","2","0","4","07","07","N","","","","","","","","","","",""
"2022047388","1250","1","0","0","0","0","0","0","0","0","4","1","","67","05","2022","6","40.059","-75.0441","1225","06","0","0","0","0","0","0","0","0","","0","1","0","12","1","1","01","","2","40 03:32.389","7","00","75 02:38.685","3","0","0","0","67301","0","0","0","N","0","0","0","2","67301","0","","1","01","1459","N","N","N","0","","1","0","0","3","2","Y","1223","1","2","0","0","0","0","0","2","0","2","03","","N","","","","","","","","","","",""
"2022046084","1614","0","0","0","0","0","0","0","0","0","4","0","","67","04","2022","7","40.0207","-75.1486","1613","06","0","0","0","0","0","1","0","0","","0","0","0","16","1","2","02","","0","40 01:14.374","","00","75 08:55.521","3","0","0","0","67301","0","0","0","N","0","0","0","3","67301","0","","1","01","","N","N","N","0","","2","0","2","0","0","","1612","2","2","0","0","0","0","0","2","0","2","03","","N","","","","","","","","","","",""
"2022052149","0558","0","0","0","0","0","0","0","0","0","7","0","","67","05","2022","7","39.8933","-75.2317","0521","06","0","0","0","0","0","1","0","0","","0","0","0","03","3","0","07","","0","39 53:35.796","","02","75 13:54.001","0","0","0","0","67301","0","0","0","N","0","0","0","1","68K01","0","","2","09","","N","N","N","0","","0","0","1","0","0","","0345","0","1","0","0","0","0","0","2","0","1","07","","N","","","","","","","","","","",""
"2022026987","0128","1","0","0","0","0","0","0","0","0","4","0","","67","02","2022","1","39.9909","-75.1551","0125","06","0","0","0","0","1","0","0","0","","0","0","0","01","3","1","01","","2","39 59:27.165","1","00","75 09:19.006","4","0","0","0","67301","0","0","0","N","0","0","0","3","67301","1","","1","01","0000","N","N","N","0","","0","0","1","3","2","N","0115","1","2","0","0","0","0","0","2","0","2","03","03","N","","","","","","","","","","",""
"2022048112","1806","1","0","0","0","0","0","0","0","0","1","0","","67","05","2022","1","40.0167","-75.1711","1804","06","0","0","0","0","0","0","0","0","","0","0","0","18","1","2","00","N","0","40 00:59.977","","99","75 10:16.079","3","0","0","0","67301","0","0","0","N","0","0","0","2","67301","0","","1","01","","N","N","N","0","","2","0","1","3","2","","1800","2","2","0","0","0","0","0","2","0","2","03","","N","","","","","","","","","","",""
"2022044359","0215","1","0","0","0","0","0","0","0","0","5","0","","67","03","2022","6","39.9757","-75.1152","0207","06","0","0","0","0","0","1","0","0","","0","0","0","02","3","0","00","N","1","39 58:32.638","1","03","75 06:54.623","0","0","0","0","67301","0","0","0","N","0","0","0","2","68K01","0","","1","01","0240","N","N","N","0","","0","0","1","0","0","N","0206","0","2","0","0","0","0","0","2","0","2","03","","N","","","","","","","","","","",""
"2022030747","2057","0","0","0","0","0","0","0","0","0","4","0","","67","03","2022","7","40.0331","-75.0661","2049","06","0","0","0","0","0","0","0","0","","0","0","0","20","3","0","02","","0","40 01:59.261","","00","75 03:57.935","0","0","0","0","67301","0","0","0","N","0","0","0","1","67301","0","","1","01","","N","N","N","0","","0","0","1","0","0","","2048","0","2","0","0","0","0","0","2","1","2","03","03","N","","","","","","","","","","",""
"2022016698","1118","1","0","0","0","0","0","0","0","0","4","0","","67","02","2022","2","","","1108","06","0","0","0","0","1","0","0","0","","0","0","0","11","1","0","02","","0","","","07","","0","0","0","0","67301","0","0","0","N","0","0","0","2","67301","0","","1","01","","N","N","N","0","","0","0","1","0","0","","1100","0","2","0","0","0","0","0","1","0","2","03","03","N","","","","","","","","","","",""
"2022023804","2020","1","0","0","0","0","0","0","0","0","4","0","","67","03","2022","1","40.0152","-75.1552","2020","06","0","0","0","0","0","0","0","0","","0","0","0","20","3","2","02","","2","40 00:54.834","3","00","75 09:18.795","3","0","0","0","67301","0","0","0","N","0","0","0","2","67301","0","","1","01","2110","N","Y","N","0","","1","0","1","3","2","Y","2020","2","2","0","0","0","1","0","2","0","2","03","03","N","","","","","","","","","","",""
"2022033021","1258","0","0","0","0","0","0","0","0","0","7","0","","67","04","2022","3","40.0349","-75.1506","1252","06","0","0","0","0","0","0","0","0","","0","0","0","12","1","0","00","N","0","40 02:05.610","","00","75 09:02.200","0","0","0","0","67301","0","0","0","N","0","0","0","2","67301","0","","4","01","","N","N","N","0","","0","0","1","0","0","","1250","0","1","0","0","0","0","0","2","0","1","04","","N","","","","","","","","","","",""
"2022032862","2146","1","0","0","0","0","0","0","0","0","1","0","","67","03","2022","4","40.122","-75.0161","2146","06","0","0","0","0","0","0","0","0","","0","0","0","05","1","1","00","N","0","40 07:19.260","","00","75 00:58.001","8","0","0","0","67301","0","0","0","N","0","0","0","2","67301","0","","1","01","","N","N","N","0","","0","0","1","0","0","","0500","1","2","0","0","0","1","0","2","0","2","03","","N","","","","","","","","","","",""
"2022043843","2325","1","0","0","0","0","0","0","0","0","4","0","","67","03","2022","7","40.0423","-75.0256","2319","06","0","0","0","0","0","0","0","0","","0","0","0","22","3","0","01","","0","40 02:32.362","","00","75 01:32.162","0","0","0","0","67301","0","0","0","N","0","0","0","3","67301","0","","1","01","","N","N","N","1","","0","0","0","3","2","","2230","0","2","0","0","0","0","0","2","0","2","03","03","N","","","","","","","","","","",""