"CRN","ARRIVAL_TM","AUTOMOBILE_COUNT","BELTED_DEATH_COUNT","BELTED_SUSP_SERIOUS_INJ_COUNT","BICYCLE_COUNT","BICYCLE_DEATH_COUNT","BICYCLE_SUSP_SERIOUS_INJ_COUNT","BUS_COUNT","CHLDPAS_DEATH_COUNT","CHLDPAS_SUSP_SERIOUS_INJ_COUNT","COLLISION_TYPE","COMM_VEH_COUNT","CONS_ZONE_SPD_LIM","COUNTY","CRASH_MONTH","CRASH_YEAR","DAY_OF_WEEK","DEC_LAT","DEC_LONG","DISPATCH_TM","DISTRICT","DRIVER_COUNT_16YR","DRIVER_COUNT_17YR","DRIVER_COUNT_18YR","DRIVER_COUNT_19YR","DRIVER_COUNT_20YR","DRIVER_COUNT_50_64YR","DRIVER_COUNT_65_74YR","DRIVER_COUNT_75PLUS","EST_HRS_CLOSED","FATAL_COUNT","HEAVY_TRUCK_COUNT","HORSE_BUGGY_COUNT","HOUR_OF_DAY","ILLUMINATION","INJURY_COUNT","INTERSECT_TYPE","INTERSECTION_RELATED","LANE_CLOSED","LATITUDE","LN_CLOSE_DIR","LOCATION_TYPE","LONGITUDE","MAX_SEVERITY_LEVEL","MCYCLE_DEATH_COUNT","MCYCLE_SUSP_SERIOUS_INJ_COUNT","MOTORCYCLE_COUNT","MUNICIPALITY","NONMOTR_COUNT","NONMOTR_DEATH_COUNT","NONMOTR_SUSP_SERIOUS_INJ_COUNT","NTFY_HIWY_MAINT","PED_COUNT","PED_DEATH_COUNT","PED_SUSP_SERIOUS_INJ_COUNT","PERSON_COUNT","POLICE_AGCY","POSSIBLE_INJ_COUNT","RDWY_SURF_TYPE_CD","RELATION_TO_ROAD","ROAD_CONDITION","ROADWAY_CLEARED","SCH_BUS_IND","SCH_ZONE_IND","SECONDARY_CRASH","SMALL_TRUCK_COUNT","SPEC_JURIS_CD","SUSP_MINOR_INJ_COUNT","SUSP_SERIOUS_INJ_COUNT","SUV_COUNT","TCD_FUNC_CD","TCD_TYPE","TFC_DETOUR_IND","TIME_OF_DAY","TOT_INJ_COUNT","TOTAL_UNITS","UNB_DEATH_COUNT","UNB_SUSP_SERIOUS_INJ_COUNT","UNBELTED_OCC_COUNT","UNK_INJ_DEG_COUNT","UNK_INJ_PER_COUNT","URBAN_RURAL","VAN_COUNT","VEHICLE_COUNT","WEATHER1","WEATHER2","WORK_ZONE_IND","WORK_ZONE_LOC","WORK_ZONE_TYPE","WORKERS_PRES","WZ_CLOSE_DETOUR","WZ_FLAGGER","WZ_LAW_OFFCR_IND","WZ_LN_CLOSURE","WZ_MOVING","WZ_OTHER","WZ_SHLDER_MDN","WZ_WORKERS_INJ_KILLED"
"2022019558","1805","0","0","0","0","0","0","0","0","0","4","0","","67","02","2022","7","40.0292","-75.2183","1757","06","0","0","0","0","0","1","0","0","","0","0","0","17","3","1","02","","0","40 01:45.084","","00","75 13:05.923","8","0","0","0","67301","0","0","0","N","0","0","0","2","67301","0","","1","01","","N","N","N","0","","0","0","2","3","3","","1755","1","2","0","0","0","1","0","2","0","2","03","03","N","","","","","","","","","","",""
"2022040523","1741","2","0","0","0","0","0","0","0","0","1","0","","67","04","2022","5","39.9004","-75.1568","1734","06","0","0","0","0","0","2","0","0","","0","0","0","17","1","4","00","N","2","39 54:01.279","1","00","75 09:24.398","8","0","0","0","67301","0","0","0","N","0","0","0","6","68K01","0","","1","01","0030","N","N","N","0","","0","0","2","0","0","Y","1724","4","4","0","0","0","4","0","2","0","4","03","03","N","","","","","","","","","","",""
"2022053196","0525","1","0","0","0","0","0","0","0","0","1","0","","67","04","2022","6","39.9943","-75.1575","0524","06","0","0","0","0","0","0","0","0","","1","0","0","05","3","0","00","N","2","39 59:39.550","6","00","75 09:27.122","1","0","0","0","67301","1","1","0","N","1","1","0","3","67301","0","2","1","09","0630","N","N","N","0","0","0","0","4","0","0","Y","0524","0","6","0","0","0","0","2","2","0","5","07","07","N","","","","","","","","","","",""
"2022024579","0832","0","0","0","0","0","0","0","0","0","4","0","","67","03","2022","5","39.9845","-75.183","0826","06","0","0","0","0","0","0","0","0","","0","0","0","08","1","1","03","","2","39 59:04.336","7","00","75 10:58.672","4","0","0","0","67301","0","0","0","N","0","0","0","3","67301","1","","1","01","0930","N","N","N","0","","0","0","2","3","3","Y","0815","1","2","0","0","0","0","0","2","0","2","03","03","N","","","","","","","","","","",""
"2022043756","1518","1","0","0","0","0","0","0","0","0","1","0","","67","05","2022","3","39.9436","-75.1427","1501","06","0","0","0","0","0","0","0","0","","0","0","0","14","1","2","00","N","0","39 56:36.879","","00","75 08:33.787","3","0","0","0","67301","0","0","0","N","0","0","0","3","68K01","0","","1","01","","N","N","N","0","","2","0","1","0","0","","1456","2","2","0","0","0","0","0","2","0","2","03","","N","","","","","","","","","","",""
"2022042364","0812","0","0","0","0","0","0","0","0","0","7","0","","67","05","2022","2","39.9922","-75.0858","0734","06","0","0","0","0","0","0","0","0","","0","0","0","07","1","0","00","N","2","39 59:32.024","2","00","75 05:08.902","0","0","0","0","67301","0","0","0","N","0","0","0","1","68K01","0","","5","09","0812","N","N","N","0","","0","0","1","0","0","N","0725","0","1","0","0","0","0","0","2","0","1","04","04","N","","","","","","","","","","",""
"2022015355","2257","3","0","0","0","0","0","0","0","0","1","0","","67","02","2022","3","40.0146","-75.1781","2245","06","0","0","0","0","0","0","0","0","","0","0","0","22","3","2","00","N","2","40 00:52.666","2","00","75 10:41.245","3","0","0","0","67301","0","0","0","N","0","0","0","4","67301","1","","1","01","2340","N","N","N","1","","1","0","0","0","0","Y","2226","2","4","0","0","0","0","0","2","0","4","03","03","N","","","","","","","","","","",""
"2022047193","1830","1","0","0","0","0","0","0","0","0","1","0","","67","05","2022","2","39.953","-75.1936","1821","06","0","0","0","0","0","1","0","0","","0","0","0","16","1","2","00","N","0","39 57:10.777","","00","75 11:36.880","3","0","0","0","67301","0","0","0","N","0","0","0","3","67301","0","","1","01","","N","N","N","0","","2","0","1","0","0","","1644","2","2","0","0","0","0","0","2","0","2","03","","N","","","","","","","","","","",""
"2022053687","1015","1","0","0","0","0","0","0","0","0","3","0","","67","04","2022","4","40.0409","-75.1873","1004","06","0","0","0","0","0","0","0","0","","0","0","0","09","1","0","01","","1","40 02:27.297","2","00","75 11:14.369","0","0","0","0","67301","0","0","0","N","0","0","0","2","67301","0","","1","01","1025","N","N","Y","1","","0","0","0","3","2","N","0950","0","2","0","0","0","0","0","2","0","2","04","04","N","","","","","","","","","","",""
"2022024421","0045","1","0","0","0","0","0","0","0","0","5","0","","67","03","2022","5","39.9953","-75.1439","0044","06","0","0","0","0","0","0","0","0","","0","0","0","00","3","1","00","N","0","39 59:43.030","","00","75 08:38.070","3","0","0","0","67301","0","0","0","N","0","0","0","1","67301","0","","6","01","","N","N","N","0","","1","0","2","0","0","","0043","1","3","0","0","1","0","0","2","0","3","03","03","N","","","","","","","","","","",""
"2022043733","0240","1","0","0","0","0","0","0","0","0","7","0","","67","05","2022","7","39.96","-75.1786","0240","06","0","0","0","0","0","0","0","0","","0","0","0","02","3","2","00","N","2","39 57:35.889","4","00","75 10:42.837","4","0","0","0","67301","0","0","0","N","0","0","0","2","68K01","2","","2","09","0244","N","N","N","0","","0","0","0","0","0","Y","0240","2","1","0","0","0","0","0","2","0","1","07","","N","","","","","","","","","","",""
"2022043711","0223","1","0","0","0","0","0","0","0","0","7","0","","67","05","2022","3","40.032","-75.0213","0206","06","0","0","0","0","0","0","0","0","","0","0","0","02","2","1","00","N","1","40 01:55.364","2","00","75 01:16.757","8","0","0","0","67301","0","0","0","N","0","0","0","2","68K01","0","","2","01","0235","N","N","N","0","","0","0","0","0","0","N","0200","1","1","0","0","0","1","0","2","0","1","03","","N","","","","","","","","","","",""
"2022043980","1330","4","0","0","0","0","0","0","0","0","4","0","","67","04","2022","1","39.9791","-75.2307","1323","06","0","0","0","0","0","0","0","0","","0","0","0","13","1","1","03","","0","39 58:44.935","","00","75 13:51.269","3","0","0","0","67301","0","0","0","N","0","0","0","3","67301","0","","1","01","","N","N","N","0","","1","0","0","3","3","","1320","1","4","0","0","0","0","0","2","0","4","03","","N","","","","","","","","","","",""
"2022052015","1045","1","0","0","0","0","0","0","0","0","8","0","","67","06","2022","6","39.9513","-75.1672","1045","06","0","0","0","0","0","0","0","0","","0","0","0","10","1","1","05","","0","39 57:04.571","","00","75 10:01.941","4","0","0","0","67301","1","0","0","N","1","0","0","1","67301","1","","1","01","","N","N","N","0","","0","0","0","3","2","","1040","1","2","0","0","0","0","0","2","0","1","03","03","N","","","","","","","","","","",""
"2022015561","0116","1","0","0","0","0","0","0","0","0","7","0","","67","02","2022","5","39.9239","-75.2221","0116","06","0","0","0","0","0","0","0","0","","0","0","0","22","3","1","01","","0","39 55:26.057","","00","75 13:19.574","8","0","0","0","67301","0","0","0","N","0","0","0","1","67301","0","","4","01","","N","N","N","0","","0","0","0","3","2","","2200","1","1","0","0","0","1","0","2","0","1","03","03","N","","","","","","","","","","",""
"2022014658","1800","2","0","0","0","0","0","0","0","0","4","0","","67","02","2022","2","39.9072","-75.2281","1751","06","0","0","0","0","0","0","0","0","","0","0","0","17","3","1","02","","1","39 54:25.912","5","00","75 13:41.329","3","0","0","0","67301","0","0","0","N","0","0","0","2","67301","0","","1","09","1910","N","N","N","0","","1","0","0","3","7","N","1743","1","2","0","0","2","0","0","2","0","2","06","98","N","","","","","","","","","","",""
"2022023699","0906","0","0","0","0","0","0","0","0","0","7","0","","67","03","2022","2","39.9218","-75.1894","0859","06","0","0","0","0","0","0","0","0","","0","0","0","07","1","1","00","N","0","39 55:18.573","","00","75 11:21.876","8","0","0","1","67301","0","0","0","N","0","0","0","1","67301","0","","4","01","","N","N","N","0","","0","0","0","0","0","","0710","1","2","0","0","0","1","0","2","0","1","03","","N","","","","","","","","","","",""
"2022024242","0825","1","0","0","0","0","0","0","0","0","4","0","","67","02","2022","5","40.0238","-75.0489","0825","06","0","0","0","0","0","0","0","1","","0","0","0","08","1","1","01","","0","40 01:25.824","","00","75 02:55.884","3","0","0","0","67301","0","0","0","N","0","0","0","3","67301","0","","1","01","","N","N","N","0","","1","0","1","3","3","","0825","1","2","0","0","3","0","0","2","0","2","03","03","N","","","","","","","","","","",""
"2022043851","1330","1","0","0","0","0","0","0","0","0","1","0","","67","05","2022","2","40.0808","-75.0286","1326","06","0","0","0","0","0","1","0","0","","0","0","0","13","1","1","01","","0","40 04:50.820","","00","75 01:42.117","3","0","0","0","67301","0","0","0","N","0","0","0","2","67301","0","","1","01","","N","N","N","0","","1","0","1","3","2","","1326","1","2","0","0","0","0","0","2","0","2","04","04","N","","","","","","","","","","",""
"2022029286","0448","2","0","0","0","0","0","0","0","0","5","0","","67","03","2022","4","40.0505","-75.1562","0445","06","0","0","0","0","0","0","0","0","","0","0","0","03","3","0","00","N","0","40 03:01.890","","00","75 09:22.300","9","0","0","0","67301","0","0","0","N","0","0","0","1","67301","0","","6","01","","N","N","N","0","","0","0","1","0","0","","0335","0","3","0","0","0","0","1","2","0","3","03","03","N","","","","","","","","","","",""
"2022040780","2324","0","0","0","0","0","0","0","0","0","1","1","","67","04","2022","3","39.9057","-75.1324","2323","06","0","0","0","0","0","0","0","0","","0","1","0","23","3","1","00","N","2","39 54:20.423","3","03","75 07:56.675","3","0","0","0","67301","0","0","0","N","0","0","0","2","67501","0","","1","01","2359","N","N","N","0","","1","0","1","3","8","N","2323","1","2","0","0","0","0","0","2","0","2","03","03","N","","","","","","","","","","",""
"2022024525","1308","1","0","0","0","0","0","0","0","0","4","0","","67","03","2022","4","39.8975","-75.2525","1256","06","0","0","0","0","0","1","1","0","","0","0","0","10","1","1","01","","0","39 53:51.445","","00","75 15:08.556","3","0","0","0","67301","0","0","0","N","0","0","0","2","67301","0","","1","09","","N","N","N","0","","1","0","1","3","4","","1019","1","2","0","0","1","0","0","2","0","2","07","07","N","","","","","","","","","","",""
"2022048412","0347","1","0","0","0","0","0","0","0","0","7","0","","67","05","2022","3","39.9478","-75.2275","0343","06","0","0","0","0","0","1","0","0","","0","0","0","03","3","1","00","N","0","39 56:52.001","","00","75 13:39.165","3","0","0","0","67301","0","0","0","N","0","0","0","1","67301","0","","9","09","","N","N","N","0","","1","0","0","3","2","","0340","1","1","0","0","0","0","0","2","0","1","07","07","N","","","","","","","","","","",""
"2022044089","0737","0","0","0","0","0","0","0","0","0","1","1","","67","04","2022","5","40.028","-75.1472","0737","06","0","0","0","0","0","0","0","0","","0","1","0","07","1","1","00","N","0","40 01:40.782","","00","75 08:49.753","4","0","0","0","67301","0","0","0","N","0","0","0","2","67301","1","","1","01","","N","N","N","0","","0","0","0","0","0","","0730","1","2","0","0","0","0","0","2","0","2","04","","N","","","","","","","","","","",""
"2022043844","0315","0","0","0","0","0","0","0","0","0","7","0","","67","04","2022","1","40.0681","-75.0171","0302","06","0","0","0","0","0","0","0","0","","0","0","0","02","3","1","00","N","0","40 04:05.150","","00","75 01:01.450","8","0","0","0","67301","0","0","0","N","0","0","0","1","67301","0","","5","01","","N","N","N","0","","0","0","1","0","0","","0220","1","1","0","0","0","1","0","2","0","1","03","03","N","","","","","","","","","","",""
"2022041397","0227","0","0","0","0","0","0","0","0","0","7","1","","67","04","2022","3","40.037","-75.0135","0222","06","0","0","0","0","0","0","1","0","","0","1","0","02","3","1","00","N","2","40 02:13.030","1","00","75 00:48.677","3","0","0","0","67301","0","0","0","Y","0","0","0","1","68K01","0","","4","09","0543","N","N","N","0","","1","0","0","0","0","Y","0222","1","1","0","0","1","0","0","2","0","1","07","","N","","","","","","","","","","",""
"2022026973","1215","0","0","0","0","0","0","0","0","0","8","0","15","67","03","2022","2","39.9178","-75.1793","1210","06","0","0","0","0","0","0","0","0","","0","0","0","12","1","1","01","","1","39 55:04.061","3","00","75 10:45.491","3","0","0","0","67301","1","0","0","N","1","0","0","2","67301","0","","1","01","0000","N","N","N","1","","1","0","0","3","2","N","1200","1","2","0","0","0","0","0","2","0","1","03","03","Y","4","1","Y","N","Y","Y","Y","N","N","Y","Y"
"2022027033","0244","0","0","0","0","0","0","0","0","0","5","0","","67","03","2022","7","39.9861","-75.2082","0241","06","0","0","0","0","0","0","0","0","","0","0","0","02","3","0","00","N","2","39 59:10.113","3","00","75 12:29.459","0","0","0","0","67301","0","0","0","N","0","0","0","2","68K01","0","","1","01","0330","N","N","N","0","","0","0","2","0","0","N","0239","0","2","0","0","0","0","0","2","0","2","03","03","N","","","","","","","","","","",""
"2022023782","0358","2","0","0","0","0","0","0","0","0","5","0","","67","02","2022","1","40.0009","-75.1288","0355","06","0","0","0","0","0","0","0","0","","0","0","0","03","3","1","00","N","2","40 00:03.100","7","00","75 07:43.500","3","0","0","0","67301","0","0","0","N","0","0","0","1","67301","0","","6","01","0545","N","N","N","0","","1","0","1","0","0","N","0350","1","3","0","0","1","0","0","2","0","3","03","03","N","","","","","","","","","","",""
"2022040691","0825","1","0","0","0","0","0","0","0","0","1","0","","67","04","2022","3","39.9825","-75.2079","0825","06","0","0","0","0","0","0","1","0","","0","0","0","08","1","0","00","N","0","39 58:56.979","","00","75 12:28.295","0","0","0","0","67301","0","0","0","N","0","0","0","2","68K01","0","","1","01","","N","N","N","1","","0","0","0","0","0","","0825","0","2","0","0","0","0","0","2","0","2","03","03","N","","","","","","","","","","",""
"2022014904","0248","1","0","0","0","0","0","0","0","0","7","0","","67","02","2022","7","39.9953","-75.156","0247","06","0","0","0","0","0","0","0","0","","0","0","0","02","3","1","00","N","2","39 59:43.040","7","00","75 09:21.540","3","0","0","0","67301","0","0","0","N","0","0","0","1","67301","0","","4","01","0340","N","N","N","0","","1","0","0","0","0","N","0243","1","1","0","0","0","0","0","2","0","1","03","03","N","","","","","","","","","","",""
"2022014753","0713","3","0","0","0","0","0","0","0","0","6","0","","67","02","2022","4","39.9291","-75.1687","0707","06","0","0","0","0","0","2","0","0","","0","0","0","07","1","2","00","N","0","39 55:44.636","","00","75 10:07.421","3","0","0","0","67301","0","0","0","N","0","0","0","4","67301","0","","3","01","","N","N","N","1","","1","0","1","0","0","","0700","2","5","0","0","0","1","0","2","0","5","05","07","N","","","","","","","","","","",""
"2022038510","1339","1","0","0","0","0","0","0","0","0","98","0","","67","03","2022","4","39.9961","-75.0827","1311","06","0","0","0","0","0","0","0","0","","0","0","0","13","1","0","00","N","1","39 59:45.986","1","00","75 04:57.708","0","0","0","0","67301","0","0","0","N","0","0","0","1","68K01","0","","1","01","1339","N","N","N","0","","0","0","0","0","0","N","1309","0","1","0","0","0","0","0","2","0","1","03","","N","","","","","","","","","","",""
"2022014786","0831","1","0","0","0","0","0","0","0","0","8","0","","67","02","2022","5","39.9804","-75.2264","0830","06","0","0","0","0","0","0","0","0","","0","0","0","19","1","1","00","N","0","39 58:49.400","","00","75 13:35.200","2","0","0","0","67301","1","0","1","N","1","0","1","2","67301","0","","1","99","","N","N","N","0","","0","1","0","0","0","","1930","1","2","0","0","0","0","0","2","0","1","99","","N","","","","","","","","","","",""
"2022014591","0826","1","0","0","0","0","0","0","0","0","5","0","","67","02","2022","6","40.1184","-75.0182","0826","06","0","0","0","0","0","0","0","0","","0","0","0","08","1","1","00","N","0","40 07:06.314","","00","75 01:05.620","3","0","0","0","67301","0","0","0","N","0","0","0","4","67301","0","","1","09","","N","N","N","0","","1","0","1","0","0","","0825","1","2","0","0","0","0","0","2","0","2","07","04","N","","","","","","","","","","",""
"2022012272","1245","0","0","0","0","0","0","0","0","0","1","0","","67","02","2022","4","39.9586","-75.1677","1236","06","0","0","0","0","0","1","0","0","","0","0","0","12","1","1","00","N","0","39 57:31.018","","00","75 10:03.792","8","0","0","0","67301","0","0","0","N","0","0","0","3","68K01","0","","1","09","","N","N","N","0","","0","0","2","0","0","","1233","1","2","0","0","1","1","0","2","0","2","03","","N","","","","","","","","","","",""
"2022014736","1432","1","0","0","0","0","0","0","0","0","4","0","","67","02","2022","7","40.0255","-75.0638","1428","06","0","0","0","0","0","0","0","0","","0","0","0","14","1","3","01","","2","40 01:31.818","6","00","75 03:49.557","3","0","0","0","67301","0","0","0","N","0","0","0","4","67301","0","","1","01","1700","N","N","N","1","","3","0","1","3","3","N","1422","3","3","0","0","0","0","0","2","0","3","03","03","N","","","","","","","","","","",""
"2022024132","0813","0","0","0","0","0","0","0","0","0","1","0","","67","03","2022","4","39.8946","-75.2367","0812","06","0","0","0","0","0","1","0","0","","0","0","0","08","1","0","01","","1","39 53:40.603","1","00","75 14:12.181","0","0","0","0","67301","0","0","0","N","0","0","0","3","67301","0","","1","09","0045","N","N","N","0","","0","0","1","3","2","N","0809","0","2","0","0","0","0","0","2","1","2","07","07","N","","","","","","","","","","",""
"2022025528","1559","1","0","0","0","0","0","0","0","0","4","0","","67","03","2022","7","40.0687","-75.1641","1549","06","0","0","0","0","0","0","1","0","","0","0","0","13","1","1","01","","0","40 04:07.205","","00","75 09:50.797","3","0","0","0","67301","0","0","0","N","0","0","0","2","67301","0","","1","01","","N","N","N","0","","1","0","1","3","2","","1333","1","2","0","0","0","0","0","2","0","2","03","98","N","","","","","","","","","","",""
"2022026967","2036","2","0","0","0","0","0","0","0","0","4","0","","67","03","2022","3","39.9556","-75.234","2036","06","0","0","0","0","0","0","0","0","","0","0","0","20","3","1","01","","1","39 57:20.080","4","00","75 14:02.342","8","0","0","0","67301","0","0","0","N","0","0","0","3","67301","0","","1","01","2100","N","N","N","0","","0","0","0","3","2","N","2036","1","2","0","0","0","1","2","2","0","2","03","","N","","","","","","","","","","",""
"2022047195","2000","0","0","0","0","0","0","0","0","0","8","0","","67","04","2022","2","39.9796","-75.2688","2000","06","0","0","0","0","0","0","0","0","","0","0","0","15","1","1","00","N","0","39 58:46.640","","07","75 16:07.729","8","0","0","0","67301","1","0","0","N","1","0","0","2","67301","0","","1","99","","N","N","N","0","","0","0","1","0","0","","1500","1","2","0","0","0","1","1","2","0","1","99","","N","","","","","","","","","","",""
"2022014702","1850","0","0","0","0","0","0","0","0","0","4","0","","67","02","2022","6","40.0523","-75.2015","1837","06","0","0","0","0","0","0","0","0","","0","0","0","18","2","1","01","","0","40 03:08.305","","00","75 12:05.258","3","0","0","0","67301","0","0","0","N","0","0","0","3","67301","0","","1","09","","N","N","N","1","","1","0","1","3","3","","1820","1","2","0","0","0","0","0","2","0","2","07","","N","","","","","","","","","","",""
"2022038551","0603","2","0","0","0","0","0","0","0","0","1","0","","67","04","2022","3","39.9368","-75.1993","0554","06","0","0","0","0","0","0","0","0","","0","0","0","05","1","0","00","N","1","39 56:12.448","3","00","75 11:57.428","9","0","0","0","67301","0","0","0","N","0","0","0","3","68K01","0","","1","01","0607","N","N","N","0","","0","0","0","0","0","N","0548","0","3","0","0","0","0","1","2","0","3","03","","N","","","","","","","","","","",""
"2022037952","2157","1","0","0","0","0","0","1","0","0","1","1","","67","04","2022","2","40.0403","-75.0585","2154","06","0","0","0","0","0","1","0","0","","0","0","0","21","3","1","01","","0","40 02:25.164","","00","75 03:30.737","8","0","0","0","67301","0","0","0","N","0","0","0","2","67508","0","","1","01","","N","N","Y","0","","0","0","0","3","2","","2154","1","2","0","0","0","1","0","2","0","2","03","03","N","","","","","","","","","","",""
"2022037593","1410","0","0","0","0","0","0","1","0","0","4","1","","67","04","2022","3","39.9915","-75.2266","1400","06","0","0","0","0","0","1","0","0","","0","0","0","14","1","1","01","","0","39 59:29.482","","00","75 13:35.641","4","0","0","0","67301","0","0","0","N","0","0","0","3","67508","1","","1","01","","N","N","Y","0","","0","0","1","3","2","","1400","1","2","0","0","0","0","0","2","0","2","03","03","N","","","","","","","","","","",""
"2022037915","1156","0","0","0","1","0","0","0","0","0","8","1","","67","04","2022","6","39.9576","-75.1912","1155","06","0","0","0","0","0","0","0","0","","0","1","0","11","1","1","00","N","0","39 57:27.200","","07","75 11:28.200","3","0","0","0","67301","1","0","0","N","0","0","0","2","67507","0","","1","01","","N","N","N","0","","1","0","0","0","0","","1150","1","2","0","0","0","0","0","2","0","1","03","","N","","","","","","","","","","",""
"2022044372","1229","0","0","0","0","0","0","0","0","0","1","0","","67","04","2022","6","39.8877","-75.2423","1216","06","0","0","0","0","0","0","0","0","","0","0","0","12","1","0","00","N","0","39 53:15.749","","00","75 14:32.165","0","0","0","0","67301","0","0","0","N","0","0","0","3","68K01","0","","1","01","","N","N","N","0","","0","0","2","0","0","","1215","0","2","0","0","0","0","0","2","0","2","03","","N","","","","","","","","","","",""
"2022029453","0701","1","0","0","0","0","0","0","0","0","1","0","","67","03","2022","2","40.0358","-75.0681","0701","06","0","0","0","0","0","0","1","0","","0","0","0","06","1","0","00","N","2","40 02:08.792","2","00","75 04:05.034","0","0","0","0","67301","0","0","0","N","0","0","0","3","67301","0","","1","01","0100","N","N","N","0","","0","0","2","0","0","N","0649","0","3","0","0","0","0","0","2","0","3","03","03","N","","","","","","","","","","",""
"2022023754","0950","1","0","0","0","0","0","0","0","0","2","0","","67","03","2022","1","40.0256","-75.0847","0943","06","0","0","0","0","0","1","0","0","","0","0","0","09","1","0","00","N","0","40 01:32.140","","00","75 05:05.080","0","0","0","0","67301","0","0","0","N","0","0","0","1","67301","0","","6","01","","N","N","N","0","","0","0","0","0","0","","0923","0","2","0","0","0","0","0","2","1","2","07","04","N","","","","","","","","","","",""
"2022018319","0109","1","0","0","0","0","0","0","0","0","7","0","","67","02","2022","1","39.9869","-75.2084","0109","06","0","0","0","0","0","1","0","0","","0","0","0","01","3","0","00","N","1","39 59:12.711","3","02","75 12:30.117","0","0","0","0","67301","0","0","0","Y","0","0","0","1","68K01","0","","4","01","0140","N","N","N","0","","0","0","0","0","0","N","0104","0","1","0","0","0","0","0","2","0","1","03","03","N","","","","","","","","","","",""
"2022014701","0938","2","0","0","0","0","0","0","0","0","4","0","","67","02","2022","6","40.0741","-75.1584","0924","06","0","0","0","0","0","0","1","0","","0","0","0","09","1","2","05","","0","40 04:26.918","","00","75 09:30.203","3","0","0","0","67301","0","0","0","N","0","0","0","2","67301","0","","1","09","","N","N","N","0","","2","0","0","3","2","","0924","2","2","0","0","0","0","0","2","0","2","07","07","N","","","","","","","","","","",""
"2022038507","1547","2","0","0","0","0","0","0","0","0","1","0","","67","03","2022","5","40.0299","-75.0223","1510","06","0","0","0","0","0","0","0","0","","0","0","0","15","1","2","00","N","1","40 01:47.477","2","00","75 01:20.261","8","0","0","0","67301","0","0","0","N","0","0","0","4","68K01","0","","1","09","1620","N","N","N","0","","0","0","1","0","0","N","1509","2","3","0","0","0","2","0","2","0","3","07","","N","","","","","","","","","","",""
"2022038522","1449","1","0","0","0","0","0","0","0","0","5","0","","67","04","2022","5","39.9494","-75.1418","1420","06","0","0","0","0","0","0","0","0","","0","0","0","14","1","0","00","N","0","39 56:57.988","","00","75 08:30.651","0","0","0","0","67301","0","0","0","N","0","0","0","2","68K01","0","","1","01","","N","N","N","0","","0","0","1","0","0","","1420","0","2","0","0","0","0","0","2","0","2","04","","N","","","","","","","","","","",""
"2022039583","1745","1","0","0","0","0","0","0","0","0","7","0","","67","04","2022","6","39.9038","-75.1502","1731","06","0","0","0","0","1","0","0","0","","0","0","0","17","1","1","00","N","1","39 54:13.845","1","00","75 09:00.838","3","0","0","0","67301","0","0","0","N","0","0","0","1","68Z99","0","","2","01","1800","N","N","N","0","","1","0","0","0","0","N","1729","1","1","0","0","0","0","0","2","0","1","03","03","N","","","","","","","","","","",""
"2022015562","1620","1","0","0","0","0","0","0","0","0","7","0","","67","02","2022","5","40.0028","-75.1378","1620","06","0","0","0","0","0","0","0","0","","0","0","0","15","1","1","05","","0","40 00:10.040","","00","75 08:16.231","3","0","0","0","67301","0","0","0","N","0","0","0","1","67301","0","","4","09","","N","N","N","0","","1","0","0","3","2","","1550","1","1","0","0","0","0","0","2","0","1","07","07","N","","","","","","","","","","",""
"2022014824","2341","1","0","0","0","0","0","0","0","0","5","0","","67","02","2022","5","40.0112","-75.136","2331","06","0","0","0","0","0","0","0","0","","0","0","0","23","3","0","00","N","1","40 00:40.400","1","00","75 08:09.630","9","0","0","0","67301","0","0","0","N","0","0","0","1","67301","0","","6","09","0130","N","N","N","0","","0","0","1","0","0","N","2307","0","2","0","0","0","0","1","2","0","2","07","07","N","","","","","","","","","","",""
"2022038648","1335","0","0","0","0","0","0","0","0","0","0","1","","67","03","2022","4","39.8916","-75.2376","1328","06","0","0","0","0","0","1","0","0","","0","1","0","13","1","1","00","N","2","39 53:29.892","2","00","75 14:15.400","4","0","0","0","67301","0","0","0","N","0","0","0","1","68K01","1","","1","01","1813","N","N","N","0","","0","0","0","0","0","Y","1328","1","1","0","0","0","0","0","2","0","1","03","","N","","","","","","","","","","",""
"2022013942","1952","0","0","0","0","0","0","0","0","0","5","0","","67","02","2022","6","40.0264","-75.0272","1946","06","0","0","0","0","0","0","0","0","","0","0","0","19","3","0","00","N","1","40 01:34.958","2","00","75 01:37.941","0","0","0","0","67301","0","0","0","N","0","0","0","2","68K01","0","","1","09","1955","N","N","N","0","","0","0","2","0","0","N","1945","0","2","0","0","0","0","0","2","0","2","07","07","N","","","","","","","","","","",""
"2022045389","1420","0","0","0","0","0","0","0","0","0","8","0","","67","04","2022","2","40.1019","-75.0396","1412","06","0","0","0","0","0","0","0","0","","0","0","0","14","1","1","00","N","0","40 06:07.016","","00","75 02:22.468","8","0","0","0","67301","1","0","0","N","1","0","0","2","67301","0","","4","09","","N","N","N","1","","0","0","0","0","0","","1411","1","2","0","0","0","1","0","2","0","1","07","07","N","","","","","","","","","","",""
"2022029288","0125","1","0","0","0","0","0","0","0","0","6","0","99","67","03","2022","3","40.0206","-75.1566","0123","06","0","0","0","0","0","1","0","0","","0","0","0","01","3","0","00","N","2","40 01:14.024","5","00","75 09:23.621","0","0","0","0","67301","0","0","0","N","0","0","0","2","67301","0","","1","01","0250","N","N","N","0","","0","0","1","0","0","Y","0122","0","2","0","0","0","0","0","2","0","2","03","03","Y","4","1","U","","","U","Y","","Y","","N"