"CRN","ARRIVAL_TM","AUTOMOBILE_COUNT","BELTED_DEATH_COUNT","BELTED_SUSP_SERIOUS_INJ_COUNT","BICYCLE_COUNT","BICYCLE_DEATH_COUNT","BICYCLE_SUSP_SERIOUS_INJ_COUNT","BUS_COUNT","CHLDPAS_DEATH_COUNT","CHLDPAS_SUSP_SERIOUS_INJ_COUNT","COLLISION_TYPE","COMM_VEH_COUNT","CONS_ZONE_SPD_LIM","COUNTY","CRASH_MONTH","CRASH_YEAR","DAY_OF_WEEK","DEC_LAT","DEC_LONG","DISPATCH_TM","DISTRICT","DRIVER_COUNT_16YR","DRIVER_COUNT_17YR","DRIVER_COUNT_18YR","DRIVER_COUNT_19YR","DRIVER_COUNT_20YR","DRIVER_COUNT_50_64YR","DRIVER_COUNT_65_74YR","DRIVER_COUNT_75PLUS","EST_HRS_CLOSED","FATAL_COUNT","HEAVY_TRUCK_COUNT","HORSE_BUGGY_COUNT","HOUR_OF_DAY","ILLUMINATION","INJURY_COUNT","INTERSECT_TYPE","INTERSECTION_RELATED","LANE_CLOSED","LATITUDE","LN_CLOSE_DIR","LOCATION_TYPE","LONGITUDE","MAX_SEVERITY_LEVEL","MCYCLE_DEATH_COUNT","MCYCLE_SUSP_SERIOUS_INJ_COUNT","MOTORCYCLE_COUNT","MUNICIPALITY","NONMOTR_COUNT","NONMOTR_DEATH_COUNT","NONMOTR_SUSP_SERIOUS_INJ_COUNT","NTFY_HIWY_MAINT","PED_COUNT","PED_DEATH_COUNT","PED_SUSP_SERIOUS_INJ_COUNT","PERSON_COUNT","POLICE_AGCY","POSSIBLE_INJ_COUNT","RDWY_SURF_TYPE_CD","RELATION_TO_ROAD","ROAD_CONDITION","ROADWAY_CLEARED","SCH_BUS_IND","SCH_ZONE_IND","SECONDARY_CRASH","SMALL_TRUCK_COUNT","SPEC_JURIS_CD","SUSP_MINOR_INJ_COUNT","SUSP_SERIOUS_INJ_COUNT","SUV_COUNT","TCD_FUNC_CD","TCD_TYPE","TFC_DETOUR_IND","TIME_OF_DAY","TOT_INJ_COUNT","TOTAL_UNITS","UNB_DEATH_COUNT","UNB_SUSP_SERIOUS_INJ_COUNT","UNBELTED_OCC_COUNT","UNK_INJ_DEG_COUNT","UNK_INJ_PER_COUNT","URBAN_RURAL","VAN_COUNT","VEHICLE_COUNT","WEATHER1","WEATHER2","WORK_ZONE_IND","WORK_ZONE_LOC","WORK_ZONE_TYPE","WORKERS_PRES","WZ_CLOSE_DETOUR","WZ_FLAGGER","WZ_LAW_OFFCR_IND","WZ_LN_CLOSURE","WZ_MOVING","WZ_OTHER","WZ_SHLDER_MDN","WZ_WORKERS_INJ_KILLED"
"2022044075","2040","1","0","0","0","0","0","0","0","0","4","0","","67","05","2022","3","39.9916","-75.1365","2040","06","0","0","0","0","0","0","0","0","","0","0","0","16","1","0","00","N","1","39 59:29.582","3","00","75 08:11.228","9","0","0","0","67301","0","0","0","N","0","0","0","2","67301","0","","1","01","1645","N","N","N","0","","0","0","1","3","2","N","1605","0","2","0","0","0","0","1","2","0","2","03","","N","","","","","","","","","","",""
"2022043834","0155","1","0","0","0","0","0","0","0","0","5","0","","67","01","2022","2","40.0692","-75.0684","0145","06","0","0","0","0","0","0","0","0","","0","0","0","01","3","0","00","N","0","40 04:09.293","","00","75 04:06.297","0","0","0","0","67301","0","0","0","N","0","0","0","1","67301","0","","6","06","","N","N","N","0","","0","0","1","0","0","","0140","0","3","0","0","0","0","0","2","1","3","06","08","N","","","","","","","","","","",""
"2022021363","0126","2","0","0","0","0","0","0","0","0","6","0","","67","02","2022","4","39.9809","-75.2065","0122","06","0","0","0","0","0","0","0","0","","0","0","0","01","2","0","00","N","2","39 58:51.396","3","00","75 12:23.407","0","0","0","0","67301","0","0","0","N","0","0","0","2","68K01","0","","1","09","0135","N","N","Y","0","","0","0","0","0","0","Y","0116","0","2","0","0","1","0","0","2","0","2","03","03","N","","","","","","","","","","",""
"2022038768","1905","1","0","0","0","0","0","1","0","0","4","1","","67","04","2022","6","39.999","-75.1332","1829","06","0","0","0","0","0","0","0","0","","0","0","0","18","1","3","01","","2","39 59:56.498","7","00","75 07:59.680","4","0","0","0","67301","0","0","0","N","0","0","0","4","67508","3","","1","01","9999","N","N","Y","0","","0","0","1","3","2","Y","1829","3","3","0","0","0","0","0","2","0","3","03","03","N","","","","","","","","","","",""
"2022015353","0926","0","0","0","0","0","0","0","0","0","8","0","","67","02","2022","2","39.996","-75.1707","0920","06","0","0","0","0","0","0","0","0","","0","0","0","16","1","1","01","","0","39 59:45.712","","00","75 10:14.729","3","0","0","0","67301","1","0","0","N","1","0","0","2","67301","0","","1","01","","N","N","N","0","","1","0","1","3","2","","1603","1","2","0","0","0","0","1","2","0","1","03","03","N","","","","","","","","","","",""
"2022019666","1820","1","0","0","0","0","0","0","0","0","4","0","","67","02","2022","5","40.0352","-75.1455","1820","06","0","0","0","0","0","0","0","0","","0","0","0","17","4","0","01","","0","40 02:06.768","","00","75 08:43.662","0","0","0","0","67301","0","0","0","N","0","0","0","3","67301","0","","1","01","","N","N","N","0","","0","0","1","3","2","","1758","0","2","0","0","0","0","0","2","0","2","03","03","N","","","","","","","","","","",""
"2022038523","2025","0","0","0","0","0","0","0","0","0","7","0","","67","04","2022","5","39.9703","-75.1249","2023","06","0","0","0","0","0","1","0","0","","0","0","0","20","3","0","00","N","1","39 58:13.046","1","00","75 07:29.767","0","0","0","0","67301","0","0","0","Y","0","0","0","1","68K01","0","","4","09","2029","N","N","N","0","","0","0","1","0","0","N","2017","0","1","0","0","0","0","0","2","0","1","07","","N","","","","","","","","","","",""
"2022014809","1936","1","0","0","0","0","0","0","0","0","2","0","","67","02","2022","6","39.9906","-75.1155","1926","06","0","0","0","0","0","0","0","0","","0","0","0","19","3","3","00","N","1","39 59:26.160","1","00","75 06:55.875","3","0","0","0","67301","0","0","0","N","0","0","0","4","67301","0","","1","09","1950","N","N","N","1","","3","0","0","0","0","N","1923","3","2","0","0","2","0","0","2","0","2","07","03","N","","","","","","","","","","",""
"2022039375","2110","1","0","1","0","0","0","0","0","0","7","0","","67","04","2022","4","40.0355","-75.0172","2101","06","0","0","0","0","0","1","0","0","","0","0","0","20","3","1","00","N","1","40 02:07.785","1","00","75 01:01.764","2","0","0","0","67301","0","0","0","N","0","0","0","1","68K01","0","","2","01","2139","N","N","N","0","","0","1","0","0","0","N","2059","1","1","0","0","0","0","0","2","0","1","03","03","N","","","","","","","","","","",""
"2022038669","0804","0","0","0","0","0","0","0","0","0","5","1","","67","04","2022","6","40.0405","-75.0054","0741","06","0","0","0","0","0","1","0","0","","0","1","0","07","1","1","00","N","0","40 02:25.813","","00","75 00:19.446","3","0","0","0","67301","0","0","0","N","0","0","0","2","68K01","0","","1","01","","N","N","N","0","","1","0","0","0","0","","0739","1","2","0","0","0","0","1","2","1","2","03","","N","","","","","","","","","","",""
"2022038526","2155","1","0","0","0","0","0","0","0","0","7","0","","67","04","2022","5","39.96","-75.1798","2133","06","0","0","0","0","0","0","0","0","","0","0","0","21","3","0","07","","2","39 57:36.017","4","02","75 10:47.219","0","0","0","0","67301","0","0","0","N","0","0","0","2","68K01","0","","2","09","2230","N","N","N","0","","0","0","0","0","0","N","2131","0","1","0","0","0","0","0","2","0","1","07","","N","","","","","","","","","","",""
"2022044023","0430","1","0","0","0","0","0","0","0","0","4","0","","67","03","2022","5","40.0042","-75.0994","0430","06","0","0","0","0","0","0","0","0","","0","0","0","04","3","0","01","","1","40 00:15.118","3","01","75 05:57.764","9","0","0","0","67301","0","0","0","N","0","0","0","2","67301","0","","1","01","0445","N","N","N","0","","0","0","1","3","2","N","0421","0","2","0","0","0","0","1","2","0","2","03","03","N","","","","","","","","","","",""
"2022017337","1250","1","0","0","0","0","0","0","0","0","6","0","","67","02","2022","1","40.0464","-75.1507","1250","06","0","0","0","0","0","0","0","0","","0","0","0","22","6","4","01","","0","40 02:46.877","","00","75 09:02.484","4","0","0","0","67301","0","0","0","N","0","0","0","5","67301","4","","1","99","","N","N","N","0","","0","0","1","3","2","","2200","4","2","0","0","2","0","1","2","0","2","99","","N","","","","","","","","","","",""
"2022045507","0524","1","0","0","0","0","0","0","0","0","7","0","","67","04","2022","7","39.9608","-75.182","0512","06","0","0","0","0","0","0","0","0","","0","0","0","05","3","0","00","N","1","39 57:38.947","3","00","75 10:55.130","9","0","0","0","67301","0","0","0","N","0","0","0","1","68K01","0","","4","01","0610","N","N","N","0","","0","0","0","0","0","N","0511","0","1","0","0","0","0","1","2","0","1","03","","N","","","","","","","","","","",""
"2022043847","1920","1","0","0","0","0","0","0","0","0","7","0","","67","04","2022","4","40.053","-74.9827","1920","06","0","1","0","0","0","0","0","0","","0","0","0","19","1","0","01","","1","40 03:10.938","4","00","74 58:57.912","9","0","0","0","67301","0","0","0","N","0","0","0","1","67301","0","","5","01","0050","N","N","N","0","","0","0","0","3","2","Y","1900","0","1","0","0","0","0","1","2","0","1","03","03","N","","","","","","","","","","",""
"2022021681","1740","2","0","0","0","0","0","0","0","0","4","0","","67","02","2022","6","40.04","-75.0276","1732","06","0","0","0","0","0","0","0","0","","0","0","0","17","1","1","01","","0","40 02:24.144","","00","75 01:39.268","3","0","0","0","67301","0","0","0","N","0","0","0","2","67301","0","","1","01","","N","N","N","0","","1","0","0","3","3","","1705","1","2","0","0","0","0","1","2","0","2","03","03","N","","","","","","","","","","",""
"2022046226","2135","2","0","0","0","0","0","0","0","0","5","0","","67","05","2022","1","40.009","-75.0678","2120","06","0","0","0","0","0","0","0","0","","0","0","0","21","3","0","00","N","0","40 00:32.443","","00","75 04:04.098","0","0","0","0","67301","0","0","0","N","0","0","0","4","68K01","0","","2","01","","N","N","N","0","","0","0","0","0","0","","2111","0","2","0","0","0","0","0","2","0","2","03","03","N","","","","","","","","","","",""
"2022014869","2358","1","0","0","0","0","0","0","0","0","2","0","","67","02","2022","6","40.0362","-75.1495","2357","06","0","0","0","0","0","0","1","0","","0","0","0","23","3","2","00","N","2","40 02:10.420","7","00","75 08:58.300","2","0","0","0","67301","0","0","0","N","0","0","0","5","67301","0","","1","01","0410","N","N","N","0","","0","2","3","0","0","Y","2354","2","4","0","1","1","0","0","2","0","4","03","","N","","","","","","","","","","",""
"2022013331","1200","2","0","0","0","0","0","0","0","0","3","0","","67","02","2022","1","39.9769","-75.1551","1155","06","0","0","0","0","0","0","0","0","","0","0","0","11","1","0","02","","0","39 58:36.735","","07","75 09:18.244","0","0","0","0","67301","0","0","0","N","0","0","0","3","67505","0","","1","01","","N","N","N","0","","0","0","0","0","0","","1145","0","2","0","0","0","0","0","2","0","2","03","03","N","","","","","","","","","","",""
"2022014654","0340","3","0","0","0","0","0","0","0","0","4","0","","67","02","2022","5","39.9389","-75.2298","0332","06","0","0","0","0","0","0","0","0","","0","0","0","02","3","1","01","","0","39 56:20.000","","00","75 13:47.150","4","0","0","0","67301","0","0","0","N","0","0","0","2","67301","1","","1","09","","N","N","N","2","","0","0","0","3","3","","0252","1","5","0","0","2","0","1","2","0","5","07","07","N","","","","","","","","","","",""
"2022019639","1650","1","0","0","0","0","0","0","0","0","4","0","","67","02","2022","6","40.0216","-75.1244","1642","06","0","0","0","0","0","1","0","0","","0","0","0","16","4","0","01","","1","40 01:17.597","1","00","75 07:27.667","0","0","0","0","67301","0","0","0","N","0","0","0","4","67301","0","","1","09","1712","N","N","N","0","","0","0","1","3","2","N","1620","0","2","0","0","0","0","0","2","0","2","07","07","N","","","","","","","","","","",""
"2022014653","1650","1","0","0","0","0","0","0","0","0","4","0","","67","02","2022","4","39.9233","-75.2205","1650","06","0","0","0","1","0","0","0","0","","0","0","0","16","1","0","02","","0","39 55:23.710","","00","75 13:13.713","0","0","0","0","67301","0","0","0","N","0","0","0","2","67301","0","","1","01","","N","N","N","0","","0","0","1","3","2","","1650","0","2","0","0","0","0","0","2","0","2","03","03","N","","","","","","","","","","",""
"2022039414","0236","1","0","0","0","0","0","0","0","0","7","0","","67","04","2022","3","39.9687","-75.1277","0225","06","0","0","0","0","0","0","0","0","","0","0","0","02","3","1","00","N","2","39 58:07.309","1","00","75 07:39.693","4","0","0","0","67301","0","0","0","N","0","0","0","1","68K01","1","","2","01","0245","N","N","N","0","","0","0","0","0","0","Y","0225","1","1","0","0","0","0","0","2","0","1","03","03","N","","","","","","","","","","",""
"2022022805","0812","0","0","0","0","0","0","0","0","0","7","0","","67","03","2022","6","39.9214","-75.1906","0808","06","0","0","0","0","0","0","0","0","","0","0","0","08","1","1","00","N","1","39 55:16.900","3","08","75 11:26.300","4","0","0","0","67301","0","0","0","N","0","0","0","1","67501","1","","4","01","0835","N","N","N","0","","0","0","1","0","0","N","0808","1","1","0","0","0","0","0","2","0","1","03","03","N","","","","","","","","","","",""
"2022014550","0415","2","0","0","0","0","0","0","0","0","2","0","","67","02","2022","1","40.0331","-75.0901","0409","06","0","0","0","0","0","0","0","0","","0","0","0","04","3","0","00","N","0","40 01:59.160","","00","75 05:24.180","0","0","0","0","67301","0","0","0","N","0","0","0","1","67301","0","","1","01","","N","N","N","0","","0","0","0","0","0","","0400","0","2","0","0","0","0","0","2","0","2","03","03","N","","","","","","","","","","",""
"2022014594","1813","2","0","0","0","0","0","0","0","0","1","0","","67","02","2022","1","40.0649","-75.0515","1813","06","0","0","0","0","0","0","0","0","","0","0","0","18","3","1","01","","0","40 03:53.711","","00","75 03:05.569","3","0","0","0","67301","0","0","0","N","0","0","0","2","67301","0","","1","01","","N","N","N","0","","1","0","0","3","2","","1810","1","2","0","0","0","0","0","2","0","2","03","03","N","","","","","","","","","","",""
"2022039373","0956","1","0","0","0","0","0","0","0","0","1","1","55","67","04","2022","2","40.0371","-75.0139","0944","06","0","0","0","0","0","0","0","0","","0","1","0","09","1","1","00","N","0","40 02:13.611","","00","75 00:49.885","3","0","0","0","67301","0","0","0","N","0","0","0","2","68K01","0","","1","01","","N","N","N","0","","1","0","0","3","8","","0936","1","2","0","0","0","0","0","2","0","2","03","03","Y","2","2","Y","N","N","N","Y","N","N","Y","N"
"2022014655","0215","1","0","0","0","0","0","0","0","0","4","0","","67","02","2022","5","39.9113","-75.2427","2300","06","0","0","0","0","0","1","0","0","","0","0","0","23","3","0","05","","0","39 54:40.810","","00","75 14:33.592","0","0","0","0","67301","0","0","0","N","0","0","0","2","67301","0","","1","09","","N","N","N","0","","0","0","1","3","2","","2330","0","2","0","0","1","0","0","2","0","2","07","07","N","","","","","","","","","","",""
"2022038666","0942","0","0","0","0","0","0","0","0","0","1","0","","67","04","2022","5","40.0278","-75.0246","0942","06","0","0","0","0","0","1","0","0","","0","0","0","09","1","0","00","N","0","40 01:40.087","","00","75 01:28.527","0","0","0","0","67301","0","0","0","N","0","0","0","2","68K01","0","","1","01","","N","N","N","0","","0","0","2","0","0","","0931","0","2","0","0","0","0","0","2","0","2","03","","N","","","","","","","","","","",""
"2022034785","0220","1","0","0","0","0","0","0","0","0","5","1","","67","04","2022","6","39.9539","-75.1399","0217","06","0","0","0","0","0","0","0","0","","0","1","0","02","3","0","00","N","0","39 57:14.176","","03","75 08:23.478","9","0","0","0","67301","0","0","0","N","0","0","0","2","67501","0","","1","09","","N","N","Y","0","","0","0","0","3","1","","0217","0","2","0","0","0","0","1","2","0","2","04","","N","","","","","","","","","","",""
"2022038558","1539","1","0","0","0","0","0","0","0","0","4","0","","67","04","2022","4","39.9571","-75.1522","1512","06","0","0","0","1","0","1","0","0","","0","0","0","15","1","0","00","N","0","39 57:25.527","","00","75 09:07.806","0","0","0","0","67301","0","0","0","N","0","0","0","4","68K01","0","","1","01","","N","N","N","1","","0","0","0","0","0","","1511","0","2","0","0","0","0","0","2","0","2","03","03","N","","","","","","","","","","",""
"2022043192","1502","3","0","0","0","0","0","0","0","0","1","0","","67","05","2022","2","39.9866","-75.0915","1435","06","0","0","0","0","1","1","0","0","","0","1","0","14","1","0","00","N","1","39 59:11.611","1","00","75 05:29.228","0","0","0","0","67301","0","0","0","N","0","0","0","7","68K01","0","","1","01","1544","N","N","N","0","","0","0","0","0","0","N","1433","0","4","0","0","0","0","0","2","0","4","03","03","N","","","","","","","","","","",""
"2022041160","0926","1","0","0","0","0","0","0","0","0","7","0","","67","04","2022","7","40.0336","-75.02","0925","06","0","0","0","0","0","0","0","0","","0","0","0","09","1","0","00","N","1","40 02:00.991","1","03","75 01:11.833","0","0","0","0","67301","0","0","0","N","0","0","0","1","68K01","0","","3","09","0955","N","N","N","0","","0","0","0","0","0","N","0919","0","1","0","0","0","0","0","2","0","1","07","","N","","","","","","","","","","",""
"2022014687","1145","2","0","0","0","0","0","0","0","0","4","0","","67","01","2022","6","40.0572","-75.2079","1140","06","0","0","0","1","0","0","0","1","","0","0","0","11","1","2","02","","0","40 03:26.017","","00","75 12:28.580","3","0","0","0","67301","0","0","0","N","0","0","0","2","67301","0","","1","06","","N","N","Y","0","","2","0","0","3","3","","1122","2","2","0","0","0","0","0","2","0","2","10","","N","","","","","","","","","","",""
"2022014893","0845","1","0","0","0","0","0","0","0","0","7","0","","67","01","2022","7","40.0131","-75.2015","0822","06","0","0","0","0","0","0","0","0","","0","0","0","08","5","0","00","N","0","40 00:46.980","","00","75 12:05.370","0","0","0","0","67301","0","0","0","N","0","0","0","1","67301","0","","4","07","","N","N","N","0","","0","0","0","0","0","","0814","0","1","0","0","0","0","0","2","0","1","10","10","N","","","","","","","","","","",""
"2022014894","0850","2","0","0","0","0","0","0","0","0","4","0","","67","01","2022","2","40.0207","-75.1486","0845","06","0","0","0","0","0","0","0","0","","0","0","0","07","1","0","02","","2","40 01:14.374","4","00","75 08:55.521","0","0","0","0","67301","0","0","0","N","0","0","0","3","67301","0","","1","06","0938","N","N","N","0","","0","0","0","0","0","Y","0750","0","2","0","0","0","0","0","2","0","2","04","","N","","","","","","","","","","",""
"2022014652","0905","1","0","0","0","0","0","0","0","0","4","0","","67","02","2022","4","39.9211","-75.2242","0901","06","0","0","0","0","0","1","0","0","","0","0","0","08","1","3","01","","0","39 55:15.660","","00","75 13:26.832","4","0","0","0","67301","0","0","0","N","0","0","0","3","67301","3","","1","01","","N","N","Y","0","","0","0","1","3","2","","0830","3","2","0","0","0","0","0","2","0","2","03","03","N","","","","","","","","","","",""
"2022016552","2336","0","0","0","0","0","0","0","0","0","2","0","","67","02","2022","6","40.0134","-75.2055","2334","06","0","0","0","0","0","0","0","0","","0","0","0","23","3","0","00","N","2","40 00:48.226","3","02","75 12:19.885","0","0","0","0","67301","0","0","0","N","0","0","0","3","68K01","0","","1","01","0115","N","N","N","0","","0","0","2","0","0","N","2331","0","2","0","0","0","0","0","2","0","2","03","","N","","","","","","","","","","",""
"2022037463","1534","1","0","0","0","0","0","0","0","0","0","0","","67","03","2022","5","39.8916","-75.237","1512","06","0","0","0","0","0","0","0","0","","0","0","0","15","1","2","00","N","0","39 53:29.871","","00","75 14:13.343","8","0","0","0","67301","0","0","0","N","0","0","0","2","68K01","0","","5","01","","N","N","N","0","","0","0","0","0","0","","1510","2","1","0","0","0","2","0","2","0","1","03","03","N","","","","","","","","","","",""
"2022011716","0101","1","0","0","0","0","0","0","0","0","5","0","","67","02","2022","4","39.9554","-75.1479","0101","06","0","0","0","0","0","0","0","0","","0","0","0","01","3","2","00","N","0","39 57:19.331","","02","75 08:52.586","3","0","0","0","67301","0","0","0","N","0","0","0","2","67501","1","","1","09","","N","N","N","0","","1","0","1","3","8","","0101","2","2","0","0","0","0","0","2","0","2","03","","N","","","","","","","","","","",""
"2022016249","2130","1","0","0","0","0","0","0","0","0","5","0","","67","02","2022","6","39.8984","-75.2102","2115","06","0","0","0","0","0","0","0","0","","0","0","0","21","3","2","00","N","0","39 53:54.388","","03","75 12:36.807","2","0","0","0","67301","0","0","0","N","0","0","0","3","67301","0","","1","09","","N","N","N","0","","1","1","2","0","0","","2110","2","3","0","0","0","0","0","2","0","3","03","03","N","","","","","","","","","","",""
"2022039358","0640","0","0","0","0","0","0","0","0","0","1","0","","67","03","2022","2","40.0374","-75.0131","0619","06","0","0","0","0","0","0","0","0","","0","0","0","06","5","3","00","N","1","40 02:14.595","2","00","75 00:47.145","3","0","0","0","67301","0","0","0","N","0","0","0","3","68K01","2","","1","01","0720","N","N","N","0","","1","0","2","0","0","N","0600","3","2","0","0","0","0","0","2","0","2","03","03","N","","","","","","","","","","",""
"2022038677","1339","1","0","0","0","0","0","0","0","0","7","0","","67","04","2022","4","40.0052","-75.1964","1334","06","0","0","0","0","0","0","0","0","","0","0","0","12","1","0","07","","2","40 00:18.562","3","02","75 11:47.007","0","0","0","0","67301","0","0","0","Y","0","0","0","1","68K01","0","","2","01","1415","N","N","N","0","","0","0","0","0","0","N","1248","0","1","0","0","0","0","0","2","0","1","03","","N","","","","","","","","","","",""
"2022038649","1046","2","0","0","0","0","0","0","0","0","7","0","","67","03","2022","5","40.0406","-75.0056","1040","06","0","0","0","0","0","0","0","0","","0","0","0","10","1","1","00","N","1","40 02:26.316","2","00","75 00:20.120","3","0","0","0","67301","0","0","0","N","0","0","0","2","68K01","0","","4","09","1100","N","N","N","0","","1","0","0","0","0","N","1036","1","2","0","0","0","0","0","2","0","2","07","","N","","","","","","","","","","",""
"2022043910","1944","2","0","0","0","0","0","0","0","0","2","0","","67","05","2022","4","40.0818","-75.1717","1940","06","0","0","0","0","0","0","0","0","","0","0","0","19","1","3","01","","2","40 04:54.285","7","00","75 10:18.052","3","0","0","0","67301","0","0","0","N","0","0","0","4","67301","0","","1","01","2022","N","N","N","0","","3","0","0","3","2","Y","1936","3","2","0","0","0","0","0","2","0","2","03","03","N","","","","","","","","","","",""
"2022029215","2012","0","0","0","0","0","0","0","0","0","7","0","","67","03","2022","3","40.029","-75.1016","2009","06","0","0","0","0","0","1","0","0","","0","0","0","19","3","0","00","N","0","40 01:44.558","","00","75 06:05.927","0","0","0","0","67301","0","0","0","N","0","0","0","1","67301","0","","5","01","","N","N","N","0","","0","0","1","0","0","","1958","0","1","0","0","0","0","0","2","0","1","03","","N","","","","","","","","","","",""
"2022026962","1345","2","0","0","0","0","0","0","0","0","1","0","","67","03","2022","2","40.0243","-75.1327","1340","06","0","0","0","0","0","0","0","0","","0","0","0","08","1","1","00","N","0","40 01:27.312","","00","75 07:57.713","3","0","0","0","67301","0","0","0","N","0","0","0","2","67301","0","","1","01","","N","N","N","0","","1","0","0","0","0","","0800","1","2","0","0","0","0","0","2","0","2","03","03","N","","","","","","","","","","",""
"2022018139","0058","3","0","0","0","0","0","0","0","0","5","0","","67","02","2022","7","39.9796","-75.1626","0058","06","0","0","0","0","0","0","0","0","","0","0","0","00","3","0","00","N","2","39 58:46.700","2","00","75 09:45.500","0","0","0","0","67301","0","0","0","N","0","0","0","1","67505","0","","6","01","0125","N","N","N","0","","0","0","2","0","0","Y","0058","0","5","0","0","1","0","0","2","0","5","03","03","N","","","","","","","","","","",""
"2022014767","1210","0","0","0","0","0","0","0","0","0","8","0","","67","02","2022","7","39.9558","-75.1915","1204","06","0","0","0","0","0","0","0","0","","0","0","0","12","1","2","01","","0","39 57:20.966","","00","75 11:29.280","3","0","0","0","67301","2","0","0","N","2","0","0","3","67301","0","","1","01","","N","N","N","0","","2","0","0","3","2","","1204","2","3","0","0","0","0","0","2","1","1","03","","N","","","","","","","","","","",""
"2022019640","0737","3","0","0","0","0","0","0","0","0","5","0","","67","02","2022","7","40.0244","-75.1221","0734","06","0","0","0","0","0","0","0","0","","0","0","0","07","1","1","00","N","0","40 01:27.900","","00","75 07:19.600","3","0","0","0","67301","0","0","0","N","0","0","0","1","67301","0","","6","01","","N","N","N","0","","1","0","0","0","0","","0721","1","4","0","0","0","0","0","2","1","4","03","03","N","","","","","","","","","","",""
"2022014590","1626","1","0","0","0","0","0","0","0","0","4","0","","67","02","2022","5","40.0689","-75.0402","1612","06","0","0","0","0","1","0","1","0","","0","0","0","16","1","2","02","","0","40 04:07.880","","00","75 02:24.710","3","0","0","0","67301","0","0","0","N","0","0","0","2","67301","0","","1","09","","N","N","N","0","","2","0","0","3","3","","1604","2","2","0","0","0","0","0","2","1","2","07","","N","","","","","","","","","","",""
"2022053688","1015","0","0","0","0","0","0","0","0","0","5","0","","67","04","2022","4","40.0411","-75.1877","1004","06","0","0","0","0","0","0","0","0","","0","0","0","09","1","0","00","N","0","40 02:28.100","","00","75 11:15.600","0","0","0","0","67301","0","0","0","N","0","0","0","1","67301","0","","6","01","","N","N","Y","1","","0","0","1","0","0","","0950","0","2","0","0","0","0","0","2","0","2","04","04","N","","","","","","","","","","",""
"2022021931","1750","0","0","0","0","0","0","0","0","0","4","0","","67","02","2022","7","40.0106","-75.0789","1744","06","1","0","0","0","0","0","0","0","","0","0","0","17","3","1","00","N","0","40 00:37.785","","07","75 04:44.588","3","0","0","1","67301","0","0","0","N","0","0","0","2","67301","0","","1","01","","N","N","N","1","","1","0","0","0","0","","1742","1","2","0","0","0","0","0","2","0","2","03","","N","","","","","","","","","","",""
"2022052480","0945","0","0","0","0","0","0","0","0","0","5","1","","67","05","2022","3","40.0094","-75.0665","0930","06","0","0","0","0","0","1","0","0","","0","1","0","09","1","2","00","N","1","40 00:33.846","2","00","75 03:59.462","3","0","0","0","67301","0","0","0","N","0","0","0","2","67301","0","","1","01","1156","N","N","N","0","","2","0","1","0","0","N","0910","2","2","0","0","0","0","0","2","0","2","03","03","N","","","","","","","","","","",""
"2022044169","1620","0","0","0","0","0","0","0","0","0","4","0","","67","05","2022","3","40.0453","-75.0607","1612","06","0","0","0","0","0","0","0","0","","0","0","0","15","1","0","01","","0","40 02:43.041","","00","75 03:38.484","0","0","0","0","67301","0","0","0","N","0","0","0","1","67301","0","","5","01","","N","N","N","0","","0","0","2","3","2","","1531","0","2","0","0","0","0","0","2","0","2","03","03","N","","","","","","","","","","",""
"2022014782","1949","1","0","0","0","0","0","0","0","0","1","0","","67","01","2022","1","39.9755","-75.2299","1946","06","0","0","0","0","0","0","0","0","","0","0","0","19","3","0","00","N","0","39 58:31.800","","00","75 13:47.800","0","0","0","0","67301","0","0","0","N","0","0","0","1","67301","0","","6","09","","N","N","N","0","","0","0","3","0","0","","1944","0","4","0","0","0","0","0","2","0","4","98","","N","","","","","","","","","","",""
"2022014558","1800","3","0","0","0","0","0","0","0","0","5","1","","67","02","2022","5","39.9228","-75.1483","1758","06","0","0","0","0","0","0","0","0","","0","1","0","17","3","0","00","N","2","39 55:22.190","4","00","75 08:53.810","0","0","0","0","67301","0","0","0","N","0","0","0","1","67301","0","","6","09","1852","N","N","N","2","","0","0","6","0","0","Y","1745","0","12","0","0","0","0","0","2","0","12","07","","N","","","","","","","","","","",""
"2022038518","0928","0","0","0","0","0","0","0","0","0","7","0","","67","04","2022","2","40.0387","-75.0088","0908","06","0","0","0","0","0","0","0","0","","0","0","0","08","1","0","00","N","0","40 02:19.280","","00","75 00:31.662","0","0","0","0","67301","0","0","0","N","0","0","0","1","68K01","0","","4","01","","N","N","N","0","","0","0","1","0","0","","0836","0","1","0","0","0","0","0","2","0","1","03","","N","","","","","","","","","","",""
"2022014735","0146","2","0","0","0","0","0","0","0","0","4","0","","67","02","2022","7","40.0323","-75.0309","0140","06","0","0","0","0","0","0","0","0","","0","0","0","01","3","2","01","","0","40 01:56.357","","00","75 01:51.292","3","0","0","0","67301","0","0","0","N","0","0","0","3","67301","0","","1","01","","N","N","N","0","","2","0","0","3","2","","0120","2","2","0","0","0","0","0","2","0","2","03","03","N","","","","","","","","","","",""