"CRN","ARRIVAL_TM","AUTOMOBILE_COUNT","BELTED_DEATH_COUNT","BELTED_SUSP_SERIOUS_INJ_COUNT","BICYCLE_COUNT","BICYCLE_DEATH_COUNT","BICYCLE_SUSP_SERIOUS_INJ_COUNT","BUS_COUNT","CHLDPAS_DEATH_COUNT","CHLDPAS_SUSP_SERIOUS_INJ_COUNT","COLLISION_TYPE","COMM_VEH_COUNT","CONS_ZONE_SPD_LIM","COUNTY","CRASH_MONTH","CRASH_YEAR","DAY_OF_WEEK","DEC_LAT","DEC_LONG","DISPATCH_TM","DISTRICT","DRIVER_COUNT_16YR","DRIVER_COUNT_17YR","DRIVER_COUNT_18YR","DRIVER_COUNT_19YR","DRIVER_COUNT_20YR","DRIVER_COUNT_50_64YR","DRIVER_COUNT_65_74YR","DRIVER_COUNT_75PLUS","EST_HRS_CLOSED","FATAL_COUNT","HEAVY_TRUCK_COUNT","HORSE_BUGGY_COUNT","HOUR_OF_DAY","ILLUMINATION","INJURY_COUNT","INTERSECT_TYPE","INTERSECTION_RELATED","LANE_CLOSED","LATITUDE","LN_CLOSE_DIR","LOCATION_TYPE","LONGITUDE","MAX_SEVERITY_LEVEL","MCYCLE_DEATH_COUNT","MCYCLE_SUSP_SERIOUS_INJ_COUNT","MOTORCYCLE_COUNT","MUNICIPALITY","NONMOTR_COUNT","NONMOTR_DEATH_COUNT","NONMOTR_SUSP_SERIOUS_INJ_COUNT","NTFY_HIWY_MAINT","PED_COUNT","PED_DEATH_COUNT","PED_SUSP_SERIOUS_INJ_COUNT","PERSON_COUNT","POLICE_AGCY","POSSIBLE_INJ_COUNT","RDWY_SURF_TYPE_CD","RELATION_TO_ROAD","ROAD_CONDITION","ROADWAY_CLEARED","SCH_BUS_IND","SCH_ZONE_IND","SECONDARY_CRASH","SMALL_TRUCK_COUNT","SPEC_JURIS_CD","SUSP_MINOR_INJ_COUNT","SUSP_SERIOUS_INJ_COUNT","SUV_COUNT","TCD_FUNC_CD","TCD_TYPE","TFC_DETOUR_IND","TIME_OF_DAY","TOT_INJ_COUNT","TOTAL_UNITS","UNB_DEATH_COUNT","UNB_SUSP_SERIOUS_INJ_COUNT","UNBELTED_OCC_COUNT","UNK_INJ_DEG_COUNT","UNK_INJ_PER_COUNT","URBAN_RURAL","VAN_COUNT","VEHICLE_COUNT","WEATHER1","WEATHER2","WORK_ZONE_IND","WORK_ZONE_LOC","WORK_ZONE_TYPE","WORKERS_PRES","WZ_CLOSE_DETOUR","WZ_FLAGGER","WZ_LAW_OFFCR_IND","WZ_LN_CLOSURE","WZ_MOVING","WZ_OTHER","WZ_SHLDER_MDN","WZ_WORKERS_INJ_KILLED"
"2022030654","2344","2","0","0","0","0","0","0","0","0","5","0","","67","03","2022","2","39.9731","-75.134","2339","06","0","0","0","0","0","0","0","0","","0","0","0","23","3","2","00","N","0","39 58:23.082","","00","75 08:02.225","2","0","0","0","67301","1","0","1","N","1","0","1","2","67301","0","","6","01","","N","N","N","0","","0","1","1","0","0","","2330","2","4","0","0","0","1","0","2","0","3","03","","N","","","","","","","","","","",""
"2022019647","2230","0","0","0","0","0","0","0","0","0","4","0","","67","02","2022","7","40.0108","-75.1266","2030","06","0","0","0","0","0","0","0","0","","0","0","0","20","3","0","01","","0","40 00:38.955","","00","75 07:35.936","0","0","0","0","67301","0","0","0","N","0","0","0","2","67301","0","","1","01","","N","N","N","0","","0","0","2","3","2","","2030","0","2","0","0","1","0","0","2","0","2","03","03","N","","","","","","","","","","",""
"2022024902","0905","0","0","0","0","0","0","0","0","0","4","0","","67","03","2022","1","40.0153","-75.1372","0902","06","0","0","0","0","0","0","1","0","","0","0","0","09","1","1","01","","2","40 00:55.090","6","00","75 08:13.768","3","0","0","0","67301","0","0","0","N","0","0","0","3","67301","0","","1","09","0045","N","N","N","0","","1","0","2","3","2","Y","0900","1","3","0","0","0","0","0","2","0","3","07","07","N","","","","","","","","","","",""
"2022045682","1710","0","0","0","1","1","0","0","0","0","8","0","","67","05","2022","5","39.919","-75.241","1703","06","0","0","0","0","0","0","0","0","","1","0","0","17","1","0","00","N","0","39 55:08.440","","00","75 14:27.660","1","0","0","0","67301","1","1","0","N","0","0","0","2","67301","0","2","1","01","","N","N","N","0","0","0","0","1","0","0","","1701","0","2","0","0","0","0","0","2","0","1","03","03","N","","","","","","","","","","",""
"2022030172","1045","2","0","0","0","0","0","0","0","0","4","0","","67","03","2022","7","40.03","-75.0241","1045","06","0","0","0","0","0","2","0","0","","0","0","0","10","1","1","00","N","0","40 01:48.004","","07","75 01:26.710","3","0","0","0","67301","0","0","0","N","0","0","0","2","67301","0","","1","01","","N","N","N","0","","1","0","0","0","0","","1045","1","2","0","0","2","0","0","2","0","2","03","03","N","","","","","","","","","","",""
"2022020299","0733","2","0","0","0","0","0","0","0","0","4","0","","67","02","2022","6","39.9725","-75.2421","0733","06","0","0","0","0","0","0","0","0","","0","0","0","07","1","1","01","","0","39 58:21.046","","00","75 14:31.592","3","0","0","0","67301","0","0","0","N","0","0","0","2","67301","0","","1","09","","N","N","N","0","","1","0","1","3","3","","0733","1","3","0","0","0","0","0","2","0","3","07","07","N","","","","","","","","","","",""
"2022048472","0851","2","0","0","0","0","0","0","0","0","5","1","","67","05","2022","3","39.9795","-75.1333","0850","06","0","0","0","0","0","1","0","0","","0","1","0","08","1","0","00","N","0","39 58:46.070","","00","75 07:59.940","0","0","0","0","67301","0","0","0","N","0","0","0","1","67301","0","","6","01","","N","N","N","0","","0","0","1","0","0","","0833","0","4","0","0","0","0","0","2","0","4","03","03","N","","","","","","","","","","",""
"2022038509","0203","2","0","0","0","0","0","0","0","0","3","0","","67","03","2022","1","39.9566","-75.1534","0149","06","0","0","0","0","0","0","0","0","","0","0","0","01","3","0","00","N","0","39 57:23.923","","02","75 09:12.220","9","0","0","0","67301","0","0","0","N","0","0","0","3","68K01","0","","1","01","","N","N","N","0","","0","0","0","0","0","","0148","0","2","0","0","0","0","1","2","0","2","03","","N","","","","","","","","","","",""
"2022043668","1627","2","0","0","0","0","0","0","0","0","1","0","","67","03","2022","3","39.9917","-75.2025","1625","06","0","0","0","0","0","0","1","0","","0","0","0","16","1","2","00","N","1","39 59:30.142","4","00","75 12:09.034","8","0","0","0","67301","0","0","0","N","0","0","0","4","68K01","0","","1","01","1715","N","N","N","0","","0","0","2","0","0","N","1620","2","4","0","0","0","2","0","2","0","4","03","03","N","","","","","","","","","","",""
"2022043898","2030","2","0","0","0","0","0","0","0","0","2","0","","67","04","2022","5","40.0584","-75.1492","2019","06","0","0","0","0","0","1","0","0","","0","0","0","19","1","1","05","","0","40 03:30.348","","00","75 08:57.260","3","0","0","0","67301","0","0","0","N","0","0","0","3","67301","0","","1","01","","N","N","N","0","","1","0","0","3","2","","1910","1","2","0","0","1","0","1","2","0","2","03","98","N","","","","","","","","","","",""
"2022029858","2331","2","0","0","0","0","0","0","0","0","5","0","","67","03","2022","6","40.044","-75.0303","2328","06","0","0","0","0","0","0","0","0","","0","0","0","22","3","0","00","N","0","40 02:38.398","","00","75 01:48.904","0","0","0","0","67301","0","0","0","N","0","0","0","1","67301","0","","6","01","","N","N","N","0","","0","0","1","0","0","","2250","0","3","0","0","0","0","0","2","0","3","03","03","N","","","","","","","","","","",""
"2022018172","1629","1","0","0","0","0","0","0","0","0","1","0","","67","02","2022","3","39.9139","-75.1858","1626","06","0","0","0","0","0","0","0","0","","0","0","0","16","1","2","00","N","2","39 54:49.900","3","03","75 11:08.800","8","0","0","0","67301","0","0","0","N","0","0","0","3","67501","0","","1","01","1714","N","N","N","1","","0","0","1","0","0","N","1626","2","3","0","0","0","2","0","2","0","3","03","","N","","","","","","","","","","",""
"2022043845","0955","0","0","0","0","0","0","0","0","0","7","0","","67","04","2022","3","40.0434","-75.0226","0949","06","0","0","0","0","0","0","0","0","","0","0","0","09","1","0","00","N","2","40 02:36.319","5","00","75 01:21.212","0","0","0","0","67301","0","0","0","N","0","0","0","1","67301","0","","4","01","0900","N","N","N","0","","0","0","1","0","0","Y","0945","0","1","0","0","0","0","0","2","0","1","03","03","N","","","","","","","","","","",""
"2022051737","1624","1","0","0","0","0","0","0","0","0","8","0","","67","06","2022","5","40.0337","-75.0305","1622","06","0","0","0","0","0","0","0","0","","0","0","0","16","1","1","01","","1","40 02:01.453","2","00","75 01:49.663","3","0","0","0","67301","1","0","0","N","1","0","0","2","67301","0","","1","01","1651","N","N","N","0","","1","0","0","3","3","N","1622","1","2","0","0","0","0","0","2","0","1","04","04","N","","","","","","","","","","",""
"2022026826","1241","1","0","0","0","0","0","0","0","0","8","0","","67","03","2022","4","40.03","-75.165","1241","06","0","0","0","0","0","0","0","0","","0","0","0","12","1","1","02","","0","40 01:47.842","","00","75 09:53.911","3","0","0","0","67301","1","0","0","N","1","0","0","2","67301","0","","1","01","","N","N","N","0","","1","0","0","3","2","","1241","1","2","0","0","0","0","0","2","0","1","03","03","N","","","","","","","","","","",""
"2022016683","1540","1","0","0","0","0","0","0","0","0","4","0","","67","02","2022","3","39.9512","-75.2071","1539","06","0","0","0","0","1","0","1","0","","0","0","0","15","1","0","01","","0","39 57:04.183","","00","75 12:25.660","0","0","0","0","67301","0","0","0","N","0","0","0","2","67504","0","","1","01","","N","N","N","0","","0","0","1","3","3","","1536","0","2","0","0","0","0","0","2","0","2","03","03","N","","","","","","","","","","",""
"2022031942","1613","1","0","0","0","0","0","0","0","0","1","0","","67","03","2022","5","39.959","-75.1711","1551","06","0","0","0","0","0","0","0","0","","0","0","0","15","1","0","00","N","1","39 57:32.500","4","00","75 10:15.870","0","0","0","0","67301","0","0","0","N","0","0","0","3","68T07","0","","1","01","1650","N","N","N","0","","0","0","0","0","0","N","1550","0","2","0","0","0","0","0","2","1","2","03","","N","","","","","","","","","","",""
"2022016257","1715","0","0","0","0","0","0","0","0","0","8","0","","67","02","2022","4","39.9273","-75.1761","1710","06","0","0","0","0","0","0","1","0","","0","0","0","17","1","1","00","N","0","39 55:38.200","","00","75 10:34.100","4","0","0","0","67301","1","0","0","N","1","0","0","2","67301","1","","6","01","","N","N","N","0","","0","0","1","0","0","","1700","1","2","0","0","0","0","0","2","0","1","03","03","N","","","","","","","","","","",""
"2022023780","1900","2","0","0","0","0","0","0","0","0","4","0","","67","03","2022","1","40.0113","-75.1061","1855","06","0","0","0","0","1","0","0","0","","0","0","0","18","3","3","01","","1","40 00:40.660","3","00","75 06:21.970","3","0","0","0","67301","0","0","0","N","0","0","0","3","67301","0","","1","01","2055","N","N","N","0","","3","0","0","3","3","Y","1855","3","2","0","0","0","0","0","2","0","2","03","03","N","","","","","","","","","","",""
"2022017077","1716","0","0","0","0","0","0","0","0","0","4","0","","67","02","2022","1","39.9838","-75.2571","1455","06","0","0","0","0","0","1","1","0","","0","0","0","14","1","1","01","","0","39 59:01.640","","00","75 15:25.621","3","0","0","0","67301","0","0","0","N","0","0","0","2","67301","0","","1","09","","N","N","N","0","","1","0","2","3","3","","1430","1","2","0","0","0","0","0","2","0","2","03","07","N","","","","","","","","","","",""
"2022023756","0457","1","0","0","0","0","0","0","0","0","5","0","","67","03","2022","4","39.9571","-75.1825","0446","06","0","0","0","0","0","0","0","0","","0","0","0","04","3","0","00","N","0","39 57:25.480","","00","75 10:56.909","0","0","0","0","67301","0","0","0","N","0","0","0","2","67301","0","","1","01","","N","N","N","0","","0","0","1","0","0","","0429","0","2","0","0","0","0","0","2","0","2","03","","N","","","","","","","","","","",""
"2022022947","1915","1","0","0","0","0","0","0","0","0","7","0","","67","02","2022","1","40.0063","-75.1972","1907","06","0","0","0","0","0","0","0","0","","0","0","0","19","3","0","00","N","0","40 00:22.753","","00","75 11:49.982","0","0","0","0","67301","0","0","0","N","0","0","0","2","68K01","0","","3","01","","N","N","N","0","","0","0","0","0","0","","1903","0","1","0","0","0","0","0","2","0","1","03","","N","","","","","","","","","","",""
"2022047751","0949","2","0","0","0","0","0","0","0","0","4","0","","67","01","2022","4","40.0088","-75.1224","0950","06","0","0","0","0","0","0","0","0","","0","0","0","09","1","0","00","N","2","40 00:31.821","1","00","75 07:20.492","9","0","0","0","67301","0","0","0","N","0","0","0","1","67301","0","","6","01","1118","N","N","N","0","","0","0","1","0","0","Y","0949","0","3","0","0","0","0","1","2","0","3","03","03","N","","","","","","","","","","",""
"2022016843","1418","1","0","0","0","0","0","0","0","0","2","0","","67","02","2022","2","39.9946","-75.1596","1418","06","0","0","0","0","0","0","0","0","","0","0","0","14","1","1","00","N","0","39 59:40.496","","00","75 09:34.613","3","0","0","0","67301","0","0","0","N","0","0","0","2","67301","0","","1","01","","N","N","N","1","","1","0","1","0","0","","1404","1","3","0","0","1","0","0","2","0","3","03","03","N","","","","","","","","","","",""
"2022026399","2020","0","0","0","0","0","0","0","0","0","8","0","","67","03","2022","2","39.9622","-75.1913","2009","06","0","0","0","0","0","0","1","0","","0","0","0","17","1","1","01","","0","39 57:43.801","","00","75 11:28.582","3","0","0","0","67301","1","0","0","N","1","0","0","2","67301","0","","1","01","","N","N","Y","0","","1","0","1","3","2","","1712","1","2","0","0","0","0","0","2","0","1","03","","N","","","","","","","","","","",""
"2022044057","0505","0","0","0","0","0","0","0","0","0","2","1","","67","05","2022","6","40.0126","-75.1159","0545","06","0","0","0","0","0","2","0","0","","0","1","0","03","3","1","00","N","2","40 00:45.210","6","00","75 06:57.380","2","0","0","0","67301","0","0","0","N","0","0","0","2","67301","0","","1","01","0930","N","N","N","0","","0","1","1","0","0","Y","0326","1","2","0","0","0","0","0","2","0","2","04","04","N","","","","","","","","","","",""
"2022024352","2057","2","0","0","0","0","0","0","0","0","4","0","","67","03","2022","3","40.0453","-75.0607","2043","06","0","0","1","0","0","0","0","0","","0","0","0","20","3","2","01","","0","40 02:43.041","","00","75 03:38.484","8","0","0","0","67301","0","0","0","N","0","0","0","3","67301","0","","1","01","","N","N","N","0","","0","0","0","3","2","","2020","2","2","0","0","1","2","0","2","0","2","03","","N","","","","","","","","","","",""
"2022016842","0908","1","0","0","0","0","0","0","0","0","5","0","","67","02","2022","3","40.036","-75.1862","0902","06","0","0","0","0","0","1","0","0","","0","0","0","08","1","1","00","N","0","40 02:09.549","","00","75 11:10.423","8","0","0","0","67301","0","0","0","N","0","0","0","3","67301","0","","1","01","","N","N","N","0","","0","0","0","0","0","","0836","1","2","0","0","2","1","0","2","1","2","03","03","N","","","","","","","","","","",""
"2022044103","1120","1","0","0","0","0","0","0","0","0","5","0","","67","05","2022","4","40.041","-75.1442","1120","06","0","0","0","0","0","0","0","0","","0","1","0","04","6","1","00","N","0","40 02:27.559","","00","75 08:39.116","4","0","0","0","67301","0","0","0","N","0","0","0","2","67301","1","","1","99","","N","N","N","0","","0","0","0","0","0","","0400","1","2","0","0","1","0","1","2","0","2","99","","N","","","","","","","","","","",""
"2022048186","2027","3","0","0","0","0","0","0","0","0","5","0","","67","04","2022","3","40.0435","-75.0031","2013","06","0","0","0","0","0","0","0","0","","0","0","0","20","3","1","00","N","0","40 02:36.594","","00","75 00:11.076","4","0","0","0","67301","0","0","0","N","0","0","0","3","68K01","1","","4","09","","N","N","N","0","","0","0","0","0","0","","2009","1","3","0","0","0","0","1","2","0","3","04","04","N","","","","","","","","","","",""
"2022046598","2359","1","0","0","0","0","0","0","0","0","1","0","","67","04","2022","3","39.95","-75.1837","2351","06","0","0","0","0","1","0","0","0","","0","0","0","23","3","1","00","N","0","39 57:00.034","","00","75 11:01.487","8","0","0","0","67301","0","0","0","N","0","0","0","3","68K01","0","","1","09","","N","N","N","0","","0","0","0","0","0","","2351","1","2","0","0","0","1","1","2","0","2","07","","N","","","","","","","","","","",""
"2022042347","1824","0","0","0","0","0","0","0","0","0","7","0","","67","04","2022","3","39.9013","-75.1525","1824","06","0","0","0","0","0","0","0","0","","0","0","0","18","1","0","00","N","0","39 54:04.531","","00","75 09:08.848","0","0","0","0","67301","0","0","0","N","0","0","0","1","68K01","0","","4","09","","N","N","N","1","","0","0","0","0","0","","1824","0","1","0","0","0","0","0","2","0","1","07","","N","","","","","","","","","","",""
"2022045157","0635","1","0","0","1","0","0","0","0","0","8","0","","67","04","2022","7","39.9951","-75.1632","0630","06","0","0","0","0","0","0","0","0","","0","0","0","06","1","1","01","","0","39 59:42.182","","00","75 09:47.448","3","0","0","0","67301","1","0","0","N","0","0","0","2","67301","0","","1","01","","N","N","N","0","","1","0","0","3","2","","0604","1","2","0","0","0","0","0","2","0","1","03","03","N","","","","","","","","","","",""
"2022044145","0230","0","0","0","0","0","0","0","0","0","7","0","","67","05","2022","2","40.1186","-75.007","0227","06","0","0","0","0","0","0","0","0","","0","0","0","02","3","0","03","","0","40 07:06.967","","00","75 00:25.322","0","0","0","0","67301","0","0","0","N","0","0","0","1","67301","0","","5","01","","N","N","N","0","","0","0","1","3","2","","0225","0","1","0","0","0","0","0","2","0","1","03","03","N","","","","","","","","","","",""
"2022030744","2125","0","0","0","0","0","0","0","0","0","5","0","","67","03","2022","4","40.023","-75.0891","2125","06","0","0","0","0","0","0","0","0","","0","0","0","21","3","0","00","N","0","40 01:22.960","","00","75 05:20.680","0","0","0","0","67301","0","0","0","N","0","0","0","1","67301","0","","6","09","","N","N","N","0","","0","0","1","0","0","","2100","0","2","0","0","0","0","0","2","0","2","07","07","N","","","","","","","","","","",""
"2022049749","0930","1","0","0","0","0","0","0","0","0","8","0","","67","05","2022","5","39.983","-75.1325","0921","06","0","0","0","0","0","0","0","0","","0","0","0","08","1","1","05","","0","39 58:58.864","","00","75 07:57.169","4","0","0","0","67301","1","0","0","N","1","0","0","1","67301","1","","1","01","","N","N","N","0","","0","0","0","3","2","","0830","1","2","0","0","0","0","0","2","0","1","03","03","N","","","","","","","","","","",""
"2022029436","1825","3","0","0","0","0","0","0","0","0","4","0","","67","03","2022","4","39.9179","-75.1587","1819","06","0","0","0","1","0","0","0","0","","0","0","0","18","4","0","01","","0","39 55:04.321","","00","75 09:31.460","0","0","0","0","67301","0","0","0","N","0","0","0","2","67301","0","","1","09","","N","N","Y","0","","0","0","0","3","3","","1815","0","3","0","0","2","0","0","2","0","3","07","","N","","","","","","","","","","",""
"2022029158","0819","0","0","0","0","0","0","0","0","0","8","0","","67","03","2022","2","40.0553","-75.0538","0818","06","0","0","0","0","0","1","0","0","","0","0","0","08","1","1","00","N","0","40 03:19.161","","00","75 03:13.632","3","0","0","0","67301","1","0","0","N","1","0","0","2","67301","0","","1","01","","N","N","N","0","","1","0","1","0","0","","0818","1","2","0","0","0","0","0","2","0","1","03","03","N","","","","","","","","","","",""
"2022023790","0640","0","0","0","0","0","0","0","0","0","6","0","","67","02","2022","1","40.0438","-75.1448","0640","06","0","0","0","0","0","1","0","0","","0","0","0","11","1","1","00","N","0","40 02:37.650","","00","75 08:41.260","8","0","0","0","67301","0","0","0","N","0","0","0","2","67301","0","","6","01","","N","N","N","0","","0","0","1","0","0","","1145","1","2","0","0","0","1","0","2","0","2","03","03","N","","","","","","","","","","",""
"2022016192","1821","0","0","0","1","0","0","0","0","0","8","0","","67","02","2022","6","39.9261","-75.1928","1821","06","0","0","0","0","0","0","0","0","","0","0","0","18","3","1","01","","1","39 55:33.898","1","00","75 11:34.220","3","0","0","0","67301","1","0","0","N","0","0","0","2","67301","0","","1","01","1915","N","N","N","0","","1","0","1","3","3","N","1820","1","2","0","0","0","0","0","2","0","1","03","03","N","","","","","","","","","","",""
"2022044026","0348","0","0","0","0","0","0","0","0","0","4","0","","67","04","2022","7","39.9871","-75.1223","0345","06","0","0","0","0","0","0","0","0","","0","0","0","03","3","1","05","","0","39 59:13.382","","00","75 07:20.404","8","0","0","0","67301","0","0","0","N","0","0","0","2","67301","0","","1","09","","N","N","N","2","","0","0","0","3","2","","0340","1","2","0","0","0","1","0","2","0","2","07","07","N","","","","","","","","","","",""
"2022043992","1405","1","0","0","0","0","0","0","0","0","8","0","","67","04","2022","4","39.9825","-75.175","1359","06","0","0","0","0","0","0","0","0","","0","0","0","13","1","1","01","","0","39 58:56.847","","00","75 10:29.911","3","0","0","0","67301","1","0","0","N","1","0","0","2","67301","0","","1","01","","N","N","N","0","","1","0","0","3","2","","1359","1","2","0","0","0","0","0","2","0","1","03","03","N","","","","","","","","","","",""
"2022019657","1431","1","0","0","0","0","0","0","0","0","4","0","","67","02","2022","3","39.9705","-75.151","1431","06","0","0","0","0","0","0","0","0","","0","0","0","14","1","1","01","","0","39 58:13.623","","01","75 09:03.509","3","0","0","0","67301","0","0","0","N","0","0","0","2","67301","0","","1","09","","N","N","N","0","","1","0","1","3","3","","1400","1","2","0","0","0","0","0","2","0","2","07","07","N","","","","","","","","","","",""
"2022014770","1115","0","0","0","1","0","0","0","0","0","8","0","","67","02","2022","2","39.9537","-75.209","1115","06","0","0","0","0","0","0","0","0","","0","0","0","09","1","1","01","","0","39 57:13.410","","00","75 12:32.421","8","0","0","0","67301","1","0","0","N","0","0","0","2","67301","0","","1","09","","N","N","N","0","","0","0","1","3","2","","0945","1","2","0","0","0","1","0","2","0","1","04","07","N","","","","","","","","","","",""
"2022019609","1658","2","0","0","0","0","0","0","0","0","4","0","","67","02","2022","6","40.028","-75.0574","1648","06","0","0","0","0","0","1","0","0","","0","0","0","16","1","0","01","","0","40 01:40.752","","00","75 03:26.701","0","0","0","0","67301","0","0","0","N","0","0","0","2","67301","0","","1","01","","N","N","N","0","","0","0","0","3","2","","1647","0","2","0","0","0","0","0","2","0","2","03","03","N","","","","","","","","","","",""
"2022042346","1600","0","0","0","0","0","0","0","0","0","1","0","","67","04","2022","3","39.9828","-75.0992","1549","06","0","0","0","1","0","0","0","0","","0","0","0","15","1","0","00","N","1","39 58:57.908","1","00","75 05:57.121","0","0","0","0","67301","0","0","0","N","0","0","0","3","68K01","0","","1","01","1635","N","N","N","1","","0","0","2","0","0","N","1543","0","3","0","0","0","0","0","2","0","3","03","","N","","","","","","","","","","",""
"2022039425","","1","0","0","0","0","0","0","0","0","1","0","","67","01","2022","4","39.9763","-75.1394","","06","0","0","0","0","0","1","0","0","","0","0","0","08","1","1","01","","0","39 58:34.838","","00","75 08:21.883","8","0","0","0","67301","0","0","0","N","0","0","0","2","00000","0","","1","02","","N","N","N","1","","0","0","0","0","0","","0800","1","2","0","0","0","1","1","2","0","2","99","","N","","","","","","","","","","",""
"2022016186","1702","0","0","0","0","0","0","0","0","0","4","0","","67","02","2022","1","39.9802","-75.1575","1700","06","0","0","0","0","0","1","0","0","","0","0","0","16","1","0","01","","2","39 58:48.805","3","00","75 09:27.384","0","0","0","0","67301","0","0","0","Y","0","0","0","2","67505","0","","1","09","1735","N","N","N","0","","0","0","2","3","2","Y","1657","0","2","0","0","0","0","0","2","0","2","10","04","N","","","","","","","","","","",""
"2022019621","0755","3","0","0","0","0","0","0","0","0","4","0","","67","02","2022","1","39.9553","-75.2401","0748","06","0","0","0","0","0","0","0","0","","0","0","0","06","2","2","01","","0","39 57:18.928","","00","75 14:24.525","3","0","0","0","67301","0","0","0","N","0","0","0","2","67301","0","","1","09","","N","N","N","0","","2","0","0","3","2","","0630","2","3","0","0","0","0","0","2","0","3","10","10","N","","","","","","","","","","",""
"2022042350","1939","1","0","0","0","0","0","0","0","0","1","0","","67","04","2022","4","39.9724","-75.1937","1933","06","0","0","0","0","0","0","0","0","","0","0","0","19","4","0","00","N","1","39 58:20.554","3","00","75 11:37.225","0","0","0","0","67301","0","0","0","N","0","0","0","6","68K01","0","","1","01","1945","N","N","N","0","","0","0","2","0","0","N","1932","0","3","0","0","0","0","0","2","0","3","03","03","N","","","","","","","","","","",""
"2022039769","1549","1","0","0","0","0","0","0","0","0","1","0","","67","04","2022","1","40.0249","-75.0294","1523","06","0","0","0","0","0","0","0","0","","0","0","0","15","1","0","00","N","2","40 01:29.613","2","00","75 01:45.951","0","0","0","0","67301","0","0","0","N","0","0","0","4","68K01","0","","1","01","1555","N","N","N","1","","0","0","0","0","0","N","1519","0","2","0","0","0","0","0","2","0","2","03","","N","","","","","","","","","","",""
"2022040324","0040","0","0","0","0","0","0","0","0","0","7","1","","67","04","2022","3","40.0317","-75.0215","0018","06","0","0","0","0","0","0","0","0","","0","1","0","00","3","0","00","N","1","40 01:53.951","2","00","75 01:17.350","0","0","0","0","67301","0","0","0","N","0","0","0","1","68K01","0","","4","09","0145","N","N","N","0","","0","0","0","0","0","N","0012","0","1","0","0","0","0","0","2","0","1","07","07","N","","","","","","","","","","",""
"2022040707","0044","2","0","0","0","0","0","0","0","0","1","0","","67","04","2022","4","39.9872","-75.0906","0043","06","0","0","0","0","0","0","0","0","","0","0","0","00","3","0","00","N","0","39 59:13.954","","00","75 05:26.088","0","0","0","0","67301","0","0","0","N","0","0","0","2","68K01","0","","1","01","","N","N","N","0","","0","0","0","0","0","","0020","0","2","0","0","1","0","0","2","0","2","03","","N","","","","","","","","","","",""
"2022039799","1520","0","0","0","0","0","0","1","0","0","8","1","","67","03","2022","6","39.9942","-75.1176","1505","06","0","0","0","0","0","0","0","0","","0","0","0","14","1","1","00","N","0","39 59:39.200","","01","75 07:03.200","8","0","0","0","67301","1","0","0","N","1","0","0","2","67508","0","","1","01","","N","","N","0","","0","0","0","0","0","","1455","1","2","0","0","0","1","0","2","0","1","03","03","N","","","","","","","","","","",""
"2022043679","0015","1","0","0","0","0","0","0","0","0","7","0","","67","04","2022","4","39.978","-75.1111","0000","06","0","0","0","0","0","0","0","0","","0","0","0","23","3","0","00","N","2","39 58:40.623","1","00","75 06:39.853","0","0","0","0","67301","0","0","0","N","0","0","0","1","68K01","0","","4","09","0020","N","N","N","0","","0","0","0","0","0","N","2359","0","1","0","0","0","0","0","2","0","1","03","03","N","","","","","","","","","","",""
"2022029166","1612","2","0","0","0","0","0","0","0","0","4","0","","67","03","2022","3","40.0431","-75.0738","1605","06","0","0","0","0","0","1","0","0","","0","0","0","16","1","2","01","","0","40 02:35.284","","00","75 04:25.695","3","0","0","0","67301","0","0","0","N","0","0","0","3","67301","0","","1","01","","N","N","N","0","","2","0","0","3","2","","1600","2","2","0","0","0","0","0","2","0","2","03","","N","","","","","","","","","","",""
"2022029259","1200","3","0","0","0","0","0","0","0","0","5","0","","67","03","2022","6","39.9788","-75.1219","1140","06","0","0","0","0","0","1","0","0","","0","0","0","11","1","0","00","N","0","39 58:43.640","","00","75 07:18.850","0","0","0","0","67301","0","0","0","N","0","0","0","1","67301","0","","6","01","","N","N","N","0","","0","0","0","0","0","","1136","0","3","0","0","0","0","0","2","0","3","03","","N","","","","","","","","","","",""
"2022019587","0510","2","0","0","0","0","0","0","0","0","4","0","","67","02","2022","1","40.0378","-75.1764","0508","06","0","0","0","1","0","0","0","0","","0","0","0","05","3","1","02","","0","40 02:15.999","","00","75 10:35.099","3","0","0","0","67301","0","0","0","N","0","0","0","3","67301","0","","1","01","","N","N","Y","0","","1","0","0","0","0","","0505","1","2","0","0","0","0","0","2","0","2","03","","N","","","","","","","","","","",""
"2022030313","1626","0","0","0","0","0","0","0","0","0","4","0","","67","03","2022","3","40.0272","-75.0645","1625","06","0","0","0","0","0","0","1","0","","0","0","0","16","1","0","00","N","0","40 01:37.937","","07","75 03:52.284","0","0","0","0","67301","0","0","0","N","0","0","0","2","67301","0","","1","01","","N","N","N","0","","0","0","2","0","0","","1620","0","2","0","0","1","0","0","2","0","2","03","03","N","","","","","","","","","","",""