"CRN","ARRIVAL_TM","AUTOMOBILE_COUNT","BELTED_DEATH_COUNT","BELTED_SUSP_SERIOUS_INJ_COUNT","BICYCLE_COUNT","BICYCLE_DEATH_COUNT","BICYCLE_SUSP_SERIOUS_INJ_COUNT","BUS_COUNT","CHLDPAS_DEATH_COUNT","CHLDPAS_SUSP_SERIOUS_INJ_COUNT","COLLISION_TYPE","COMM_VEH_COUNT","CONS_ZONE_SPD_LIM","COUNTY","CRASH_MONTH","CRASH_YEAR","DAY_OF_WEEK","DEC_LAT","DEC_LONG","DISPATCH_TM","DISTRICT","DRIVER_COUNT_16YR","DRIVER_COUNT_17YR","DRIVER_COUNT_18YR","DRIVER_COUNT_19YR","DRIVER_COUNT_20YR","DRIVER_COUNT_50_64YR","DRIVER_COUNT_65_74YR","DRIVER_COUNT_75PLUS","EST_HRS_CLOSED","FATAL_COUNT","HEAVY_TRUCK_COUNT","HORSE_BUGGY_COUNT","HOUR_OF_DAY","ILLUMINATION","INJURY_COUNT","INTERSECT_TYPE","INTERSECTION_RELATED","LANE_CLOSED","LATITUDE","LN_CLOSE_DIR","LOCATION_TYPE","LONGITUDE","MAX_SEVERITY_LEVEL","MCYCLE_DEATH_COUNT","MCYCLE_SUSP_SERIOUS_INJ_COUNT","MOTORCYCLE_COUNT","MUNICIPALITY","NONMOTR_COUNT","NONMOTR_DEATH_COUNT","NONMOTR_SUSP_SERIOUS_INJ_COUNT","NTFY_HIWY_MAINT","PED_COUNT","PED_DEATH_COUNT","PED_SUSP_SERIOUS_INJ_COUNT","PERSON_COUNT","POLICE_AGCY","POSSIBLE_INJ_COUNT","RDWY_SURF_TYPE_CD","RELATION_TO_ROAD","ROAD_CONDITION","ROADWAY_CLEARED","SCH_BUS_IND","SCH_ZONE_IND","SECONDARY_CRASH","SMALL_TRUCK_COUNT","SPEC_JURIS_CD","SUSP_MINOR_INJ_COUNT","SUSP_SERIOUS_INJ_COUNT","SUV_COUNT","TCD_FUNC_CD","TCD_TYPE","TFC_DETOUR_IND","TIME_OF_DAY","TOT_INJ_COUNT","TOTAL_UNITS","UNB_DEATH_COUNT","UNB_SUSP_SERIOUS_INJ_COUNT","UNBELTED_OCC_COUNT","UNK_INJ_DEG_COUNT","UNK_INJ_PER_COUNT","URBAN_RURAL","VAN_COUNT","VEHICLE_COUNT","WEATHER1","WEATHER2","WORK_ZONE_IND","WORK_ZONE_LOC","WORK_ZONE_TYPE","WORKERS_PRES","WZ_CLOSE_DETOUR","WZ_FLAGGER","WZ_LAW_OFFCR_IND","WZ_LN_CLOSURE","WZ_MOVING","WZ_OTHER","WZ_SHLDER_MDN","WZ_WORKERS_INJ_KILLED"
"2022029281","0000","2","0","0","0","0","0","0","0","0","4","0","","67","03","2022","2","40.039","-75.1501","0000","06","0","0","0","0","0","0","0","0","","0","0","0","21","3","0","01","","0","40 02:20.299","","00","75 09:00.127","0","0","0","0","67301","0","0","0","N","0","0","0","3","67301","0","","1","01","","N","N","N","0","","0","0","1","3","2","","2158","0","3","0","0","0","0","0","2","0","3","03","03","N","","","","","","","","","","",""
"2022043681","2312","0","0","0","0","0","0","0","0","0","1","0","","67","04","2022","5","39.9571","-75.156","2257","06","0","0","0","0","0","0","0","0","","0","0","0","22","3","0","00","N","0","39 57:25.554","","00","75 09:21.732","0","0","0","0","67301","0","0","0","N","0","0","0","3","68K01","0","","1","09","","N","N","N","0","","0","0","3","0","0","","2248","0","3","0","0","0","0","0","2","0","3","07","07","N","","","","","","","","","","",""
"2022023799","1813","1","0","0","0","0","0","0","0","0","4","0","","67","03","2022","5","40.0024","-75.1716","1813","06","0","0","0","1","0","1","0","0","","0","0","0","18","1","0","01","","0","40 00:08.571","","00","75 10:17.849","0","0","0","0","67301","0","0","0","N","0","0","0","2","67301","0","","1","01","","N","N","N","0","","0","0","1","3","3","","1810","0","2","0","0","0","0","0","2","0","2","03","03","N","","","","","","","","","","",""
"2022047170","1517","1","0","0","0","0","0","0","0","0","1","1","","67","05","2022","5","40.0703","-75.0149","1512","06","0","0","0","0","0","0","0","1","","0","1","0","14","1","1","00","N","0","40 04:13.120","","00","75 00:53.460","3","0","0","0","67301","0","0","0","N","0","0","0","1","67301","0","","6","01","","N","N","N","0","","1","0","1","0","0","","1423","1","3","0","0","0","0","0","2","0","3","03","","N","","","","","","","","","","",""
"2022034289","1458","1","0","0","0","0","0","0","0","0","7","0","","67","04","2022","5","39.9812","-75.2068","1456","06","0","0","0","0","0","0","0","0","","0","0","0","14","1","0","00","N","2","39 58:52.365","3","00","75 12:24.608","0","0","0","0","67301","0","0","0","N","0","0","0","2","68K01","0","","3","09","0045","N","N","N","0","","0","0","0","0","0","Y","1449","0","1","0","0","1","0","0","2","0","1","07","07","N","","","","","","","","","","",""
"2022029443","2048","0","0","0","0","0","0","0","0","0","8","0","","67","03","2022","4","39.9427","-75.1619","2047","06","0","0","0","0","0","1","0","0","","0","0","0","20","3","1","01","","0","39 56:33.899","","00","75 09:42.753","2","0","0","0","67301","1","0","1","N","1","0","1","2","67301","0","","1","09","","N","N","N","0","","0","1","1","0","0","","2045","1","2","0","0","0","0","0","2","0","1","07","07","N","","","","","","","","","","",""
"2022027259","1310","1","0","0","0","0","0","0","0","0","4","0","","67","03","2022","3","39.8975","-75.2525","1256","06","0","0","0","0","1","0","0","0","","0","0","0","12","1","1","01","","0","39 53:51.111","","00","75 15:08.912","3","0","0","0","67301","0","0","0","N","0","0","0","2","67301","0","","1","01","","N","N","N","0","","1","0","1","3","2","","1230","1","2","0","0","0","0","1","2","0","2","03","03","N","","","","","","","","","","",""
"2022021509","1332","1","0","0","0","0","0","0","0","0","4","0","","67","02","2022","6","40.0067","-75.078","1329","06","0","0","0","0","0","1","0","0","","0","0","0","13","1","1","01","","1","40 00:24.264","1","00","75 04:40.893","3","0","0","0","67301","0","0","0","N","0","0","0","3","67301","0","","1","01","1403","N","N","N","0","","1","0","0","3","3","N","1327","1","2","0","0","0","0","0","2","1","2","03","","N","","","","","","","","","","",""
"2022044148","1346","1","0","0","0","0","0","0","0","0","4","0","","67","05","2022","2","39.9753","-75.1916","1346","06","0","0","0","0","0","0","0","0","","0","0","0","13","1","0","00","N","1","39 58:31.142","1","07","75 11:29.928","0","0","0","0","67301","0","0","0","N","0","0","0","2","67301","0","","1","01","1500","N","N","N","0","","0","0","1","0","0","N","1346","0","2","0","0","1","0","0","2","0","2","03","03","N","","","","","","","","","","",""
"2022044130","2130","1","0","0","0","0","0","0","0","0","1","0","","67","05","2022","5","40.0126","-75.1609","2130","06","0","0","0","0","0","1","0","0","","0","0","0","21","3","0","01","","1","40 00:45.495","6","00","75 09:39.526","0","0","0","0","67301","0","0","0","N","0","0","0","3","67301","0","","1","01","2200","N","N","N","1","","0","0","0","3","2","N","2115","0","2","0","0","0","0","0","2","0","2","03","","N","","","","","","","","","","",""
"2022030132","1233","0","0","0","0","0","0","0","0","0","7","0","","67","03","2022","6","39.9095","-75.1544","1230","06","0","0","0","0","0","0","0","0","","0","0","0","12","1","1","00","N","0","39 54:34.200","","05","75 09:15.900","4","0","0","0","67301","0","0","0","N","0","0","0","1","67501","1","","4","01","","N","N","N","0","","0","0","1","3","1","","1230","1","1","0","0","0","0","0","2","0","1","03","03","N","","","","","","","","","","",""
"2022048652","1240","0","0","0","0","0","0","0","0","0","1","0","","67","05","2022","2","39.9595","-75.175","1240","06","0","0","0","0","0","0","0","0","","0","0","0","12","1","1","00","N","2","39 57:34.279","4","00","75 10:30.021","3","0","0","0","67301","0","0","0","N","0","0","0","3","68K01","0","","1","01","1244","N","N","N","0","","1","0","1","0","0","N","1240","1","2","0","0","0","0","0","2","1","2","03","","N","","","","","","","","","","",""
"2022030805","1700","0","0","0","0","0","0","0","0","0","8","0","","67","03","2022","2","40.0677","-75.1625","1653","06","0","0","0","0","0","0","0","0","","0","0","0","16","1","1","01","","0","40 04:03.874","","00","75 09:44.999","8","0","0","0","67301","1","0","0","N","1","0","0","2","67301","0","","1","01","","N","N","N","0","","0","0","0","3","3","","1620","1","2","0","0","0","1","0","2","0","1","03","03","N","","","","","","","","","","",""
"2022032891","1901","1","0","0","0","0","0","0","0","0","1","0","","67","03","2022","3","40.0329","-75.0635","1852","06","0","0","0","0","0","0","1","0","","0","0","0","17","1","0","00","Y","0","40 01:58.287","","00","75 03:48.490","0","0","0","0","67301","0","0","0","N","0","0","0","2","67301","0","","1","01","","N","N","N","0","","0","0","1","3","2","","1750","0","2","0","0","0","0","0","2","0","2","03","03","N","","","","","","","","","","",""
"2022050604","2346","1","0","0","0","0","0","0","0","0","1","0","","67","05","2022","4","40.0091","-75.1496","2340","06","0","0","0","0","0","0","0","0","","1","0","0","23","3","2","00","N","0","40 00:32.593","","00","75 08:58.708","1","0","0","0","67301","0","0","0","N","0","0","0","3","67301","0","2","6","01","","N","N","Y","0","0","2","0","0","0","0","","2321","2","2","1","0","1","0","0","2","1","2","03","03","N","","","","","","","","","","",""
"2022033728","1734","2","0","0","0","0","0","0","0","0","5","0","","67","03","2022","4","39.9767","-75.1975","1659","06","0","0","0","0","0","0","0","1","","0","0","0","16","1","0","00","N","0","39 58:36.258","","00","75 11:51.144","0","0","0","0","67301","0","0","0","N","0","0","0","6","68T07","0","","1","01","","N","N","N","0","","0","0","1","0","0","","1659","0","4","0","0","0","0","0","2","1","4","03","03","N","","","","","","","","","","",""
"2022024552","1048","0","0","0","0","0","0","0","0","0","2","0","","67","03","2022","4","39.935","-75.2252","1045","06","0","0","0","0","0","0","0","0","","0","0","0","10","1","1","00","N","0","39 56:06.140","","00","75 13:30.610","3","0","0","0","67301","0","0","0","N","0","0","0","2","67301","0","","6","09","","N","N","N","1","","1","0","1","0","0","","1020","1","2","0","0","0","0","0","2","0","2","07","04","N","","","","","","","","","","",""
"2022030743","2022","2","0","0","0","0","0","0","0","0","1","0","","67","03","2022","4","40.0277","-75.0873","2012","06","0","0","0","0","0","0","0","0","","0","0","0","19","3","0","00","N","0","40 01:39.730","","00","75 05:14.290","0","0","0","0","67301","0","0","0","N","0","0","0","1","67301","0","","6","01","","N","N","N","0","","0","0","0","0","0","","1945","0","2","0","0","0","0","0","2","0","2","03","03","N","","","","","","","","","","",""
"2022039356","1843","2","0","0","0","0","0","0","0","0","5","0","","67","03","2022","5","39.9595","-75.181","1843","06","0","0","0","0","0","0","0","0","","0","0","0","18","3","1","00","N","2","39 57:34.330","3","00","75 10:51.474","4","0","0","0","67301","0","0","0","N","0","0","0","10","68K01","1","","1","01","1945","N","N","N","1","","0","0","1","0","0","N","1843","1","5","0","0","0","0","1","2","1","5","03","03","N","","","","","","","","","","",""
"2022039748","0753","1","0","0","0","0","0","0","0","0","5","1","","67","04","2022","4","39.9947","-75.0838","0741","06","0","0","1","0","0","0","0","0","","0","0","0","07","1","1","00","N","1","39 59:40.831","1","00","75 05:01.526","3","0","0","0","67301","0","0","0","N","0","0","0","3","68K01","0","","1","01","0845","N","N","N","0","","1","0","1","0","0","N","0738","1","3","0","0","0","0","0","2","0","3","03","03","N","","","","","","","","","","",""
"2022026059","1750","2","0","0","0","0","0","0","0","0","4","0","","67","03","2022","1","40.0489","-75.1556","1746","06","0","0","0","0","0","0","0","0","","0","0","0","17","1","3","01","","0","40 02:56.148","","00","75 09:20.015","8","0","0","0","67301","0","0","0","N","0","0","0","4","67301","0","","1","01","","N","N","N","0","","0","0","1","3","3","","1740","3","3","0","0","3","3","0","2","0","3","03","03","N","","","","","","","","","","",""
"2022044010","2345","1","0","0","0","0","0","0","0","0","6","0","","67","02","2022","7","40.0042","-75.0994","2330","06","0","0","0","0","0","0","0","0","","0","0","0","20","1","1","01","","0","40 00:15.118","","01","75 05:57.764","8","0","0","0","67301","0","0","0","N","0","0","0","2","67301","0","","1","99","","N","N","N","0","","0","0","1","3","2","","2000","1","2","0","0","0","1","0","2","0","2","99","98","N","","","","","","","","","","",""
"2022050568","1325","1","0","0","0","0","0","0","0","0","4","1","","67","05","2022","1","40.0138","-75.126","1322","06","0","0","0","0","0","1","0","0","","0","1","0","13","1","1","01","","1","40 00:49.823","1","00","75 07:33.528","3","0","0","0","67301","0","0","0","N","0","0","0","6","67301","0","","1","01","1410","N","N","N","0","","1","0","0","3","2","Y","1321","1","2","0","0","5","0","0","2","0","2","03","03","N","","","","","","","","","","",""
"2022015973","0642","1","0","0","0","0","0","0","0","0","1","0","","67","02","2022","7","40.0072","-75.16","0636","06","0","0","0","0","0","0","0","0","","0","0","0","06","5","1","00","N","0","40 00:25.950","","00","75 09:36.080","3","0","0","0","67301","0","0","0","N","0","0","0","2","67301","0","","6","01","","N","N","N","0","","1","0","1","0","0","","0630","1","2","0","0","0","0","1","2","0","2","03","","N","","","","","","","","","","",""
"2022044070","2320","2","0","0","0","0","0","0","0","0","4","0","","67","04","2022","7","39.9717","-75.1259","2320","06","0","0","0","0","0","1","0","0","","0","0","0","22","3","0","01","","0","39 58:18.550","","00","75 07:33.339","0","0","0","0","67301","0","0","0","N","0","0","0","2","67301","0","","1","01","","N","N","N","0","","0","0","0","3","2","","2250","0","2","0","0","0","0","0","2","0","2","03","03","N","","","","","","","","","","",""
"2022045954","0329","1","0","0","0","0","0","0","0","0","7","0","","67","02","2022","4","39.9824","-75.2076","0129","06","0","0","0","0","0","0","0","0","","0","0","0","01","3","1","00","N","1","39 58:56.632","4","00","75 12:27.523","4","0","0","0","67301","0","0","0","N","0","0","0","1","68K01","1","","3","09","0129","N","N","N","0","","0","0","0","0","0","N","0128","1","1","0","0","0","0","0","2","0","1","03","","N","","","","","","","","","","",""
"2022039501","1603","1","0","0","0","0","0","0","0","0","5","1","","67","04","2022","4","39.9799","-75.1577","1602","06","0","0","0","0","0","0","0","0","","0","1","0","16","1","0","00","N","2","39 58:47.481","2","00","75 09:27.671","0","0","0","0","67301","0","0","0","N","0","0","0","2","67505","0","","1","01","1650","N","N","N","0","","0","0","0","0","0","Y","1600","0","2","0","0","0","0","0","2","0","2","03","03","N","","","","","","","","","","",""
"2022030458","1029","0","0","0","0","0","0","0","0","0","4","0","","67","03","2022","2","40.0341","-75.124","1024","06","0","0","0","0","0","1","0","1","","0","0","0","09","1","2","01","","0","40 02:02.673","","00","75 07:26.472","3","0","0","0","67301","0","0","0","N","0","0","0","3","67301","0","","1","01","","N","N","N","0","","2","0","2","3","3","","0957","2","2","0","0","0","0","0","2","0","2","03","04","N","","","","","","","","","","",""
"2022019983","0855","1","0","0","0","0","0","0","0","0","1","0","","67","02","2022","4","39.9542","-75.1416","0851","06","0","0","0","0","0","0","0","0","","0","0","0","08","1","0","00","N","1","39 57:15.263","4","03","75 08:29.688","0","0","0","0","67301","0","0","0","N","0","0","0","4","67501","0","","1","01","0930","N","N","N","1","","0","0","1","3","8","N","0851","0","3","0","0","0","0","0","2","0","3","04","03","N","","","","","","","","","","",""
"2022039765","1522","0","0","0","0","0","0","0","0","0","0","0","","67","04","2022","7","39.9589","-75.1699","1514","06","0","0","0","0","0","0","0","0","","0","0","0","15","1","1","00","N","2","39 57:31.980","4","00","75 10:11.470","8","0","0","1","67301","0","0","0","N","0","0","0","1","68K01","0","","1","01","1530","N","N","N","0","","0","0","0","0","0","N","1513","1","1","0","0","0","1","0","2","0","1","03","03","N","","","","","","","","","","",""
"2022044030","0900","2","0","0","0","0","0","0","0","0","4","0","","67","04","2022","5","40.0005","-75.0833","0900","06","0","0","0","0","1","0","0","0","","0","0","0","08","1","1","02","","0","40 00:01.851","","02","75 05:00.146","3","0","0","0","67301","0","0","0","N","0","0","0","2","67301","0","","1","01","","N","N","N","0","","1","0","0","3","2","","0830","1","2","0","0","0","0","0","2","0","2","03","03","N","","","","","","","","","","",""
"2022032921","1108","1","0","0","0","0","0","0","0","0","4","0","","67","03","2022","5","39.9942","-75.1114","1107","06","0","0","0","0","0","0","0","0","","0","0","0","11","1","1","01","","0","39 59:39.104","","00","75 06:40.879","2","0","0","0","67301","0","0","0","N","0","0","0","3","67301","0","","1","09","","N","N","N","0","","0","1","0","3","2","","1103","1","2","0","1","2","0","0","2","1","2","04","07","N","","","","","","","","","","",""
"2022019667","1620","1","0","0","0","0","0","0","0","0","8","0","","67","02","2022","6","40.0444","-75.1435","1615","06","0","0","0","0","0","0","0","0","","0","0","0","16","1","1","01","","0","40 02:39.820","","00","75 08:36.842","3","0","0","0","67301","1","0","0","N","1","0","0","2","67301","0","","1","01","","N","N","N","0","","1","0","0","3","2","","1614","1","2","0","0","0","0","0","2","0","1","03","","N","","","","","","","","","","",""
"2022022037","1720","1","0","0","0","0","0","0","0","0","8","0","","67","02","2022","1","39.9753","-75.2455","1701","06","0","0","0","0","0","0","0","0","","0","0","0","15","1","1","01","","0","39 58:31.077","","00","75 14:44.180","3","0","0","0","67301","1","0","0","N","1","0","0","2","67301","0","","1","01","","N","N","N","0","","1","0","0","3","2","","1550","1","2","0","0","0","0","0","2","0","1","03","","N","","","","","","","","","","",""
"2022030782","2000","1","0","0","0","0","0","0","0","0","5","0","","67","03","2022","7","40.0149","-75.1472","1956","06","0","0","0","0","0","1","0","0","","0","0","0","19","3","0","00","N","0","40 00:53.590","","00","75 08:49.970","0","0","0","0","67301","0","0","0","N","0","0","0","2","67301","0","","6","01","","N","N","N","0","","0","0","1","0","0","","1930","0","2","0","0","0","0","0","2","0","2","03","03","N","","","","","","","","","","",""
"2022041826","0914","2","0","0","0","0","0","0","0","0","1","0","","67","03","2022","6","39.9676","-75.1321","0910","06","0","0","0","0","0","0","0","0","","0","0","0","08","1","0","00","N","0","39 58:03.432","","00","75 07:55.664","0","0","0","0","67301","0","0","0","N","0","0","0","2","68K01","0","","1","01","","N","N","N","0","","0","0","0","3","8","","0859","0","2","0","0","0","0","0","2","0","2","03","","N","","","","","","","","","","",""
"2022025064","0910","0","0","0","1","0","1","0","0","0","8","0","","67","03","2022","2","39.9639","-75.2035","0909","06","0","0","0","0","0","0","0","0","","0","0","0","07","1","1","01","","0","39 57:50.027","","00","75 12:12.700","2","0","0","0","67301","1","0","1","N","0","0","0","2","67301","0","","1","01","","N","N","N","0","","0","1","0","0","0","","0754","1","2","0","0","0","0","0","2","1","1","03","03","N","","","","","","","","","","",""
"2022044016","0458","1","0","0","0","0","0","0","0","0","99","0","","67","03","2022","1","40.0058","-75.0964","0454","06","0","0","0","0","0","0","0","0","","0","0","0","04","3","1","01","","0","40 00:21.038","","01","75 05:47.101","8","0","0","0","67301","0","0","0","N","0","0","0","2","67301","0","","1","01","","N","N","N","0","","0","0","0","3","2","","0430","1","2","0","0","0","1","0","2","1","2","03","03","N","","","","","","","","","","",""
"2022043538","1907","1","0","0","0","0","0","0","0","0","1","0","","67","03","2022","7","40.0271","-75.0253","1851","06","0","0","0","0","0","0","1","0","","0","0","0","18","1","3","00","N","1","40 01:37.556","1","00","75 01:30.992","8","0","0","0","67301","0","0","0","N","0","0","0","3","68K01","0","","1","01","2000","N","N","N","0","","0","0","1","0","0","N","1850","3","2","0","0","0","3","0","2","0","2","03","03","N","","","","","","","","","","",""
"2022029198","0355","2","0","0","0","0","0","0","0","0","1","0","","67","03","2022","1","39.9628","-75.1646","0344","06","0","0","0","0","0","1","0","0","","0","0","0","03","3","0","01","","0","39 57:46.089","","00","75 09:52.678","0","0","0","0","67301","0","0","0","N","0","0","0","2","67301","0","","1","01","","N","N","N","0","","0","0","0","3","2","","0330","0","2","0","0","0","0","0","2","0","2","03","03","N","","","","","","","","","","",""
"2022051025","1305","1","0","0","0","0","0","0","0","0","1","0","","67","05","2022","4","40.0464","-75.0014","1249","06","0","0","0","0","0","0","0","0","","0","0","0","12","1","0","00","N","0","40 02:47.154","","00","75 00:05.129","0","0","0","0","67301","0","0","0","N","0","0","0","2","68K01","0","","1","01","","N","N","N","0","","0","0","1","0","0","","1245","0","2","0","0","0","0","0","2","0","2","03","","N","","","","","","","","","","",""
"2022045600","1416","0","0","0","0","0","0","0","0","0","1","0","","67","04","2022","4","39.9233","-75.1476","1355","06","0","0","0","0","0","0","0","0","","0","0","0","13","1","3","00","N","2","39 55:23.873","2","00","75 08:51.426","3","0","0","0","67301","0","0","0","N","0","0","0","3","68K01","0","","2","01","1500","N","N","N","0","","3","0","2","0","0","N","1352","3","2","0","0","0","0","0","2","0","2","03","","N","","","","","","","","","","",""
"2022025770","0227","1","0","0","0","0","0","0","0","0","7","0","","67","03","2022","2","40.0533","-75.1268","0223","06","0","0","0","0","0","0","0","0","","0","0","0","02","3","2","01","","0","40 03:11.919","","00","75 07:36.440","3","0","0","0","67301","0","0","0","N","0","0","0","2","67301","0","","4","01","","N","N","N","0","","2","0","0","0","0","","0220","2","1","0","0","0","0","0","2","0","1","03","","N","","","","","","","","","","",""
"2022033959","1735","1","0","0","0","0","0","0","0","0","1","0","","67","04","2022","6","39.9743","-75.1589","1731","06","0","0","0","0","0","0","0","0","","0","0","0","17","1","0","00","N","1","39 58:27.596","2","00","75 09:32.007","0","0","0","0","67301","0","0","0","N","0","0","0","2","67505","0","","1","01","1745","N","N","N","0","","0","0","1","0","0","N","1725","0","2","0","0","1","0","0","2","0","2","03","03","N","","","","","","","","","","",""
"2022027661","0230","3","0","0","0","0","0","0","0","0","1","0","","67","03","2022","7","39.983","-75.1603","0230","06","0","0","0","0","0","0","0","0","","0","0","0","02","3","0","00","N","2","39 58:58.800","1","00","75 09:37.000","0","0","0","0","67301","0","0","0","N","0","0","0","3","67505","0","","6","01","0245","N","N","Y","0","","0","0","1","0","0","Y","0225","0","4","0","0","0","0","0","2","0","4","03","03","N","","","","","","","","","","",""
"2022021522","0800","1","0","0","0","0","0","0","0","0","8","0","","67","03","2022","3","40.0136","-75.0891","0731","06","0","0","0","0","0","0","0","0","","0","0","0","07","5","1","00","N","0","40 00:49.000","","00","75 05:20.900","3","0","0","0","67301","1","0","0","N","1","0","0","2","67301","0","","1","01","","N","N","N","0","","1","0","0","0","0","","0724","1","2","0","0","0","0","1","2","0","1","03","","N","","","","","","","","","","",""
"2022052963","0032","0","0","0","0","0","0","0","0","0","8","0","","67","02","2022","6","40.0179","-75.1497","0023","06","0","0","0","0","0","0","0","0","","0","0","0","00","3","1","00","N","2","40 01:04.303","6","00","75 08:58.834","2","0","0","0","67301","1","0","1","N","1","0","1","4","67301","0","","1","09","0355","N","N","Y","0","","0","1","1","0","0","Y","0016","1","2","0","0","0","0","0","2","0","1","07","04","N","","","","","","","","","","",""
"2022037577","1405","1","0","0","0","0","0","0","0","0","8","0","","67","04","2022","5","39.982","-75.1589","1400","06","0","0","0","0","0","1","0","0","","0","0","0","13","1","1","00","N","0","39 58:55.200","","00","75 09:32.000","3","0","0","0","67301","1","0","0","N","1","0","0","2","67505","0","","1","01","","N","N","N","0","","1","0","0","3","3","","1345","1","2","0","0","0","0","0","2","0","1","03","03","N","","","","","","","","","","",""
"2022020310","0835","2","0","0","0","0","0","0","0","0","4","0","","67","02","2022","6","39.9772","-75.1461","0833","06","0","0","0","1","0","0","1","0","","0","0","0","08","1","1","01","","0","39 58:37.750","","00","75 08:45.848","4","0","0","0","67301","0","0","0","N","0","0","0","2","67301","1","","1","09","","N","N","N","0","","0","0","0","3","3","","0810","1","2","0","0","0","0","0","2","0","2","07","07","N","","","","","","","","","","",""
"2022043723","1848","2","0","0","0","0","0","0","0","0","1","0","","67","05","2022","5","39.9439","-75.1921","1820","06","0","0","0","0","0","0","0","0","","0","0","0","18","1","3","00","N","0","39 56:38.036","","00","75 11:31.467","8","0","0","0","67301","0","0","0","N","0","0","0","4","68K01","0","","1","01","","N","N","N","0","","0","0","0","3","8","","1814","3","2","0","0","0","3","0","2","0","2","03","","N","","","","","","","","","","",""
"2022043927","0047","1","0","0","0","0","0","0","0","0","8","0","","67","04","2022","3","40.0241","-75.063","0045","06","0","0","0","0","0","0","0","0","","1","0","0","00","3","0","00","N","0","40 01:26.594","","00","75 03:46.715","1","0","0","0","67301","1","1","0","N","1","1","0","2","67301","0","2","1","01","","N","N","N","0","0","0","0","0","0","0","","0044","0","2","0","0","0","0","0","2","0","1","03","03","N","","","","","","","","","","",""
"2022030424","1054","1","0","0","0","0","0","0","0","0","4","0","","67","03","2022","7","39.9568","-75.2439","1052","06","0","0","0","0","0","1","0","0","","0","0","0","10","1","2","01","","0","39 57:24.530","","00","75 14:37.903","3","0","0","0","67301","0","0","0","N","0","0","0","3","67301","1","","1","01","","N","N","N","0","","1","0","1","3","2","","1051","2","2","0","0","2","0","0","2","0","2","03","03","N","","","","","","","","","","",""
"2022025742","1350","1","0","0","0","0","0","0","0","0","5","0","","67","03","2022","6","39.9746","-75.2005","1345","06","0","0","0","0","0","0","0","0","","0","0","0","13","1","1","00","N","0","39 58:28.537","","00","75 12:01.651","8","0","0","0","67301","0","0","0","N","0","0","0","3","67301","0","","1","01","","N","N","N","0","","0","0","1","0","0","","1330","1","2","0","0","0","1","0","2","0","2","03","03","N","","","","","","","","","","",""
"2022047903","1655","2","0","0","0","0","0","0","0","0","6","0","","67","05","2022","6","40.0392","-75.11","1647","06","0","0","0","0","0","0","0","0","","0","0","0","16","1","1","01","","0","40 02:20.942","","00","75 06:36.006","3","0","0","0","67301","0","0","0","N","0","0","0","3","67301","0","","1","09","","N","N","N","0","","1","0","1","3","2","","1646","1","3","0","0","3","0","0","2","0","3","04","","N","","","","","","","","","","",""
"2022029248","0250","1","0","0","0","0","0","0","0","0","5","0","","67","02","2022","1","39.995","-75.1396","0245","06","0","0","0","0","0","0","0","0","","0","0","0","02","3","1","00","N","0","39 59:42.000","","00","75 08:22.400","3","0","0","0","67301","0","0","0","N","0","0","0","2","67301","0","","1","01","","N","N","N","0","","1","0","0","0","0","","0230","1","2","0","0","0","0","0","2","0","2","03","03","N","","","","","","","","","","",""
"2022031060","1002","0","0","0","1","0","0","0","0","0","8","0","","67","03","2022","2","39.9278","-75.1571","0959","06","0","0","0","0","0","0","0","0","","0","0","0","09","1","1","01","","0","39 55:39.925","","00","75 09:25.621","3","0","0","0","67301","1","0","0","N","0","0","0","2","67301","0","","1","01","","N","N","N","0","","1","0","1","3","3","","0955","1","2","0","0","0","0","0","2","0","1","03","03","N","","","","","","","","","","",""
"2022026250","0234","2","0","0","0","0","0","0","0","0","6","0","","67","02","2022","1","39.9544","-75.2334","0234","06","0","0","0","0","0","0","0","0","","0","0","0","02","3","0","00","N","0","39 57:15.940","","00","75 14:00.100","0","0","0","0","67301","0","0","0","N","0","0","0","1","67301","0","","6","01","","N","N","N","0","","0","0","1","0","0","","0234","0","3","0","0","1","0","0","2","0","3","03","03","N","","","","","","","","","","",""
"2022048407","1642","1","0","0","0","0","0","0","0","0","4","1","","67","05","2022","2","39.9579","-75.1623","1631","06","0","0","0","0","0","1","0","0","","0","1","0","15","1","0","01","","1","39 57:29.007","4","00","75 09:44.230","0","0","0","0","67301","0","0","0","N","0","0","0","2","67301","0","","1","01","1655","N","N","N","0","","0","0","0","3","2","N","1526","0","2","0","0","0","0","0","2","0","2","03","03","N","","","","","","","","","","",""
"2022032880","1845","1","0","0","0","0","0","0","0","0","4","0","","67","04","2022","7","39.928","-75.2193","1845","06","0","0","0","0","0","0","0","0","","0","0","0","18","1","1","01","","1","39 55:40.869","5","00","75 13:09.477","3","0","0","0","67301","0","0","0","N","0","0","0","2","67301","0","","1","01","1909","N","N","N","0","","1","0","1","3","2","Y","1839","1","2","0","0","0","0","0","2","0","2","03","03","N","","","","","","","","","","",""
"2022029349","1632","0","0","0","0","0","0","0","0","0","6","0","","67","03","2022","7","40.0181","-75.134","1627","06","0","0","0","0","0","0","0","0","","0","0","0","12","1","0","00","N","0","40 01:05.020","","00","75 08:02.550","9","0","0","1","67301","0","0","0","N","0","0","0","1","67301","0","","4","01","","N","N","N","0","","0","0","1","0","0","","1236","0","2","0","0","0","0","1","2","0","2","03","","N","","","","","","","","","","",""