"CRN","ARRIVAL_TM","AUTOMOBILE_COUNT","BELTED_DEATH_COUNT","BELTED_SUSP_SERIOUS_INJ_COUNT","BICYCLE_COUNT","BICYCLE_DEATH_COUNT","BICYCLE_SUSP_SERIOUS_INJ_COUNT","BUS_COUNT","CHLDPAS_DEATH_COUNT","CHLDPAS_SUSP_SERIOUS_INJ_COUNT","COLLISION_TYPE","COMM_VEH_COUNT","CONS_ZONE_SPD_LIM","COUNTY","CRASH_MONTH","CRASH_YEAR","DAY_OF_WEEK","DEC_LAT","DEC_LONG","DISPATCH_TM","DISTRICT","DRIVER_COUNT_16YR","DRIVER_COUNT_17YR","DRIVER_COUNT_18YR","DRIVER_COUNT_19YR","DRIVER_COUNT_20YR","DRIVER_COUNT_50_64YR","DRIVER_COUNT_65_74YR","DRIVER_COUNT_75PLUS","EST_HRS_CLOSED","FATAL_COUNT","HEAVY_TRUCK_COUNT","HORSE_BUGGY_COUNT","HOUR_OF_DAY","ILLUMINATION","INJURY_COUNT","INTERSECT_TYPE","INTERSECTION_RELATED","LANE_CLOSED","LATITUDE","LN_CLOSE_DIR","LOCATION_TYPE","LONGITUDE","MAX_SEVERITY_LEVEL","MCYCLE_DEATH_COUNT","MCYCLE_SUSP_SERIOUS_INJ_COUNT","MOTORCYCLE_COUNT","MUNICIPALITY","NONMOTR_COUNT","NONMOTR_DEATH_COUNT","NONMOTR_SUSP_SERIOUS_INJ_COUNT","NTFY_HIWY_MAINT","PED_COUNT","PED_DEATH_COUNT","PED_SUSP_SERIOUS_INJ_COUNT","PERSON_COUNT","POLICE_AGCY","POSSIBLE_INJ_COUNT","RDWY_SURF_TYPE_CD","RELATION_TO_ROAD","ROAD_CONDITION","ROADWAY_CLEARED","SCH_BUS_IND","SCH_ZONE_IND","SECONDARY_CRASH","SMALL_TRUCK_COUNT","SPEC_JURIS_CD","SUSP_MINOR_INJ_COUNT","SUSP_SERIOUS_INJ_COUNT","SUV_COUNT","TCD_FUNC_CD","TCD_TYPE","TFC_DETOUR_IND","TIME_OF_DAY","TOT_INJ_COUNT","TOTAL_UNITS","UNB_DEATH_COUNT","UNB_SUSP_SERIOUS_INJ_COUNT","UNBELTED_OCC_COUNT","UNK_INJ_DEG_COUNT","UNK_INJ_PER_COUNT","URBAN_RURAL","VAN_COUNT","VEHICLE_COUNT","WEATHER1","WEATHER2","WORK_ZONE_IND","WORK_ZONE_LOC","WORK_ZONE_TYPE","WORKERS_PRES","WZ_CLOSE_DETOUR","WZ_FLAGGER","WZ_LAW_OFFCR_IND","WZ_LN_CLOSURE","WZ_MOVING","WZ_OTHER","WZ_SHLDER_MDN","WZ_WORKERS_INJ_KILLED"
"2022020772","1211","2","0","0","0","0","0","0","0","0","1","0","","67","02","2022","1","40.0009","-75.143","1209","06","0","0","0","1","0","0","0","0","","0","0","0","11","1","3","00","N","0","40 00:03.200","","00","75 08:34.630","3","0","0","0","67301","0","0","0","N","0","0","0","3","67301","1","","6","01","","N","N","N","0","","2","0","0","0","0","","1100","3","3","0","0","0","0","0","2","0","2","03","03","N","","","","","","","","","","",""
"2022039370","2258","0","0","0","0","0","0","0","0","0","1","0","","67","04","2022","7","40.0298","-75.022","2246","06","0","0","0","0","0","2","0","0","","0","0","0","22","3","1","00","N","0","40 01:47.258","","00","75 01:19.249","8","0","0","0","67301","0","0","0","N","0","0","0","3","68K01","0","","1","01","","N","N","N","0","","0","0","2","0","0","","2234","1","2","0","0","0","1","0","2","0","2","03","","N","","","","","","","","","","",""
"2022033550","1508","0","0","0","0","0","0","0","0","0","0","0","","67","04","2022","3","39.9523","-75.1412","1449","06","0","0","0","0","0","1","0","0","","0","0","0","14","1","0","00","N","1","39 57:08.202","1","02","75 08:28.262","0","0","0","0","67301","0","0","0","N","0","0","0","1","68K01","0","","1","01","1533","N","N","N","0","","0","0","1","0","0","N","1440","0","1","0","0","0","0","0","2","0","1","03","03","N","","","","","","","","","","",""
"2022020016","1618","3","0","0","0","0","0","0","0","0","4","0","","67","02","2022","7","40.0236","-75.1219","1616","06","0","0","0","0","0","0","0","0","","0","0","0","15","1","1","01","","0","40 01:25.078","","00","75 07:18.912","3","0","0","0","67301","0","0","0","N","0","0","0","3","67301","0","","1","01","","N","N","N","0","","1","0","1","3","3","","1540","1","4","0","0","0","0","0","2","0","4","03","03","N","","","","","","","","","","",""
"2022053469","1812","1","0","0","0","0","0","0","0","0","5","0","","67","04","2022","3","40.0193","-75.0453","1801","06","0","0","0","0","0","0","0","0","","0","0","0","17","1","2","00","N","1","40 01:09.491","1","00","75 02:43.192","3","0","0","0","67301","0","0","0","N","0","0","0","2","68K01","0","","1","01","1930","N","N","N","0","","1","0","1","0","0","Y","1759","2","2","0","0","1","1","0","2","0","2","03","","N","","","","","","","","","","",""
"2022044066","1230","1","0","0","0","0","0","0","0","0","4","0","","67","04","2022","5","39.9705","-75.151","1225","06","0","0","0","0","0","0","0","0","","0","0","0","12","1","0","01","","0","39 58:13.623","","01","75 09:03.509","0","0","0","0","67301","0","0","0","N","0","0","0","2","67301","0","","1","01","","N","N","N","0","","0","0","1","0","0","","1207","0","2","0","0","1","0","0","2","0","2","03","03","N","","","","","","","","","","",""
"2022043808","0215","1","0","0","0","0","0","0","0","0","1","0","","67","05","2022","7","40.0468","-75.0703","0207","06","0","0","0","0","0","0","0","0","","0","0","0","01","3","1","01","","0","40 02:48.424","","00","75 04:13.037","4","0","0","0","67301","0","0","0","N","0","0","0","1","67301","1","","4","09","","N","N","N","1","","0","0","0","0","0","","0153","1","2","0","0","0","0","0","2","0","2","07","","N","","","","","","","","","","",""
"2022020135","1550","0","0","0","0","0","0","0","0","0","4","0","","67","02","2022","5","39.914","-75.1499","1550","06","0","0","0","0","0","0","0","0","","0","0","0","15","1","0","01","","0","39 54:50.430","","07","75 08:59.773","0","0","0","0","67301","0","0","0","N","0","0","0","2","67301","0","","1","01","","N","N","N","0","","0","0","2","3","2","","1506","0","2","0","0","0","0","0","2","0","2","99","","N","","","","","","","","","","",""
"2022043970","2332","2","0","0","0","0","0","0","0","0","4","0","","67","04","2022","1","39.9577","-75.2254","2332","06","0","0","0","0","0","0","0","0","","0","0","0","23","3","0","02","","0","39 57:27.720","","00","75 13:31.247","0","0","0","0","67301","0","0","0","N","0","0","0","3","67301","0","","1","01","","N","N","N","0","","0","0","0","3","3","","2326","0","2","0","0","1","0","0","2","0","2","03","03","N","","","","","","","","","","",""
"2022032289","0724","0","0","0","0","0","0","0","0","0","7","0","","67","03","2022","7","39.9604","-75.1812","0713","06","0","0","0","0","0","0","0","0","","0","0","0","07","5","1","07","","1","39 57:37.466","4","02","75 10:52.167","3","0","0","0","67301","0","0","0","Y","0","0","0","1","68K01","0","","7","09","0015","N","N","N","0","","1","0","1","0","0","N","0707","1","1","0","0","1","0","0","2","0","1","07","05","N","","","","","","","","","","",""
"2022027260","1048","0","0","0","0","0","0","0","0","0","2","0","","67","03","2022","4","39.9352","-75.2254","1046","06","0","0","0","0","0","0","0","0","","0","0","0","10","1","1","00","N","0","39 56:06.810","","00","75 13:31.400","3","0","0","0","67301","0","0","0","N","0","0","0","2","67301","0","","6","09","","N","N","N","1","","1","0","1","0","0","","1046","1","2","0","0","0","0","0","2","0","2","07","04","N","","","","","","","","","","",""
"2022045208","1528","0","0","0","0","0","0","0","0","0","4","0","","67","05","2022","4","40.0275","-75.0624","1523","06","0","0","0","0","0","1","0","0","","0","0","0","15","1","2","01","","0","40 01:38.846","","00","75 03:44.583","3","0","0","0","67301","0","0","0","N","0","0","0","3","67301","0","","1","01","","N","N","N","0","","2","0","2","3","2","","1520","2","2","0","0","1","0","0","2","0","2","03","","N","","","","","","","","","","",""
"2022024923","2026","1","0","0","0","0","0","0","0","0","1","0","","67","03","2022","2","39.9799","-75.1182","2018","06","0","0","0","0","0","0","0","0","","0","0","0","19","3","1","00","N","0","39 58:47.568","","00","75 07:05.521","3","0","0","0","67301","0","0","0","N","0","0","0","2","67301","0","","6","09","","N","N","N","0","","1","0","1","0","0","","1957","1","2","0","0","0","0","0","2","0","2","07","","N","","","","","","","","","","",""
"2022040219","2321","2","0","0","0","0","0","0","0","0","5","0","","67","04","2022","6","39.8991","-75.1666","2320","06","0","0","0","0","0","0","0","0","","0","0","0","23","3","0","00","N","0","39 53:56.933","","03","75 09:59.777","0","0","0","0","67301","0","0","0","N","0","0","0","2","68K01","0","","1","01","","N","N","N","0","","0","0","0","0","0","","2320","0","2","0","0","0","0","0","2","0","2","03","","N","","","","","","","","","","",""
"2022029206","1518","0","0","0","0","0","0","0","0","0","8","0","","67","03","2022","3","39.9376","-75.2231","1518","06","0","0","1","0","0","0","0","0","","0","0","0","15","1","1","01","","0","39 56:15.501","","00","75 13:22.863","3","0","0","0","67301","2","0","0","N","2","0","0","3","67301","0","","1","01","","N","N","N","0","","1","0","1","3","2","","1500","1","3","0","0","1","0","0","2","0","1","03","03","N","","","","","","","","","","",""
"2022043722","1728","1","0","0","0","0","0","0","0","0","1","0","","67","05","2022","5","39.9917","-75.2025","1715","06","0","0","0","0","0","0","0","0","","0","0","0","16","1","0","00","N","0","39 59:30.115","","00","75 12:09.088","0","0","0","0","67301","0","0","0","N","0","0","0","2","68K01","0","","1","01","","N","N","N","0","","0","0","1","3","8","","1658","0","2","0","0","0","0","0","2","0","2","03","","N","","","","","","","","","","",""
"2022044382","0311","2","0","0","0","0","0","0","0","0","5","0","","67","04","2022","1","39.9466","-75.1889","0309","06","0","0","0","0","1","0","0","0","","0","0","0","03","3","1","00","N","2","39 56:47.709","3","00","75 11:20.194","8","0","0","0","67301","0","0","0","N","0","0","0","3","68K01","0","","1","01","0400","N","N","N","0","","0","0","1","0","0","N","0306","1","3","0","0","1","1","0","2","0","3","03","","N","","","","","","","","","","",""
"2022018321","0346","1","0","0","0","0","0","0","0","0","5","0","","67","02","2022","2","40.0312","-75.0214","0346","06","0","0","0","1","0","0","0","0","","0","0","0","03","3","0","00","N","2","40 01:52.233","1","03","75 01:17.147","0","0","0","0","67301","0","0","0","N","0","0","0","2","68K01","0","","1","09","0358","N","N","Y","0","","0","0","1","0","0","N","0329","0","2","0","0","0","0","0","2","0","2","10","","N","","","","","","","","","","",""
"2022024494","2155","1","0","0","0","0","0","0","0","0","1","0","","67","03","2022","2","40.0753","-75.1651","2149","06","0","0","0","0","0","0","0","0","","0","0","0","21","3","0","00","N","0","40 04:31.120","","00","75 09:54.370","0","0","0","0","67301","0","0","0","N","0","0","0","1","67301","0","","6","09","","N","N","N","0","","0","0","1","0","0","","2100","0","2","0","0","0","0","0","2","0","2","07","98","N","","","","","","","","","","",""
"2022029214","2030","1","0","0","0","0","0","0","0","0","4","0","","67","03","2022","2","40.0263","-75.0973","2026","06","0","0","0","0","0","1","0","0","","0","0","0","19","3","1","01","","0","40 01:34.637","","00","75 05:50.189","4","0","0","0","67301","0","0","0","N","0","0","0","2","67301","1","","1","01","","N","N","N","0","","0","0","1","3","2","","1950","1","2","0","0","0","0","0","2","0","2","03","","N","","","","","","","","","","",""
"2022034308","0804","2","0","0","0","0","0","0","0","0","5","0","","67","04","2022","1","39.9602","-75.1909","0755","06","0","0","0","0","0","0","0","0","","0","0","0","07","1","1","01","","0","39 57:36.745","","00","75 11:27.211","8","0","0","0","67301","0","0","0","N","0","0","0","3","67507","0","","1","01","","N","N","N","0","","0","0","0","3","2","","0755","1","2","0","0","0","1","0","2","0","2","03","","N","","","","","","","","","","",""
"2022043795","2155","1","0","0","0","0","0","0","0","0","4","0","","67","04","2022","4","39.9068","-75.1838","2154","06","0","0","0","0","0","1","0","0","","0","0","0","21","3","1","00","N","0","39 54:24.300","","00","75 11:01.800","8","0","0","0","67301","0","0","0","N","0","0","0","3","67301","0","","1","01","","N","N","N","0","","0","0","0","0","0","","2134","1","2","0","0","0","1","0","2","1","2","03","","N","","","","","","","","","","",""
"2022044118","2320","2","0","0","0","0","0","0","0","0","6","0","","67","05","2022","1","40.0159","-75.1538","2318","06","0","0","0","0","0","0","0","0","","0","0","0","23","3","0","01","","0","40 00:57.144","","00","75 09:13.828","0","0","0","0","67301","0","0","0","N","0","0","0","3","67301","0","","4","01","","N","N","N","0","","0","0","0","3","2","","2311","0","2","0","0","0","0","0","2","0","2","03","","N","","","","","","","","","","",""
"2022040210","0812","2","0","0","0","0","0","0","0","0","1","0","","67","04","2022","6","40.0277","-75.0248","0737","06","0","0","0","0","0","0","0","0","","0","0","0","07","1","1","00","N","0","40 01:39.649","","00","75 01:29.270","4","0","0","0","67301","0","0","0","N","0","0","0","3","68K01","1","","1","01","","N","N","N","0","","0","0","1","3","8","","0726","1","3","0","0","0","0","0","2","0","3","07","03","N","","","","","","","","","","",""
"2022014724","1836","1","0","0","0","0","0","0","0","0","5","0","","67","01","2022","6","40.0268","-75.0582","1824","06","0","0","0","0","0","0","0","0","","0","0","0","18","3","0","00","N","2","40 01:36.380","3","00","75 03:29.660","0","0","0","0","67301","0","0","0","N","0","0","0","1","67301","0","","6","07","1950","N","N","N","2","","0","0","2","0","0","Y","1819","0","5","0","0","0","0","0","2","0","5","10","10","N","","","","","","","","","","",""
"2022014900","1809","1","0","0","0","0","0","0","0","0","1","0","","67","02","2022","4","40.0202","-75.1536","1808","06","0","0","0","0","1","0","0","0","","0","0","0","18","3","4","00","N","0","40 01:12.632","","02","75 09:13.033","8","0","0","0","67301","1","0","0","N","1","0","0","5","67301","0","","1","01","","N","N","N","0","","0","0","1","0","0","","1805","4","3","0","0","0","4","1","2","0","2","03","","N","","","","","","","","","","",""
"2022014783","1547","1","0","0","0","0","0","0","0","0","8","0","","67","02","2022","3","39.9691","-75.2455","1545","06","0","0","0","0","0","0","0","0","","0","0","0","15","1","1","00","N","0","39 58:08.680","","00","75 14:43.767","3","0","0","0","67301","1","0","0","N","1","0","0","2","67301","0","","1","06","","N","N","N","0","","1","0","0","0","0","","1542","1","2","0","0","0","0","1","2","0","1","03","","N","","","","","","","","","","",""
"2022014897","2338","0","0","0","0","0","0","0","0","0","8","0","","67","01","2022","2","39.9949","-75.1591","2332","06","0","0","0","0","0","0","0","0","","0","0","0","23","3","1","00","N","0","39 59:41.620","","00","75 09:32.580","3","0","0","0","67301","1","0","0","N","1","0","0","2","67301","0","","1","09","","N","N","N","0","","1","0","0","0","0","","2312","1","2","0","0","0","0","0","2","1","1","09","03","N","","","","","","","","","","",""
"2022014856","1010","0","0","0","0","0","0","0","0","0","1","0","","67","01","2022","5","40.0238","-75.1337","0954","06","0","0","0","0","0","0","0","0","","0","0","0","09","1","0","00","N","1","40 01:25.739","2","00","75 08:01.141","9","0","0","0","67301","0","0","0","N","0","0","0","2","67301","0","","1","01","1042","N","N","N","0","","0","0","1","0","0","N","0925","0","2","0","0","0","0","1","2","0","2","03","03","N","","","","","","","","","","",""
"2022036819","1222","1","0","0","0","0","0","1","0","0","4","1","","67","03","2022","2","40.039","-75.1446","1222","06","0","0","0","0","0","0","1","0","","0","0","0","12","1","3","01","","2","40 02:20.672","2","00","75 08:41.040","4","0","0","0","67301","0","0","0","N","0","0","0","4","67508","1","","1","01","9999","","","N","0","","0","0","0","3","2","Y","1222","3","2","0","0","0","2","0","2","0","2","03","03","N","","","","","","","","","","",""
"2022010588","0658","1","0","0","0","0","0","0","0","0","1","0","45","67","01","2022","5","40.0176","-75.0492","0649","06","0","0","0","0","0","0","0","0","","0","0","0","06","1","1","00","N","1","40 01:03.475","2","00","75 02:57.258","8","0","0","0","67301","0","0","0","N","0","0","0","3","68K01","0","","1","01","0720","N","N","N","1","","0","0","1","0","0","N","0643","1","3","0","0","1","1","0","2","0","3","03","","Y","4","1","Y","N","N","N","Y","N","N","Y","N"
"2022037459","1124","1","0","0","0","0","0","0","0","0","1","0","","67","03","2022","1","39.9492","-75.1849","1118","06","0","0","0","0","0","0","0","0","","0","0","0","11","1","0","00","N","1","39 56:56.975","3","00","75 11:05.524","0","0","0","0","67301","0","0","0","N","0","0","0","5","68K01","0","","1","01","1135","N","N","N","0","","0","0","2","0","0","N","1114","0","3","0","0","1","0","0","2","0","3","03","","N","","","","","","","","","","",""
"2022014833","1140","1","0","0","0","0","0","0","0","0","4","0","","67","02","2022","3","39.9799","-75.1429","1140","06","0","0","0","0","0","0","1","0","","0","0","0","13","1","1","01","","0","39 58:47.465","","00","75 08:34.342","2","0","0","0","67301","0","0","0","N","0","0","0","2","67301","0","","1","99","","N","N","N","0","","0","1","0","3","2","","1330","1","2","0","0","0","0","0","2","1","2","99","","N","","","","","","","","","","",""
"2022016163","2221","0","0","0","0","0","0","0","0","0","8","0","","67","02","2022","3","40.0457","-75.1432","2220","06","0","0","0","0","0","0","0","0","","0","0","0","18","3","1","02","","0","40 02:44.541","","00","75 08:35.413","3","0","0","0","67301","1","0","0","N","1","0","0","2","67301","0","","1","01","","N","N","N","0","","1","0","1","0","0","","1830","1","2","0","0","0","0","0","2","0","1","03","03","N","","","","","","","","","","",""
"2022037321","0426","0","0","0","0","0","0","0","0","0","5","0","","67","04","2022","1","39.9588","-75.1704","0421","06","0","0","0","0","0","1","0","0","","0","0","0","04","3","0","00","N","1","39 57:31.757","3","00","75 10:13.496","9","0","0","0","67301","0","0","0","N","0","0","0","3","68Z99","0","","1","01","0440","N","N","N","0","","0","0","1","0","0","N","0421","0","2","0","0","0","0","1","2","0","2","03","","N","","","","","","","","","","",""
"2022026242","0055","3","0","0","0","0","0","0","0","0","4","0","","67","02","2022","4","39.9548","-75.2362","0045","06","0","0","0","0","0","0","0","0","","0","0","0","00","3","1","01","","0","39 57:17.128","","00","75 14:10.395","8","0","0","0","67301","0","0","0","N","0","0","0","2","67301","0","","1","02","","N","N","N","0","","0","0","1","3","2","","0030","1","4","0","0","0","1","0","2","0","4","10","10","N","","","","","","","","","","",""
"2022037466","0246","1","0","0","0","0","0","0","0","0","7","0","","67","03","2022","6","40.0344","-75.0191","0230","06","0","0","0","0","0","0","0","0","","0","0","0","02","3","2","00","N","2","40 02:03.716","2","00","75 01:08.788","4","0","0","0","67301","0","0","0","N","0","0","0","2","68K01","2","","2","09","0257","N","N","N","1","","0","0","0","0","0","N","0228","2","2","0","0","0","0","0","2","0","2","03","","N","","","","","","","","","","",""
"2022036652","2033","1","0","0","0","0","0","0","0","0","8","0","","67","04","2022","2","39.9847","-75.1565","2030","06","0","0","0","0","0","0","0","0","","0","0","0","20","3","1","01","N","0","39 59:04.850","","00","75 09:23.377","8","0","0","0","67301","1","0","0","N","1","0","0","2","67505","0","","1","09","","N","N","N","0","","0","0","0","3","2","","2012","1","2","0","0","0","1","1","2","0","1","07","07","N","","","","","","","","","","",""
"2022036300","1309","0","0","0","0","0","0","0","0","0","1","1","","67","04","2022","2","39.9493","-75.1845","1253","06","0","0","0","0","0","1","0","0","","0","1","0","12","1","1","00","N","1","39 56:57.363","4","00","75 11:04.293","3","0","0","0","67301","0","0","0","N","0","0","0","2","68K01","0","","1","01","1309","N","N","N","0","","1","0","1","0","0","N","1250","1","2","0","0","0","0","0","2","0","2","03","","N","","","","","","","","","","",""
"2022037452","0234","0","0","0","0","0","0","0","0","0","5","0","","67","03","2022","7","39.9785","-75.2027","0229","06","0","0","0","0","0","0","0","0","","0","0","0","02","3","0","00","N","1","39 58:42.512","3","00","75 12:09.827","9","0","0","0","67301","0","0","0","N","0","0","0","2","68K01","0","","3","01","0236","N","N","N","0","","0","0","1","0","0","N","0227","0","2","0","0","0","0","1","2","0","2","03","03","N","","","","","","","","","","",""
"2022014584","2110","1","0","0","0","0","0","0","0","0","2","0","","67","01","2022","6","40.1284","-75.0098","2104","06","1","0","0","1","0","0","0","0","","0","0","0","20","3","0","02","","0","40 07:42.204","","00","75 00:35.355","0","0","0","0","67301","0","0","0","N","0","0","0","2","67301","0","","1","02","","N","N","N","0","","0","0","1","0","0","","2030","0","2","0","0","0","0","0","2","0","2","10","10","N","","","","","","","","","","",""
"2022014626","1130","1","0","0","0","0","0","0","0","0","1","0","","67","01","2022","6","39.9716","-75.1704","1118","06","0","0","0","0","0","0","0","0","","0","0","0","11","1","0","00","N","0","39 58:17.600","","00","75 10:13.500","0","0","0","0","67301","0","0","0","N","0","0","0","1","67301","0","","6","06","","N","Y","N","0","","0","0","1","0","0","","1100","0","3","0","0","0","0","0","2","1","3","10","10","N","","","","","","","","","","",""
"2022014609","0848","1","0","0","0","0","0","0","0","0","4","0","","67","01","2022","4","40.0946","-75.0152","0843","06","0","0","0","0","0","2","0","0","","0","0","0","08","1","1","01","","0","40 05:40.718","","00","75 00:54.707","3","0","0","0","67301","0","0","0","N","0","0","0","3","67301","0","","1","01","","N","N","N","0","","1","0","1","3","2","","0833","1","2","0","0","0","0","0","2","0","2","03","03","N","","","","","","","","","","",""
"2022014797","1840","1","0","0","0","0","0","0","0","0","4","0","","67","01","2022","2","39.9775","-75.1818","1825","06","0","0","0","0","0","1","0","0","","0","0","0","17","3","0","01","","0","39 58:38.825","","00","75 10:54.321","0","0","0","0","67301","0","0","0","N","0","0","0","2","67301","0","","1","07","","N","N","N","0","","0","0","1","3","3","","1757","0","2","0","0","0","0","0","2","0","2","10","03","N","","","","","","","","","","",""
"2022036288","0626","1","0","0","0","0","0","0","0","0","7","0","","67","03","2022","3","39.8988","-75.1727","0626","06","0","0","0","1","0","0","0","0","","0","0","0","06","3","0","00","N","2","39 53:55.614","1","00","75 10:21.635","0","0","0","0","67301","0","0","0","N","0","0","0","1","68K01","0","","5","01","0700","N","N","N","0","","0","0","0","0","0","N","0626","0","1","0","0","0","0","0","2","0","1","03","03","N","","","","","","","","","","",""
"2022014644","1331","1","0","1","0","0","0","0","0","0","4","0","","67","01","2022","4","39.917","-75.2466","1331","06","0","0","0","0","0","1","0","0","","0","0","0","21","3","1","00","N","0","39 55:01.178","","07","75 14:47.764","2","0","0","0","67301","0","0","0","N","0","0","0","2","67301","0","","1","01","","N","N","N","0","","0","1","1","0","0","","2100","1","2","0","0","0","0","0","2","0","2","03","","N","","","","","","","","","","",""
"2022024574","2144","0","0","0","0","0","0","1","0","0","5","1","","67","02","2022","3","39.993","-75.1103","2135","06","0","0","0","0","0","0","0","0","","0","0","0","21","3","1","01","","0","39 59:34.645","","00","75 06:36.928","8","0","0","0","67301","0","0","0","N","0","0","0","3","67508","0","","1","01","","","","N","0","","0","0","1","3","2","","2135","1","2","0","0","0","1","0","2","0","2","03","03","N","","","","","","","","","","",""
"2022014779","0130","0","0","0","0","0","0","0","0","0","5","0","","67","01","2022","6","39.985","-75.2381","0120","06","0","0","0","0","0","0","0","0","","0","0","0","23","3","0","00","N","0","39 59:06.050","","00","75 14:16.990","9","0","0","0","67301","0","0","0","N","0","0","0","1","67301","0","","6","07","","N","N","N","1","","0","0","1","0","0","","2343","0","3","0","0","0","0","1","2","1","3","10","10","N","","","","","","","","","","",""
"2022036991","1415","1","0","0","0","0","0","0","0","0","4","1","","67","04","2022","4","40.0524","-74.9874","1400","06","0","0","0","0","0","1","0","0","","0","1","0","14","1","0","00","N","1","40 03:08.584","1","00","74 59:14.548","0","0","0","0","67301","0","0","0","N","0","0","0","4","68M03","0","","1","01","1500","N","N","N","0","","0","0","0","0","0","Y","1400","0","2","0","0","0","0","0","2","0","2","03","03","N","","","","","","","","","","",""
"2022017600","","2","0","0","0","0","0","0","0","0","1","0","","67","01","2022","3","40.0774","-75.1755","","06","0","0","0","0","0","0","0","0","","0","0","0","20","1","1","01","","0","40 04:38.684","","00","75 10:31.865","8","0","0","0","67301","0","0","0","N","0","0","0","2","00000","0","","1","01","","N","N","N","0","","0","0","0","3","2","","2005","1","2","0","0","0","1","0","2","0","2","03","","N","","","","","","","","","","",""
"2022037461","1706","1","0","0","0","0","0","0","0","0","7","0","","67","03","2022","4","39.9583","-75.1658","1644","06","0","0","0","0","0","0","0","0","","0","0","0","16","1","1","07","","0","39 57:29.748","","02","75 09:56.922","8","0","0","0","67301","0","0","0","N","0","0","0","2","68K01","0","","2","01","","N","N","N","0","","0","0","0","0","0","","1639","1","1","0","0","0","1","0","2","0","1","03","03","N","","","","","","","","","","",""
"2022014860","1530","0","0","0","0","0","0","0","0","0","4","0","","67","01","2022","1","40.0484","-75.1376","1530","06","0","0","0","0","0","0","0","0","","0","0","0","15","1","1","01","","0","40 02:54.250","","00","75 08:15.522","8","0","0","0","67301","0","0","0","N","0","0","0","2","67301","0","","1","02","","N","N","N","0","","0","0","1","3","3","","1520","1","2","0","0","0","1","0","2","0","2","03","","N","","","","","","","","","","",""
"2022037716","1555","1","0","0","0","0","0","0","0","0","1","1","","67","04","2022","5","39.9294","-75.146","1501","06","0","0","0","0","0","1","1","0","","0","1","0","14","1","0","00","N","1","39 55:45.744","1","00","75 08:45.764","0","0","0","0","67301","0","0","0","N","0","0","0","3","68K01","0","","1","01","1700","N","N","N","0","","0","0","0","0","0","N","1457","0","2","0","0","0","0","0","2","0","2","03","03","N","","","","","","","","","","",""
"2022014588","0810","2","0","0","0","0","0","0","0","0","1","0","","67","01","2022","2","40.0764","-75.0475","0804","06","0","0","0","0","0","0","0","0","","0","0","0","08","1","2","02","","0","40 04:35.155","","00","75 02:50.852","3","0","0","0","67301","0","0","0","N","0","0","0","2","67301","0","","1","02","","N","N","N","0","","1","0","0","0","0","","0803","2","2","0","0","0","1","0","2","0","2","03","10","N","","","","","","","","","","",""
"2022037464","2225","1","0","0","0","0","0","0","0","0","1","0","","67","03","2022","5","39.96","-75.1798","2210","06","0","0","0","0","0","0","0","0","","0","0","0","22","3","0","06","","0","39 57:36.017","","02","75 10:47.219","0","0","0","0","67301","0","0","0","N","0","0","0","2","68K01","0","","1","09","","N","N","N","0","","0","0","1","0","0","","2205","0","2","0","0","0","0","0","2","0","2","07","07","N","","","","","","","","","","",""
"2022014889","1640","2","0","0","0","0","0","0","0","0","4","0","","67","01","2022","4","40.0202","-75.1505","1635","06","0","0","0","0","0","0","0","1","","0","0","0","16","1","1","01","","0","40 01:12.714","","03","75 09:01.947","8","0","0","0","67301","0","0","0","N","0","0","0","3","67301","0","","1","01","","N","N","N","0","","0","0","0","3","2","","1620","1","2","0","0","0","1","0","2","0","2","03","","N","","","","","","","","","","",""
"2022014793","1958","2","0","0","0","0","0","0","0","0","4","0","","67","01","2022","5","39.9835","-75.1815","1948","06","0","0","0","0","0","0","0","0","","0","0","0","19","3","1","05","","2","39 59:00.448","6","00","75 10:53.514","2","0","0","0","67301","0","0","0","N","0","0","0","5","67301","0","","1","01","2048","N","N","N","0","","0","1","2","3","2","Y","1900","1","4","0","0","0","0","0","2","0","4","03","03","N","","","","","","","","","","",""
"2022037725","1219","1","0","0","0","0","0","0","0","0","1","0","","67","04","2022","2","39.9568","-75.1532","1201","06","0","0","0","0","0","0","0","0","","0","0","0","11","1","1","00","N","0","39 57:24.654","","00","75 09:11.646","8","0","0","0","67301","0","0","0","N","0","0","0","2","68K01","0","","1","01","","N","N","N","0","","0","0","1","0","0","","1158","1","2","0","0","0","1","0","2","0","2","04","04","N","","","","","","","","","","",""
"2022036593","1350","1","0","0","0","0","0","0","0","0","7","0","","67","04","2022","4","39.885","-75.2439","1338","06","0","0","0","0","0","0","1","0","","0","0","0","13","1","0","00","N","0","39 53:06.005","","00","75 14:38.081","0","0","0","0","67301","0","0","0","N","0","0","0","1","68K01","0","","2","01","","N","N","N","0","","0","0","0","0","0","","1333","0","1","0","0","0","0","0","2","0","1","03","03","N","","","","","","","","","","",""
"2022014898","1935","2","0","0","0","0","0","0","0","0","4","0","","67","02","2022","3","40.0172","-75.1718","1935","06","0","0","0","0","0","0","0","0","","0","0","0","19","3","2","00","N","1","40 01:01.747","1","00","75 10:18.526","3","0","0","0","67301","0","0","0","N","0","0","0","3","67301","0","","1","01","0030","N","N","N","0","","2","0","0","0","0","N","1925","2","2","0","0","0","0","0","2","0","2","03","","N","","","","","","","","","","",""