"CRN","ARRIVAL_TM","AUTOMOBILE_COUNT","BELTED_DEATH_COUNT","BELTED_SUSP_SERIOUS_INJ_COUNT","BICYCLE_COUNT","BICYCLE_DEATH_COUNT","BICYCLE_SUSP_SERIOUS_INJ_COUNT","BUS_COUNT","CHLDPAS_DEATH_COUNT","CHLDPAS_SUSP_SERIOUS_INJ_COUNT","COLLISION_TYPE","COMM_VEH_COUNT","CONS_ZONE_SPD_LIM","COUNTY","CRASH_MONTH","CRASH_YEAR","DAY_OF_WEEK","DEC_LAT","DEC_LONG","DISPATCH_TM","DISTRICT","DRIVER_COUNT_16YR","DRIVER_COUNT_17YR","DRIVER_COUNT_18YR","DRIVER_COUNT_19YR","DRIVER_COUNT_20YR","DRIVER_COUNT_50_64YR","DRIVER_COUNT_65_74YR","DRIVER_COUNT_75PLUS","EST_HRS_CLOSED","FATAL_COUNT","HEAVY_TRUCK_COUNT","HORSE_BUGGY_COUNT","HOUR_OF_DAY","ILLUMINATION","INJURY_COUNT","INTERSECT_TYPE","INTERSECTION_RELATED","LANE_CLOSED","LATITUDE","LN_CLOSE_DIR","LOCATION_TYPE","LONGITUDE","MAX_SEVERITY_LEVEL","MCYCLE_DEATH_COUNT","MCYCLE_SUSP_SERIOUS_INJ_COUNT","MOTORCYCLE_COUNT","MUNICIPALITY","NONMOTR_COUNT","NONMOTR_DEATH_COUNT","NONMOTR_SUSP_SERIOUS_INJ_COUNT","NTFY_HIWY_MAINT","PED_COUNT","PED_DEATH_COUNT","PED_SUSP_SERIOUS_INJ_COUNT","PERSON_COUNT","POLICE_AGCY","POSSIBLE_INJ_COUNT","RDWY_SURF_TYPE_CD","RELATION_TO_ROAD","ROAD_CONDITION","ROADWAY_CLEARED","SCH_BUS_IND","SCH_ZONE_IND","SECONDARY_CRASH","SMALL_TRUCK_COUNT","SPEC_JURIS_CD","SUSP_MINOR_INJ_COUNT","SUSP_SERIOUS_INJ_COUNT","SUV_COUNT","TCD_FUNC_CD","TCD_TYPE","TFC_DETOUR_IND","TIME_OF_DAY","TOT_INJ_COUNT","TOTAL_UNITS","UNB_DEATH_COUNT","UNB_SUSP_SERIOUS_INJ_COUNT","UNBELTED_OCC_COUNT","UNK_INJ_DEG_COUNT","UNK_INJ_PER_COUNT","URBAN_RURAL","VAN_COUNT","VEHICLE_COUNT","WEATHER1","WEATHER2","WORK_ZONE_IND","WORK_ZONE_LOC","WORK_ZONE_TYPE","WORKERS_PRES","WZ_CLOSE_DETOUR","WZ_FLAGGER","WZ_LAW_OFFCR_IND","WZ_LN_CLOSURE","WZ_MOVING","WZ_OTHER","WZ_SHLDER_MDN","WZ_WORKERS_INJ_KILLED"
"2022014763","1020","1","0","0","0","0","0","0","0","0","4","0","","67","01","2022","6","39.9595","-75.2332","1018","06","0","0","0","0","0","0","0","0","","0","0","0","09","1","1","01","","0","39 57:34.098","","00","75 13:59.431","3","0","0","0","67301","0","0","0","N","0","0","0","2","67301","0","","1","09","","N","N","N","0","","1","0","0","3","2","","0950","1","2","0","0","0","0","0","2","0","2","10","03","N","","","","","","","","","","",""
"2022014648","1841","1","0","0","0","0","0","0","0","0","8","0","","67","01","2022","2","39.9089","-75.2329","1839","06","0","0","0","0","0","0","0","0","","0","0","0","17","4","1","01","","0","39 54:32.058","","00","75 13:58.490","3","0","0","0","67301","1","0","0","N","1","0","0","2","67301","0","","1","02","","N","N","N","0","","1","0","0","3","2","","1727","1","2","0","0","1","0","1","2","0","1","03","03","N","","","","","","","","","","",""
"2022014729","1721","1","0","0","0","0","0","0","0","0","4","0","","67","01","2022","1","40.0189","-75.0495","1707","06","0","0","0","0","0","0","0","0","","0","0","0","17","3","1","01","","0","40 01:08.120","","00","75 02:58.216","3","0","0","0","67301","0","0","0","N","0","0","0","2","67301","0","","1","09","","N","N","N","0","","1","0","1","3","3","","1701","1","2","0","0","0","0","1","2","0","2","03","","N","","","","","","","","","","",""
"2022014780","1200","0","0","0","0","0","0","0","0","0","5","0","","67","01","2022","6","39.9679","-75.2506","1136","06","0","0","0","0","0","0","0","0","","0","0","0","21","3","0","00","N","0","39 58:04.540","","00","75 15:02.060","0","0","0","0","67301","0","0","0","N","0","0","0","1","67301","0","","6","07","","N","N","N","0","","0","0","1","0","0","","2100","0","2","0","0","0","0","0","2","0","2","10","10","N","","","","","","","","","","",""
"2022037475","2348","1","0","0","0","0","0","0","0","0","7","0","","67","04","2022","1","39.8978","-75.1862","2338","06","0","0","0","0","1","0","0","0","","0","0","0","22","3","0","00","N","0","39 53:51.918","","00","75 11:10.494","0","0","0","0","67301","0","0","0","N","0","0","0","1","68K01","0","","4","01","","N","N","N","0","","0","0","0","0","0","","2230","0","1","0","0","0","0","0","2","0","1","03","03","N","","","","","","","","","","",""
"2022023773","1621","1","0","0","0","0","0","0","0","0","8","0","","67","01","2022","4","39.9939","-75.1147","1620","06","0","0","0","0","0","0","1","0","","0","0","0","16","1","1","01","","0","39 59:38.007","","00","75 06:52.898","3","0","0","0","67301","1","0","0","N","1","0","0","2","67301","0","","1","01","","N","Y","N","0","","1","0","0","3","3","","1600","1","2","0","0","1","0","0","2","0","1","03","","N","","","","","","","","","","",""
"2022016860","0506","2","0","0","0","0","0","0","0","0","4","0","","67","01","2022","5","39.9968","-75.116","0505","06","0","0","0","0","0","0","0","0","","0","0","0","05","1","0","02","","0","39 59:48.419","","00","75 06:57.506","9","0","0","0","67301","0","0","0","N","0","0","0","3","67301","0","","1","01","","N","N","N","0","","0","0","0","0","0","","0500","0","2","0","0","3","0","1","2","0","2","03","03","N","","","","","","","","","","",""
"2022015195","1707","1","0","0","0","0","0","0","0","0","4","0","","67","02","2022","3","40.0275","-75.0624","1706","06","0","0","0","0","0","1","0","0","","0","0","0","17","1","1","01","","0","40 01:39.133","","00","75 03:44.544","4","0","0","0","67301","0","0","0","N","0","0","0","2","67301","1","","1","01","","N","N","N","0","","0","0","1","3","2","","1703","1","2","0","0","1","0","1","2","0","2","03","03","N","","","","","","","","","","",""
"2022036298","0115","1","0","0","0","0","0","0","0","0","7","0","","67","04","2022","6","39.9746","-75.1942","0113","06","0","0","0","0","0","0","0","0","","0","0","0","01","3","0","00","N","0","39 58:28.719","","00","75 11:39.060","0","0","0","0","67301","0","0","0","N","0","0","0","1","68K01","0","","5","09","","N","N","N","0","","0","0","0","0","0","","0103","0","1","0","0","0","0","0","2","0","1","07","07","N","","","","","","","","","","",""
"2022037089","0701","0","0","0","0","0","0","0","0","0","1","0","","67","03","2022","3","40.0067","-75.0736","0632","06","0","0","1","0","0","0","0","0","","0","0","0","06","1","0","00","N","0","40 00:24.270","","00","75 04:24.856","9","0","0","0","67301","0","0","0","N","0","0","0","2","68K01","0","","1","01","","N","N","N","1","","0","0","0","0","0","","0629","0","2","0","0","0","0","1","2","0","2","03","03","N","","","","","","","","","","",""
"2022037485","0441","1","0","0","0","0","0","0","0","0","7","0","","67","04","2022","7","39.9835","-75.2081","0433","06","0","0","0","0","0","0","0","0","","0","0","0","04","3","0","00","N","2","39 59:00.501","4","00","75 12:29.073","0","0","0","0","67301","0","0","0","N","0","0","0","2","68K01","0","","4","09","0449","N","N","N","0","","0","0","0","0","0","N","0432","0","1","0","0","0","0","0","2","0","1","03","","N","","","","","","","","","","",""
"2022014726","0115","0","0","0","0","0","0","0","0","0","7","0","","67","01","2022","7","40.0082","-75.0904","0112","06","0","0","0","0","0","1","0","0","","0","0","0","00","3","2","00","N","0","40 00:29.618","","00","75 05:25.504","3","0","0","0","67301","0","0","0","N","0","0","0","2","67301","0","","4","07","","N","N","N","0","","2","0","1","0","0","","0056","2","1","0","0","0","0","0","2","0","1","10","10","N","","","","","","","","","","",""
"2022037465","0208","1","0","0","0","0","0","0","0","0","7","0","","67","03","2022","6","40.0074","-75.2007","0205","06","0","0","0","0","0","0","0","0","","0","0","0","02","3","0","00","N","2","40 00:26.543","3","00","75 12:02.612","9","0","0","0","67301","0","0","0","Y","0","0","0","1","68K01","0","","4","09","0300","N","N","N","0","","0","0","0","0","0","Y","0203","0","1","0","0","0","0","1","2","0","1","03","03","N","","","","","","","","","","",""
"2022013597","1615","2","0","0","0","0","0","0","0","0","1","0","","67","01","2022","4","40.0093","-75.2095","1608","06","0","0","0","0","0","0","0","0","","0","0","0","16","1","1","02","","0","40 00:32.941","","02","75 12:35.404","4","0","0","0","67301","0","0","0","N","0","0","0","2","46104","1","","1","01","","N","N","N","0","","0","0","0","3","2","","1608","1","2","0","0","0","0","0","2","0","2","03","03","N","","","","","","","","","","",""
"2022014546","2045","2","0","0","0","0","0","0","0","0","5","0","","67","01","2022","2","40.0388","-75.1011","2044","06","0","0","0","0","0","0","0","0","","0","0","0","20","3","0","00","N","2","40 02:19.600","5","00","75 06:03.900","9","0","0","0","67301","0","0","0","N","0","0","0","3","67301","0","","1","02","2115","N","N","N","0","","0","0","1","0","0","Y","2040","0","3","0","0","0","0","3","2","0","3","03","98","N","","","","","","","","","","",""
"2022015176","","2","0","0","0","0","0","0","0","0","1","0","","67","01","2022","4","39.9196","-75.2402","","06","0","0","0","0","0","0","0","0","","0","0","0","09","1","1","01","","0","39 55:10.448","","00","75 14:24.792","8","0","0","0","67301","0","0","0","N","0","0","0","2","00000","0","","1","01","","N","N","N","0","","0","0","0","3","2","","0945","1","2","0","0","0","1","0","2","0","2","03","","N","","","","","","","","","","",""
"2022012017","1947","2","0","0","0","0","0","0","0","0","4","0","","67","01","2022","2","40.0507","-75.1177","1947","06","0","0","0","0","0","1","0","0","","0","0","0","19","3","1","00","N","1","40 03:02.529","6","07","75 07:03.874","8","0","0","0","67301","0","0","0","N","0","0","0","2","46102","0","","1","09","2051","N","N","N","0","","0","0","0","0","0","N","1947","1","2","0","0","1","1","0","2","0","2","03","03","N","","","","","","","","","","",""
"2022037457","1546","2","0","0","0","0","0","0","0","0","1","0","","67","03","2022","6","39.9576","-75.1504","1527","06","0","0","0","0","0","1","0","0","","0","0","0","15","1","0","00","N","0","39 57:27.509","","00","75 09:01.593","0","0","0","0","67301","0","0","0","N","0","0","0","6","68K01","0","","1","01","","N","N","N","0","","0","0","0","0","0","","1524","0","2","0","0","0","0","0","2","0","2","03","03","N","","","","","","","","","","",""
"2022014861","2142","1","0","0","0","0","0","0","0","0","4","0","","67","01","2022","6","40.0306","-75.1465","2142","06","0","0","0","0","0","0","0","0","","0","0","0","22","3","1","01","","0","40 01:50.100","","00","75 08:47.313","4","0","0","0","67301","0","0","0","N","0","0","0","2","67301","1","","1","07","","N","N","N","0","","0","0","0","3","2","","2200","1","2","0","0","0","0","0","2","0","2","10","","N","","","","","","","","","","",""
"2022014582","1514","1","0","0","0","0","0","0","0","0","5","0","","67","01","2022","5","40.0783","-75.0366","1512","06","0","0","0","0","0","0","0","1","","0","0","0","15","1","1","00","N","0","40 04:41.818","","00","75 02:11.754","3","0","0","0","67301","0","0","0","N","0","0","0","2","67301","0","","1","01","","N","N","N","1","","1","0","1","0","0","","1500","1","3","0","0","0","0","0","2","0","3","03","03","N","","","","","","","","","","",""
"2022014823","0436","1","0","0","0","0","0","0","0","0","7","0","","67","01","2022","2","40.0043","-75.128","0436","06","0","0","0","0","0","0","0","0","","0","0","0","04","3","0","01","","0","40 00:15.530","","00","75 07:40.814","0","0","0","0","67301","0","0","0","N","0","0","0","1","67301","0","","5","02","","N","N","N","0","","0","0","0","3","2","","0436","0","1","0","0","0","0","0","2","0","1","98","98","N","","","","","","","","","","",""
"2022014557","0931","1","0","0","0","0","0","0","0","0","8","0","","67","02","2022","4","39.9172","-75.1712","0928","06","0","0","0","0","0","0","1","0","","0","0","0","09","1","1","00","N","2","39 55:01.951","1","00","75 10:16.247","8","0","0","0","67301","1","0","0","N","1","0","0","2","67301","0","","1","09","1020","N","N","N","0","","0","0","0","0","0","Y","0920","1","2","0","0","0","1","0","2","0","1","05","","N","","","","","","","","","","",""
"2022037591","1220","0","0","0","0","0","0","1","0","0","1","1","","67","04","2022","6","39.9775","-75.1599","1215","06","0","0","0","0","0","1","0","0","","0","0","0","12","1","1","01","","0","39 58:39.025","","00","75 09:35.531","3","0","0","1","67301","0","0","0","N","0","0","0","2","67508","0","","1","01","","N","N","Y","0","","1","0","0","3","2","","1215","1","2","0","0","0","0","0","2","0","2","03","03","N","","","","","","","","","","",""
"2022037739","0635","1","0","0","0","0","0","0","0","0","5","0","","67","04","2022","3","40.0217","-75.0393","0635","06","0","0","0","0","0","0","0","0","","0","0","0","06","5","7","00","N","1","40 01:18.115","1","00","75 02:21.477","3","0","0","0","67301","0","0","0","N","0","0","0","7","68K01","0","","1","09","0655","N","N","Y","0","","7","0","1","0","0","N","0634","7","2","0","0","0","0","0","2","0","2","03","","N","","","","","","","","","","",""
"2022014571","0015","2","0","0","0","0","0","0","0","0","0","0","","67","01","2022","4","39.9473","-75.1648","0007","06","0","0","0","0","0","0","0","0","","0","0","0","23","3","0","00","N","0","39 56:50.451","","00","75 09:53.109","0","0","0","0","67301","0","0","0","N","0","0","0","3","67301","0","","1","01","","N","N","N","0","","0","0","1","0","0","","2300","0","3","0","0","1","0","0","2","0","3","03","03","N","","","","","","","","","","",""
"2022014610","1420","0","0","0","0","0","0","0","0","0","1","0","","67","01","2022","4","40.0795","-75.0296","1415","06","0","0","0","0","0","0","0","0","","0","0","0","13","1","2","00","N","0","40 04:46.098","","00","75 01:46.692","8","0","0","0","67301","0","0","0","N","0","0","0","3","67301","0","","1","01","","N","N","N","1","","0","0","1","0","0","","1355","2","2","0","0","0","2","1","2","0","2","03","03","N","","","","","","","","","","",""
"2022014615","2150","0","0","1","0","0","0","0","0","0","2","0","","67","01","2022","7","40.0723","-75.0135","2147","06","0","0","0","0","0","0","0","0","","0","0","0","21","3","2","00","N","0","40 04:20.290","","00","75 00:48.605","2","0","0","0","67301","0","0","0","N","0","0","0","2","67301","0","","1","06","","N","N","N","0","","1","1","2","3","2","","2140","2","2","0","0","0","0","0","2","0","2","10","10","N","","","","","","","","","","",""
"2022037687","1923","1","0","0","0","0","0","0","0","0","7","0","","67","03","2022","5","39.9539","-75.1416","1917","06","0","0","0","0","0","0","0","0","","0","0","0","19","3","0","00","N","1","39 57:13.997","2","00","75 08:29.700","0","0","0","0","67301","0","0","0","N","0","0","0","1","68K01","0","","4","09","1935","N","N","N","0","","0","0","0","0","0","N","1915","0","1","0","0","0","0","0","2","0","1","07","","N","","","","","","","","","","",""
"2022014862","1048","2","0","0","0","0","0","0","0","0","4","0","","67","01","2022","2","40.0374","-75.1323","1045","06","0","0","0","0","0","0","0","0","","0","0","0","10","1","3","01","","0","40 02:14.784","","00","75 07:56.283","3","0","0","0","67301","0","0","0","N","0","0","0","4","67301","0","","1","06","","N","N","N","1","","3","0","0","3","3","","1030","3","3","0","0","0","0","0","2","0","3","03","03","N","","","","","","","","","","",""
"2022014698","1150","1","0","0","0","0","0","0","0","0","7","0","","67","02","2022","3","40.0402","-75.1691","1145","06","0","0","1","0","0","0","0","0","","0","0","0","11","1","0","03","","0","40 02:24.568","","00","75 10:08.705","9","0","0","0","67301","0","0","0","N","0","0","0","2","67301","0","","4","06","","N","N","N","0","","0","0","0","0","0","","1144","0","1","0","0","0","0","1","2","0","1","10","10","N","","","","","","","","","","",""
"2022010123","0707","1","0","0","0","0","0","0","0","0","7","0","","67","01","2022","6","39.9551","-75.1858","0705","06","0","0","0","0","0","0","0","0","","0","0","0","06","5","0","00","N","0","39 57:18.443","","00","75 11:09.002","9","0","0","0","67301","0","0","0","N","0","0","0","3","67507","0","","4","01","","N","N","N","0","","0","0","1","0","0","","0630","0","2","0","0","0","0","1","2","0","2","03","","N","","","","","","","","","","",""
"2022015669","1052","0","0","0","0","0","0","0","0","0","7","0","","67","01","2022","6","40.0398","-75.0069","1049","06","0","0","0","0","1","0","0","0","","0","0","0","10","1","0","00","N","1","40 02:23.382","2","00","75 00:24.666","0","0","0","0","67301","0","0","0","N","0","0","0","2","68K01","0","","2","09","1130","N","N","N","1","","0","0","0","0","0","N","1040","0","1","0","0","0","0","0","2","0","1","10","04","N","","","","","","","","","","",""
"2022015891","1852","1","0","0","0","0","0","0","0","0","8","0","","67","01","2022","4","40.0319","-75.1315","1852","06","0","0","0","0","0","0","0","0","","0","0","0","18","3","1","01","","0","40 01:54.746","","00","75 07:53.410","3","0","0","0","67301","1","0","0","N","1","0","0","2","67301","0","","1","01","","N","N","N","0","","1","0","0","3","2","","1850","1","2","0","0","0","0","0","2","0","1","03","03","N","","","","","","","","","","",""
"2022012267","1557","1","0","0","0","0","0","0","0","0","7","0","","67","02","2022","3","39.9832","-75.0987","1550","06","0","0","0","0","0","0","0","0","","0","0","0","15","1","1","07","","2","39 58:59.403","2","02","75 05:55.361","3","0","0","0","67301","0","0","0","Y","0","0","0","1","68K01","0","","7","01","1645","N","N","N","0","","1","0","0","0","0","Y","1547","1","1","0","0","0","0","0","2","0","1","03","","N","","","","","","","","","","",""
"2022014743","0217","1","0","0","0","0","0","0","0","0","4","0","","67","01","2022","5","39.969","-75.217","0213","06","0","0","0","0","0","0","0","0","","0","0","0","02","3","0","01","","0","39 58:08.327","","00","75 13:01.203","0","0","0","0","67301","0","0","0","N","0","0","0","2","67301","0","","1","01","","N","N","N","0","","0","0","1","3","2","","0210","0","3","0","0","0","0","0","2","1","3","03","","N","","","","","","","","","","",""
"2022019573","2210","0","0","0","0","0","0","0","0","0","8","0","","67","01","2022","5","39.9556","-75.1728","2205","06","0","0","0","0","0","0","0","0","","0","0","0","21","3","1","01","","0","39 57:20.163","","00","75 10:21.961","3","0","0","0","67301","1","0","0","N","1","0","0","2","67301","0","","1","01","","N","N","N","0","","1","0","1","3","2","","2145","1","2","0","0","0","0","1","2","0","1","03","03","N","","","","","","","","","","",""
"2022014647","1926","1","0","0","0","0","0","0","0","0","4","0","","67","01","2022","1","39.9266","-75.2356","1918","06","0","0","0","0","0","0","0","0","","0","0","0","19","3","0","01","","0","39 55:35.914","","00","75 14:08.141","0","0","0","0","67301","0","0","0","N","0","0","0","3","67301","0","","1","06","","N","N","N","0","","0","0","1","3","2","","1912","0","2","0","0","0","0","0","2","0","2","10","10","N","","","","","","","","","","",""
"2022014795","0305","0","0","0","0","0","0","0","0","0","4","0","","67","01","2022","1","39.9763","-75.1618","0301","06","0","0","1","0","0","0","0","0","","0","0","0","02","3","0","01","","0","39 58:34.606","","00","75 09:42.303","0","0","0","0","67301","0","0","0","N","0","0","0","4","67301","0","","1","07","","N","N","N","0","","0","0","2","3","2","","0240","0","2","0","0","1","0","0","2","0","2","10","98","N","","","","","","","","","","",""
"2022037448","0252","1","0","0","0","0","0","0","0","0","7","0","","67","02","2022","1","39.9537","-75.1816","0237","06","0","0","0","0","0","1","0","0","","0","0","0","02","3","1","00","N","1","39 57:13.320","3","00","75 10:53.702","4","0","0","0","67301","0","0","0","N","0","0","0","1","68K01","1","","2","01","0246","N","N","N","0","","0","0","0","0","0","N","0236","1","1","0","0","0","0","0","2","0","1","03","","N","","","","","","","","","","",""
"2022017610","","0","0","0","0","0","0","0","0","0","4","1","","67","01","2022","4","40.0266","-75.068","","06","0","0","0","0","0","0","0","0","","0","1","0","15","1","1","03","","0","40 01:35.682","","00","75 04:04.802","3","0","0","0","67301","0","0","0","N","0","0","0","2","00000","0","","1","01","","N","N","N","0","","1","0","1","3","2","","1550","1","2","0","0","0","0","0","2","0","2","03","","N","","","","","","","","","","",""
"2022008559","1850","2","0","0","0","0","0","0","0","0","6","0","","67","01","2022","1","39.9841","-75.261","1844","06","0","0","0","0","0","0","0","0","","0","0","0","18","3","1","00","N","0","39 59:02.644","","00","75 15:39.561","4","0","0","0","67301","0","0","0","N","0","0","0","3","46104","1","","1","07","","N","N","N","0","","0","0","0","0","0","","1843","1","2","0","0","0","0","0","2","0","2","10","","N","","","","","","","","","","",""
"2022014545","1805","0","0","0","0","0","0","0","0","0","4","0","","67","01","2022","5","40.0331","-75.107","1804","06","0","0","0","0","0","0","0","0","","0","0","0","18","3","1","01","","1","40 01:59.326","6","00","75 06:25.057","4","0","0","0","67301","0","0","0","N","0","0","0","2","67301","1","","1","01","0100","N","N","N","0","","0","0","2","3","2","Y","1803","1","2","0","0","0","0","0","2","0","2","03","","N","","","","","","","","","","",""
"2022014563","1245","2","0","0","0","0","0","0","0","0","4","0","","67","01","2022","5","40.0277","-75.2262","1242","06","0","0","0","0","0","0","0","0","","0","0","0","12","1","0","01","","0","40 01:39.640","","00","75 13:34.265","0","0","0","0","67301","0","0","0","N","0","0","0","3","67301","0","","1","02","","N","N","N","0","","0","0","0","3","3","","1238","0","2","0","0","0","0","0","2","0","2","03","","N","","","","","","","","","","",""
"2022037292","2048","1","0","0","0","0","0","0","0","0","8","0","","67","04","2022","7","39.9536","-75.1986","2047","06","0","0","0","0","0","1","0","0","","0","0","0","20","3","1","01","","0","39 57:13.151","","00","75 11:55.547","8","0","0","0","67301","1","0","0","N","1","0","0","2","67504","0","","1","09","","N","N","N","0","","0","0","0","3","2","","2047","1","2","0","0","0","1","0","2","0","1","07","","N","","","","","","","","","","",""
"2022026662","","0","0","0","0","0","0","0","0","0","4","0","","67","01","2022","5","40.1288","-75.0137","","06","0","0","0","0","0","0","1","0","","0","0","0","16","1","1","01","","0","40 07:43.807","","00","75 00:49.401","8","0","0","0","67301","0","0","0","N","0","0","0","2","00000","0","","1","01","","N","N","N","0","","0","0","2","3","2","","1615","1","2","0","0","1","1","0","2","0","2","03","","N","","","","","","","","","","",""
"2022037091","1032","2","0","0","0","0","0","0","0","0","1","0","","67","03","2022","5","39.9597","-75.1767","1023","06","0","0","0","0","0","3","0","0","","0","0","0","10","1","1","00","N","2","39 57:35.059","4","00","75 10:36.246","8","0","0","0","67301","0","0","0","N","0","0","0","4","68K01","0","","1","09","1122","N","N","Y","1","","0","0","0","0","0","N","1019","1","4","0","0","1","1","1","2","0","4","07","04","N","","","","","","","","","","",""
"2022020319","1200","0","0","0","0","0","0","0","0","0","1","0","","67","01","2022","1","40.0981","-75.0358","1158","06","0","0","0","0","0","1","0","0","","0","0","0","11","1","1","01","","0","40 05:53.196","","00","75 02:09.041","3","0","0","0","67301","0","0","0","N","0","0","0","2","67301","0","","1","07","","N","N","N","0","","1","0","2","3","3","","1155","1","2","0","0","0","0","0","2","0","2","10","03","N","","","","","","","","","","",""
"2022014798","0825","0","0","0","0","0","0","0","0","0","8","0","","67","01","2022","2","39.9939","-75.1545","0802","06","0","0","0","0","0","0","0","0","","0","0","0","14","1","1","01","","0","39 59:38.150","","00","75 09:16.063","3","0","0","0","67301","1","0","0","N","1","0","0","2","67301","0","","1","01","","N","N","N","0","","1","0","1","3","2","","1440","1","2","0","0","1","0","1","2","0","1","03","04","N","","","","","","","","","","",""
"2022014745","0149","2","0","0","0","0","0","0","0","0","7","0","","67","01","2022","1","39.9741","-75.2046","0149","06","0","0","0","1","0","0","0","0","","0","0","0","01","3","0","00","N","2","39 58:26.848","4","00","75 12:16.678","0","0","0","0","67301","0","0","0","N","0","0","0","1","67301","0","","4","07","0300","N","N","N","0","","0","0","0","0","0","N","0140","0","2","0","0","0","0","0","2","0","2","10","02","N","","","","","","","","","","",""
"2022014670","2050","0","0","0","0","0","0","0","0","0","7","0","","67","01","2022","4","40.061","-75.1901","2025","06","0","0","0","0","0","0","0","0","","0","0","0","19","3","1","02","","0","40 03:39.695","","00","75 11:24.461","3","0","0","0","67301","0","0","0","N","0","0","0","1","67301","0","","4","01","","N","N","N","1","","1","0","0","3","2","","1923","1","1","0","0","0","0","0","2","0","1","03","","N","","","","","","","","","","",""
"2022036286","1613","1","0","0","0","0","0","0","0","0","1","0","","67","03","2022","3","39.8899","-75.201","1552","06","0","0","0","0","0","0","0","0","","0","0","0","15","1","2","00","N","1","39 53:23.738","2","00","75 12:03.656","3","0","0","0","67301","0","0","0","N","0","0","0","3","68K01","0","","1","01","1625","N","N","N","0","","2","0","1","0","0","N","1548","2","2","0","0","0","0","0","2","0","2","03","03","N","","","","","","","","","","",""
"2022014719","1215","2","0","0","0","0","0","0","0","0","4","0","","67","01","2022","4","40.0189","-75.0495","1209","06","0","0","0","0","1","0","0","0","","0","0","0","11","8","0","01","","0","40 01:08.120","","00","75 02:58.216","0","0","0","0","67301","0","0","0","N","0","0","0","3","67301","0","","1","01","","N","N","N","0","","0","0","0","0","0","","1140","0","2","0","0","0","0","0","2","0","2","03","03","N","","","","","","","","","","",""
"2022016014","1146","2","0","0","0","0","0","0","0","0","4","0","","67","01","2022","6","39.9585","-75.1656","1146","06","0","0","0","0","0","0","0","0","","0","0","0","11","1","0","01","","0","39 57:30.644","","03","75 09:56.168","0","0","0","0","67301","0","0","0","N","0","0","0","2","67301","0","","1","02","","N","N","N","0","","0","0","0","3","2","","1144","0","2","0","0","0","0","0","2","0","2","06","10","N","","","","","","","","","","",""
"2022014435","0430","0","0","0","0","0","0","1","0","0","8","1","","67","02","2022","3","39.993","-75.1597","0418","06","0","0","0","0","0","0","0","0","","0","0","0","04","3","1","01","","0","39 59:34.764","","00","75 09:35.010","8","0","0","0","67301","1","0","0","N","1","0","0","2","67508","0","","1","06","","N","N","Y","0","","0","0","0","3","2","","0418","1","2","0","0","0","1","0","2","0","1","03","03","N","","","","","","","","","","",""
"2022035807","1345","1","0","0","0","0","0","1","0","0","1","1","","67","03","2022","1","39.9753","-75.1892","1330","06","0","0","0","0","0","0","1","0","","0","0","0","13","1","2","00","N","0","39 58:31.056","","00","75 11:20.965","4","0","0","0","67301","0","0","0","N","0","0","0","4","67508","2","","1","01","","N","N","Y","0","","0","0","0","0","0","","1330","2","3","0","0","0","0","0","2","0","3","03","03","N","","","","","","","","","","",""
"2022015676","0741","1","0","0","0","0","0","0","0","0","7","0","","67","01","2022","7","39.9612","-75.1821","0741","06","0","0","0","0","0","0","0","0","","0","0","0","07","1","0","00","N","0","39 57:40.201","","00","75 10:55.693","0","0","0","0","67301","0","0","0","N","0","0","0","2","68K01","0","","2","07","","N","N","N","0","","0","0","0","0","0","","0730","0","1","0","0","0","0","0","2","0","1","10","04","N","","","","","","","","","","",""
"2022021839","","1","0","0","0","0","0","0","0","0","1","0","","67","01","2022","2","40.1301","-75.0128","","06","0","0","0","0","0","0","0","0","","0","0","0","15","1","2","02","","0","40 07:48.496","","00","75 00:46.074","8","0","0","0","67301","0","0","0","N","0","0","0","3","00000","0","","1","01","","N","N","N","0","","0","0","1","0","0","","1505","2","2","0","0","0","2","0","2","0","2","03","","N","","","","","","","","","","",""
"2022014858","1442","0","0","0","0","0","0","0","0","0","4","0","","67","01","2022","6","40.0507","-75.1486","1436","06","0","0","0","0","0","0","1","0","","0","0","0","14","1","1","01","","0","40 03:02.783","","00","75 08:55.370","3","0","0","0","67301","0","0","0","N","0","0","0","2","67301","0","","1","08","","N","N","N","0","","1","0","2","3","1","","1415","1","2","0","0","1","0","0","2","0","2","10","10","N","","","","","","","","","","",""
"2022021841","","1","0","0","0","0","0","0","0","0","4","0","","67","01","2022","6","40.0264","-75.0968","","06","0","0","0","0","0","0","0","0","","0","0","0","09","1","1","01","","0","40 01:35.200","","00","75 05:48.300","8","0","0","0","67301","0","0","0","N","0","0","0","2","00000","0","","1","01","","N","N","N","1","","0","0","0","0","0","","0915","1","2","0","0","0","1","0","2","0","2","03","","N","","","","","","","","","","",""
"2022014646","2352","1","0","0","0","0","0","0","0","0","4","0","","67","01","2022","6","39.8812","-75.2287","2345","06","0","0","0","0","0","0","1","0","","0","0","0","23","3","1","11","","0","39 52:52.250","","00","75 13:43.240","4","0","0","0","67301","0","0","0","N","0","0","0","2","67301","1","","1","02","","N","N","N","0","","0","0","1","3","3","","2342","1","2","0","0","1","0","0","2","0","2","10","10","N","","","","","","","","","","",""