"CRN","ARRIVAL_TM","AUTOMOBILE_COUNT","BELTED_DEATH_COUNT","BELTED_SUSP_SERIOUS_INJ_COUNT","BICYCLE_COUNT","BICYCLE_DEATH_COUNT","BICYCLE_SUSP_SERIOUS_INJ_COUNT","BUS_COUNT","CHLDPAS_DEATH_COUNT","CHLDPAS_SUSP_SERIOUS_INJ_COUNT","COLLISION_TYPE","COMM_VEH_COUNT","CONS_ZONE_SPD_LIM","COUNTY","CRASH_MONTH","CRASH_YEAR","DAY_OF_WEEK","DEC_LAT","DEC_LONG","DISPATCH_TM","DISTRICT","DRIVER_COUNT_16YR","DRIVER_COUNT_17YR","DRIVER_COUNT_18YR","DRIVER_COUNT_19YR","DRIVER_COUNT_20YR","DRIVER_COUNT_50_64YR","DRIVER_COUNT_65_74YR","DRIVER_COUNT_75PLUS","EST_HRS_CLOSED","FATAL_COUNT","HEAVY_TRUCK_COUNT","HORSE_BUGGY_COUNT","HOUR_OF_DAY","ILLUMINATION","INJURY_COUNT","INTERSECT_TYPE","INTERSECTION_RELATED","LANE_CLOSED","LATITUDE","LN_CLOSE_DIR","LOCATION_TYPE","LONGITUDE","MAX_SEVERITY_LEVEL","MCYCLE_DEATH_COUNT","MCYCLE_SUSP_SERIOUS_INJ_COUNT","MOTORCYCLE_COUNT","MUNICIPALITY","NONMOTR_COUNT","NONMOTR_DEATH_COUNT","NONMOTR_SUSP_SERIOUS_INJ_COUNT","NTFY_HIWY_MAINT","PED_COUNT","PED_DEATH_COUNT","PED_SUSP_SERIOUS_INJ_COUNT","PERSON_COUNT","POLICE_AGCY","POSSIBLE_INJ_COUNT","RDWY_SURF_TYPE_CD","RELATION_TO_ROAD","ROAD_CONDITION","ROADWAY_CLEARED","SCH_BUS_IND","SCH_ZONE_IND","SECONDARY_CRASH","SMALL_TRUCK_COUNT","SPEC_JURIS_CD","SUSP_MINOR_INJ_COUNT","SUSP_SERIOUS_INJ_COUNT","SUV_COUNT","TCD_FUNC_CD","TCD_TYPE","TFC_DETOUR_IND","TIME_OF_DAY","TOT_INJ_COUNT","TOTAL_UNITS","UNB_DEATH_COUNT","UNB_SUSP_SERIOUS_INJ_COUNT","UNBELTED_OCC_COUNT","UNK_INJ_DEG_COUNT","UNK_INJ_PER_COUNT","URBAN_RURAL","VAN_COUNT","VEHICLE_COUNT","WEATHER1","WEATHER2","WORK_ZONE_IND","WORK_ZONE_LOC","WORK_ZONE_TYPE","WORKERS_PRES","WZ_CLOSE_DETOUR","WZ_FLAGGER","WZ_LAW_OFFCR_IND","WZ_LN_CLOSURE","WZ_MOVING","WZ_OTHER","WZ_SHLDER_MDN","WZ_WORKERS_INJ_KILLED"
"2022025804","1756","1","0","0","0","0","0","0","0","0","4","0","","67","03","2022","7","39.9998","-75.1148","1745","06","0","0","0","0","0","0","0","0","","0","0","0","17","1","1","01","","0","39 59:59.413","","00","75 06:53.265","3","0","0","0","67301","0","0","0","N","0","0","0","2","67301","0","","1","01","","N","N","N","0","","1","0","1","2","2","","1743","1","2","0","0","0","0","0","2","0","2","03","98","N","","","","","","","","","","",""
"2022031241","2116","0","0","0","0","0","0","0","0","0","8","0","","67","03","2022","3","40.0152","-75.1365","2114","06","0","0","0","0","0","0","0","0","","0","0","0","21","3","1","01","","0","40 00:54.770","","00","75 08:11.399","8","0","0","0","67301","1","0","0","N","1","0","0","2","67301","0","","1","01","","N","N","N","0","","0","0","0","0","0","","2111","1","2","0","0","0","1","0","2","0","1","03","03","N","","","","","","","","","","",""
"2022021037","2335","1","0","0","0","0","0","0","0","0","4","0","","67","02","2022","1","39.9458","-75.1668","2251","06","0","0","0","0","0","0","0","0","","0","0","0","22","3","0","01","","0","39 56:44.757","","00","75 10:00.390","0","0","0","0","67301","0","0","0","N","0","0","0","2","67301","0","","1","01","","N","N","N","0","","0","0","3","3","2","","2245","0","4","0","0","0","0","0","2","0","4","03","","N","","","","","","","","","","",""
"2022043972","1555","1","0","0","0","0","0","0","0","0","1","0","","67","04","2022","6","39.9564","-75.2176","1555","06","0","0","0","0","0","0","0","0","","0","0","0","15","1","1","00","N","0","39 57:22.930","","00","75 13:03.250","8","0","0","0","67301","0","0","0","N","0","0","0","1","67301","0","","1","01","","N","N","N","0","","0","0","0","0","0","","1545","1","2","0","0","0","1","0","2","0","2","03","03","N","","","","","","","","","","",""
"2022030781","1836","0","0","0","0","0","0","0","0","0","7","0","","67","03","2022","6","39.9937","-75.1399","1820","06","0","0","0","0","0","0","0","0","","0","0","0","17","1","0","01","","0","39 59:37.312","","00","75 08:23.470","0","0","0","0","67301","0","0","0","N","0","0","0","1","67301","0","","5","01","","N","N","N","0","","0","0","0","3","2","","1735","0","1","0","0","1","0","0","2","1","1","03","","N","","","","","","","","","","",""
"2022024133","1815","0","0","0","0","0","0","0","0","0","8","0","","67","03","2022","2","39.9589","-75.2414","1810","06","0","0","0","0","0","0","0","0","","0","0","0","16","1","1","01","","0","39 57:32.141","","00","75 14:29.004","3","0","0","0","67301","1","0","0","N","1","0","0","2","67301","0","","1","01","","N","N","N","0","","1","0","1","3","2","","1622","1","2","0","0","0","0","0","2","0","1","04","04","N","","","","","","","","","","",""
"2022043874","1016","0","0","0","0","0","0","0","0","0","4","2","","67","04","2022","5","39.9202","-75.2133","0955","06","0","0","0","0","0","0","0","0","","0","2","0","07","1","0","00","N","0","39 55:12.760","","07","75 12:47.910","0","0","0","0","67301","0","0","0","N","0","0","0","2","67301","0","","1","01","","N","N","N","0","","0","0","0","0","0","","0741","0","2","0","0","0","0","0","2","0","2","03","03","N","","","","","","","","","","",""
"2022043515","1125","2","0","0","0","0","0","0","0","0","5","0","","67","04","2022","7","39.9519","-75.1844","1120","06","0","0","0","0","0","0","0","0","","0","0","0","11","1","0","00","N","0","39 57:06.695","","03","75 11:03.906","0","0","0","0","67301","0","0","0","N","0","0","0","2","67504","0","","1","01","","N","N","N","0","","0","0","0","0","0","","1120","0","2","0","0","0","0","0","2","0","2","03","","N","","","","","","","","","","",""
"2022029168","1055","0","0","0","0","0","0","0","0","0","8","0","99","67","03","2022","5","39.9298","-75.1442","1046","06","0","0","0","0","0","0","0","0","","0","0","0","10","1","1","02","","2","39 55:47.711","2","00","75 08:40.000","3","0","0","0","67301","1","0","0","N","1","0","0","2","67301","0","","1","09","1110","N","N","N","0","","1","0","1","3","2","N","1040","1","2","0","0","0","0","0","2","0","1","07","","Y","4","3","Y","","","N","","","Y","","Y"
"2022016148","1119","2","0","0","0","0","0","0","0","0","4","0","","67","02","2022","7","40.0331","-75.107","1119","06","0","0","0","0","0","0","0","0","","0","0","0","06","3","1","01","","0","40 01:59.326","","00","75 06:25.057","3","0","0","0","67301","0","0","0","N","0","0","0","4","67301","0","","1","01","","N","N","N","0","","1","0","1","3","2","","0640","1","3","0","0","0","0","1","2","0","3","99","","N","","","","","","","","","","",""
"2022013785","1642","0","0","0","0","0","0","0","0","0","1","0","","67","02","2022","1","39.9479","-75.1866","1635","06","0","0","0","0","0","2","0","0","","0","0","0","16","1","2","06","","1","39 56:52.422","4","02","75 11:11.789","3","0","0","0","67301","0","0","0","N","0","0","0","4","68K01","0","","7","01","1715","N","N","N","0","","2","0","2","0","0","N","1609","2","2","0","0","0","0","0","2","0","2","03","03","N","","","","","","","","","","",""
"2022031226","1201","2","0","0","0","0","0","0","0","0","4","0","","67","03","2022","6","39.972","-75.246","1200","06","0","0","0","0","0","1","0","0","","0","0","0","10","1","1","01","","0","39 58:19.129","","00","75 14:45.206","8","0","0","0","67301","0","0","0","N","0","0","0","2","67301","0","","1","01","","N","N","N","0","","0","0","0","3","3","","1030","1","2","0","0","1","1","0","2","0","2","03","03","N","","","","","","","","","","",""
"2022045264","2125","1","0","0","0","0","0","0","0","0","8","0","","67","05","2022","6","39.9333","-75.1434","2123","06","0","0","0","0","0","1","0","0","","0","0","0","21","3","2","01","","0","39 55:59.902","","00","75 08:36.154","3","0","0","0","67301","2","0","0","N","2","0","0","3","67301","0","","1","09","","N","N","N","0","","2","0","0","3","2","","2120","2","3","0","0","0","0","0","2","0","1","07","","N","","","","","","","","","","",""
"2022021508","1353","0","0","0","0","0","0","0","0","0","4","0","","67","02","2022","5","40.0086","-75.0688","1346","06","0","0","0","0","0","0","0","1","","0","0","0","13","1","1","01","","0","40 00:31.034","","00","75 04:07.810","3","0","0","0","67301","0","0","0","N","0","0","0","3","67301","0","","1","09","","N","N","Y","1","","1","0","1","3","2","","1342","1","3","0","0","0","0","0","2","1","3","07","04","N","","","","","","","","","","",""
"2022048410","1124","0","0","0","0","0","0","0","0","0","7","1","","67","05","2022","3","39.9035","-75.2422","1122","06","0","0","0","0","0","0","0","1","","0","1","0","11","1","1","00","N","0","39 54:12.660","","00","75 14:31.940","2","0","0","0","67301","0","0","0","N","0","0","0","1","67301","0","","4","01","","N","N","N","0","","0","1","0","0","0","","1120","1","1","0","1","1","0","0","2","0","1","03","03","N","","","","","","","","","","",""
"2022044131","0157","0","0","0","0","0","0","0","0","0","1","0","","67","05","2022","7","40.0096","-75.1876","0146","06","0","0","0","0","0","0","0","0","","0","0","0","01","3","1","00","N","9","40 00:34.678","","00","75 11:15.065","3","0","0","0","67301","0","0","0","N","0","0","0","2","67301","0","","4","09","","N","N","N","0","","1","0","1","0","0","","0131","1","2","0","0","0","0","0","2","0","1","07","07","N","","","","","","","","","","",""
"2022052681","1920","1","0","0","0","0","0","0","0","0","7","0","","67","05","2022","3","39.9684","-75.1287","1905","06","0","0","0","0","0","0","0","0","","0","0","0","18","1","0","00","N","1","39 58:06.068","1","00","75 07:43.255","0","0","0","0","67301","0","0","0","Y","0","0","0","1","68K01","0","","3","01","1905","N","N","N","0","","0","0","0","0","0","N","1856","0","1","0","0","0","0","0","2","0","1","03","","N","","","","","","","","","","",""
"2022043842","1320","0","0","0","0","0","0","0","0","0","4","0","","67","05","2022","1","40.0854","-75.0374","1302","06","0","0","0","0","0","0","0","0","","0","0","0","12","1","2","01","","0","40 05:07.463","","00","75 02:14.492","8","0","0","0","67301","0","0","0","N","0","0","0","2","67301","0","","1","01","","N","N","N","0","","0","0","2","3","2","","1255","2","2","0","0","0","2","0","2","0","2","04","","N","","","","","","","","","","",""
"2022039842","1238","1","0","0","0","0","0","0","0","0","4","0","","67","04","2022","5","39.9808","-75.1503","1236","06","0","0","0","0","0","1","0","0","","0","0","0","12","1","0","01","","2","39 58:50.948","3","00","75 09:01.224","9","0","0","0","67301","0","0","0","N","0","0","0","2","67505","0","","1","01","1330","N","N","N","0","","0","0","1","3","2","Y","1230","0","2","0","0","0","0","1","2","0","2","03","03","N","","","","","","","","","","",""
"2022021422","1451","2","0","0","0","0","0","0","0","0","1","0","","67","02","2022","7","39.9947","-75.0837","1439","06","0","0","1","0","0","1","0","0","","0","0","0","14","1","1","00","N","1","39 59:41.002","1","00","75 05:01.399","3","0","0","0","67301","0","0","0","N","0","0","0","4","68K01","0","","1","01","1501","N","N","N","0","","1","0","1","0","0","N","1433","1","4","0","0","1","0","0","2","1","4","03","","N","","","","","","","","","","",""
"2022044032","0526","1","0","0","0","0","0","0","0","0","1","0","","67","04","2022","7","39.9992","-75.1095","0526","06","0","0","0","0","0","0","0","0","","0","0","0","05","3","0","00","N","2","39 59:56.980","3","00","75 06:34.130","9","0","0","0","67301","0","0","0","N","0","0","0","1","67301","0","","6","01","0600","N","N","N","0","","0","0","2","0","0","Y","0526","0","3","0","0","0","0","1","2","0","3","03","03","N","","","","","","","","","","",""
"2022051138","2337","1","0","0","0","0","0","0","0","0","7","0","","67","05","2022","3","39.8998","-75.1656","2337","06","0","0","0","0","0","0","0","0","","0","0","0","23","3","0","00","N","0","39 53:59.230","","00","75 09:56.190","0","0","0","0","67301","0","0","0","N","0","0","0","2","68Z99","0","","4","01","","N","N","N","0","","0","0","0","0","0","","2337","0","1","0","0","0","0","0","2","0","1","03","","N","","","","","","","","","","",""
"2022043846","1430","1","0","0","0","0","0","0","0","0","4","0","","67","04","2022","3","40.0691","-75.0074","1415","06","0","0","0","0","1","0","0","0","","0","0","0","14","1","1","00","N","0","40 04:08.785","","07","75 00:26.506","8","0","0","0","67301","0","0","0","N","0","0","0","2","67301","0","","1","01","","N","N","N","0","","0","0","1","0","0","","1402","1","2","0","0","0","1","0","2","0","2","03","03","N","","","","","","","","","","",""
"2022035904","1705","0","0","0","0","0","0","0","0","0","5","0","","67","04","2022","6","40.0035","-75.1548","1700","06","0","0","0","0","0","0","0","0","","0","0","0","16","1","0","00","N","2","40 00:12.500","4","00","75 09:17.300","0","0","0","0","67301","0","0","0","N","0","0","0","1","67505","0","","6","01","0040","N","N","N","0","","0","0","2","0","0","Y","1655","0","2","0","0","0","0","0","2","0","2","03","03","N","","","","","","","","","","",""
"2022029653","1952","0","0","0","0","0","0","0","0","0","4","0","","67","03","2022","1","39.9131","-75.1724","1952","06","0","0","0","0","0","2","0","0","","0","0","0","19","3","3","01","","0","39 54:46.993","","00","75 10:20.708","3","0","0","0","67301","0","0","0","N","0","0","0","3","67301","0","","1","01","","N","N","N","0","","2","0","2","3","2","","1950","3","2","0","0","2","1","0","2","0","2","03","","N","","","","","","","","","","",""
"2022041161","0932","1","0","0","0","0","0","0","0","0","4","0","","67","04","2022","7","40.0334","-75.0201","0932","06","0","0","0","0","0","0","0","0","","0","0","0","09","1","1","00","N","1","40 02:00.370","1","00","75 01:12.377","3","0","0","0","67301","0","0","0","N","0","0","0","2","68K01","0","","1","09","1000","N","N","Y","0","","1","0","1","0","0","Y","0931","1","2","0","0","0","0","0","2","0","2","04","","N","","","","","","","","","","",""
"2022019551","2200","0","0","0","0","0","0","0","0","0","5","0","","67","02","2022","3","39.9184","-75.1586","2150","06","0","0","0","0","0","0","0","0","","0","0","0","20","3","0","00","N","0","39 55:06.310","","00","75 09:31.090","0","0","0","0","67301","0","0","0","N","0","0","0","1","67301","0","","4","01","","N","N","N","1","","0","0","1","0","0","","2030","0","2","0","0","0","0","0","2","0","2","03","","N","","","","","","","","","","",""
"2022049089","1805","2","0","0","0","0","0","0","0","0","4","0","","67","05","2022","4","40.0861","-75.2119","1756","06","0","0","0","0","0","0","1","0","","0","0","0","17","1","1","01","","0","40 05:09.747","","00","75 12:42.989","4","0","0","0","67301","0","0","0","N","0","0","0","4","67301","1","","1","01","","N","N","N","0","","0","0","0","3","2","","1756","1","2","0","0","0","0","0","2","0","2","03","03","N","","","","","","","","","","",""
"2022024592","0854","2","0","0","0","0","0","0","0","0","6","0","","67","03","2022","2","39.9726","-75.2293","0854","06","0","0","0","0","0","0","0","0","","0","0","0","02","6","0","00","N","0","39 58:21.290","","00","75 13:45.550","0","0","0","0","67301","0","0","0","N","0","0","0","1","67301","0","","6","01","","N","N","Y","1","","0","0","0","0","0","","0225","0","3","0","0","0","0","0","2","0","3","99","","N","","","","","","","","","","",""
"2022045462","0900","1","0","0","0","0","0","0","0","0","5","0","","67","05","2022","1","40.001","-75.158","0848","06","0","0","0","0","0","0","0","0","","0","0","0","06","3","0","00","N","0","40 00:03.490","","00","75 09:28.730","0","0","0","0","67301","0","0","0","N","0","0","0","1","67301","0","","1","99","","N","N","N","0","","0","0","2","0","0","","0600","0","3","0","0","0","0","0","2","0","3","99","","N","","","","","","","","","","",""
"2022031096","1016","1","0","0","0","0","0","0","0","0","4","0","","67","03","2022","3","39.9563","-75.1956","1016","06","0","0","0","0","0","0","0","0","","0","0","0","10","1","1","02","","0","39 57:22.814","","00","75 11:44.324","3","0","0","0","67301","0","0","0","N","0","0","0","2","67301","0","","1","01","","N","N","N","0","","1","0","1","3","2","","1012","1","2","0","0","0","0","0","2","0","2","03","","N","","","","","","","","","","",""
"2022041158","0615","0","0","0","0","0","0","0","0","0","7","0","","67","04","2022","4","39.9965","-75.1969","0607","06","0","0","0","0","0","1","0","0","","0","0","0","05","3","0","00","N","1","39 59:47.485","3","00","75 11:48.881","0","0","0","0","67301","0","0","0","N","0","0","0","1","68K01","0","","4","09","0620","N","N","N","0","","0","0","0","0","0","N","0544","0","1","0","0","0","0","0","2","1","1","07","","N","","","","","","","","","","",""
"2022049762","1927","0","0","0","0","0","0","0","0","0","7","0","","67","05","2022","5","40.0127","-75.1608","1927","06","0","0","0","0","0","0","1","0","","0","0","0","19","1","1","00","N","0","40 00:45.796","","00","75 09:38.876","3","0","0","0","67301","0","0","0","N","0","0","0","1","67301","0","","5","01","","N","N","N","0","","1","0","0","0","0","","1927","1","1","0","0","0","0","0","2","1","1","04","","N","","","","","","","","","","",""
"2022043968","0245","1","0","0","0","0","0","0","0","0","5","0","","67","04","2022","7","39.9536","-75.2395","0240","06","0","0","0","0","0","0","0","0","","0","0","0","00","3","0","00","N","0","39 57:13.040","","00","75 14:22.260","0","0","0","0","67301","0","0","0","N","0","0","0","1","67301","0","","6","09","","N","N","N","0","","0","0","1","0","0","","0033","0","3","0","0","0","0","0","2","0","3","07","07","N","","","","","","","","","","",""
"2022050866","1235","0","0","0","0","0","0","0","0","0","5","1","","67","05","2022","3","40.0207","-75.1405","1234","06","0","0","0","0","0","0","0","0","","0","1","0","11","1","1","00","N","0","40 01:14.539","","00","75 08:25.635","3","0","0","0","67301","0","0","0","N","0","0","0","3","67301","0","","6","01","","N","N","N","0","","1","0","1","0","0","","1145","1","2","0","0","1","0","0","2","0","2","03","03","N","","","","","","","","","","",""
"2022029270","0910","2","0","0","0","0","0","0","0","0","4","0","","67","02","2022","2","40.0517","-75.153","0901","06","0","0","0","0","0","0","0","0","","0","0","0","09","1","1","01","","0","40 03:06.267","","00","75 09:10.785","8","0","0","0","67301","0","0","0","N","0","0","0","2","67301","0","","1","01","","N","N","N","0","","0","0","0","3","2","","0900","1","2","0","0","0","1","0","2","0","2","03","03","N","","","","","","","","","","",""
"2022023781","2009","0","0","0","0","0","0","0","0","0","8","0","","67","02","2022","5","40.011","-75.1508","2004","06","0","0","0","0","0","1","0","0","","0","0","0","19","3","1","00","N","0","40 00:39.554","","00","75 09:02.714","8","0","0","0","67301","1","0","0","N","1","0","0","2","67301","0","","1","01","","N","N","N","0","","0","0","0","0","0","","1951","1","2","0","0","0","1","0","2","1","1","03","","N","","","","","","","","","","",""
"2022051779","1241","0","0","0","0","0","0","0","0","0","4","1","","67","06","2022","4","40.017","-75.1504","1240","06","0","0","0","0","0","1","0","0","","0","1","0","12","1","2","02","","0","40 01:01.347","","00","75 09:01.508","3","0","0","0","67301","0","0","0","N","0","0","0","3","67301","0","","1","01","","N","N","N","1","","2","0","1","0","0","","1235","2","3","0","0","0","0","0","2","0","3","03","03","N","","","","","","","","","","",""
"2022032910","1050","1","0","0","0","0","0","0","0","0","4","0","","67","03","2022","1","39.9891","-75.2432","1037","06","0","0","0","0","0","1","0","1","","0","0","0","09","1","0","01","","0","39 59:20.810","","00","75 14:35.649","0","0","0","0","67301","0","0","0","N","0","0","0","2","67301","0","","1","01","","N","N","N","0","","0","0","1","3","3","","0927","0","2","0","0","0","0","0","2","0","2","04","","N","","","","","","","","","","",""
"2022016153","0013","0","0","0","0","0","0","0","0","0","4","0","","67","02","2022","1","39.9429","-75.2268","0007","06","0","0","0","0","0","0","0","0","","0","0","0","00","3","0","01","","0","39 56:34.598","","00","75 13:36.458","9","0","0","0","67301","0","0","0","N","0","0","0","3","67301","0","","1","99","","N","N","N","1","","0","0","0","3","2","","0000","0","2","0","0","0","0","2","2","1","2","03","03","N","","","","","","","","","","",""
"2022031372","2145","2","0","0","0","0","0","0","0","0","2","0","","67","03","2022","4","40.0412","-75.1069","2145","06","0","0","0","0","0","0","0","0","","0","0","0","21","3","0","00","N","1","40 02:28.377","1","00","75 06:24.766","0","0","0","0","67301","0","0","0","N","0","0","0","2","67301","0","","1","01","0030","N","N","N","0","","0","0","0","0","0","N","2132","0","2","0","0","2","0","0","2","0","2","03","03","N","","","","","","","","","","",""
"2022045167","1114","1","0","0","0","0","0","0","0","0","4","0","","67","02","2022","6","39.9592","-75.2434","1114","06","0","0","0","0","0","0","0","0","","0","0","0","21","3","1","01","","0","39 57:33.025","","00","75 14:36.157","3","0","0","0","67301","0","0","0","N","0","0","0","2","67301","0","","1","01","","N","N","N","0","","1","0","0","3","2","","2150","1","2","0","0","0","0","0","2","0","2","03","03","N","","","","","","","","","","",""
"2022045332","1114","1","0","0","0","0","0","0","0","0","1","0","","67","04","2022","2","39.9419","-75.194","1101","06","0","0","0","0","0","0","0","0","","0","0","0","11","1","0","00","N","1","39 56:30.939","4","00","75 11:38.538","0","0","0","0","67301","0","0","0","N","0","0","0","4","68K01","0","","1","01","1134","N","N","N","0","","0","0","1","0","0","N","1100","0","2","0","0","1","0","0","2","0","2","03","","N","","","","","","","","","","",""
"2022044050","2018","0","0","0","0","0","0","0","0","0","8","0","","67","04","2022","3","39.9986","-75.1492","2016","06","0","0","0","0","0","1","0","0","","0","0","0","20","3","1","00","N","0","39 59:54.840","","00","75 08:57.110","2","0","0","0","67301","1","0","1","N","1","0","1","2","67301","0","","1","09","","N","N","N","0","","0","1","1","3","2","","2014","1","2","0","0","0","0","0","2","0","1","07","04","N","","","","","","","","","","",""
"2022021605","0405","0","0","0","0","0","0","0","0","0","1","0","","67","02","2022","6","39.9623","-75.1613","0400","06","0","0","0","0","0","2","0","0","","0","0","0","03","3","2","01","","0","39 57:44.547","","00","75 09:41.289","8","0","0","0","67301","0","0","0","N","0","0","0","2","67301","0","","1","02","","N","N","N","0","","0","0","2","3","2","","0350","2","2","0","0","0","2","0","2","0","2","07","06","N","","","","","","","","","","",""
"2022040446","1346","1","0","0","0","0","0","0","0","0","1","0","","67","03","2022","1","40.0217","-75.04","1320","06","0","0","0","0","0","0","0","0","","0","0","0","13","1","0","00","N","1","40 01:18.294","2","00","75 02:24.065","0","0","0","0","67301","0","0","0","N","0","0","0","3","68K01","0","","1","01","1357","N","N","N","0","","0","0","1","0","0","Y","1317","0","2","0","0","0","0","0","2","0","2","03","","N","","","","","","","","","","",""
"2022043799","1631","1","0","0","0","0","0","0","0","0","2","0","","67","04","2022","2","40.0424","-75.0827","1631","06","0","0","0","0","0","1","0","0","","0","0","0","16","1","0","01","","0","40 02:32.725","","00","75 04:57.598","0","0","0","0","67301","0","0","0","N","0","0","0","2","67301","0","","1","01","","N","N","N","0","","0","0","1","0","0","","1610","0","2","0","0","2","0","0","2","0","2","03","03","N","","","","","","","","","","",""
"2022023480","1912","1","0","0","0","0","0","0","0","0","7","0","","67","03","2022","2","39.9559","-75.1484","1912","06","0","0","0","0","0","0","0","0","","0","0","0","19","3","0","00","N","0","39 57:21.249","","02","75 08:54.382","0","0","0","0","67301","0","0","0","N","0","0","0","1","67501","0","","2","01","","N","N","N","0","","0","0","0","0","0","","1912","0","1","0","0","0","0","0","2","0","1","03","03","N","","","","","","","","","","",""
"2022050620","0516","1","0","0","0","0","0","0","0","0","7","0","","67","05","2022","1","40.0367","-75.1904","0514","06","0","0","0","0","0","0","0","0","","1","0","0","05","5","1","00","N","0","40 02:12.200","","00","75 11:25.610","1","0","0","0","67301","0","0","0","N","0","0","0","2","67301","0","2","4","01","","N","N","N","0","0","0","1","0","0","0","","0510","1","1","0","0","0","0","0","2","0","1","03","","N","","","","","","","","","","",""
"2022052335","2000","1","0","0","0","0","0","0","0","0","4","0","","67","06","2022","7","39.9649","-75.1952","2000","06","0","0","0","0","0","0","0","0","","0","0","0","19","1","0","00","N","0","39 57:53.480","","00","75 11:42.560","9","0","0","0","67301","0","0","0","N","0","0","0","2","67301","0","","6","01","","N","N","N","0","","0","0","1","0","0","","1916","0","2","0","0","0","0","2","2","0","2","03","03","N","","","","","","","","","","",""
"2022048040","1040","1","0","0","0","0","0","0","0","0","2","1","","67","05","2022","7","39.9664","-75.2076","1039","06","0","0","0","0","0","1","0","0","","0","0","0","10","1","0","01","","0","39 57:59.017","","00","75 12:27.213","9","0","0","0","67301","0","0","0","N","0","0","0","2","67301","0","","1","01","","N","N","N","1","","0","0","1","3","2","","1026","0","3","0","0","0","0","1","2","0","3","03","03","N","","","","","","","","","","",""
"2022024129","0900","0","0","0","0","0","0","0","0","0","8","0","","67","03","2022","2","40.0604","-74.9904","0847","06","0","0","0","0","0","0","0","0","","0","0","0","06","1","1","01","","0","40 03:37.434","","00","74 59:25.565","3","0","0","0","67301","1","0","0","N","1","0","0","2","67301","0","","1","01","","N","Y","N","0","","1","0","0","3","2","","0618","1","2","0","0","0","0","0","2","0","1","03","03","N","","","","","","","","","","",""
"2022016125","1548","1","0","0","0","0","0","0","0","0","1","0","","67","02","2022","7","39.9075","-75.1429","1545","06","0","0","0","0","0","0","1","0","","0","0","0","15","1","0","00","N","0","39 54:27.000","","03","75 08:34.600","0","0","0","0","67301","0","0","0","N","0","0","0","3","67501","0","","1","01","","N","N","N","0","","0","0","1","3","8","","1540","0","2","0","0","0","0","0","2","0","2","03","03","N","","","","","","","","","","",""
"2022043896","2007","1","0","0","0","0","0","0","0","0","4","0","","67","05","2022","1","39.9372","-75.2265","2004","06","0","0","0","0","0","0","0","0","","0","0","0","19","4","1","00","N","0","39 56:13.970","","00","75 13:35.410","8","0","0","0","67301","0","0","0","N","0","0","0","1","67301","0","","1","01","","N","N","N","0","","0","0","0","0","0","","1956","1","2","0","0","0","1","0","2","0","2","03","","N","","","","","","","","","","",""
"2022041593","2027","0","0","0","0","0","0","1","0","0","8","1","","67","04","2022","2","40.0205","-75.1924","2017","06","0","0","0","0","0","0","0","0","","0","0","0","20","3","1","01","","0","40 01:13.816","","00","75 11:32.569","8","0","0","0","67301","1","0","0","N","1","0","0","2","67508","0","","1","01","","N","N","Y","0","","0","0","0","3","2","","2017","1","2","0","0","0","1","0","2","0","1","03","03","N","","","","","","","","","","",""
"2022047543","1050","0","0","0","0","0","0","0","0","0","8","0","","67","05","2022","4","39.9467","-75.1594","1050","06","0","0","0","0","0","0","0","0","","0","0","0","20","3","1","00","N","9","39 56:48.250","","00","75 09:33.790","3","0","0","0","67301","1","0","0","N","1","0","0","1","67301","0","","1","01","","N","N","N","0","","1","0","0","0","0","","2040","1","2","0","0","0","0","0","2","0","1","03","03","N","","","","","","","","","","",""
"2022038491","1526","3","0","0","0","0","0","0","0","0","5","0","","67","04","2022","7","39.961","-75.1881","1457","06","0","0","0","1","0","0","0","0","","0","0","0","08","1","0","00","N","0","39 57:39.700","","00","75 11:17.200","0","0","0","0","67301","0","0","0","N","0","0","0","1","67507","0","","6","01","","N","N","Y","0","","0","0","0","0","0","","0815","0","3","0","0","0","0","0","2","0","3","03","03","N","","","","","","","","","","",""
"2022043855","1216","1","0","0","0","0","0","0","0","0","8","0","","67","05","2022","5","40.096","-74.9768","1212","06","0","0","0","0","0","0","0","0","","0","0","0","12","1","1","02","","0","40 05:45.430","","00","74 58:36.413","3","0","0","0","67301","1","0","0","N","1","0","0","2","67301","0","","1","01","","N","N","N","0","","1","0","0","0","0","","1212","1","2","0","0","0","0","0","2","0","1","03","03","N","","","","","","","","","","",""
"2022044037","1617","2","0","0","0","0","0","0","0","0","4","0","","67","04","2022","2","40.0058","-75.0964","1614","06","0","0","0","0","0","1","0","0","","0","0","0","15","1","0","01","","0","40 00:21.036","","00","75 05:47.139","9","0","0","0","67301","0","0","0","N","0","0","0","3","67301","0","","1","01","","N","N","N","0","","0","0","0","3","2","","1550","0","2","0","0","0","0","1","2","0","2","03","04","N","","","","","","","","","","",""