"CRN","ARRIVAL_TM","AUTOMOBILE_COUNT","BELTED_DEATH_COUNT","BELTED_SUSP_SERIOUS_INJ_COUNT","BICYCLE_COUNT","BICYCLE_DEATH_COUNT","BICYCLE_SUSP_SERIOUS_INJ_COUNT","BUS_COUNT","CHLDPAS_DEATH_COUNT","CHLDPAS_SUSP_SERIOUS_INJ_COUNT","COLLISION_TYPE","COMM_VEH_COUNT","CONS_ZONE_SPD_LIM","COUNTY","CRASH_MONTH","CRASH_YEAR","DAY_OF_WEEK","DEC_LAT","DEC_LONG","DISPATCH_TM","DISTRICT","DRIVER_COUNT_16YR","DRIVER_COUNT_17YR","DRIVER_COUNT_18YR","DRIVER_COUNT_19YR","DRIVER_COUNT_20YR","DRIVER_COUNT_50_64YR","DRIVER_COUNT_65_74YR","DRIVER_COUNT_75PLUS","EST_HRS_CLOSED","FATAL_COUNT","HEAVY_TRUCK_COUNT","HORSE_BUGGY_COUNT","HOUR_OF_DAY","ILLUMINATION","INJURY_COUNT","INTERSECT_TYPE","INTERSECTION_RELATED","LANE_CLOSED","LATITUDE","LN_CLOSE_DIR","LOCATION_TYPE","LONGITUDE","MAX_SEVERITY_LEVEL","MCYCLE_DEATH_COUNT","MCYCLE_SUSP_SERIOUS_INJ_COUNT","MOTORCYCLE_COUNT","MUNICIPALITY","NONMOTR_COUNT","NONMOTR_DEATH_COUNT","NONMOTR_SUSP_SERIOUS_INJ_COUNT","NTFY_HIWY_MAINT","PED_COUNT","PED_DEATH_COUNT","PED_SUSP_SERIOUS_INJ_COUNT","PERSON_COUNT","POLICE_AGCY","POSSIBLE_INJ_COUNT","RDWY_SURF_TYPE_CD","RELATION_TO_ROAD","ROAD_CONDITION","ROADWAY_CLEARED","SCH_BUS_IND","SCH_ZONE_IND","SECONDARY_CRASH","SMALL_TRUCK_COUNT","SPEC_JURIS_CD","SUSP_MINOR_INJ_COUNT","SUSP_SERIOUS_INJ_COUNT","SUV_COUNT","TCD_FUNC_CD","TCD_TYPE","TFC_DETOUR_IND","TIME_OF_DAY","TOT_INJ_COUNT","TOTAL_UNITS","UNB_DEATH_COUNT","UNB_SUSP_SERIOUS_INJ_COUNT","UNBELTED_OCC_COUNT","UNK_INJ_DEG_COUNT","UNK_INJ_PER_COUNT","URBAN_RURAL","VAN_COUNT","VEHICLE_COUNT","WEATHER1","WEATHER2","WORK_ZONE_IND","WORK_ZONE_LOC","WORK_ZONE_TYPE","WORKERS_PRES","WZ_CLOSE_DETOUR","WZ_FLAGGER","WZ_LAW_OFFCR_IND","WZ_LN_CLOSURE","WZ_MOVING","WZ_OTHER","WZ_SHLDER_MDN","WZ_WORKERS_INJ_KILLED"
"2022045512","1036","0","0","0","0","0","0","0","0","0","1","1","","67","05","2022","3","39.9815","-75.2072","1036","06","0","0","0","0","0","1","0","0","","0","1","0","10","1","1","00","N","1","39 58:53.587","3","00","75 12:25.876","3","0","0","0","67301","0","0","0","N","0","0","0","3","68K01","0","","1","01","1100","N","N","N","0","","1","0","1","0","0","N","1021","1","3","0","0","0","0","0","2","1","3","03","","N","","","","","","","","","","",""
"2022047212","2145","1","0","0","0","0","0","0","0","0","1","0","","67","04","2022","5","40.0068","-75.1321","2145","06","0","0","1","0","0","0","0","0","","0","0","0","21","3","3","02","","0","40 00:24.409","","00","75 07:55.714","3","0","0","0","67301","0","0","0","N","0","0","0","3","67301","0","","1","01","","N","N","N","1","","3","0","0","3","3","","2145","3","2","0","0","0","0","0","2","0","2","03","03","N","","","","","","","","","","",""
"2022039359","1250","0","0","0","0","0","0","0","0","0","1","0","","67","03","2022","6","39.9227","-75.1911","1228","06","0","0","0","0","0","0","1","0","","0","0","0","12","1","0","00","N","1","39 55:21.556","4","00","75 11:27.839","0","0","0","0","67301","0","0","0","N","0","0","0","4","68K01","0","","1","01","1315","N","N","N","0","","0","0","3","0","0","N","1223","0","3","0","0","0","0","0","2","0","3","03","03","N","","","","","","","","","","",""
"2022027318","1317","1","0","0","0","0","0","0","0","0","5","0","","67","03","2022","7","40.0379","-75.0111","1257","06","0","0","0","0","0","0","0","0","","0","0","0","12","1","0","00","N","0","40 02:16.266","","00","75 00:40.079","0","0","0","0","67301","0","0","0","N","0","0","0","2","68K01","0","","1","01","","N","N","N","0","","0","0","1","0","0","","1256","0","2","0","0","0","0","0","2","0","2","03","03","N","","","","","","","","","","",""
"2022043951","1745","2","0","0","0","0","0","0","0","0","8","0","","67","05","2022","1","39.9751","-75.1949","1737","06","0","0","0","0","0","0","0","0","","0","0","0","17","1","1","00","N","0","39 58:30.324","","07","75 11:41.797","3","0","0","0","67301","1","0","0","N","1","0","0","3","67301","0","","3","09","","N","N","N","0","","1","0","0","0","0","","1730","1","3","0","0","0","0","0","2","0","2","07","07","N","","","","","","","","","","",""
"2022045384","2219","2","0","0","0","0","0","0","0","0","6","0","","67","04","2022","1","39.9251","-75.1793","2219","06","0","0","0","0","0","1","0","0","","0","0","0","22","3","0","00","N","0","39 55:30.500","","00","75 10:45.600","0","0","0","0","67301","0","0","0","N","0","0","0","1","67301","0","","6","01","","N","N","N","0","","0","0","3","0","0","","2213","0","6","0","0","0","0","0","2","1","6","03","","N","","","","","","","","","","",""
"2022044038","1935","1","0","0","1","0","0","0","0","0","8","0","","67","04","2022","2","40.0105","-75.0968","1930","06","0","0","0","0","0","0","0","0","","0","0","0","19","1","1","01","","0","40 00:37.700","","00","75 05:48.300","4","0","0","0","67301","1","0","0","N","0","0","0","2","67301","1","","1","01","","N","N","N","0","","0","0","0","0","0","","1900","1","2","0","0","1","0","0","2","0","1","03","03","N","","","","","","","","","","",""
"2022037959","1400","0","0","0","1","0","0","0","0","0","8","0","","67","04","2022","6","39.9785","-75.1567","1355","06","0","0","0","0","0","0","0","0","","0","0","0","13","1","1","02","","0","39 58:42.639","","00","75 09:24.066","3","0","0","0","67301","1","0","0","N","0","0","0","2","67505","0","","1","01","","N","N","N","0","","1","0","1","3","4","N","1329","1","2","0","0","0","0","0","2","0","1","03","","N","","","","","","","","","","",""
"2022038511","1736","1","0","0","0","0","0","0","0","0","1","0","","67","03","2022","4","39.943","-75.1931","1729","06","0","0","0","0","0","2","0","0","","0","0","0","17","1","0","00","N","2","39 56:34.620","3","03","75 11:35.270","0","0","0","0","67301","0","0","0","N","0","0","0","2","68K01","0","","1","01","1800","N","N","N","1","","0","0","0","0","0","N","1725","0","2","0","0","0","0","0","2","0","2","03","","N","","","","","","","","","","",""
"2022019627","2115","2","0","0","0","0","0","0","0","0","4","0","","67","02","2022","7","39.953","-75.2345","2115","06","0","0","0","0","0","0","0","0","","0","0","0","21","3","0","01","","0","39 57:10.760","","00","75 14:04.290","0","0","0","0","67301","0","0","0","N","0","0","0","1","67301","0","","1","01","","N","N","Y","0","","0","0","2","3","3","","2114","0","4","0","0","0","0","0","2","0","4","03","","N","","","","","","","","","","",""
"2022019642","1134","0","0","0","0","0","0","0","0","0","8","0","","67","02","2022","5","39.9984","-75.1171","1132","06","0","0","0","0","0","0","0","0","","0","0","0","11","1","1","00","N","0","39 59:54.250","","00","75 07:01.590","3","0","0","0","67301","1","0","0","N","1","0","0","2","67301","0","","1","01","","N","N","N","0","","1","0","1","0","0","","1111","1","2","0","0","0","0","0","2","0","1","03","03","N","","","","","","","","","","",""
"2022050731","1222","2","0","0","0","0","0","0","0","0","4","0","","67","05","2022","2","40.0399","-75.0451","1219","06","0","0","0","0","0","1","0","0","","0","0","0","11","1","1","02","","0","40 02:23.553","","00","75 02:42.392","4","0","0","0","67301","0","0","0","N","0","0","0","2","67301","1","","1","01","","N","N","N","0","","0","0","0","3","3","","1120","1","2","0","0","0","0","0","2","0","2","03","","N","","","","","","","","","","",""
"2022032884","1709","2","0","0","0","0","0","0","0","0","4","0","","67","04","2022","6","40.0463","-75.1924","1707","06","0","1","0","0","0","0","1","0","","0","0","0","17","1","1","01","","0","40 02:46.600","","00","75 11:32.477","3","0","0","0","67301","0","0","0","N","0","0","0","3","67301","0","","1","01","","N","N","N","0","","1","0","1","3","2","","1702","1","3","0","0","1","0","0","2","0","3","03","03","N","","","","","","","","","","",""
"2022037090","0746","2","0","0","0","0","0","0","0","0","1","0","","67","03","2022","5","40.0217","-75.0406","0738","06","0","0","0","0","0","0","0","0","","0","0","0","07","1","1","00","N","2","40 01:18.213","2","02","75 02:26.003","8","0","0","0","67301","0","0","0","N","0","0","0","3","68K01","0","","1","09","0750","N","N","N","0","","0","0","1","0","0","N","0736","1","3","0","0","0","1","1","2","0","3","07","","N","","","","","","","","","","",""
"2022051972","2035","1","0","0","0","0","0","0","0","0","4","1","","67","06","2022","6","40.0286","-75.0339","2030","06","0","0","0","0","0","0","0","0","","0","1","0","19","3","0","01","","0","40 01:42.885","","00","75 02:02.202","9","0","0","0","67301","0","0","0","N","0","0","0","2","67301","0","","1","01","","N","N","N","0","","0","0","0","3","2","","1952","0","2","0","0","0","0","1","2","0","2","03","03","N","","","","","","","","","","",""
"2022025397","0105","1","0","0","0","0","0","0","0","0","4","0","","67","03","2022","4","40.0047","-75.0776","0100","06","0","0","0","0","0","0","0","0","","0","0","0","23","3","0","01","","0","40 00:16.912","","00","75 04:39.262","0","0","0","0","67301","0","0","0","N","0","0","0","2","67301","0","","1","01","","N","N","N","0","","0","0","0","0","0","","2300","0","2","0","0","0","0","0","2","0","2","03","","N","","","","","","","","","","",""
"2022029655","2132","0","0","0","0","0","0","0","0","0","4","0","","67","02","2022","3","39.998","-75.1254","2131","06","0","0","1","0","0","1","0","0","","0","0","0","21","3","1","01","","0","39 59:52.789","","00","75 07:31.478","4","0","0","0","67301","0","0","0","N","0","0","0","2","67301","1","","1","01","","N","N","N","0","","0","0","2","3","2","","2130","1","2","0","0","0","0","1","2","0","2","03","03","N","","","","","","","","","","",""
"2022040690","0943","1","0","0","0","0","0","0","0","0","1","0","","67","04","2022","2","39.9685","-75.1282","0932","06","0","0","0","0","0","0","0","0","","0","0","0","09","1","1","00","N","0","39 58:06.605","","00","75 07:41.618","8","0","0","0","67301","0","0","0","N","0","0","0","2","68K01","0","","1","01","","N","N","N","0","","0","0","0","0","0","","0920","1","2","0","0","0","1","0","2","1","2","03","03","N","","","","","","","","","","",""
"2022043793","2115","2","0","0","0","0","0","0","0","0","1","0","","67","04","2022","2","39.9058","-75.1938","2109","06","0","0","0","0","0","0","0","0","","0","0","0","20","3","1","01","","0","39 54:20.725","","00","75 11:37.765","3","0","0","0","67301","0","0","0","N","0","0","0","2","67301","0","","1","01","","N","N","N","0","","1","0","0","3","2","","2005","1","2","0","0","1","0","1","2","0","2","03","03","N","","","","","","","","","","",""
"2022032407","0517","1","0","0","0","0","0","0","0","0","7","0","","67","03","2022","1","40.0453","-75.0019","0504","06","0","0","0","0","0","0","0","0","","0","0","0","04","3","0","07","","0","40 02:42.930","","02","75 00:06.821","0","0","0","0","67301","0","0","0","Y","0","0","0","1","68K01","0","","7","01","","N","N","N","0","","0","0","0","0","0","","0445","0","2","0","0","0","0","0","2","0","1","03","","N","","","","","","","","","","",""
"2022025286","0835","1","0","0","0","0","0","0","0","0","5","0","","67","03","2022","7","40.0223","-75.1642","0833","06","0","0","0","0","0","1","0","0","","0","0","0","08","1","2","00","N","0","40 01:20.100","","00","75 09:51.200","4","0","0","1","67301","0","0","0","N","0","0","0","2","67301","1","","6","09","","N","N","N","0","","0","0","2","0","0","","0826","2","4","0","0","0","1","0","2","0","4","07","04","N","","","","","","","","","","",""
"2022039718","0012","1","0","0","0","0","0","0","0","0","7","0","","67","03","2022","3","39.8956","-75.193","0006","06","0","0","0","1","0","0","0","0","","0","0","0","00","3","1","00","N","1","39 53:44.191","2","03","75 11:34.876","3","0","0","0","67301","0","0","0","N","0","0","0","1","68K01","0","","2","01","0120","N","N","N","0","","1","0","0","0","0","N","0005","1","1","0","0","1","0","0","2","0","1","03","","N","","","","","","","","","","",""
"2022024644","1801","1","0","0","0","0","0","0","0","0","4","0","","67","03","2022","4","40.0309","-75.1043","1758","06","0","0","0","0","0","1","0","0","","0","0","0","17","3","0","00","N","1","40 01:51.259","3","07","75 06:15.581","0","0","0","0","67301","0","0","0","N","0","0","0","2","67301","0","","1","09","1822","N","N","N","0","","0","0","1","0","0","N","1756","0","2","0","0","0","0","0","2","0","2","04","07","N","","","","","","","","","","",""
"2022040445","1602","1","0","0","0","0","0","0","0","0","5","0","","67","03","2022","7","39.9675","-75.1324","1602","06","0","0","0","0","0","1","0","0","","0","0","0","16","1","0","00","N","1","39 58:03.162","2","00","75 07:56.585","0","0","0","0","67301","0","0","0","N","0","0","0","2","68K01","0","","1","01","1650","N","N","N","0","","0","0","1","0","0","Y","1600","0","2","0","0","0","0","0","2","0","2","03","","N","","","","","","","","","","",""
"2022043982","2215","1","0","0","0","0","0","0","0","0","8","0","","67","04","2022","6","39.9881","-75.2292","2209","06","0","0","0","0","0","1","0","0","","0","0","0","21","2","1","00","N","0","39 59:17.130","","00","75 13:45.110","3","0","0","0","67301","1","0","0","N","1","0","0","2","67301","0","","1","99","","N","N","N","0","","1","0","0","0","0","","2107","1","2","0","0","1","0","0","2","0","1","03","03","N","","","","","","","","","","",""
"2022043870","1535","0","0","0","0","0","0","0","0","0","4","0","","67","04","2022","3","39.9241","-75.2277","1527","06","0","0","0","0","0","1","0","0","","0","0","0","15","1","1","01","","0","39 55:26.552","","00","75 13:39.745","4","0","0","0","67301","0","0","0","N","0","0","0","6","67301","1","","1","01","","N","N","N","0","","0","0","2","3","2","","1525","1","2","0","0","6","0","0","2","0","2","04","04","N","","","","","","","","","","",""
"2022019652","0217","2","0","0","0","0","0","0","0","0","1","0","","67","02","2022","1","39.9911","-75.1327","0215","06","0","0","0","0","0","0","0","0","","0","0","0","02","3","0","00","N","0","39 59:27.862","","00","75 07:57.858","9","0","0","0","67301","0","0","0","N","0","0","0","1","67301","0","","6","01","","N","N","N","0","","0","0","1","0","0","","0210","0","3","0","0","0","0","1","2","0","3","03","03","N","","","","","","","","","","",""
"2022050592","0017","0","0","0","0","0","0","0","0","0","8","0","","67","05","2022","4","40.0126","-75.1609","0016","06","0","0","0","0","0","0","1","0","","1","0","0","00","3","0","01","","1","40 00:45.376","7","00","75 09:39.277","1","0","0","0","67301","1","1","0","N","1","1","0","2","67301","0","2","1","01","0224","N","N","N","0","0","0","0","1","3","2","Y","0008","0","2","0","0","0","0","0","2","0","1","03","03","N","","","","","","","","","","",""
"2022023742","1332","1","0","0","0","0","0","0","0","0","4","0","","67","03","2022","4","40.0385","-75.1584","1325","06","1","0","0","0","0","0","0","0","","0","0","0","13","1","1","02","","0","40 02:18.646","","00","75 09:30.419","4","0","0","0","67301","0","0","0","N","0","0","0","2","67301","1","","1","01","","N","N","N","0","","0","0","1","3","3","","1321","1","2","0","0","2","0","0","2","0","2","03","03","N","","","","","","","","","","",""
"2022044915","0816","2","0","0","0","0","0","0","0","0","4","0","","67","05","2022","6","40.0717","-75.1792","0808","06","0","0","0","0","0","1","0","0","","0","0","0","08","1","2","00","N","2","40 04:18.138","6","07","75 10:45.154","3","0","0","0","67301","0","0","0","N","0","0","0","2","67301","0","","6","09","0030","N","N","N","0","","2","0","0","0","0","Y","0804","2","2","0","0","0","0","0","2","0","2","07","07","N","","","","","","","","","","",""
"2022040465","1613","2","0","0","0","0","0","0","0","0","4","0","","67","04","2022","5","39.9774","-75.1127","1533","06","0","0","0","1","0","0","0","0","","0","0","0","15","1","0","00","N","1","39 58:38.715","2","00","75 06:45.760","0","0","0","0","67301","0","0","0","N","0","0","0","2","68K01","0","","1","01","1630","N","N","N","0","","0","0","0","0","0","N","1531","0","2","0","0","0","0","0","2","0","2","03","03","N","","","","","","","","","","",""
"2022031336","0859","2","0","0","0","0","0","0","0","0","4","0","","67","03","2022","4","39.9909","-75.1551","0847","06","0","0","0","0","0","0","0","0","","0","0","0","07","1","1","01","","0","39 59:27.061","","00","75 09:18.508","3","0","0","0","67301","0","0","0","N","0","0","0","2","67301","0","","1","01","","N","N","N","0","","1","0","0","3","2","","0715","1","2","0","0","0","0","0","2","0","2","03","03","N","","","","","","","","","","",""
"2022020699","0310","2","0","0","0","0","0","0","0","0","1","0","","67","02","2022","1","40.0073","-75.1359","0300","06","0","0","0","0","0","0","0","0","","0","0","0","03","3","0","01","","0","40 00:26.228","","00","75 08:09.211","0","0","0","0","67301","0","0","0","N","0","0","0","1","67301","0","","4","01","","N","N","N","1","","0","0","0","0","0","","0300","0","3","0","0","1","0","0","2","0","3","03","04","N","","","","","","","","","","",""
"2022052291","1630","2","0","0","0","0","0","0","0","0","5","1","","67","05","2022","2","39.9538","-75.1562","1622","06","0","0","0","0","0","1","0","0","","0","1","0","16","1","2","00","N","0","39 57:13.830","","00","75 09:22.400","2","0","0","0","67301","0","0","0","N","0","0","0","6","67301","0","","1","01","","N","N","N","0","","1","1","0","0","0","","1609","2","3","0","0","0","0","1","2","0","3","03","03","N","","","","","","","","","","",""
"2022043989","1659","1","0","0","0","0","0","0","0","0","4","1","","67","05","2022","3","39.9915","-75.2266","1657","06","0","0","0","0","0","0","0","1","","0","1","0","15","1","1","01","","0","39 59:29.482","","00","75 13:35.641","3","0","0","0","67301","0","0","0","N","0","0","0","2","67301","0","","1","01","","N","N","N","0","","1","0","0","3","2","","1525","1","2","0","0","0","0","0","2","0","2","03","03","N","","","","","","","","","","",""
"2022029217","0435","0","0","0","0","0","0","0","0","0","4","0","","67","03","2022","5","40.0275","-75.0624","0433","06","0","0","0","0","0","0","0","0","","0","0","0","04","3","2","01","","1","40 01:38.783","3","00","75 03:44.998","3","0","0","0","67301","0","0","0","N","0","0","0","2","67301","0","","1","09","0500","N","N","N","0","","2","0","2","3","2","N","0430","2","2","0","0","0","0","0","2","0","2","04","07","N","","","","","","","","","","",""
"2022048718","1832","1","0","0","0","0","0","0","0","0","1","0","","67","05","2022","2","40.0827","-74.9926","1828","06","0","0","0","0","0","0","1","0","","0","0","0","18","1","0","00","N","1","40 04:57.687","1","00","74 59:33.487","9","0","0","0","67301","0","0","0","N","0","0","0","2","67301","0","","1","01","1945","N","N","N","0","","0","0","1","0","0","N","1820","0","2","0","0","0","0","2","2","0","2","03","03","N","","","","","","","","","","",""
"2022049166","2310","2","0","0","0","0","0","0","0","0","1","0","","67","04","2022","1","40.0125","-75.0875","2310","06","0","0","0","0","0","1","0","0","","0","0","0","23","3","2","01","","1","40 00:44.691","1","01","75 05:15.453","4","0","0","0","67301","0","0","0","N","0","0","0","4","67508","2","","1","01","9999","","","N","0","","0","0","1","0","0","N","2310","2","4","0","0","0","0","0","2","0","4","03","03","N","","","","","","","","","","",""
"2022049645","1524","0","0","0","0","0","0","0","0","0","4","0","","67","05","2022","2","40.0066","-75.1134","1519","06","0","0","0","0","0","0","0","0","","0","0","0","15","1","1","00","N","2","40 00:23.690","5","00","75 06:48.070","3","0","0","0","67301","0","0","0","N","0","0","0","1","67301","0","","1","01","1700","N","N","N","1","","1","0","1","0","0","Y","1519","1","2","0","0","0","0","0","2","0","2","03","03","N","","","","","","","","","","",""
"2022049725","1714","2","0","0","0","0","0","0","0","0","1","0","","67","05","2022","5","40.0369","-75.0144","1714","06","0","0","0","0","0","1","0","0","","0","0","0","17","1","1","00","N","0","40 02:12.880","","00","75 00:51.901","3","0","0","0","67301","0","0","0","N","0","0","0","2","68K01","0","","1","01","","N","N","N","0","","1","0","0","0","0","","1713","1","2","0","0","1","0","0","2","0","2","03","","N","","","","","","","","","","",""
"2022035417","2325","1","0","0","0","0","0","0","0","0","5","0","","67","04","2022","4","39.9778","-75.1598","2320","06","0","0","0","0","0","0","0","0","","0","0","0","23","6","0","00","N","0","39 58:40.100","","00","75 09:35.300","0","0","0","0","67301","0","0","0","N","0","0","0","3","67505","0","","1","01","","N","N","N","0","","0","0","0","0","0","","2320","0","2","0","0","0","0","0","2","0","2","03","03","N","","","","","","","","","","",""
"2022050900","1949","1","0","1","0","0","0","1","0","0","4","1","","67","04","2022","2","39.9866","-75.0913","1939","06","0","0","0","0","0","0","0","0","","0","0","0","19","3","1","00","N","2","39 59:11.867","1","00","75 05:28.737","2","0","0","0","67301","0","0","0","N","0","0","0","2","68K01","0","","1","09","2004","N","N","Y","0","","0","1","0","0","0","N","1937","1","2","0","0","0","0","0","2","0","2","07","","N","","","","","","","","","","",""
"2022049724","0538","0","0","0","0","0","0","0","0","0","7","0","","67","05","2022","7","39.9015","-75.1523","0528","06","0","0","0","0","0","0","0","0","","0","0","0","05","3","1","00","N","0","39 54:05.513","","00","75 09:08.103","3","0","0","0","67301","0","0","0","N","0","0","0","1","68K01","0","","4","09","","N","N","N","0","","1","0","1","0","0","","0501","1","1","0","0","0","0","0","2","0","1","04","05","N","","","","","","","","","","",""
"2022030807","0854","1","0","0","0","0","0","0","0","0","7","0","","67","03","2022","3","39.9849","-75.1468","0850","06","0","0","0","0","0","0","0","0","","0","0","0","08","1","0","00","N","0","39 59:05.700","","00","75 08:48.500","0","0","0","0","67301","0","0","0","N","0","0","0","1","67301","0","","4","01","","N","N","N","0","","0","0","0","0","0","","0847","0","1","0","0","1","0","0","2","0","1","03","03","N","","","","","","","","","","",""
"2022024539","0537","1","0","0","0","0","0","0","0","0","4","0","","67","03","2022","4","40.0223","-75.162","0537","06","0","0","0","0","0","0","0","0","","0","0","0","05","3","1","01","","0","40 01:20.289","","00","75 09:43.290","4","0","0","0","67301","0","0","0","N","0","0","0","2","67301","1","","1","01","","N","N","N","0","","0","0","1","3","2","","0537","1","2","0","0","0","0","1","2","0","2","03","04","N","","","","","","","","","","",""
"2022039561","1736","1","0","0","0","0","0","0","0","0","1","0","","67","04","2022","4","39.9782","-75.1579","1732","06","0","0","0","0","0","1","0","0","","0","0","0","17","1","1","00","Y","1","39 58:41.682","1","00","75 09:28.411","4","0","0","0","67301","0","0","0","N","0","0","0","3","67505","1","","1","01","1815","N","N","N","0","","0","0","2","3","2","N","1730","1","3","0","0","0","0","1","2","0","3","03","03","N","","","","","","","","","","",""
"2022016001","1615","1","0","0","0","0","0","0","0","0","8","0","","67","02","2022","6","40.0804","-74.9771","1611","06","0","0","1","0","0","0","0","0","","0","0","0","16","1","1","01","","0","40 04:49.584","","00","74 58:37.727","3","0","0","0","67301","1","0","0","N","1","0","0","2","67301","0","","1","01","","N","N","N","0","","1","0","0","3","2","","1610","1","2","0","0","1","0","0","2","0","1","03","03","N","","","","","","","","","","",""
"2022026972","1753","1","0","0","0","0","0","0","0","0","7","0","","67","03","2022","1","39.9205","-75.1983","1745","06","0","0","0","0","0","0","0","0","","0","0","0","17","1","0","00","N","0","39 55:13.886","","00","75 11:53.957","9","0","0","0","67301","0","0","0","N","0","0","0","1","67301","0","","3","01","","N","N","N","0","","0","0","0","0","0","","1737","0","1","0","0","0","0","1","2","0","1","03","","N","","","","","","","","","","",""
"2022032872","0010","0","0","0","0","0","0","0","0","0","1","1","","67","04","2022","7","39.9684","-75.1909","0005","06","0","0","0","0","0","1","0","0","","0","1","0","00","3","1","00","N","2","39 58:06.118","4","00","75 11:27.134","8","0","0","0","67301","0","0","0","Y","0","0","0","4","67301","0","","2","99","0045","N","N","N","0","","0","0","2","0","0","N","0005","1","3","0","0","0","1","0","2","0","3","03","03","N","","","","","","","","","","",""
"2022019653","0805","2","0","0","0","0","0","0","0","0","4","0","","67","02","2022","2","39.9699","-75.1431","0803","06","0","0","0","0","0","0","0","0","","0","0","0","07","1","0","01","","0","39 58:11.924","","00","75 08:34.804","0","0","0","0","67301","0","0","0","N","0","0","0","2","67301","0","","1","01","","N","N","N","0","","0","0","0","3","2","","0755","0","3","0","0","0","0","0","2","1","3","03","03","N","","","","","","","","","","",""
"2022029178","0006","0","0","0","0","0","0","0","0","0","8","0","","67","03","2022","1","39.9577","-75.1624","0006","06","0","0","0","0","0","0","0","0","","0","0","0","00","3","1","01","","0","39 57:27.649","","08","75 09:44.521","3","0","0","0","67301","1","0","0","N","1","0","0","2","67301","0","","1","01","","N","N","N","0","","1","0","0","3","2","","0005","1","2","0","0","0","0","0","2","0","1","03","04","N","","","","","","","","","","",""
"2022048175","1224","0","0","0","0","0","0","0","0","0","1","1","","67","03","2022","5","39.9346","-75.1995","1159","06","0","0","1","0","0","0","0","0","","0","1","0","11","1","3","00","N","2","39 56:04.694","3","02","75 11:58.168","8","0","0","0","67301","0","0","0","N","0","0","0","7","68Z99","0","","1","01","1250","N","N","N","0","","0","0","1","0","0","Y","1154","3","2","0","0","0","3","2","2","0","2","03","03","N","","","","","","","","","","",""
"2022032912","2035","1","0","0","0","0","0","0","0","0","5","0","","67","03","2022","5","39.9782","-75.1699","2027","06","0","0","0","0","0","0","0","0","","0","0","0","20","3","1","00","N","0","39 58:41.355","","00","75 10:11.615","3","0","0","0","67301","0","0","0","N","0","0","0","2","67301","0","","6","09","","N","N","N","0","","1","0","2","0","0","","2000","1","3","0","0","2","0","1","2","0","3","07","07","N","","","","","","","","","","",""
"2022047173","1818","1","0","0","0","0","0","0","0","0","1","0","","67","05","2022","5","40.0543","-75.1695","1814","06","0","0","0","0","0","0","0","0","","0","0","0","17","1","0","00","N","0","40 03:15.562","","00","75 10:10.193","9","0","0","0","67301","0","0","0","N","0","0","0","2","67301","0","","1","01","","N","N","N","0","","0","0","1","3","2","","1753","0","2","0","0","0","0","2","2","0","2","03","03","N","","","","","","","","","","",""
"2022049231","0050","0","0","0","0","0","0","0","0","0","4","0","","67","05","2022","4","40.0403","-75.0585","0040","06","0","0","0","1","0","0","0","0","","0","0","0","00","3","0","01","","0","40 02:25.164","","00","75 03:30.737","0","0","0","0","67301","0","0","0","N","0","0","0","2","67301","0","","1","01","","N","N","N","0","","0","0","2","3","2","","0030","0","2","0","0","0","0","0","2","0","2","03","03","N","","","","","","","","","","",""
"2022029275","0230","0","0","0","0","0","0","0","0","0","4","0","","67","03","2022","1","40.0475","-75.1428","0227","06","0","0","1","0","0","0","0","0","","0","0","0","02","3","2","01","","0","40 02:51.028","","00","75 08:34.417","3","0","0","0","67301","0","0","0","N","0","0","0","2","67301","0","","1","01","","N","N","N","0","","2","0","2","3","2","","0220","2","2","0","0","0","0","0","2","0","2","03","","N","","","","","","","","","","",""
"2022033224","2043","1","0","0","0","0","0","0","0","0","4","0","","67","04","2022","2","39.9402","-75.1641","2032","06","0","0","0","0","1","0","0","0","","0","0","0","20","3","1","01","","0","39 56:24.565","","00","75 09:50.594","3","0","0","0","67301","0","0","0","N","0","0","0","3","67301","0","","1","01","","N","N","N","0","","1","0","1","3","3","","2028","1","2","0","0","0","0","2","2","0","2","03","03","N","","","","","","","","","","",""
"2022020221","1404","3","0","0","0","0","0","0","0","0","4","0","","67","02","2022","2","40.049","-75.1749","1404","06","0","0","0","0","0","1","0","0","","0","0","0","14","1","0","01","","1","40 02:56.546","5","00","75 10:29.688","9","0","0","0","67301","0","0","0","N","0","0","0","3","67301","0","","1","01","1500","N","N","N","1","","0","0","0","3","2","N","1402","0","4","0","0","0","0","2","2","0","4","03","","N","","","","","","","","","","",""
"2022025297","2100","0","0","0","0","0","0","0","0","0","8","0","","67","03","2022","3","39.999","-75.1332","1601","06","0","0","0","0","0","0","0","0","","0","0","0","16","1","1","01","","0","39 59:56.501","","00","75 07:59.705","3","0","0","0","67301","1","0","0","N","1","0","0","2","67301","0","","1","01","","N","N","N","0","","1","0","1","3","2","","1600","1","2","0","0","0","0","0","2","0","1","03","03","N","","","","","","","","","","",""
"2022023766","0855","2","0","0","0","0","0","0","0","0","5","0","","67","03","2022","7","39.9651","-75.2281","0845","06","0","0","0","0","0","0","0","0","","0","0","0","07","5","0","00","N","0","39 57:54.350","","00","75 13:41.150","0","0","0","0","67301","0","0","0","N","0","0","0","1","67301","0","","6","01","","N","N","N","0","","0","0","1","0","0","","0713","0","4","0","0","0","0","0","2","1","4","03","03","N","","","","","","","","","","",""