"CRN","ARRIVAL_TM","AUTOMOBILE_COUNT","BELTED_DEATH_COUNT","BELTED_SUSP_SERIOUS_INJ_COUNT","BICYCLE_COUNT","BICYCLE_DEATH_COUNT","BICYCLE_SUSP_SERIOUS_INJ_COUNT","BUS_COUNT","CHLDPAS_DEATH_COUNT","CHLDPAS_SUSP_SERIOUS_INJ_COUNT","COLLISION_TYPE","COMM_VEH_COUNT","CONS_ZONE_SPD_LIM","COUNTY","CRASH_MONTH","CRASH_YEAR","DAY_OF_WEEK","DEC_LAT","DEC_LONG","DISPATCH_TM","DISTRICT","DRIVER_COUNT_16YR","DRIVER_COUNT_17YR","DRIVER_COUNT_18YR","DRIVER_COUNT_19YR","DRIVER_COUNT_20YR","DRIVER_COUNT_50_64YR","DRIVER_COUNT_65_74YR","DRIVER_COUNT_75PLUS","EST_HRS_CLOSED","FATAL_COUNT","HEAVY_TRUCK_COUNT","HORSE_BUGGY_COUNT","HOUR_OF_DAY","ILLUMINATION","INJURY_COUNT","INTERSECT_TYPE","INTERSECTION_RELATED","LANE_CLOSED","LATITUDE","LN_CLOSE_DIR","LOCATION_TYPE","LONGITUDE","MAX_SEVERITY_LEVEL","MCYCLE_DEATH_COUNT","MCYCLE_SUSP_SERIOUS_INJ_COUNT","MOTORCYCLE_COUNT","MUNICIPALITY","NONMOTR_COUNT","NONMOTR_DEATH_COUNT","NONMOTR_SUSP_SERIOUS_INJ_COUNT","NTFY_HIWY_MAINT","PED_COUNT","PED_DEATH_COUNT","PED_SUSP_SERIOUS_INJ_COUNT","PERSON_COUNT","POLICE_AGCY","POSSIBLE_INJ_COUNT","RDWY_SURF_TYPE_CD","RELATION_TO_ROAD","ROAD_CONDITION","ROADWAY_CLEARED","SCH_BUS_IND","SCH_ZONE_IND","SECONDARY_CRASH","SMALL_TRUCK_COUNT","SPEC_JURIS_CD","SUSP_MINOR_INJ_COUNT","SUSP_SERIOUS_INJ_COUNT","SUV_COUNT","TCD_FUNC_CD","TCD_TYPE","TFC_DETOUR_IND","TIME_OF_DAY","TOT_INJ_COUNT","TOTAL_UNITS","UNB_DEATH_COUNT","UNB_SUSP_SERIOUS_INJ_COUNT","UNBELTED_OCC_COUNT","UNK_INJ_DEG_COUNT","UNK_INJ_PER_COUNT","URBAN_RURAL","VAN_COUNT","VEHICLE_COUNT","WEATHER1","WEATHER2","WORK_ZONE_IND","WORK_ZONE_LOC","WORK_ZONE_TYPE","WORKERS_PRES","WZ_CLOSE_DETOUR","WZ_FLAGGER","WZ_LAW_OFFCR_IND","WZ_LN_CLOSURE","WZ_MOVING","WZ_OTHER","WZ_SHLDER_MDN","WZ_WORKERS_INJ_KILLED"
"2022029192","2005","1","0","0","0","0","0","0","0","0","7","0","","67","03","2022","2","40.107","-74.9949","1948","06","0","0","0","0","0","0","0","0","","0","0","0","19","3","0","00","N","2","40 06:25.285","4","02","74 59:41.741","9","0","0","0","67301","0","0","0","N","0","0","0","1","67301","0","","4","01","2020","N","N","N","0","","0","0","0","0","0","N","1925","0","1","0","0","0","0","1","2","0","1","03","03","N","","","","","","","","","","",""
"2022019636","1810","0","0","0","0","0","0","0","0","0","1","0","","67","02","2022","1","39.9895","-75.1043","1804","06","0","0","0","0","0","2","0","0","","0","0","0","18","3","1","00","N","0","39 59:22.363","","00","75 06:15.632","3","0","0","0","67301","0","0","0","N","0","0","0","4","67301","0","","1","01","","N","N","N","2","","1","0","1","0","0","","1804","1","3","0","0","1","0","0","2","0","3","03","03","N","","","","","","","","","","",""
"2022014704","0836","2","0","0","0","0","0","0","0","0","4","0","","67","02","2022","3","40.035","-75.1884","0836","06","0","0","0","0","0","0","0","1","","0","0","0","08","1","4","02","","2","40 02:05.989","5","00","75 11:18.376","4","0","0","0","67301","0","0","0","N","0","0","0","4","67301","4","","1","01","0030","N","N","N","0","","0","0","1","0","0","Y","0836","4","3","0","0","4","0","0","2","0","3","03","","N","","","","","","","","","","",""
"2022046207","0543","1","0","0","0","0","0","0","0","0","6","0","","67","04","2022","6","40.0472","-75.0007","0521","06","0","0","0","0","0","1","0","0","","0","0","0","05","3","0","00","N","0","40 02:49.799","","00","75 00:02.671","0","0","0","0","67301","0","0","0","N","0","0","0","2","68K01","0","","1","01","","N","N","N","0","","0","0","1","0","0","","0512","0","2","0","0","0","0","0","2","0","2","03","","N","","","","","","","","","","",""
"2022020667","2043","3","0","0","0","0","0","0","0","0","5","0","","67","02","2022","5","40.0326","-75.0371","2036","06","0","0","0","0","0","0","0","0","","0","0","0","20","3","0","00","N","1","40 01:57.302","4","00","75 02:13.600","0","0","0","0","67301","0","0","0","N","0","0","0","1","67301","0","","6","09","2215","N","N","N","0","","0","0","1","0","0","N","2029","0","5","0","0","0","0","0","2","1","5","99","03","N","","","","","","","","","","",""
"2022043957","1955","1","0","0","0","0","0","0","0","0","4","1","","67","04","2022","5","39.9401","-75.2007","1955","06","0","0","0","0","0","1","0","0","","0","1","0","15","1","2","02","","0","39 56:24.735","","00","75 12:02.476","3","0","0","0","67301","0","0","0","N","0","0","0","4","67301","0","","1","01","","N","N","N","0","","2","0","0","3","2","","1506","2","2","0","0","0","0","0","2","0","2","03","","N","","","","","","","","","","",""
"2022043517","1103","1","0","0","0","0","0","0","0","0","1","0","","67","05","2022","7","39.9523","-75.184","1103","06","0","0","0","0","0","0","0","0","","0","0","0","11","8","0","00","N","0","39 57:08.150","","00","75 11:02.330","0","0","0","0","67301","0","0","0","N","0","0","0","2","67504","0","","1","09","","N","N","N","0","","0","0","1","3","2","","1103","0","2","0","0","1","0","0","2","0","2","07","07","N","","","","","","","","","","",""
"2022029271","1636","1","0","0","0","0","0","0","0","0","1","0","","67","03","2022","7","40.0384","-75.1236","1631","06","0","0","0","0","1","0","0","0","","0","0","0","16","1","0","00","N","0","40 02:18.350","","00","75 07:24.840","0","0","0","0","67301","0","0","0","N","0","0","0","2","67301","0","","6","01","","N","N","N","0","","0","0","0","0","0","","1629","0","2","0","0","0","0","0","2","1","2","03","03","N","","","","","","","","","","",""
"2022029756","1920","1","0","0","0","0","0","0","0","0","4","0","","67","03","2022","6","39.9771","-75.2298","1920","06","0","0","0","0","0","0","0","0","","0","0","0","15","1","1","01","","0","39 58:37.434","","00","75 13:47.402","3","0","0","0","67301","0","0","0","N","0","0","0","2","67301","0","","1","01","","N","N","N","0","","1","0","1","3","2","","1540","1","2","0","0","0","0","0","2","0","2","03","03","N","","","","","","","","","","",""
"2022045639","1805","2","0","0","0","0","0","0","0","0","1","0","","67","05","2022","7","39.9771","-75.1987","1749","06","0","0","0","0","0","2","0","1","","0","0","0","17","1","1","00","N","0","39 58:37.503","","00","75 11:55.215","8","0","0","0","67301","0","0","0","N","0","0","0","6","68K01","0","","3","09","","N","N","N","0","","0","0","2","0","0","","1747","1","4","0","0","0","1","0","2","0","4","07","","N","","","","","","","","","","",""
"2022039766","1808","0","0","0","0","0","0","0","0","0","1","0","","67","04","2022","7","39.8773","-75.2527","1753","06","0","0","0","0","0","1","0","0","","0","0","0","17","1","2","00","N","0","39 52:38.448","","00","75 15:09.831","8","0","0","0","67301","0","0","0","N","0","0","0","6","68K01","0","","1","01","","N","N","N","0","","0","0","2","0","0","","1748","2","2","0","0","0","2","0","2","0","2","03","03","N","","","","","","","","","","",""
"2022032508","2345","2","0","0","0","0","0","0","0","0","1","0","","67","02","2022","6","40.0233","-75.0768","2345","06","0","0","0","0","0","1","0","0","","0","0","0","23","3","0","01","","0","40 01:23.700","","00","75 04:36.637","9","0","0","0","67301","0","0","0","N","0","0","0","5","67508","0","","1","01","","","","Y","0","","0","0","0","3","2","","2345","0","2","0","0","0","0","1","2","0","2","03","03","N","","","","","","","","","","",""
"2022046599","0123","1","0","0","0","0","0","0","0","0","7","0","","67","04","2022","3","39.8788","-75.25","0114","06","0","0","0","0","0","0","0","0","","0","0","0","01","3","0","00","N","1","39 52:43.567","1","00","75 14:59.950","0","0","0","0","67301","0","0","0","Y","0","0","0","1","68K01","0","","2","09","0200","N","N","N","0","","0","0","0","0","0","N","0113","0","1","0","0","0","0","0","2","0","1","07","","N","","","","","","","","","","",""
"2022023761","1651","1","0","0","0","0","0","0","0","0","4","0","","67","03","2022","3","39.9594","-75.2393","1647","06","0","0","0","0","0","0","1","0","","0","0","0","16","1","1","01","","0","39 57:34.005","","00","75 14:21.353","3","0","0","0","67301","0","0","0","N","0","0","0","2","67301","0","","1","01","","N","N","N","0","","1","0","1","3","3","","1644","1","2","0","0","1","0","0","2","0","2","03","03","N","","","","","","","","","","",""
"2022030630","1711","1","0","0","1","0","0","0","0","0","8","0","","67","03","2022","2","39.9541","-75.1778","1710","06","0","0","0","0","0","0","0","0","","0","0","0","14","1","1","01","","0","39 57:15.091","","00","75 10:40.122","3","0","0","0","67301","1","0","0","N","0","0","0","2","67301","0","","1","01","","N","N","N","0","","1","0","0","3","2","","1430","1","2","0","0","1","0","0","2","0","1","04","04","N","","","","","","","","","","",""
"2022031937","0830","1","0","0","0","0","0","0","0","0","5","0","","67","03","2022","5","40.0387","-75.0088","0812","06","0","0","0","0","0","0","0","0","","0","0","0","08","1","1","00","N","1","40 02:19.280","1","00","75 00:31.662","3","0","0","0","67301","0","0","0","N","0","0","0","2","68T07","0","","1","01","0915","N","N","N","0","","1","0","1","0","0","Y","0812","1","2","0","0","0","0","0","2","0","2","03","03","N","","","","","","","","","","",""
"2022021449","2100","2","0","0","0","0","0","0","0","0","1","0","","67","02","2022","7","40.0948","-75.0153","2100","06","0","0","0","0","0","0","1","0","","0","0","0","16","1","3","01","","0","40 05:41.184","","00","75 00:55.174","8","0","0","0","67301","0","0","0","N","0","0","0","4","67301","0","","1","01","","N","N","N","0","","0","0","0","3","2","","1600","3","2","0","0","0","3","1","2","0","2","03","03","N","","","","","","","","","","",""
"2022045506","1004","1","0","0","0","0","0","0","0","0","1","0","","67","04","2022","6","40.0276","-75.025","0950","06","0","0","0","0","0","1","0","0","","0","0","0","09","1","1","00","N","1","40 01:39.184","2","00","75 01:30.169","8","0","0","0","67301","0","0","0","N","0","0","0","2","68K01","0","","1","01","1014","N","N","N","1","","0","0","0","0","0","N","0948","1","2","0","0","0","1","0","2","0","2","03","","N","","","","","","","","","","",""
"2022044124","1501","1","0","0","0","0","0","0","0","0","2","0","","67","05","2022","3","40.0136","-75.1587","1500","06","0","0","0","0","0","0","0","0","","0","0","0","16","1","1","01","","0","40 00:49.075","","00","75 09:31.275","3","0","0","0","67301","0","0","0","N","0","0","0","1","67301","0","","1","01","","N","N","N","0","","1","0","0","3","2","","1615","1","2","0","0","1","0","0","2","1","2","03","04","N","","","","","","","","","","",""
"2022019580","2046","1","0","0","0","0","0","0","0","0","1","0","","67","02","2022","5","39.918","-75.2429","2046","06","0","0","0","0","0","0","0","0","","0","0","0","00","6","0","00","N","0","39 55:04.960","","00","75 14:34.370","9","0","0","0","67301","0","0","0","N","0","0","0","5","67301","0","","1","01","","N","N","N","0","","0","0","1","0","0","","0030","0","2","0","0","0","0","3","2","0","2","03","","N","","","","","","","","","","",""
"2022043690","1344","3","0","0","0","0","0","0","0","0","7","0","","67","04","2022","7","39.996","-75.2185","1344","06","0","0","0","0","0","2","0","0","","0","0","0","13","1","1","00","N","0","39 59:45.486","","00","75 13:06.609","3","0","0","0","67301","0","0","0","N","0","0","0","5","68K01","0","","4","01","","N","N","N","0","","1","0","0","0","0","","1344","1","3","0","0","0","0","0","2","0","3","03","","N","","","","","","","","","","",""
"2022032923","2006","1","0","0","0","0","0","0","0","0","8","0","","67","03","2022","2","40.0118","-75.0978","2005","06","0","0","0","0","0","0","0","0","","0","0","0","20","3","1","01","","0","40 00:42.552","","00","75 05:51.907","8","0","0","0","67301","1","0","0","N","1","0","0","2","67301","0","","1","01","","N","N","N","0","","0","0","0","3","2","","2001","1","2","0","0","0","1","1","2","0","1","03","03","N","","","","","","","","","","",""
"2022042340","0012","1","0","0","0","0","0","0","0","0","7","0","","67","04","2022","7","39.9566","-75.1434","0001","06","0","0","0","0","0","0","0","0","","0","0","0","23","3","1","00","N","0","39 57:23.930","","00","75 08:36.188","8","0","0","0","67301","0","0","0","N","0","0","0","1","68K01","0","","4","08","","N","N","N","0","","0","0","0","0","0","","2354","1","1","0","0","0","1","0","2","0","1","03","03","N","","","","","","","","","","",""
"2022034197","0750","1","0","0","0","0","0","0","0","0","7","0","","67","03","2022","1","39.9594","-75.1738","0744","06","0","0","0","0","0","0","0","0","","0","0","0","07","1","1","07","","2","39 57:33.745","4","02","75 10:25.715","8","0","0","0","67301","0","0","0","Y","0","0","0","1","68K01","0","","7","01","0822","N","N","N","0","","0","0","0","0","0","Y","0743","1","1","0","0","0","1","0","2","0","1","03","","N","","","","","","","","","","",""
"2022019593","0750","2","0","0","0","0","0","0","0","0","5","0","","67","02","2022","3","40.0324","-75.0809","0725","06","0","0","0","0","0","1","0","0","","0","0","0","07","1","0","01","","0","40 01:56.533","","00","75 04:51.327","0","0","0","0","67301","0","0","0","N","0","0","0","3","67301","0","","1","01","","N","N","N","0","","0","0","1","3","2","","0710","0","3","0","0","0","0","0","2","0","3","03","04","N","","","","","","","","","","",""
"2022021498","0041","1","0","0","0","0","0","0","0","0","1","0","","67","02","2022","1","39.9709","-75.1557","0037","06","0","0","0","0","0","1","0","0","","0","0","0","00","3","1","01","","0","39 58:15.708","","00","75 09:20.380","3","0","0","1","67301","0","0","0","N","0","0","0","3","67301","0","","1","01","","N","N","N","0","","1","0","0","3","2","","0026","1","2","0","0","0","0","0","2","0","2","03","","N","","","","","","","","","","",""
"2022026201","1657","0","0","0","0","0","0","0","0","0","4","0","","67","03","2022","7","39.9361","-75.1753","1635","06","0","0","0","0","0","0","0","0","","0","0","0","16","4","1","02","","0","39 56:10.068","","00","75 10:31.184","3","0","0","0","67301","0","0","0","N","0","0","0","3","67301","0","","1","06","","N","N","N","0","","1","0","2","3","3","","1632","1","2","0","0","0","0","0","2","0","2","09","02","N","","","","","","","","","","",""
"2022019592","1950","1","0","0","0","0","0","0","0","0","4","0","","67","02","2022","2","40.0379","-75.0782","1945","06","0","0","0","0","1","0","0","0","","0","0","0","19","1","1","01","","0","40 02:16.600","","00","75 04:41.500","4","0","0","0","67301","0","0","0","N","0","0","0","2","67301","1","","1","09","","N","N","N","0","","0","0","1","0","0","","1945","1","2","0","0","0","0","1","2","0","2","07","04","N","","","","","","","","","","",""
"2022016164","1034","3","0","0","0","0","0","0","0","0","2","0","","67","02","2022","2","40.0413","-75.1549","1027","06","0","0","0","1","0","0","1","0","","0","0","0","09","1","3","00","N","0","40 02:28.500","","00","75 09:17.600","3","0","0","0","67301","0","0","0","N","0","0","0","4","67301","0","","1","02","","N","N","N","0","","3","0","1","0","0","","0928","3","4","0","0","0","0","0","2","0","4","10","04","N","","","","","","","","","","",""
"2022029276","2035","2","0","0","0","0","0","0","0","0","5","0","","67","03","2022","1","40.0318","-75.1171","2031","06","0","0","0","0","0","0","0","0","","0","0","0","20","3","0","00","N","0","40 01:54.484","","00","75 07:01.630","0","0","0","0","67301","0","0","0","N","0","0","0","2","67301","0","","1","01","","N","N","N","0","","0","0","0","0","0","","2030","0","2","0","0","0","0","0","2","0","2","03","03","N","","","","","","","","","","",""
"2022045908","1408","1","0","0","0","0","0","0","0","0","1","0","","67","05","2022","6","39.9396","-75.1982","1406","06","0","0","0","0","0","0","0","1","","0","0","0","14","1","1","02","","0","39 56:22.681","","00","75 11:53.378","8","0","0","0","67301","0","0","0","N","0","0","0","3","67301","0","","1","01","","N","N","N","1","","0","0","0","3","2","","1400","1","2","0","0","0","1","0","2","0","2","03","","N","","","","","","","","","","",""
"2022030338","1545","2","0","0","0","0","0","0","0","0","1","0","","67","02","2022","3","40.0069","-75.0737","1533","06","0","0","0","0","0","0","1","0","","0","0","0","15","1","0","00","N","0","40 00:24.706","","02","75 04:25.343","0","0","0","0","67301","0","0","0","N","0","0","0","3","68K01","0","","1","01","","N","N","N","0","","0","0","0","0","0","","1532","0","3","0","0","0","0","0","2","1","3","03","","N","","","","","","","","","","",""
"2022020877","1624","0","0","0","0","0","0","0","0","0","8","0","","67","02","2022","5","40.0282","-75.1621","1624","06","0","0","0","0","0","0","0","0","","0","0","0","15","1","1","01","","0","40 01:41.669","","00","75 09:43.637","8","0","0","0","67301","1","0","0","N","1","0","0","2","67301","0","","1","01","","N","N","N","0","","0","0","1","3","2","","1530","1","2","0","0","0","1","0","2","0","1","03","03","N","","","","","","","","","","",""
"2022019633","1530","1","0","0","0","0","0","0","0","0","8","0","","67","02","2022","6","39.9758","-75.1686","1526","06","0","0","0","0","0","0","0","0","","0","0","0","15","1","1","01","","0","39 58:32.788","","00","75 10:06.789","8","0","0","0","67301","1","0","0","N","1","0","0","2","67301","0","","1","01","","N","N","N","0","","0","0","0","3","2","","1505","1","2","0","0","0","1","0","2","0","1","03","03","N","","","","","","","","","","",""
"2022043794","1630","1","0","0","0","0","0","0","0","0","4","0","","67","04","2022","7","39.9261","-75.1828","1630","06","0","0","0","0","0","0","0","0","","0","0","0","20","3","0","01","","0","39 55:33.806","","00","75 10:57.862","0","0","0","0","67301","0","0","0","N","0","0","0","2","67301","0","","1","01","","N","N","N","0","","0","0","1","3","2","","2030","0","2","0","0","0","0","0","2","0","2","03","03","N","","","","","","","","","","",""
"2022044073","1728","1","0","0","0","0","0","0","0","0","1","0","","67","05","2022","2","39.9762","-75.1199","1728","06","0","0","0","0","0","1","0","0","","0","0","0","17","1","2","00","N","0","39 58:34.395","","00","75 07:11.551","3","0","0","0","67301","0","0","0","N","0","0","0","2","67301","0","","1","01","","N","N","N","0","","2","0","1","0","0","","1723","2","2","0","0","0","0","0","2","0","2","04","03","N","","","","","","","","","","",""
"2022015458","0950","1","0","0","0","0","0","0","0","0","1","0","","67","02","2022","3","39.9408","-75.1435","0944","06","0","0","0","0","0","1","0","0","","0","0","0","09","1","1","07","","2","39 56:26.994","2","02","75 08:36.622","8","0","0","0","67301","0","0","0","N","0","0","0","2","68K01","0","","7","01","1009","N","N","N","0","","0","0","0","0","0","N","0942","1","2","0","0","1","1","0","2","1","2","03","","N","","","","","","","","","","",""
"2022019594","1252","1","0","0","0","0","0","0","0","0","4","0","","67","02","2022","4","40.036","-75.0399","1246","06","0","0","1","0","0","0","1","0","","0","0","0","12","1","1","00","N","0","40 02:09.484","","07","75 02:23.554","8","0","0","0","67301","0","0","0","N","0","0","0","4","67301","0","","1","01","","N","N","N","0","","0","0","1","0","0","","1232","1","2","0","0","4","1","0","2","0","2","03","03","N","","","","","","","","","","",""
"2022023740","2030","0","0","0","0","0","0","0","0","0","4","0","","67","03","2022","7","39.9177","-75.2296","2019","06","0","0","0","0","0","0","0","0","","0","0","0","20","3","1","01","","0","39 55:03.569","","00","75 13:46.605","8","0","0","1","67301","0","0","0","N","0","0","0","2","67301","0","","1","01","","N","N","N","1","","0","0","0","3","3","","2013","1","2","0","0","1","1","0","2","0","2","03","03","N","","","","","","","","","","",""
"2022051467","1113","0","0","0","0","0","0","0","0","0","7","0","","67","04","2022","1","40.038","-75.0115","1055","06","0","0","0","0","0","0","0","0","","0","0","0","10","1","0","00","N","0","40 02:16.691","","00","75 00:41.338","0","0","0","0","67301","0","0","0","N","0","0","0","1","68K01","0","","2","01","","N","N","N","1","","0","0","0","0","0","","1054","0","1","0","0","0","0","0","2","0","1","03","03","N","","","","","","","","","","",""
"2022042342","2323","1","0","0","0","0","0","0","0","0","7","0","","67","04","2022","2","39.9579","-75.1621","2311","06","0","0","0","1","0","0","0","0","","0","0","0","23","3","0","00","N","0","39 57:28.451","","00","75 09:43.516","0","0","0","0","67301","0","0","0","N","0","0","0","1","68K01","0","","4","08","","N","N","N","0","","0","0","0","0","0","","2308","0","1","0","0","0","0","0","2","0","1","07","07","N","","","","","","","","","","",""
"2022051921","0550","1","0","0","0","0","0","0","0","0","7","0","","67","05","2022","6","39.9329","-75.2","0542","06","0","0","0","0","0","0","0","0","","0","0","0","05","5","1","00","N","2","39 55:58.358","4","00","75 12:00.126","3","0","0","0","67301","0","0","0","N","0","0","0","1","68K01","0","","3","09","0616","N","N","N","0","","1","0","0","0","0","N","0537","1","1","0","0","0","0","0","2","0","1","07","","N","","","","","","","","","","",""
"2022030191","1212","1","0","0","0","0","0","0","0","0","1","0","","67","03","2022","4","40.0508","-75.164","1212","06","0","0","0","0","0","0","0","0","","0","0","0","10","1","1","00","N","0","40 03:02.850","","00","75 09:50.480","8","0","0","0","67301","0","0","0","N","0","0","0","1","67301","0","","6","01","","N","N","N","0","","0","0","1","0","0","","1051","1","2","0","0","0","1","0","2","0","2","03","03","N","","","","","","","","","","",""
"2022023784","0304","2","0","0","0","0","0","0","0","0","1","0","","67","03","2022","7","40.0094","-75.1384","0259","06","0","0","0","0","0","0","0","0","","0","0","0","02","3","0","00","N","2","40 00:33.990","2","00","75 08:18.370","0","0","0","0","67301","0","0","0","N","0","0","0","1","67301","0","","6","01","0415","N","N","N","1","","0","0","1","0","0","N","0258","0","4","0","0","0","0","0","2","0","4","03","03","N","","","","","","","","","","",""
"2022036116","2030","3","0","0","0","0","0","0","0","0","4","0","","67","04","2022","7","39.9847","-75.1615","2020","06","0","0","0","0","0","0","0","0","","0","0","0","20","3","0","01","","2","39 59:04.959","2","00","75 09:41.497","0","0","0","0","67301","0","0","0","N","0","0","0","3","67505","0","","1","09","2115","N","N","N","0","","0","0","0","3","3","N","2000","0","3","0","0","0","0","0","2","0","3","07","07","N","","","","","","","","","","",""
"2022043917","0133","4","0","0","0","0","0","0","0","0","4","0","","67","05","2022","2","40.0785","-75.1734","0128","06","0","0","0","0","0","0","0","0","","0","0","0","01","3","0","00","N","2","40 04:42.730","5","00","75 10:24.160","0","0","0","0","67301","0","0","0","N","0","0","0","1","67301","0","","6","01","0259","N","N","Y","0","","0","0","0","0","0","Y","0126","0","4","0","0","0","0","0","2","0","4","03","03","N","","","","","","","","","","",""
"2022030012","0255","3","0","0","0","0","0","0","0","0","1","0","","67","03","2022","2","40.0202","-75.1836","0248","06","0","0","0","0","0","0","0","0","","0","0","0","02","3","0","00","N","0","40 01:12.726","","00","75 11:00.918","9","0","0","0","67301","0","0","0","N","0","0","0","1","67301","0","","6","01","","N","N","N","0","","0","0","0","0","0","","0221","0","3","0","0","0","0","1","2","0","3","03","03","N","","","","","","","","","","",""
"2022023772","0155","3","0","0","0","0","0","0","0","0","4","0","","67","03","2022","7","39.9773","-75.1581","0155","06","0","1","0","0","0","0","0","0","","0","0","0","01","3","2","01","","2","39 58:38.118","4","00","75 09:29.146","3","0","0","0","67301","0","0","0","N","0","0","0","3","67301","1","","1","01","0355","N","N","N","0","","1","0","1","3","2","Y","0155","2","4","0","0","0","0","0","2","0","4","03","03","N","","","","","","","","","","",""
"2022053216","0033","1","0","0","0","0","0","0","0","0","4","0","","67","04","2022","3","39.9854","-75.1614","0032","06","0","0","0","0","0","0","0","0","","0","0","0","00","3","3","01","","1","39 59:07.285","2","00","75 09:40.982","4","0","0","0","67301","0","0","0","N","0","0","0","4","67301","3","","1","09","0105","N","N","N","0","","0","0","1","3","2","N","0008","3","2","0","0","0","0","0","2","0","2","07","07","N","","","","","","","","","","",""
"2022025418","1616","2","0","0","0","0","0","0","0","0","2","0","","67","03","2022","7","40.0031","-75.1643","1613","06","0","0","0","0","0","0","0","0","","0","0","0","16","1","2","01","","0","40 00:11.036","","00","75 09:51.468","3","0","0","0","67301","0","0","0","N","0","0","0","3","67301","0","","1","01","","N","N","N","0","","2","0","0","3","2","","1610","2","2","0","0","0","0","0","2","0","2","03","07","N","","","","","","","","","","",""
"2022021474","1233","0","0","0","0","0","0","0","0","0","4","0","","67","02","2022","1","39.9549","-75.2087","1231","06","0","0","0","0","0","1","0","0","","0","0","0","12","1","1","01","","1","39 57:17.575","1","00","75 12:31.268","2","0","0","0","67301","1","0","1","N","1","0","1","3","67301","0","","1","01","1330","N","N","N","0","","0","1","1","3","2","Y","1230","1","3","0","0","0","0","0","2","1","2","03","03","N","","","","","","","","","","",""
"2022029252","1820","0","0","0","0","0","0","0","0","0","4","0","","67","03","2022","4","40.0156","-75.1395","1820","06","0","0","0","0","0","0","0","0","","0","0","0","18","1","0","01","","0","40 00:56.160","","00","75 08:22.070","0","0","0","0","67301","0","0","0","N","0","0","0","2","67301","0","","1","01","","N","N","N","1","","0","0","1","3","3","","1800","0","2","0","0","0","0","0","2","0","2","03","03","N","","","","","","","","","","",""
"2022019624","1811","1","0","0","0","0","0","0","0","0","8","0","","67","02","2022","2","39.9505","-75.1932","1802","06","0","0","0","0","0","0","0","0","","0","0","0","17","4","1","00","N","0","39 57:01.900","","00","75 11:35.500","8","0","0","0","67301","1","0","0","N","1","0","0","2","67301","0","","6","01","","N","N","N","0","","0","0","0","0","0","","1716","1","2","0","0","0","1","0","2","0","1","03","03","N","","","","","","","","","","",""
"2022053628","0611","1","0","0","0","0","0","0","0","0","1","0","","67","04","2022","3","40.0217","-75.0394","0603","06","0","0","0","0","0","1","0","0","","0","0","0","05","1","11","00","N","1","40 01:17.967","1","00","75 02:21.916","8","0","0","0","67301","0","0","0","N","0","0","0","11","68K01","0","","1","09","0706","N","N","N","0","","0","0","1","0","0","N","0556","11","3","0","0","0","11","0","2","1","3","03","","N","","","","","","","","","","",""
"2022050865","1750","1","0","0","0","0","0","0","0","0","8","0","","67","06","2022","4","40.0367","-75.1875","1734","06","0","0","0","0","0","0","0","1","","0","0","0","17","1","1","02","","0","40 02:12.212","","00","75 11:15.028","3","0","0","0","67301","1","0","0","N","1","0","0","2","67301","0","","1","01","","N","N","N","0","","1","0","0","3","2","","1707","1","2","0","0","1","0","0","2","0","1","03","03","N","","","","","","","","","","",""
"2022045499","2105","1","0","0","0","0","0","0","0","0","7","0","55","67","03","2022","7","40.0111","-75.0618","2044","06","0","0","0","0","0","0","0","0","","0","0","0","20","3","0","00","N","0","40 00:40.084","","00","75 03:42.474","0","0","0","0","67301","0","0","0","Y","0","0","0","1","68K01","0","","2","01","","N","N","N","0","","0","0","0","0","0","","2043","0","1","0","0","0","0","0","2","0","1","03","","Y","8","1","N","","","N","","","Y","","N"
"2022042374","1006","1","0","0","0","0","0","0","0","0","7","0","","67","05","2022","4","39.9523","-75.141","1003","06","0","0","0","0","1","0","0","0","","0","0","0","10","1","0","00","N","2","39 57:08.457","1","00","75 08:27.572","0","0","0","0","67301","0","0","0","N","0","0","0","2","68K01","0","","3","09","1045","N","N","N","0","","0","0","0","0","0","N","1002","0","1","0","0","0","0","0","2","0","1","07","","N","","","","","","","","","","",""
"2022025752","0620","2","0","0","0","0","0","0","0","0","5","0","","67","03","2022","1","40.0391","-75.0837","0617","06","0","0","0","0","0","0","0","0","","0","0","0","06","3","0","00","N","0","40 02:20.790","","00","75 05:01.260","9","0","0","0","67301","0","0","0","N","0","0","0","1","67301","0","","6","01","","N","N","N","1","","0","0","2","0","0","","0615","0","5","0","0","0","0","1","2","0","5","03","","N","","","","","","","","","","",""
"2022029305","1645","1","0","0","0","0","0","0","0","0","4","0","","67","03","2022","5","39.9551","-75.2298","1635","06","0","0","0","0","0","0","0","0","","0","0","0","14","1","1","01","","0","39 57:18.208","","00","75 13:47.215","8","0","0","0","67301","0","0","0","N","0","0","0","3","67301","0","","1","01","","N","N","N","0","","0","0","1","3","2","","1425","1","2","0","0","0","1","0","2","0","2","04","03","N","","","","","","","","","","",""
"2022032312","2019","2","0","0","0","0","0","0","0","0","1","0","","67","03","2022","7","39.9576","-75.1473","2014","06","0","0","0","0","0","0","0","0","","0","0","0","20","3","1","00","N","1","39 57:27.203","4","03","75 08:50.153","3","0","0","0","67301","0","0","0","N","0","0","0","4","68K01","0","","1","01","2025","N","N","N","0","","1","0","0","0","0","N","2012","1","3","0","0","0","0","1","2","0","3","03","","N","","","","","","","","","","",""