"CRN","ARRIVAL_TM","AUTOMOBILE_COUNT","BELTED_DEATH_COUNT","BELTED_SUSP_SERIOUS_INJ_COUNT","BICYCLE_COUNT","BICYCLE_DEATH_COUNT","BICYCLE_SUSP_SERIOUS_INJ_COUNT","BUS_COUNT","CHLDPAS_DEATH_COUNT","CHLDPAS_SUSP_SERIOUS_INJ_COUNT","COLLISION_TYPE","COMM_VEH_COUNT","CONS_ZONE_SPD_LIM","COUNTY","CRASH_MONTH","CRASH_YEAR","DAY_OF_WEEK","DEC_LAT","DEC_LONG","DISPATCH_TM","DISTRICT","DRIVER_COUNT_16YR","DRIVER_COUNT_17YR","DRIVER_COUNT_18YR","DRIVER_COUNT_19YR","DRIVER_COUNT_20YR","DRIVER_COUNT_50_64YR","DRIVER_COUNT_65_74YR","DRIVER_COUNT_75PLUS","EST_HRS_CLOSED","FATAL_COUNT","HEAVY_TRUCK_COUNT","HORSE_BUGGY_COUNT","HOUR_OF_DAY","ILLUMINATION","INJURY_COUNT","INTERSECT_TYPE","INTERSECTION_RELATED","LANE_CLOSED","LATITUDE","LN_CLOSE_DIR","LOCATION_TYPE","LONGITUDE","MAX_SEVERITY_LEVEL","MCYCLE_DEATH_COUNT","MCYCLE_SUSP_SERIOUS_INJ_COUNT","MOTORCYCLE_COUNT","MUNICIPALITY","NONMOTR_COUNT","NONMOTR_DEATH_COUNT","NONMOTR_SUSP_SERIOUS_INJ_COUNT","NTFY_HIWY_MAINT","PED_COUNT","PED_DEATH_COUNT","PED_SUSP_SERIOUS_INJ_COUNT","PERSON_COUNT","POLICE_AGCY","POSSIBLE_INJ_COUNT","RDWY_SURF_TYPE_CD","RELATION_TO_ROAD","ROAD_CONDITION","ROADWAY_CLEARED","SCH_BUS_IND","SCH_ZONE_IND","SECONDARY_CRASH","SMALL_TRUCK_COUNT","SPEC_JURIS_CD","SUSP_MINOR_INJ_COUNT","SUSP_SERIOUS_INJ_COUNT","SUV_COUNT","TCD_FUNC_CD","TCD_TYPE","TFC_DETOUR_IND","TIME_OF_DAY","TOT_INJ_COUNT","TOTAL_UNITS","UNB_DEATH_COUNT","UNB_SUSP_SERIOUS_INJ_COUNT","UNBELTED_OCC_COUNT","UNK_INJ_DEG_COUNT","UNK_INJ_PER_COUNT","URBAN_RURAL","VAN_COUNT","VEHICLE_COUNT","WEATHER1","WEATHER2","WORK_ZONE_IND","WORK_ZONE_LOC","WORK_ZONE_TYPE","WORKERS_PRES","WZ_CLOSE_DETOUR","WZ_FLAGGER","WZ_LAW_OFFCR_IND","WZ_LN_CLOSURE","WZ_MOVING","WZ_OTHER","WZ_SHLDER_MDN","WZ_WORKERS_INJ_KILLED"
"2022022036","2220","0","0","0","0","0","0","0","0","0","5","0","","67","02","2022","7","39.9725","-75.2539","2220","06","0","0","0","0","0","0","0","0","","0","0","0","21","3","0","00","N","0","39 58:21.067","","00","75 15:13.911","9","0","0","0","67301","0","0","0","N","0","0","0","1","67301","0","","6","01","","N","N","N","0","","0","0","3","0","0","","2105","0","3","0","0","0","0","1","2","0","3","03","03","N","","","","","","","","","","",""
"2022045683","0243","0","0","0","0","0","0","0","0","0","8","0","","67","05","2022","3","39.9964","-75.1133","0243","06","0","0","0","0","0","0","0","0","","3","0","0","02","3","1","00","Y","0","39 59:46.921","","00","75 06:47.985","1","0","0","0","67301","3","2","1","N","3","2","1","4","67301","0","2","4","01","","N","N","N","0","0","0","1","1","3","2","","0243","1","4","1","0","1","0","0","2","0","1","03","03","N","","","","","","","","","","",""
"2022031239","0127","1","0","0","0","0","0","0","0","0","7","0","","67","03","2022","6","40.0067","-75.1235","0126","06","0","0","0","0","0","0","0","0","","0","0","0","01","3","1","00","N","0","40 00:24.117","","00","75 07:24.772","3","0","0","0","67301","0","0","0","N","0","0","0","1","67301","0","","4","09","","N","N","N","0","","1","0","0","0","0","","0115","1","1","0","0","0","0","0","2","0","1","07","07","N","","","","","","","","","","",""
"2022021382","2345","1","0","0","0","0","0","0","0","0","7","0","","67","02","2022","3","39.9604","-75.1812","2338","06","0","0","0","0","0","0","0","0","","0","0","0","23","3","0","07","","2","39 57:37.466","4","08","75 10:52.167","0","0","0","0","67301","0","0","0","N","0","0","0","2","68K01","0","","7","01","0015","N","N","N","0","","0","0","0","0","0","Y","2333","0","1","0","0","0","0","0","2","0","1","03","03","N","","","","","","","","","","",""
"2022020701","0200","1","0","0","0","0","0","0","0","0","5","0","","67","02","2022","5","40.0233","-75.128","0155","06","0","0","0","0","0","0","0","0","","0","0","0","01","3","0","00","N","0","40 01:23.920","","00","75 07:40.970","0","0","0","0","67301","0","0","0","N","0","0","0","1","67301","0","","1","01","","N","N","N","0","","0","0","2","0","0","","0114","0","3","0","0","0","0","0","2","0","3","03","03","N","","","","","","","","","","",""
"2022016634","1637","0","0","0","0","0","0","0","0","0","8","0","","67","02","2022","6","39.9406","-75.2216","1633","06","0","0","0","0","0","0","0","0","","0","0","0","16","1","1","01","","0","39 56:26.318","","00","75 13:17.587","8","0","0","0","67301","1","0","0","N","1","0","0","2","67301","0","","1","01","","N","N","N","0","","0","0","1","3","3","","1628","1","2","0","0","0","1","0","2","0","1","03","03","N","","","","","","","","","","",""
"2022035801","1455","0","0","0","0","0","0","1","0","0","4","1","","67","03","2022","3","40.047","-75.0588","1445","06","0","0","0","0","0","1","0","0","","0","0","0","14","1","1","00","N","0","40 02:49.071","","07","75 03:31.539","4","0","0","0","67301","0","0","0","N","0","0","0","3","67508","1","","1","01","","N","N","N","1","","0","0","0","0","0","","1435","1","2","0","0","0","0","2","2","0","2","03","03","N","","","","","","","","","","",""
"2022044029","1758","1","0","0","0","0","0","0","0","0","8","0","","67","04","2022","3","40.0152","-75.1115","1725","06","0","0","0","0","0","1","0","0","","0","0","0","17","1","2","02","","0","40 00:54.615","","00","75 06:41.403","3","0","0","0","67301","2","0","0","N","2","0","0","3","67301","0","","1","01","","N","N","N","0","","2","0","0","3","3","","1725","2","3","0","0","0","0","0","2","0","1","03","04","N","","","","","","","","","","",""
"2022023788","1910","1","0","0","0","0","0","0","0","0","4","0","","67","03","2022","6","39.9723","-75.1241","1905","06","0","0","0","0","0","0","0","0","","0","0","0","18","3","0","00","N","0","39 58:20.446","","00","75 07:26.765","0","0","0","0","67301","0","0","0","N","0","0","0","2","67301","0","","1","01","","N","N","N","0","","0","0","1","0","0","","1846","0","2","0","0","0","0","0","2","0","2","03","","N","","","","","","","","","","",""
"2022026751","0740","0","0","0","0","0","0","0","0","0","4","0","","67","03","2022","3","40.059","-75.0441","0729","06","0","0","0","0","0","0","0","0","","0","0","0","07","5","3","01","","0","40 03:32.389","","00","75 02:38.685","3","0","0","0","67301","0","0","0","N","0","0","0","5","67301","0","","1","01","","N","N","N","0","","1","0","2","3","2","","0725","3","2","0","0","0","2","0","2","0","2","03","03","N","","","","","","","","","","",""
"2022025396","0617","2","0","0","0","0","0","0","0","0","4","0","","67","03","2022","7","40.0417","-75.0712","0557","06","0","0","0","0","0","0","0","0","","0","0","0","05","3","1","01","","1","40 02:30.080","7","00","75 04:16.399","3","0","0","0","67301","0","0","0","N","0","0","0","4","67301","0","","1","09","0720","N","N","N","0","","1","0","0","3","3","N","0554","1","2","0","0","0","0","0","2","0","2","07","","N","","","","","","","","","","",""
"2022019579","1910","1","0","0","0","0","0","0","0","0","7","0","","67","02","2022","5","39.8875","-75.248","1908","06","0","0","0","0","0","0","0","0","","0","0","0","15","1","2","02","","0","39 53:14.941","","00","75 14:52.776","8","0","0","0","67301","0","0","0","N","0","0","0","2","67301","0","","4","01","","N","N","N","0","","0","0","0","3","2","","1500","2","2","0","0","0","2","0","2","0","1","03","","N","","","","","","","","","","",""
"2022044363","0103","0","0","0","0","0","0","0","0","0","5","0","","67","03","2022","2","39.8999","-75.1616","0055","06","0","0","0","0","0","0","0","0","","3","0","0","00","3","0","00","N","2","39 53:59.615","5","03","75 09:41.615","1","0","0","0","67301","3","3","0","N","3","3","0","5","68K03","0","1","1","01","1151","N","N","N","0","0","0","0","2","3","7","Y","0052","0","5","0","0","0","0","0","2","0","2","03","","N","","","","","","","","","","",""
"2022019574","0319","2","0","0","0","0","0","0","0","0","5","0","","67","02","2022","5","39.9709","-75.1596","0313","06","0","0","0","0","0","1","0","0","","0","0","0","03","3","1","00","N","0","39 58:15.089","","00","75 09:34.727","8","0","0","0","67301","0","0","0","N","0","0","0","2","67301","0","","1","01","","N","N","N","0","","0","0","0","0","0","","0310","1","2","0","0","0","1","1","2","0","2","03","03","N","","","","","","","","","","",""
"2022026244","0110","0","0","0","0","0","0","0","0","0","4","0","","67","02","2022","1","39.9533","-75.1838","0100","06","0","0","0","0","0","0","0","0","","0","0","0","00","3","0","01","","1","39 57:11.978","2","00","75 11:01.324","9","0","0","0","67301","0","0","0","N","0","0","0","2","67301","0","","1","01","0215","N","N","N","0","","0","0","1","3","2","N","0045","0","2","0","0","0","0","1","2","0","2","03","03","N","","","","","","","","","","",""
"2022025166","1418","1","0","0","0","0","0","0","0","0","4","0","","67","03","2022","6","40.067","-75.1583","1414","06","0","0","0","0","0","0","0","0","","0","0","0","14","1","4","05","","2","40 04:01.027","6","00","75 09:29.868","2","0","0","0","67301","0","0","0","N","0","0","0","4","67301","0","","1","01","1722","N","N","N","0","","2","2","1","3","2","Y","1412","4","2","0","2","2","0","0","2","0","2","03","03","N","","","","","","","","","","",""
"2022047639","1857","0","0","0","0","0","0","0","0","0","8","0","","67","05","2022","3","39.9577","-75.1624","1857","06","0","0","0","0","0","0","0","0","","0","0","0","18","1","1","01","","0","39 57:27.710","","00","75 09:44.921","3","0","0","0","67301","1","0","0","N","1","0","0","1","67301","0","","1","01","","N","N","N","0","","1","0","0","3","2","","1857","1","2","0","0","0","0","0","2","0","1","03","03","N","","","","","","","","","","",""
"2022019744","1705","1","0","0","0","0","0","0","0","0","4","0","","67","02","2022","1","39.9919","-75.2337","1703","06","0","0","0","0","0","0","1","0","","0","0","0","17","4","2","01","","2","39 59:30.778","6","00","75 14:01.208","4","0","0","0","67301","0","0","0","N","0","0","0","3","67301","2","","1","01","1745","N","N","N","0","","0","0","1","3","2","Y","1703","2","2","0","0","0","0","0","2","0","2","03","03","N","","","","","","","","","","",""
"2022021497","1635","3","0","0","0","0","0","0","0","0","4","0","","67","02","2022","2","40.0715","-75.169","1622","06","0","0","0","1","0","1","0","0","","0","0","0","15","1","1","01","","0","40 04:17.313","","00","75 10:08.464","3","0","0","0","67301","0","0","0","N","0","0","0","2","67301","0","","1","01","","N","N","N","0","","1","0","0","3","3","","1535","1","3","0","0","0","0","0","2","0","3","03","","N","","","","","","","","","","",""
"2022043912","2348","2","0","0","0","0","0","0","0","0","2","0","","67","05","2022","6","40.0652","-75.1681","2343","06","0","0","0","0","0","1","0","0","","0","0","0","23","3","0","01","","0","40 03:54.734","","00","75 10:05.214","0","0","0","0","67301","0","0","0","N","0","0","0","2","67301","0","","1","09","","N","N","N","0","","0","0","0","3","2","","2340","0","2","0","0","0","0","0","2","0","2","07","","N","","","","","","","","","","",""
"2022029190","1744","1","0","0","0","0","0","0","0","0","4","0","","67","03","2022","6","40.04","-75.0276","1728","06","0","0","0","1","0","0","0","0","","0","0","0","17","1","3","01","","0","40 02:24.144","","00","75 01:39.268","8","0","0","0","67301","0","0","0","N","0","0","0","4","67301","0","","1","01","","N","N","N","0","","0","0","3","3","3","","1721","3","4","0","0","0","3","0","2","0","4","03","03","N","","","","","","","","","","",""
"2022014906","2028","1","0","0","0","0","0","0","0","0","7","0","","67","02","2022","2","39.9992","-75.1551","2026","06","0","0","0","0","0","0","0","0","","0","0","0","20","3","1","02","","0","39 59:57.026","","00","75 09:18.482","2","0","0","0","67301","0","0","0","N","0","0","0","1","67301","0","","5","09","","N","N","N","0","","0","1","0","3","3","","2010","1","1","0","0","0","0","0","2","0","1","07","","N","","","","","","","","","","",""
"2022048411","1035","1","0","0","0","0","0","1","0","0","4","1","","67","05","2022","5","39.9197","-75.2122","1023","06","0","0","1","0","0","0","1","0","","0","0","0","09","1","3","00","N","1","39 55:11.040","1","00","75 12:43.750","3","0","0","0","67301","0","0","0","N","0","0","0","10","67301","1","","1","01","1100","Y","N","N","0","","2","0","0","0","0","N","0915","3","2","0","0","0","0","0","2","0","2","03","03","N","","","","","","","","","","",""
"2022019576","0842","1","0","0","0","0","0","0","0","0","4","0","","67","02","2022","5","39.9503","-75.1775","0842","06","0","0","0","0","0","1","0","0","","0","0","0","08","1","0","02","","0","39 57:01.143","","00","75 10:38.840","0","0","0","0","67301","0","0","0","N","0","0","0","3","67301","0","","1","01","","N","N","Y","0","","0","0","2","0","0","","0842","0","4","0","0","0","0","0","2","0","4","04","04","N","","","","","","","","","","",""
"2022047221","0819","1","0","0","0","0","0","0","0","0","7","0","","67","05","2022","4","39.9751","-75.1213","0819","06","0","0","0","0","0","0","0","0","","0","0","0","08","1","1","00","N","0","39 58:30.248","","00","75 07:16.504","3","0","0","0","67301","0","0","0","N","0","0","0","1","67301","0","","5","01","","N","N","N","0","","1","0","0","3","2","","0818","1","1","0","0","0","0","0","2","0","1","03","03","N","","","","","","","","","","",""
"2022016143","1219","0","0","0","0","0","0","0","0","0","7","0","","67","02","2022","7","40.0365","-75.0229","1212","06","0","0","0","0","0","0","0","1","","0","0","0","12","1","1","00","N","0","40 02:11.299","","00","75 01:22.356","3","0","0","1","67301","0","0","0","N","0","0","0","2","67301","0","","5","01","","N","N","N","0","","1","0","0","0","0","","1209","1","1","0","0","0","0","0","2","0","1","03","","N","","","","","","","","","","",""
"2022019584","2223","1","0","0","0","0","0","0","0","0","8","0","","67","02","2022","5","40.0619","-75.1632","2223","06","0","0","0","0","0","0","0","0","","0","0","0","19","3","1","01","","0","40 03:42.886","","00","75 09:47.382","8","0","0","0","67301","1","0","0","N","1","0","0","2","67301","0","","1","09","","N","N","N","0","","0","0","0","3","2","","1955","1","2","0","0","0","1","0","2","0","1","07","07","N","","","","","","","","","","",""
"2022030729","0739","1","0","0","0","0","0","0","0","0","1","0","","67","03","2022","2","40.0428","-75.1135","0737","06","0","0","0","0","0","0","0","0","","0","0","0","06","3","1","01","","0","40 02:33.864","","00","75 06:48.811","8","0","0","0","67301","0","0","0","N","0","0","0","3","67301","0","","1","01","","N","N","N","0","","0","0","2","3","2","","0613","1","3","0","0","0","1","2","2","0","3","03","03","N","","","","","","","","","","",""
"2022020910","0030","2","0","0","0","0","0","0","0","0","5","0","","67","02","2022","1","39.9798","-75.1332","0025","06","0","0","0","0","0","1","0","0","","0","0","0","00","3","0","00","N","0","39 58:47.430","","01","75 07:59.630","0","0","0","0","67301","0","0","0","N","0","0","0","1","67301","0","","6","01","","N","N","N","0","","0","0","0","0","0","","0015","0","2","0","0","0","0","0","2","0","2","03","03","N","","","","","","","","","","",""
"2022043955","1522","1","0","0","0","0","0","0","0","0","4","0","","67","04","2022","7","39.9345","-75.1796","1522","06","0","0","0","0","0","0","0","0","","0","0","0","18","6","0","01","","0","39 56:04.026","","00","75 10:46.467","0","0","0","0","67301","0","0","0","N","0","0","0","1","67301","0","","1","99","","N","N","N","0","","0","0","2","0","0","","1800","0","3","0","0","1","0","0","2","0","3","99","","N","","","","","","","","","","",""
"2022016177","1225","2","0","0","0","0","0","0","0","0","1","0","","67","02","2022","5","40.0189","-75.1472","1225","06","0","0","0","0","0","1","0","0","","0","0","0","07","1","3","01","","0","40 01:08.467","","00","75 08:49.916","4","0","0","0","67301","0","0","0","N","0","0","0","4","67301","3","","1","99","","N","N","N","0","","0","0","1","3","2","","0700","3","3","0","0","4","0","1","2","0","3","99","","N","","","","","","","","","","",""
"2022052137","0302","2","0","0","0","0","0","0","0","0","5","0","","67","06","2022","1","40.0372","-75.1661","0300","06","0","0","0","0","0","0","0","0","","0","0","0","02","3","1","00","N","0","40 02:13.830","","00","75 09:58.110","3","0","0","0","67301","0","0","0","N","0","0","0","1","67301","0","","1","01","","N","N","N","1","","1","0","3","0","0","","0220","1","6","0","0","1","0","0","2","0","6","03","","N","","","","","","","","","","",""
"2022029260","0150","2","0","0","0","0","0","0","0","0","4","0","","67","03","2022","1","39.9644","-75.1343","0150","06","0","0","0","0","0","0","0","0","","0","0","0","01","3","1","03","","1","39 57:52.333","1","07","75 08:03.809","3","0","0","0","67301","0","0","0","N","0","0","0","2","67301","0","","1","01","0300","N","N","N","0","","1","0","0","3","2","N","0150","1","2","0","0","0","0","0","2","0","2","03","03","N","","","","","","","","","","",""
"2022029182","1025","1","0","0","0","0","0","0","0","0","4","0","","67","03","2022","2","39.9646","-75.1571","1019","06","0","0","0","0","0","0","0","0","","0","0","0","10","1","0","01","","1","39 57:52.437","2","00","75 09:25.614","0","0","0","0","67301","0","0","0","N","0","0","0","2","67301","0","","1","01","1130","N","Y","N","0","","0","0","0","3","3","N","1019","0","2","0","0","1","0","0","2","1","2","03","03","N","","","","","","","","","","",""
"2022029670","1733","1","0","0","0","0","0","0","0","0","8","0","","67","03","2022","7","39.945","-75.2393","1733","06","0","0","0","0","0","0","0","0","","0","0","0","17","1","4","00","N","0","39 56:42.204","","00","75 14:21.474","3","0","0","0","67301","4","0","0","N","4","0","0","5","67301","0","","1","01","","N","N","N","0","","4","0","0","0","0","","1733","4","5","0","0","1","0","0","2","0","1","03","03","N","","","","","","","","","","",""
"2022031219","1711","1","0","0","0","0","0","0","0","0","1","0","","67","03","2022","4","39.901","-75.2042","1707","06","0","0","0","0","0","0","1","0","","0","0","0","17","1","3","00","N","2","39 54:03.705","6","03","75 12:15.245","3","0","0","0","67301","0","0","0","N","0","0","0","6","67301","0","","1","01","1755","N","N","N","3","","3","0","2","9","7","N","1706","3","6","0","0","0","0","0","2","0","6","03","03","N","","","","","","","","","","",""
"2022030048","1640","3","0","0","0","0","0","0","0","0","3","0","","67","03","2022","6","40.0244","-75.2198","1632","06","0","0","0","0","0","0","0","1","","0","0","0","16","1","0","00","N","0","40 01:27.790","","07","75 13:11.190","0","0","0","0","67301","0","0","0","N","0","0","0","3","67301","0","","1","01","","N","N","N","0","","0","0","0","0","0","","1610","0","3","0","0","0","0","0","2","0","3","03","03","N","","","","","","","","","","",""
"2022050729","1312","1","0","0","0","0","0","0","0","0","4","0","","67","05","2022","1","40.0283","-75.0744","1303","06","0","0","0","0","0","0","0","0","","0","0","0","12","1","0","01","","1","40 01:41.740","1","00","75 04:27.919","9","0","0","0","67301","0","0","0","N","0","0","0","3","67301","0","","1","01","1409","N","N","N","0","","0","0","1","3","3","N","1250","0","2","0","0","0","0","3","2","0","2","03","03","N","","","","","","","","","","",""
"2022026631","0244","0","0","0","0","0","0","0","0","0","7","0","","67","03","2022","2","40.0268","-75.0974","0238","06","0","0","0","0","0","0","0","0","","0","0","0","02","3","1","01","","2","40 01:36.484","7","00","75 05:50.479","4","0","0","0","67301","0","0","0","N","0","0","0","1","67301","1","","3","01","0337","N","N","N","0","","0","0","1","3","2","N","0225","1","1","0","0","0","0","0","2","0","1","03","03","N","","","","","","","","","","",""
"2022044080","2220","1","0","0","0","0","0","0","0","0","5","0","","67","05","2022","5","39.9694","-75.1393","2220","06","0","0","0","0","0","0","0","0","","0","0","0","22","3","1","00","N","0","39 58:09.898","","00","75 08:21.426","3","0","0","0","67301","0","0","0","N","0","0","0","1","67301","0","","1","01","","N","N","N","0","","1","0","1","0","0","","2219","1","2","0","0","0","0","0","2","0","2","03","03","N","","","","","","","","","","",""
"2022032889","1210","0","0","0","0","0","0","0","0","0","1","0","","67","04","2022","3","40.0571","-75.1727","1208","06","0","0","0","0","0","0","0","0","","0","0","0","11","1","0","00","N","0","40 03:25.650","","00","75 10:21.620","0","0","0","0","67301","0","0","0","N","0","0","0","1","67301","0","","6","01","","N","N","N","0","","0","0","2","0","0","","1100","0","2","0","0","0","0","0","2","0","2","04","04","N","","","","","","","","","","",""
"2022032220","1940","1","0","0","0","0","0","0","0","0","5","0","","67","04","2022","1","39.9625","-75.195","0935","06","0","0","0","0","0","0","0","0","","0","0","0","09","1","0","00","N","0","39 57:45.113","","00","75 11:41.993","0","0","0","0","67301","0","0","0","N","0","0","0","1","67507","0","","6","09","","N","N","Y","0","","0","0","1","0","0","","0925","0","2","0","0","1","0","0","2","0","2","07","04","N","","","","","","","","","","",""
"2022015931","0945","1","0","0","0","0","0","0","0","0","4","0","","67","02","2022","7","40.0215","-75.1398","0945","06","0","0","0","0","0","0","0","0","","0","0","0","09","1","0","01","","1","40 01:17.537","2","00","75 08:23.331","0","0","0","0","67301","0","0","0","N","0","0","0","2","67301","0","","1","01","1121","N","N","N","0","","0","0","1","3","2","N","0945","0","2","0","0","0","0","0","2","0","2","03","","N","","","","","","","","","","",""
"2022023710","2121","2","0","0","0","0","0","0","0","0","4","0","","67","03","2022","7","40.0369","-75.0798","2106","06","0","0","0","0","0","0","0","1","","0","0","0","21","3","1","01","","0","40 02:12.854","","00","75 04:47.301","3","0","0","0","67301","0","0","0","N","0","0","0","2","67301","0","","1","01","","N","N","N","0","","1","0","0","3","2","","2104","1","2","0","0","0","0","0","2","0","2","03","","N","","","","","","","","","","",""
"2022032928","1642","1","0","0","0","0","0","0","0","0","4","0","","67","04","2022","1","40.0264","-75.1172","1629","06","0","0","0","0","0","1","0","0","","0","0","0","15","1","4","01","","0","40 01:34.996","","00","75 07:01.756","4","0","0","0","67301","0","0","0","N","0","0","0","5","67301","1","","1","01","","N","N","N","1","","0","0","0","3","2","","1540","4","2","0","0","0","3","0","2","0","2","04","03","N","","","","","","","","","","",""
"2022040458","1929","2","0","0","0","0","0","0","0","0","1","0","","67","04","2022","1","39.96","-75.1787","1806","06","0","0","0","0","0","1","0","0","","0","0","0","17","1","2","00","N","1","39 57:35.945","4","00","75 10:43.311","8","0","0","0","67301","0","0","0","N","0","0","0","9","68K01","0","","1","01","1830","N","N","N","1","","0","0","0","0","0","N","1745","2","3","0","0","0","2","0","2","0","3","03","03","N","","","","","","","","","","",""
"2022033760","1923","0","0","0","0","0","0","0","0","0","1","0","","67","04","2022","4","39.9081","-75.1467","1919","06","0","0","0","0","0","1","0","0","","0","0","0","19","4","0","00","N","2","39 54:29.000","3","03","75 08:48.000","9","0","0","0","67301","0","0","0","N","0","0","0","2","67501","0","","1","01","2000","N","N","N","1","","0","0","1","0","0","N","1919","0","2","0","0","0","0","2","2","0","2","04","","N","","","","","","","","","","",""
"2022043963","1600","0","0","0","0","0","0","1","0","0","5","1","","67","05","2022","4","39.9389","-75.195","1421","06","0","0","0","0","0","1","0","0","","0","0","0","14","1","0","00","N","0","39 56:20.030","","00","75 11:42.070","0","0","0","0","67301","0","0","0","N","0","0","0","3","67301","0","","1","01","","N","N","Y","0","","0","0","1","0","0","","1420","0","2","0","0","0","0","0","2","0","2","03","","N","","","","","","","","","","",""
"2022029278","1645","1","0","0","0","0","0","0","0","0","8","0","","67","03","2022","2","40.0378","-75.1427","1642","06","0","0","0","0","0","1","0","0","","0","0","0","16","1","1","02","","0","40 02:16.177","","00","75 08:33.856","3","0","0","0","67301","1","0","0","N","1","0","0","2","67301","0","","1","01","","N","N","N","0","","1","0","0","3","3","","1639","1","2","0","0","0","0","0","2","0","1","03","","N","","","","","","","","","","",""
"2022029247","0901","2","0","0","0","0","0","0","0","0","4","0","","67","03","2022","3","39.9835","-75.1019","0901","06","0","0","0","0","0","2","0","0","","0","0","0","09","1","0","01","","0","39 59:00.766","","00","75 06:06.999","0","0","0","0","67301","0","0","0","N","0","0","0","5","67301","0","","1","01","","N","N","N","0","","0","0","3","3","3","","0900","0","5","0","0","0","0","0","2","0","5","03","03","N","","","","","","","","","","",""
"2022043731","2244","1","0","0","0","0","0","0","0","0","7","0","","67","05","2022","6","39.96","-75.1785","2238","06","0","0","0","0","0","0","0","0","","0","0","0","22","3","0","00","N","2","39 57:35.853","4","00","75 10:42.529","9","0","0","0","67301","0","0","0","N","0","0","0","1","68K01","0","","2","09","2253","N","N","N","0","","0","0","0","0","0","Y","2227","0","1","0","0","0","0","1","2","0","1","07","","N","","","","","","","","","","",""
"2022049240","2055","0","0","0","0","0","0","0","0","0","4","0","","67","05","2022","4","40.1141","-74.9877","2055","06","0","1","0","0","0","0","0","0","","0","0","0","20","3","3","01","","0","40 06:51.342","","00","74 59:16.507","3","0","0","0","67301","0","0","0","N","0","0","0","5","67301","0","","1","01","","N","N","N","0","","2","0","2","3","2","","2040","3","2","0","0","0","1","0","2","0","2","03","","N","","","","","","","","","","",""
"2022023715","1503","2","0","0","0","0","0","0","0","0","4","0","","67","03","2022","6","40.0293","-75.206","1456","06","0","0","0","0","0","0","0","0","","0","0","0","12","1","0","02","","0","40 01:45.378","","00","75 12:21.576","9","0","0","0","67301","0","0","0","N","0","0","0","2","67301","0","","1","01","","N","N","N","0","","0","0","0","3","3","","1227","0","2","0","0","0","0","2","2","0","2","03","03","N","","","","","","","","","","",""
"2022032916","1747","1","0","0","0","0","0","0","0","0","6","0","","67","04","2022","2","39.995","-75.1857","1745","06","0","0","0","0","0","0","0","0","","0","0","0","17","1","0","00","N","0","39 59:42.030","","00","75 11:08.340","0","0","0","0","67301","0","0","0","N","0","0","0","1","67301","0","","6","01","","N","N","N","0","","0","0","1","0","0","","1745","0","2","0","0","1","0","0","2","0","2","03","03","N","","","","","","","","","","",""
"2022020791","1210","0","0","0","0","0","0","0","0","0","8","0","","67","02","2022","7","39.9878","-75.182","1203","06","0","0","0","0","0","1","0","0","","0","0","0","12","1","1","00","N","0","39 59:15.914","","00","75 10:55.366","3","0","0","0","67301","1","0","0","N","1","0","0","2","67301","0","","1","01","","N","N","N","0","","1","0","1","0","0","","1202","1","2","0","0","0","0","0","2","0","1","03","03","N","","","","","","","","","","",""
"2022019569","1621","1","0","0","0","0","0","0","0","0","4","0","","67","02","2022","1","40.0566","-75.029","1611","06","0","0","0","0","0","1","0","0","","0","0","0","16","1","1","01","","0","40 03:23.816","","00","75 01:44.553","3","0","0","0","67301","0","0","0","N","0","0","0","2","67301","0","","1","01","","N","N","N","1","","1","0","0","3","2","","1608","1","2","0","0","0","0","0","2","0","2","03","","N","","","","","","","","","","",""
"2022043677","1258","2","0","0","0","0","0","0","0","0","1","1","","67","04","2022","2","40.0219","-75.0395","1240","06","0","0","0","0","0","1","0","0","","0","1","0","12","1","0","00","N","0","40 01:18.942","","00","75 02:22.071","9","0","0","0","67301","0","0","0","N","0","0","0","4","68K01","0","","1","01","","N","N","N","0","","0","0","1","0","0","","1237","0","4","0","0","0","0","1","2","0","4","03","","N","","","","","","","","","","",""
"2022019663","0534","1","0","0","0","0","0","0","0","0","1","0","","67","02","2022","4","40.0437","-75.126","0529","06","0","0","0","0","0","1","0","0","","0","0","0","05","3","2","01","","0","40 02:37.443","","00","75 07:33.463","3","0","0","0","67301","0","0","0","N","0","0","0","3","67301","0","","1","01","","N","N","Y","0","","2","0","1","3","3","","0525","2","3","0","0","0","0","0","2","1","3","03","","N","","","","","","","","","","",""
"2022023714","1045","2","0","0","0","0","0","0","0","0","4","0","","67","03","2022","6","39.9155","-75.1613","1044","06","0","0","0","0","0","0","0","0","","0","0","0","10","1","2","01","","2","39 54:56.168","7","00","75 09:41.282","3","0","0","0","67301","0","0","0","N","0","0","0","3","67301","0","","1","01","1200","N","N","N","0","","2","0","1","3","2","Y","1034","2","3","0","0","0","0","0","2","0","3","03","03","N","","","","","","","","","","",""