"CRN","ARRIVAL_TM","AUTOMOBILE_COUNT","BELTED_DEATH_COUNT","BELTED_SUSP_SERIOUS_INJ_COUNT","BICYCLE_COUNT","BICYCLE_DEATH_COUNT","BICYCLE_SUSP_SERIOUS_INJ_COUNT","BUS_COUNT","CHLDPAS_DEATH_COUNT","CHLDPAS_SUSP_SERIOUS_INJ_COUNT","COLLISION_TYPE","COMM_VEH_COUNT","CONS_ZONE_SPD_LIM","COUNTY","CRASH_MONTH","CRASH_YEAR","DAY_OF_WEEK","DEC_LAT","DEC_LONG","DISPATCH_TM","DISTRICT","DRIVER_COUNT_16YR","DRIVER_COUNT_17YR","DRIVER_COUNT_18YR","DRIVER_COUNT_19YR","DRIVER_COUNT_20YR","DRIVER_COUNT_50_64YR","DRIVER_COUNT_65_74YR","DRIVER_COUNT_75PLUS","EST_HRS_CLOSED","FATAL_COUNT","HEAVY_TRUCK_COUNT","HORSE_BUGGY_COUNT","HOUR_OF_DAY","ILLUMINATION","INJURY_COUNT","INTERSECT_TYPE","INTERSECTION_RELATED","LANE_CLOSED","LATITUDE","LN_CLOSE_DIR","LOCATION_TYPE","LONGITUDE","MAX_SEVERITY_LEVEL","MCYCLE_DEATH_COUNT","MCYCLE_SUSP_SERIOUS_INJ_COUNT","MOTORCYCLE_COUNT","MUNICIPALITY","NONMOTR_COUNT","NONMOTR_DEATH_COUNT","NONMOTR_SUSP_SERIOUS_INJ_COUNT","NTFY_HIWY_MAINT","PED_COUNT","PED_DEATH_COUNT","PED_SUSP_SERIOUS_INJ_COUNT","PERSON_COUNT","POLICE_AGCY","POSSIBLE_INJ_COUNT","RDWY_SURF_TYPE_CD","RELATION_TO_ROAD","ROAD_CONDITION","ROADWAY_CLEARED","SCH_BUS_IND","SCH_ZONE_IND","SECONDARY_CRASH","SMALL_TRUCK_COUNT","SPEC_JURIS_CD","SUSP_MINOR_INJ_COUNT","SUSP_SERIOUS_INJ_COUNT","SUV_COUNT","TCD_FUNC_CD","TCD_TYPE","TFC_DETOUR_IND","TIME_OF_DAY","TOT_INJ_COUNT","TOTAL_UNITS","UNB_DEATH_COUNT","UNB_SUSP_SERIOUS_INJ_COUNT","UNBELTED_OCC_COUNT","UNK_INJ_DEG_COUNT","UNK_INJ_PER_COUNT","URBAN_RURAL","VAN_COUNT","VEHICLE_COUNT","WEATHER1","WEATHER2","WORK_ZONE_IND","WORK_ZONE_LOC","WORK_ZONE_TYPE","WORKERS_PRES","WZ_CLOSE_DETOUR","WZ_FLAGGER","WZ_LAW_OFFCR_IND","WZ_LN_CLOSURE","WZ_MOVING","WZ_OTHER","WZ_SHLDER_MDN","WZ_WORKERS_INJ_KILLED"
"2022020695","0122","2","0","0","0","0","0","0","0","0","1","0","","67","02","2022","1","39.9777","-75.1581","0122","06","0","0","0","0","2","0","0","0","","0","0","0","01","3","1","00","N","2","39 58:39.887","2","00","75 09:29.316","2","0","0","0","67301","0","0","0","N","0","0","0","6","67505","0","","1","01","0200","N","N","N","1","","0","1","2","0","0","Y","0102","1","5","0","1","1","0","0","2","0","5","03","03","N","","","","","","","","","","",""
"2022048197","1145","0","0","0","0","0","0","0","0","0","5","1","","67","05","2022","6","40.0403","-75.0061","1136","06","0","0","0","0","0","1","0","1","","0","1","0","11","1","0","00","N","1","40 02:25.001","2","00","75 00:22.009","0","0","0","0","67301","0","0","0","N","0","0","0","2","68K01","0","","1","08","1200","N","N","N","0","","0","0","1","0","0","N","1130","0","2","0","0","0","0","0","2","0","2","07","04","N","","","","","","","","","","",""
"2022036842","2238","1","0","0","0","0","0","0","0","0","4","0","","67","04","2022","3","39.9855","-75.1629","2235","06","0","0","0","0","0","0","0","0","","0","0","0","22","3","3","01","","1","39 59:07.969","1","00","75 09:46.601","3","0","0","0","67301","0","0","0","N","0","0","0","4","67505","0","","1","09","2255","N","N","N","0","","3","0","1","3","2","Y","2233","3","2","0","0","0","0","0","2","0","2","07","","N","","","","","","","","","","",""
"2022043983","1800","2","0","0","0","0","0","0","0","0","4","0","","67","04","2022","4","39.9616","-75.2245","1800","06","0","0","0","0","0","0","0","0","","0","0","0","12","1","1","01","","0","39 57:41.628","","00","75 13:28.335","8","0","0","0","67301","0","0","0","N","0","0","0","2","67301","0","","1","01","","N","N","N","0","","0","0","0","3","2","","1200","1","2","0","0","0","1","1","2","0","2","03","03","N","","","","","","","","","","",""
"2022039993","1650","2","0","0","0","0","0","0","0","0","1","0","","67","03","2022","4","39.915","-75.1478","1623","06","0","0","0","0","0","1","0","0","","0","0","0","16","1","1","00","N","0","39 54:54.028","","00","75 08:51.978","3","0","0","0","67301","0","0","0","N","0","0","0","3","68K01","0","","1","01","","N","N","N","0","","1","0","0","0","0","","1612","1","2","0","0","0","0","1","2","0","2","04","","N","","","","","","","","","","",""
"2022023597","0408","2","0","0","0","0","0","0","0","0","1","0","","67","03","2022","1","39.9633","-75.1392","0357","06","0","0","0","0","0","0","0","0","","0","0","0","03","3","2","00","N","2","39 57:47.822","2","00","75 08:20.980","8","0","0","0","67301","0","0","0","N","0","0","0","2","68K01","0","","1","01","0359","N","N","Y","0","","0","0","0","0","0","N","0357","2","2","0","0","0","2","0","2","0","2","03","","N","","","","","","","","","","",""
"2022030412","1108","1","0","0","0","0","0","0","0","0","4","0","","67","03","2022","1","40.0016","-75.1528","1104","06","0","0","0","0","0","0","0","0","","0","0","0","11","1","0","01","","0","40 00:05.705","","00","75 09:10.074","0","0","0","0","67301","0","0","0","N","0","0","0","3","67301","0","","1","01","","N","N","N","0","","0","0","1","3","2","","1104","0","2","0","0","0","0","0","2","0","2","03","03","N","","","","","","","","","","",""
"2022043966","0112","2","0","0","0","0","0","0","0","0","5","0","","67","03","2022","2","39.9609","-75.2445","0110","06","0","0","0","0","0","0","0","0","","0","0","0","01","3","1","00","N","0","39 57:39.107","","00","75 14:40.147","3","0","0","0","67301","0","0","0","N","0","0","0","1","67301","0","","6","01","","N","N","N","0","","1","0","2","0","0","","0105","1","4","0","0","0","0","0","2","0","4","03","03","N","","","","","","","","","","",""
"2022016858","0717","0","0","0","0","0","0","0","0","0","8","0","","67","02","2022","3","39.9391","-75.1763","0717","06","0","0","0","0","0","0","0","0","","0","0","0","06","3","1","01","","0","39 56:20.584","","00","75 10:34.724","3","0","0","0","67301","1","0","0","N","1","0","0","2","67301","0","","1","01","","N","N","N","1","","1","0","0","3","2","","0617","1","2","0","0","0","0","0","2","0","1","03","03","N","","","","","","","","","","",""
"2022030603","0220","2","0","0","0","0","0","0","0","0","5","0","","67","03","2022","1","39.952","-75.1412","0211","06","0","0","0","0","1","0","0","0","","0","0","0","02","3","0","00","N","1","39 57:07.158","1","02","75 08:28.252","0","0","0","0","67301","0","0","0","N","0","0","0","1","68K01","0","","1","01","0245","N","N","N","0","","0","0","0","0","0","N","0208","0","2","0","0","0","0","0","2","0","2","03","03","N","","","","","","","","","","",""
"2022029425","1833","0","0","0","0","0","0","0","0","0","8","0","","67","03","2022","2","40.0154","-75.1316","1833","06","0","0","0","0","0","1","0","0","","0","0","0","17","1","1","00","N","0","40 00:55.460","","00","75 07:53.600","2","0","0","0","67301","1","0","1","N","1","0","1","2","67301","0","","1","01","","N","N","N","0","","0","1","1","0","0","","1742","1","2","0","0","0","0","0","2","0","1","03","03","N","","","","","","","","","","",""
"2022044039","2120","0","0","0","0","0","0","0","0","0","8","0","","67","04","2022","2","39.998","-75.1254","2120","06","0","0","0","0","0","0","0","0","","0","0","0","14","1","1","01","","9","39 59:52.946","","00","75 07:31.445","3","0","0","0","67301","1","0","0","N","1","0","0","1","67301","0","","1","99","","N","Y","N","0","","1","0","0","3","2","","1450","1","2","0","0","0","0","0","2","0","1","99","","N","","","","","","","","","","",""
"2022029201","1847","2","0","0","0","0","0","0","0","0","4","0","","67","03","2022","6","39.9239","-75.2453","1845","06","0","0","0","0","1","0","0","0","","0","0","0","18","4","0","01","","0","39 55:25.975","","00","75 14:43.191","0","0","0","0","67301","0","0","0","N","0","0","0","2","67301","0","","1","01","","N","N","N","0","","0","0","0","3","3","","1825","0","2","0","0","0","0","0","2","0","2","03","03","N","","","","","","","","","","",""
"2022043838","1711","0","0","0","0","0","0","0","0","0","8","0","","67","04","2022","5","40.1111","-75.0243","1656","06","0","0","0","0","0","0","0","0","","0","0","0","16","1","1","01","","0","40 06:40.311","","00","75 01:27.652","8","0","0","0","67301","1","0","0","N","1","0","0","2","67301","0","","1","01","","N","N","N","0","","0","0","1","3","2","","1650","1","2","0","0","0","1","0","2","0","1","03","","N","","","","","","","","","","",""
"2022015809","2339","1","0","0","0","0","0","0","0","0","4","0","","67","02","2022","3","40.02","-75.1373","2339","06","0","0","0","0","0","1","0","0","","0","0","0","23","3","0","02","","0","40 01:12.095","","00","75 08:14.172","0","0","0","0","67301","0","0","0","N","0","0","0","2","67301","0","","1","01","","N","N","N","0","","0","0","1","3","3","","2328","0","2","0","0","0","0","0","2","0","2","03","03","N","","","","","","","","","","",""
"2022015072","1440","1","0","0","0","0","0","0","0","0","8","0","","67","02","2022","2","39.986","-75.173","1440","06","0","0","0","0","0","0","0","0","","0","0","0","14","1","1","00","N","0","39 59:09.590","","00","75 10:22.770","3","0","0","0","67301","1","0","0","N","1","0","0","2","67301","0","","1","01","","N","N","N","0","","1","0","0","0","0","","1440","1","2","0","0","0","0","0","2","0","1","04","","N","","","","","","","","","","",""
"2022048025","0552","1","0","0","0","0","0","0","0","0","4","0","","67","05","2022","2","39.916","-75.1645","0549","06","0","0","0","0","0","2","0","0","","0","0","0","05","5","2","01","","0","39 54:57.588","","00","75 09:52.288","3","0","0","0","67301","0","0","0","N","0","0","0","4","67301","0","","1","01","","N","N","N","1","","2","0","0","3","2","","0547","2","2","0","0","0","0","0","2","0","2","03","","N","","","","","","","","","","",""
"2022047178","0331","1","0","0","0","0","0","0","0","0","7","0","","67","05","2022","1","40.0124","-75.0701","0326","06","0","0","0","0","0","0","0","0","","0","0","0","02","3","0","00","N","0","40 00:44.663","","00","75 04:12.470","0","0","0","0","67301","0","0","0","N","0","0","0","0","67301","0","","5","01","","N","N","N","0","","0","0","0","0","0","","0200","0","1","0","0","0","0","0","2","0","1","03","03","N","","","","","","","","","","",""
"2022020138","0950","0","0","0","0","0","0","0","0","0","8","0","","67","02","2022","3","39.9702","-75.1597","0930","06","0","0","0","0","0","0","0","0","","0","0","0","16","1","1","01","","0","39 58:12.846","","00","75 09:35.189","3","0","0","0","67301","1","0","0","N","1","0","0","2","67301","0","","1","01","","N","N","N","0","","1","0","1","3","2","","1615","1","2","0","0","0","0","1","2","0","1","03","03","N","","","","","","","","","","",""
"2022044062","1700","1","0","0","0","0","0","0","0","0","4","0","","67","04","2022","6","39.9731","-75.1484","1700","06","0","0","0","0","0","0","0","0","","0","0","0","06","1","1","01","","0","39 58:23.293","","00","75 08:54.175","8","0","0","0","67301","0","0","0","N","0","0","0","2","67301","0","","1","01","","N","N","Y","0","","0","0","2","0","0","","0645","1","3","0","0","0","1","0","2","0","3","03","03","N","","","","","","","","","","",""
"2022020237","0644","1","0","0","0","0","0","0","0","0","1","0","","67","02","2022","5","39.9948","-75.0837","0644","06","0","0","0","0","0","0","0","0","","0","0","0","06","1","0","00","N","0","39 59:41.268","","00","75 05:01.201","0","0","0","0","67301","0","0","0","N","0","0","0","3","68K01","0","","1","01","","N","N","N","0","","0","0","2","0","0","","0642","0","3","0","0","0","0","0","2","0","3","03","","N","","","","","","","","","","",""
"2022029243","1216","1","0","0","0","0","0","0","0","0","5","0","","67","03","2022","2","39.9873","-75.1639","1216","06","0","0","1","0","0","0","0","1","","0","0","0","12","1","1","00","N","0","39 59:14.180","","00","75 09:49.880","4","0","0","0","67301","0","0","0","N","0","0","0","2","67301","1","","1","01","","N","N","N","1","","0","0","2","0","0","","1216","1","4","0","0","1","0","0","2","0","4","03","03","N","","","","","","","","","","",""
"2022016146","1250","2","0","0","0","0","0","0","0","0","5","0","","67","02","2022","1","39.9785","-75.158","1245","06","0","0","0","0","0","0","0","0","","0","0","0","12","1","0","00","N","1","39 58:42.490","2","00","75 09:28.751","0","0","0","0","67301","0","0","0","N","0","0","0","3","67505","0","","6","09","1320","N","N","N","0","","0","0","0","0","0","N","1240","0","2","0","0","0","0","0","2","0","2","10","","N","","","","","","","","","","",""
"2022019583","1315","0","0","0","0","0","0","0","0","0","8","0","","67","02","2022","4","40.0584","-75.1895","1304","06","0","0","0","0","0","0","0","0","","0","0","0","12","1","1","01","","0","40 03:30.240","","00","75 11:21.928","4","0","0","0","67301","1","0","0","N","1","0","0","2","67301","1","","1","01","","N","N","N","0","","0","0","1","3","2","","1251","1","2","0","0","0","0","0","2","0","1","03","03","N","","","","","","","","","","",""
"2022024590","1907","2","0","0","0","0","0","0","0","0","4","0","","67","03","2022","4","40.0775","-75.0438","1855","06","0","0","0","1","0","0","0","0","","0","0","0","18","3","1","02","","0","40 04:39.140","","00","75 02:37.514","8","0","0","0","67301","0","0","0","N","0","0","0","3","67301","0","","1","09","","N","N","N","0","","0","0","0","3","2","","1840","1","2","0","0","0","1","0","2","0","2","07","","N","","","","","","","","","","",""
"2022021519","1918","1","0","0","0","0","0","0","0","0","4","0","","67","02","2022","1","40.0192","-75.0449","1911","06","0","0","0","0","0","1","0","0","","0","0","0","19","3","2","02","","2","40 01:09.219","2","00","75 02:41.715","3","0","0","0","67301","0","0","0","N","0","0","0","2","67301","0","","1","01","2015","N","N","N","0","","2","0","1","3","2","Y","1910","2","2","0","0","0","0","0","2","0","2","03","03","N","","","","","","","","","","",""
"2022049750","1751","1","0","0","0","0","0","0","0","0","4","0","","67","05","2022","6","39.9747","-75.1384","1751","06","0","0","0","0","0","0","1","0","","0","0","0","08","1","0","01","","9","39 58:29.078","","00","75 08:18.344","9","0","0","0","67301","0","0","0","N","0","0","0","2","67301","0","","1","01","","N","N","N","0","","0","0","1","3","2","","0830","0","2","0","0","0","0","1","2","0","2","04","","N","","","","","","","","","","",""
"2022041596","1115","1","0","0","0","0","0","1","0","0","4","1","","67","04","2022","5","40.0268","-75.1173","1052","06","0","0","0","0","0","1","0","0","","0","0","0","10","1","1","01","","0","40 01:36.458","","00","75 07:02.144","8","0","0","0","67301","0","0","0","N","0","0","0","2","67508","0","","1","09","","N","N","Y","0","","0","0","0","3","2","","1052","1","2","0","0","0","1","0","2","0","2","07","07","N","","","","","","","","","","",""
"2022019617","2247","2","0","0","0","0","0","0","0","0","5","0","","67","02","2022","6","39.9371","-75.177","2240","06","0","0","0","0","0","0","0","0","","0","0","0","22","3","2","00","N","2","39 56:13.580","2","00","75 10:37.180","3","0","0","0","67301","0","0","0","N","0","0","0","3","67301","0","","6","01","2337","N","N","N","0","","2","0","1","0","0","N","2240","2","4","0","0","0","0","0","2","1","4","03","","N","","","","","","","","","","",""
"2022015604","1515","0","0","0","0","0","0","0","0","0","8","0","","67","02","2022","4","39.9904","-75.1755","1510","06","0","0","0","0","0","0","0","0","","0","0","0","14","1","1","00","N","0","39 59:25.469","","00","75 10:31.913","8","0","0","0","67301","1","0","0","N","1","0","0","2","67301","0","","1","01","","N","N","N","0","","0","0","0","0","0","","1440","1","2","0","0","0","1","0","2","1","1","03","03","N","","","","","","","","","","",""
"2022016570","1640","2","0","0","0","0","0","0","0","0","1","0","","67","02","2022","4","40.0441","-75.0025","1601","06","0","0","0","0","0","0","0","0","","0","0","0","15","1","0","00","N","0","40 02:38.915","","03","75 00:08.835","9","0","0","0","67301","0","0","0","N","0","0","0","2","68K01","0","","1","01","","N","N","N","0","","0","0","0","0","0","","1556","0","2","0","0","0","0","1","2","0","2","03","03","N","","","","","","","","","","",""
"2022035756","0649","0","0","0","0","0","0","0","0","0","7","0","","67","03","2022","2","39.9581","-75.1657","0639","06","0","0","0","0","0","0","0","0","","0","0","0","06","3","0","00","N","1","39 57:29.015","3","02","75 09:56.628","0","0","0","0","67301","0","0","0","N","0","0","0","1","68K01","0","","4","01","0658","N","N","N","0","","0","0","1","0","0","N","0630","0","1","0","0","1","0","0","2","0","1","03","","N","","","","","","","","","","",""
"2022029719","1838","1","0","0","0","0","0","0","0","0","5","0","","67","03","2022","2","40.0219","-75.1269","1834","06","0","0","0","0","0","0","0","0","","0","0","0","17","1","0","00","N","1","40 01:18.710","4","00","75 07:36.770","0","0","0","0","67301","0","0","0","N","0","0","0","2","67301","0","","1","01","1920","N","N","N","0","","0","0","1","0","0","N","1748","0","2","0","0","2","0","0","2","0","2","03","03","N","","","","","","","","","","",""
"2022020657","1959","0","0","0","0","0","0","0","0","0","5","0","","67","02","2022","6","39.9298","-75.1556","1958","06","0","0","0","0","0","0","0","0","","0","0","0","19","3","3","00","N","0","39 55:47.450","","00","75 09:20.070","3","0","0","0","67301","0","0","0","N","0","0","0","3","67301","0","","1","01","","N","N","N","0","","3","0","0","0","0","","1956","3","2","0","0","0","0","0","2","2","2","03","","N","","","","","","","","","","",""
"2022043994","1615","1","0","0","0","0","0","0","0","0","2","0","","67","05","2022","3","39.9918","-75.1864","1610","06","0","0","0","0","0","0","0","0","","0","0","0","16","1","1","02","","0","39 59:30.408","","00","75 11:10.966","3","0","0","0","67301","0","0","0","N","0","0","0","2","67301","0","","1","01","","N","N","N","0","","1","0","1","3","2","","1600","1","2","0","0","0","0","0","2","0","2","03","03","N","","","","","","","","","","",""
"2022044724","1618","1","0","0","0","0","0","1","0","0","4","1","","67","05","2022","4","39.914","-75.1499","1618","06","0","0","0","0","0","1","0","0","","0","0","0","16","1","2","01","","0","39 54:50.430","","00","75 08:59.773","3","0","0","0","67301","0","0","0","N","0","0","0","2","67301","0","","1","01","","N","N","N","0","","2","0","0","3","2","","1610","2","2","0","0","0","0","0","2","0","2","04","04","N","","","","","","","","","","",""
"2022023794","1957","2","0","0","0","0","0","0","0","0","1","0","","67","03","2022","7","40.0437","-75.1539","1957","06","0","0","0","1","1","0","0","0","","0","0","0","15","1","1","01","","0","40 02:37.140","","00","75 09:13.982","3","0","0","0","67301","0","0","0","N","0","0","0","5","67301","0","","1","01","","N","N","N","0","","1","0","1","3","3","","1554","1","3","0","0","1","0","4","2","0","3","03","03","N","","","","","","","","","","",""
"2022019670","1402","0","0","0","0","0","0","0","0","0","4","0","","67","02","2022","3","40.053","-75.1367","1357","06","0","0","0","0","0","1","0","0","","0","0","0","11","1","1","01","","0","40 03:10.720","","00","75 08:12.051","3","0","0","0","67301","0","0","0","N","0","0","0","2","67301","0","","1","09","","N","N","N","0","","1","0","2","3","2","","1115","1","2","0","0","0","0","0","2","0","2","07","","N","","","","","","","","","","",""
"2022024008","1331","1","0","0","0","0","0","0","0","0","1","0","","67","02","2022","2","40.0023","-75.0781","1324","06","0","0","0","0","0","0","0","0","","0","0","0","13","1","2","00","N","1","40 00:08.407","1","03","75 04:41.154","3","0","0","0","67301","0","0","0","N","0","0","0","4","68K01","1","","1","01","1335","N","N","N","1","","1","0","1","0","0","N","1321","2","3","0","0","0","0","0","2","0","3","03","","N","","","","","","","","","","",""
"2022015506","2355","1","0","0","0","0","0","0","0","0","4","0","","67","02","2022","4","40.0581","-75.1658","2351","06","0","0","0","1","0","0","0","0","","0","0","0","21","3","0","00","N","0","40 03:29.228","","06","75 09:56.782","9","0","0","0","67301","0","0","0","N","0","0","0","2","67301","0","","1","01","","N","N","N","1","","0","0","0","3","3","","2159","0","2","0","0","0","0","1","2","0","2","03","","N","","","","","","","","","","",""
"2022040466","1847","1","0","0","0","0","0","0","0","0","1","0","","67","04","2022","5","39.8877","-75.2038","1835","06","0","0","0","0","0","1","0","0","","0","0","0","18","1","1","00","N","0","39 53:15.886","","00","75 12:13.743","8","0","0","0","67301","0","0","0","N","0","0","0","4","68K01","0","","1","01","","N","N","N","1","","0","0","1","0","0","","1832","1","3","0","0","0","1","1","2","0","3","03","03","N","","","","","","","","","","",""
"2022032871","1033","2","0","0","0","0","0","0","0","0","1","0","","67","03","2022","2","40.0624","-75.0427","1033","06","0","0","0","0","1","0","0","0","","0","0","0","09","1","1","02","","0","40 03:44.813","","00","75 02:33.782","8","0","0","0","67301","0","0","0","N","0","0","0","2","67301","0","","1","09","","N","N","N","0","","0","0","0","3","2","","0915","1","2","0","0","0","1","0","2","0","2","07","07","N","","","","","","","","","","",""
"2022029174","1343","2","0","0","0","0","0","0","0","0","1","0","","67","03","2022","4","40.0576","-75.2333","1338","06","0","0","0","0","0","0","0","0","","0","0","0","13","1","1","00","N","1","40 03:27.274","1","00","75 13:59.774","3","0","0","0","67301","0","0","0","N","0","0","0","4","67301","0","","1","01","1415","N","N","N","0","","1","0","1","0","0","N","1335","1","3","0","0","0","0","0","2","0","3","03","03","N","","","","","","","","","","",""
"2022038129","2358","3","0","0","0","0","0","0","0","0","5","0","","67","04","2022","6","39.9613","-75.1871","2356","06","0","0","0","0","0","0","0","0","","0","0","0","23","3","0","00","N","2","39 57:40.700","1","00","75 11:13.400","0","0","0","0","67301","0","0","0","N","0","0","0","1","67507","0","","6","01","0137","N","N","N","0","","0","0","0","0","0","Y","2356","0","3","0","0","0","0","0","2","0","3","03","03","N","","","","","","","","","","",""
"2022016140","2257","2","0","0","0","0","0","0","0","0","5","0","","67","02","2022","7","39.96","-75.2374","2256","06","0","0","0","0","0","0","0","0","","0","0","0","22","3","1","00","N","0","39 57:35.953","","00","75 14:14.508","3","0","0","0","67301","0","0","0","N","0","0","0","2","67301","0","","1","01","","N","N","N","0","","1","0","0","0","0","","2245","1","2","0","0","0","0","0","2","0","2","03","","N","","","","","","","","","","",""
"2022021825","0235","0","0","0","0","0","0","0","0","0","4","0","","67","03","2022","3","40.0268","-75.0974","0228","06","0","0","0","0","0","1","0","0","","0","0","0","02","3","1","01","","0","40 01:36.484","","00","75 05:50.479","8","0","0","0","67301","0","0","0","N","0","0","0","2","67301","0","","1","01","","N","N","N","0","","0","0","1","2","2","","0200","1","2","0","0","0","1","1","2","1","2","03","04","N","","","","","","","","","","",""
"2022025295","2155","2","0","0","0","0","0","0","0","0","5","0","","67","03","2022","5","40.0162","-75.1472","2144","06","0","0","0","0","0","0","0","0","","0","0","0","21","3","2","00","N","0","40 00:58.260","","00","75 08:49.860","3","0","0","0","67301","0","0","0","N","0","0","0","4","67301","0","","6","01","","N","N","N","0","","2","0","1","0","0","","2136","2","3","0","0","0","0","0","2","0","3","03","","N","","","","","","","","","","",""
"2022050521","0426","0","0","0","0","0","0","0","0","0","4","0","","67","05","2022","3","39.916","-75.1645","0423","06","0","0","0","0","0","0","0","0","","0","0","0","04","3","1","01","","1","39 54:57.588","4","00","75 09:52.288","3","0","0","0","67301","0","0","0","N","0","0","0","1","67301","0","","1","01","0440","N","N","N","0","","1","0","1","3","2","Y","0415","1","2","0","0","0","0","0","2","0","2","03","03","N","","","","","","","","","","",""
"2022043791","0715","0","0","0","0","0","0","0","0","0","4","0","","67","03","2022","6","39.9279","-75.1875","0715","06","0","0","0","0","0","0","0","0","","0","0","0","07","1","0","01","","1","39 55:40.533","5","01","75 11:15.068","9","0","0","0","67301","0","0","0","N","0","0","0","3","67301","0","","1","09","0830","N","N","N","0","","0","0","1","3","3","Y","0715","0","2","0","0","0","0","2","2","1","2","04","04","N","","","","","","","","","","",""
"2022049632","0023","3","0","0","0","0","0","0","0","0","5","0","","67","05","2022","5","40.1232","-74.998","0019","06","0","0","0","0","0","0","0","0","","0","0","0","23","3","0","00","N","0","40 07:23.650","","00","74 59:52.910","0","0","0","0","67301","0","0","0","N","0","0","0","0","67301","0","","1","01","","N","N","N","0","","0","0","0","0","0","","2348","0","3","0","0","0","0","0","2","0","3","03","03","N","","","","","","","","","","",""
"2022025065","0752","1","0","0","0","0","0","0","0","0","4","0","","67","03","2022","4","39.9695","-75.2254","0751","06","0","0","0","0","0","0","0","0","","0","0","0","07","1","1","01","","0","39 58:10.246","","00","75 13:31.336","4","0","0","0","67301","0","0","0","N","0","0","0","2","67301","1","","1","01","","N","N","N","0","","0","0","1","3","2","","0724","1","2","0","0","0","0","0","2","0","2","03","03","N","","","","","","","","","","",""
"2022019661","0207","2","0","0","0","0","0","0","0","0","1","0","","67","02","2022","4","40.0308","-75.1464","0207","06","0","0","0","0","0","0","0","0","","0","0","0","01","3","1","03","","0","40 01:50.979","","00","75 08:47.526","3","0","0","0","67301","0","0","0","N","0","0","0","3","67301","0","","1","01","","N","N","N","0","","1","0","0","3","2","","0140","1","2","0","0","0","0","0","2","0","2","03","03","N","","","","","","","","","","",""
"2022029211","2300","0","0","0","0","0","0","0","0","0","4","0","","67","03","2022","3","40.0586","-75.1527","2300","06","0","0","0","0","0","0","0","0","","0","0","0","22","3","0","05","","0","40 03:30.931","","00","75 09:09.871","0","0","0","0","67301","0","0","0","N","0","0","0","2","67301","0","","1","01","","N","N","N","0","","0","0","2","3","2","","2200","0","2","0","0","0","0","0","2","0","2","03","03","N","","","","","","","","","","",""
"2022044055","2136","0","0","0","0","0","0","0","0","0","1","1","","67","05","2022","2","40.0256","-75.1218","2131","06","0","0","0","0","0","0","0","0","","0","1","0","21","3","3","02","","2","40 01:32.217","3","00","75 07:17.428","2","0","3","2","67301","0","0","0","N","0","0","0","3","67301","0","","1","01","0030","N","N","N","0","","0","3","0","3","3","Y","2121","3","4","0","0","0","0","0","2","0","3","03","03","N","","","","","","","","","","",""
"2022029285","2335","2","0","0","0","0","0","0","0","0","1","0","","67","03","2022","3","40.0279","-75.1464","2330","06","0","0","0","0","0","0","0","0","","0","0","0","22","3","2","00","N","0","40 01:40.540","","00","75 08:46.880","3","0","0","0","67301","0","0","0","N","0","0","0","2","67301","0","","1","01","","N","N","N","0","","2","0","0","0","0","","2245","2","4","0","0","0","0","0","2","2","4","03","","N","","","","","","","","","","",""
"2022043682","0726","3","0","0","0","0","0","0","0","0","1","0","","67","04","2022","6","39.957","-75.1557","0712","06","0","0","0","0","0","0","0","0","","0","0","0","07","1","1","00","N","2","39 57:25.038","3","00","75 09:20.386","4","0","0","0","67301","0","0","0","N","0","0","0","3","68K01","1","","1","01","0755","N","N","N","0","","0","0","0","0","0","N","0709","1","3","0","0","0","0","0","2","0","3","03","03","N","","","","","","","","","","",""
"2022027046","1920","1","0","0","0","0","0","0","0","0","1","0","","67","03","2022","5","39.9662","-75.1362","1909","06","0","0","0","0","0","0","0","0","","0","0","0","19","3","4","00","N","0","39 57:58.267","","00","75 08:10.463","8","0","0","0","67301","0","0","0","N","0","0","0","8","68K01","0","","1","01","","N","N","N","0","","0","0","1","0","0","","1909","4","3","0","0","4","4","0","2","1","3","03","03","N","","","","","","","","","","",""
"2022027314","0856","4","0","0","0","0","0","0","0","0","1","0","","67","03","2022","6","39.9791","-75.2037","0855","06","0","0","0","0","0","1","0","0","","0","0","0","08","1","2","00","N","1","39 58:44.950","3","00","75 12:13.550","3","0","0","0","67301","0","0","0","N","0","0","0","6","68K01","0","","1","01","0907","N","N","N","0","","1","0","1","0","0","N","0854","2","5","0","0","0","1","0","2","0","5","03","","N","","","","","","","","","","",""
"2022015631","0121","1","0","0","0","0","0","0","0","0","7","0","","67","02","2022","6","40.0783","-75.0539","0113","06","0","0","0","0","0","0","0","0","","0","0","0","01","3","0","00","N","0","40 04:41.830","","00","75 03:14.090","0","0","0","0","67301","0","0","0","N","0","0","0","1","67301","0","","4","01","","N","N","N","0","","0","0","0","0","0","","0110","0","1","0","0","0","0","0","2","0","1","03","","N","","","","","","","","","","",""
"2022043710","2305","1","0","0","0","0","0","0","0","0","5","0","","67","05","2022","2","39.974","-75.1185","2255","06","0","0","0","0","0","1","0","0","","0","0","0","22","3","0","00","N","0","39 58:26.377","","00","75 07:06.613","0","0","0","0","67301","0","0","0","N","0","0","0","2","68K01","0","","1","01","","N","N","N","0","","0","0","0","0","0","","2253","0","2","0","0","0","0","0","2","0","2","03","03","N","","","","","","","","","","",""