"CRN","ARRIVAL_TM","AUTOMOBILE_COUNT","BELTED_DEATH_COUNT","BELTED_SUSP_SERIOUS_INJ_COUNT","BICYCLE_COUNT","BICYCLE_DEATH_COUNT","BICYCLE_SUSP_SERIOUS_INJ_COUNT","BUS_COUNT","CHLDPAS_DEATH_COUNT","CHLDPAS_SUSP_SERIOUS_INJ_COUNT","COLLISION_TYPE","COMM_VEH_COUNT","CONS_ZONE_SPD_LIM","COUNTY","CRASH_MONTH","CRASH_YEAR","DAY_OF_WEEK","DEC_LAT","DEC_LONG","DISPATCH_TM","DISTRICT","DRIVER_COUNT_16YR","DRIVER_COUNT_17YR","DRIVER_COUNT_18YR","DRIVER_COUNT_19YR","DRIVER_COUNT_20YR","DRIVER_COUNT_50_64YR","DRIVER_COUNT_65_74YR","DRIVER_COUNT_75PLUS","EST_HRS_CLOSED","FATAL_COUNT","HEAVY_TRUCK_COUNT","HORSE_BUGGY_COUNT","HOUR_OF_DAY","ILLUMINATION","INJURY_COUNT","INTERSECT_TYPE","INTERSECTION_RELATED","LANE_CLOSED","LATITUDE","LN_CLOSE_DIR","LOCATION_TYPE","LONGITUDE","MAX_SEVERITY_LEVEL","MCYCLE_DEATH_COUNT","MCYCLE_SUSP_SERIOUS_INJ_COUNT","MOTORCYCLE_COUNT","MUNICIPALITY","NONMOTR_COUNT","NONMOTR_DEATH_COUNT","NONMOTR_SUSP_SERIOUS_INJ_COUNT","NTFY_HIWY_MAINT","PED_COUNT","PED_DEATH_COUNT","PED_SUSP_SERIOUS_INJ_COUNT","PERSON_COUNT","POLICE_AGCY","POSSIBLE_INJ_COUNT","RDWY_SURF_TYPE_CD","RELATION_TO_ROAD","ROAD_CONDITION","ROADWAY_CLEARED","SCH_BUS_IND","SCH_ZONE_IND","SECONDARY_CRASH","SMALL_TRUCK_COUNT","SPEC_JURIS_CD","SUSP_MINOR_INJ_COUNT","SUSP_SERIOUS_INJ_COUNT","SUV_COUNT","TCD_FUNC_CD","TCD_TYPE","TFC_DETOUR_IND","TIME_OF_DAY","TOT_INJ_COUNT","TOTAL_UNITS","UNB_DEATH_COUNT","UNB_SUSP_SERIOUS_INJ_COUNT","UNBELTED_OCC_COUNT","UNK_INJ_DEG_COUNT","UNK_INJ_PER_COUNT","URBAN_RURAL","VAN_COUNT","VEHICLE_COUNT","WEATHER1","WEATHER2","WORK_ZONE_IND","WORK_ZONE_LOC","WORK_ZONE_TYPE","WORKERS_PRES","WZ_CLOSE_DETOUR","WZ_FLAGGER","WZ_LAW_OFFCR_IND","WZ_LN_CLOSURE","WZ_MOVING","WZ_OTHER","WZ_SHLDER_MDN","WZ_WORKERS_INJ_KILLED"
"2022004175","1516","1","0","0","0","0","0","0","0","0","5","0","","67","01","2022","3","40.0522","-75.051","1454","06","0","0","0","0","0","2","0","0","","0","0","0","14","1","1","00","Y","1","40 03:07.950","2","00","75 03:03.576","3","0","0","0","67301","0","0","0","N","0","0","0","6","67301","0","","1","01","1545","N","N","N","0","","1","0","2","3","2","N","1451","1","4","0","0","0","0","0","2","1","4","03","03","N","","","","","","","","","","",""
"2022010868","0940","1","0","0","0","0","0","0","0","0","8","0","","67","01","2022","3","39.9919","-75.2362","0924","06","0","0","0","0","0","0","0","0","","0","0","0","09","1","1","01","","0","39 59:30.980","","00","75 14:10.287","3","0","0","0","67301","1","0","0","N","1","0","0","2","67301","0","","1","01","","N","N","N","0","","1","0","0","3","3","","0920","1","2","0","0","0","0","1","2","0","1","03","03","N","","","","","","","","","","",""
"2022011650","0618","1","0","0","0","0","0","0","0","0","7","0","","67","01","2022","1","39.9649","-75.1855","0610","06","0","0","0","0","0","0","0","0","","0","0","0","05","3","0","00","N","1","39 57:53.677","3","00","75 11:07.621","0","0","0","0","67301","0","0","0","N","0","0","0","1","68K01","0","","3","01","0635","N","N","N","0","","0","0","0","0","0","N","0559","0","1","0","0","0","0","0","2","0","1","03","03","N","","","","","","","","","","",""
"2022014713","1845","1","0","0","0","0","0","0","0","0","4","0","","67","01","2022","1","40.0148","-75.0643","1842","06","1","0","0","0","0","0","0","0","","0","0","0","18","4","0","01","","0","40 00:53.100","","00","75 03:51.300","0","0","0","0","67301","0","0","0","N","0","0","0","2","67301","0","","1","01","","N","N","N","0","","0","0","1","0","0","","1823","0","2","0","0","0","0","0","2","0","2","03","03","N","","","","","","","","","","",""
"2022014643","1830","1","0","0","0","0","0","0","0","0","6","0","","67","01","2022","3","39.9356","-75.223","1830","06","0","0","0","0","0","0","0","1","","0","0","0","17","3","1","01","","0","39 56:07.983","","00","75 13:22.832","4","0","0","0","67301","0","0","0","N","0","0","0","2","67301","1","","1","01","","N","N","N","0","","0","0","0","3","3","","1759","1","2","0","0","0","0","0","2","0","2","03","03","N","","","","","","","","","","",""
"2022014538","0015","0","0","0","0","0","0","0","0","0","1","0","","67","01","2022","7","40.0436","-75.0787","0008","06","0","0","0","0","0","0","0","0","","0","0","0","00","3","1","00","N","0","40 02:36.900","","00","75 04:43.200","3","0","0","0","67301","0","0","0","N","0","0","0","1","67301","0","","6","01","","N","N","N","0","","1","0","2","0","0","","0004","1","2","0","0","0","0","0","2","0","2","03","03","N","","","","","","","","","","",""
"2022004164","1533","3","0","0","0","0","0","0","0","0","1","0","","67","01","2022","2","39.928","-75.1882","1531","06","0","0","0","0","0","0","0","0","","0","0","0","15","1","1","00","N","0","39 55:40.800","","00","75 11:17.540","3","0","0","0","67301","0","0","0","N","0","0","0","4","67301","0","","6","01","","N","N","N","0","","1","0","0","0","0","","1512","1","3","0","0","2","0","3","2","0","3","03","","N","","","","","","","","","","",""
"2022014532","0435","2","0","0","0","0","0","0","0","0","4","0","","67","01","2022","7","40.0595","-75.0846","0406","06","0","0","0","0","0","0","0","0","","0","0","0","04","3","2","00","N","0","40 03:34.317","","07","75 05:04.482","3","0","0","0","67301","0","0","0","N","0","0","0","2","67301","0","","1","01","","N","N","N","0","","2","0","1","0","0","","0400","2","3","0","0","0","0","0","2","0","3","03","","N","","","","","","","","","","",""
"2022034190","1732","2","0","0","0","0","0","0","0","0","1","0","","67","03","2022","2","39.9961","-75.083","1723","06","0","0","0","0","0","0","1","0","","0","0","0","15","1","1","00","N","1","39 59:45.823","2","00","75 04:58.840","4","0","0","0","67301","0","0","0","N","0","0","0","3","68K01","1","","1","01","1550","N","N","N","0","","0","0","1","0","0","Y","1548","1","3","0","0","0","0","0","2","0","3","03","","N","","","","","","","","","","",""
"2022014663","0415","0","0","0","0","0","0","0","0","0","7","0","","67","01","2022","7","40.0507","-75.1579","0403","06","0","0","0","0","0","0","0","0","","0","0","0","03","3","0","00","N","0","40 03:02.450","","00","75 09:28.320","0","0","0","0","67301","0","0","0","N","0","0","0","1","67301","0","","5","01","","N","N","N","0","","0","0","1","0","0","","0307","0","1","0","0","0","0","0","2","0","1","03","03","N","","","","","","","","","","",""
"2022020649","1416","1","0","0","0","0","0","0","0","0","5","0","","67","01","2022","7","39.9722","-75.1936","1406","06","0","0","0","0","0","1","0","0","","0","0","0","13","1","0","00","N","1","39 58:19.775","3","00","75 11:36.987","0","0","0","0","67301","0","0","0","N","0","0","0","5","68K01","0","","1","01","1400","N","N","N","0","","0","0","2","0","0","Y","1352","0","3","0","0","0","0","0","2","0","3","03","","N","","","","","","","","","","",""
"2022010901","0854","1","0","0","0","0","0","0","0","0","4","0","","67","01","2022","3","40.0037","-75.1689","0852","06","0","0","0","0","0","1","0","0","","0","0","0","08","1","0","05","","0","40 00:13.178","","00","75 10:08.095","0","0","0","0","67301","0","0","0","N","0","0","0","2","67301","0","","1","01","","N","N","N","0","","0","0","0","3","2","","0851","0","2","0","0","2","0","0","2","1","2","03","03","N","","","","","","","","","","",""
"2022014815","2235","1","0","0","0","0","0","0","0","0","4","0","","67","01","2022","4","40.0161","-75.1308","2235","06","0","0","0","0","0","0","0","0","","0","0","0","21","3","0","01","","0","40 00:57.967","","00","75 07:50.861","0","0","0","0","67301","0","0","0","N","0","0","0","2","67301","0","","1","01","","N","N","N","0","","0","0","1","3","3","","2115","0","2","0","0","0","0","0","2","0","2","03","","N","","","","","","","","","","",""
"2022014710","2001","1","0","0","0","0","0","0","0","0","4","0","","67","01","2022","7","40.0321","-75.0812","1927","06","0","0","0","0","0","0","0","0","","0","0","0","19","3","0","01","","0","40 01:55.477","","00","75 04:52.420","9","0","0","0","67301","0","0","0","N","0","0","0","3","67301","0","","1","01","","N","N","N","0","","0","0","2","3","3","","1925","0","4","0","0","1","0","1","2","1","4","03","","N","","","","","","","","","","",""
"2022014580","0844","1","0","0","0","0","0","0","0","0","4","0","","67","01","2022","3","40.0948","-75.0153","0840","06","0","0","0","0","0","0","0","0","","0","0","0","08","1","4","01","","0","40 05:41.184","","00","75 00:55.174","3","0","0","0","67301","0","0","0","N","0","0","0","4","67301","0","","1","01","","N","N","N","0","","4","0","1","3","2","","0838","4","2","0","0","4","0","0","2","0","2","03","03","N","","","","","","","","","","",""
"2022014829","2230","1","0","0","0","0","0","0","0","0","2","0","","67","01","2022","1","39.9866","-75.1313","2228","06","0","0","0","0","0","0","0","0","","0","0","0","22","3","0","00","N","0","39 59:11.870","","01","75 07:52.620","0","0","0","0","67301","0","0","0","N","0","0","0","1","67301","0","","6","06","","N","N","N","0","","0","0","1","0","0","","2220","0","2","0","0","0","0","0","2","0","2","07","09","N","","","","","","","","","","",""
"2022004232","1100","1","0","0","0","0","0","0","0","0","4","0","","67","01","2022","2","40.043","-75.1835","1100","06","0","0","0","0","0","1","0","0","","0","0","0","10","1","0","01","","2","40 02:34.843","7","00","75 11:00.664","0","0","0","0","67301","0","0","0","N","0","0","0","2","67301","0","","1","01","1145","N","N","N","0","","0","0","2","3","3","Y","1051","0","4","0","0","0","0","0","2","1","4","03","03","N","","","","","","","","","","",""
"2022012283","1037","1","0","0","0","0","0","0","0","0","7","0","","67","01","2022","5","40.0028","-75.078","1018","06","0","0","0","0","0","0","0","1","","0","0","0","10","1","1","00","N","1","40 00:10.013","2","03","75 04:40.765","3","0","0","0","67301","0","0","0","N","0","0","0","2","68K01","0","","3","09","1100","N","N","N","0","","1","0","1","0","0","N","1016","1","2","0","0","0","0","0","2","0","2","06","10","N","","","","","","","","","","",""
"2022014665","1520","1","0","0","0","0","0","0","0","0","1","0","","67","01","2022","7","40.0444","-75.166","1517","06","0","0","0","0","0","1","0","0","","0","0","0","15","1","2","00","N","1","40 02:39.700","3","00","75 09:57.500","3","0","0","0","67301","0","0","0","N","0","0","0","5","67301","0","","1","01","1542","N","N","N","0","","2","0","1","0","0","Y","1513","2","2","0","0","4","0","0","2","0","2","03","03","N","","","","","","","","","","",""
"2022025078","2119","2","0","0","0","0","0","0","0","0","1","0","","67","01","2022","2","39.9918","-75.1549","2118","06","0","0","0","0","0","0","0","0","","0","0","0","21","3","0","00","N","0","39 59:30.608","","00","75 09:17.726","9","0","0","0","67301","0","0","0","N","0","0","0","3","67301","0","","6","01","","N","N","N","0","","0","0","0","0","0","","2115","0","2","0","0","0","0","3","2","0","2","03","03","N","","","","","","","","","","",""
"2022010821","1923","1","0","0","0","0","0","0","0","0","7","0","","67","01","2022","1","40.064","-75.2492","1920","06","0","0","0","0","0","1","0","0","","0","0","0","19","3","0","02","","0","40 03:50.349","","00","75 14:57.065","0","0","0","0","67301","0","0","0","N","0","0","0","1","67301","0","","4","07","","N","N","N","0","","0","0","0","3","3","","1918","0","1","0","0","0","0","0","2","0","1","10","","N","","","","","","","","","","",""
"2022016424","0846","0","0","0","0","0","0","0","0","0","4","0","","67","01","2022","6","39.9507","-75.2289","0833","06","0","0","0","0","0","2","0","0","","0","0","0","06","3","2","01","","0","39 57:02.545","","00","75 13:43.896","3","0","0","0","67301","0","0","0","N","0","0","0","3","67301","0","","1","02","","N","N","N","2","","2","0","1","3","2","","0621","2","3","0","0","0","0","0","2","0","3","03","03","N","","","","","","","","","","",""
"2022009101","1905","1","0","0","0","0","0","0","0","0","4","0","","67","01","2022","5","39.9499","-75.2041","1850","06","0","0","0","0","0","0","0","0","","0","0","0","18","3","0","00","N","2","39 56:59.664","6","07","75 12:14.605","9","0","0","0","67301","0","0","0","N","0","0","0","2","67508","0","","1","01","9999","","","N","0","","0","0","0","0","0","N","1845","0","2","0","0","0","0","1","2","0","2","03","03","N","","","","","","","","","","",""
"2022025073","0343","4","0","0","0","0","0","0","0","0","4","0","","67","01","2022","7","39.9764","-75.1513","0341","06","0","0","0","0","0","0","0","0","","0","0","0","03","3","0","01","","0","39 58:34.993","","00","75 09:04.712","9","0","0","0","67301","0","0","0","N","0","0","0","5","67301","0","","1","01","","N","N","N","0","","0","0","2","3","2","","0330","0","6","0","0","0","0","1","2","0","6","03","03","N","","","","","","","","","","",""
"2022004142","0823","2","0","0","0","0","0","0","0","0","4","0","","67","01","2022","3","40.022","-75.0836","0817","06","0","0","0","0","0","0","0","0","","0","0","0","08","1","0","01","","0","40 01:19.070","","00","75 05:00.831","0","0","0","0","67301","0","0","0","N","0","0","0","2","67301","0","","1","01","","N","N","Y","0","","0","0","1","3","3","","0807","0","3","0","0","0","0","0","2","0","3","03","","N","","","","","","","","","","",""
"2022014761","2210","2","0","0","0","0","0","0","0","0","1","0","","67","01","2022","2","39.948","-75.1989","2200","06","0","0","0","0","0","0","0","0","","0","0","0","21","3","1","00","Y","1","39 56:52.622","2","00","75 11:55.877","4","0","0","0","67301","0","0","0","N","0","0","0","3","67301","1","","1","01","0045","N","N","Y","0","","0","0","1","3","2","N","2150","1","3","0","0","0","0","2","2","0","3","03","","N","","","","","","","","","","",""
"2022014883","1415","1","0","0","0","0","0","0","0","0","0","0","","67","01","2022","7","40.0214","-75.2002","1402","06","0","0","0","0","0","0","0","0","","0","0","0","13","1","1","00","N","0","40 01:16.900","","00","75 12:00.600","4","0","0","0","67301","0","0","0","N","0","0","0","1","67301","1","","1","01","","N","N","N","0","","0","0","0","0","0","","1328","1","1","0","0","0","0","0","2","0","1","03","","N","","","","","","","","","","",""
"2022010902","2050","1","0","0","0","0","0","0","0","0","6","0","","67","01","2022","3","39.9984","-75.1908","2044","06","0","0","0","0","1","0","0","0","","0","0","0","20","2","0","00","N","1","39 59:54.060","5","00","75 11:26.916","0","0","0","0","67301","0","0","0","N","0","0","0","2","67301","0","","1","02","2125","N","N","N","0","","0","0","0","0","0","N","2030","0","2","0","0","0","0","0","2","1","2","03","03","N","","","","","","","","","","",""
"2022008862","0542","0","0","0","0","0","0","0","0","0","1","0","","67","01","2022","3","39.9469","-75.1423","0534","06","0","0","0","1","0","1","0","0","","0","0","0","05","3","0","00","N","2","39 56:48.791","2","00","75 08:32.357","0","0","0","0","67301","0","0","0","N","0","0","0","2","68K01","0","","1","01","0630","N","N","N","1","","0","0","1","0","0","N","0531","0","2","0","0","2","0","0","2","0","2","03","03","N","","","","","","","","","","",""
"2022014668","1950","0","0","0","0","0","0","0","0","0","5","0","","67","01","2022","1","40.0585","-75.1781","1940","06","0","0","0","0","0","1","0","0","","0","0","0","19","3","0","02","","0","40 03:30.726","","00","75 10:41.152","0","0","0","0","67301","0","0","0","N","0","0","0","2","67301","0","","1","01","","N","N","N","0","","0","0","3","0","0","","1902","0","3","0","0","2","0","0","2","0","3","03","","N","","","","","","","","","","",""
"2022014805","1357","0","0","0","0","0","0","0","0","0","4","0","","67","01","2022","6","39.9871","-75.1223","1352","06","0","0","0","0","0","0","0","0","","0","0","0","13","1","1","05","","1","39 59:13.382","4","00","75 07:20.404","3","0","0","0","67301","0","0","0","N","0","0","0","2","67301","0","","1","01","1400","N","N","N","0","","1","0","0","3","2","N","1348","1","2","0","0","0","0","0","2","2","2","03","03","N","","","","","","","","","","",""
"2022014762","1643","1","0","0","0","0","0","0","0","0","4","0","","67","01","2022","3","39.9558","-75.236","1638","06","0","0","0","0","0","0","0","1","","0","0","0","16","1","0","01","","0","39 57:20.995","","00","75 14:09.589","0","0","0","0","67301","0","0","0","N","0","0","0","5","67301","0","","1","01","","N","N","N","0","","0","0","1","3","2","","1615","0","2","0","0","2","0","0","2","0","2","03","98","N","","","","","","","","","","",""
"2022034502","1306","1","0","0","0","0","0","0","0","0","1","0","","67","03","2022","1","40.0304","-75.022","1244","06","0","0","0","0","0","0","0","0","","0","0","0","12","1","1","00","N","0","40 01:49.275","","00","75 01:19.327","4","0","0","0","67301","0","0","0","N","0","0","0","7","68K01","1","","1","01","","N","N","N","0","","0","0","1","0","0","","1241","1","2","0","0","0","0","4","2","0","2","03","","N","","","","","","","","","","",""
"2022004251","0010","3","0","0","0","0","0","0","0","0","4","0","","67","01","2022","3","39.9616","-75.1994","0010","06","0","0","0","0","0","0","0","0","","0","0","0","00","3","2","03","","1","39 57:41.742","4","00","75 11:57.883","3","0","0","0","67301","0","0","0","N","0","0","0","3","67301","0","","1","01","0050","N","N","N","1","","2","0","0","3","3","N","0000","2","4","0","0","0","0","0","2","0","4","03","","N","","","","","","","","","","",""
"2022022967","1953","3","0","0","0","0","0","0","0","0","5","0","","67","01","2022","5","39.9814","-75.207","1947","06","0","0","0","0","0","1","0","0","","0","0","0","19","3","0","00","N","0","39 58:52.926","","00","75 12:25.231","0","0","0","0","67301","0","0","0","N","0","0","0","3","68K01","0","","1","01","","N","N","Y","0","","0","0","0","0","0","","1941","0","3","0","0","0","0","0","2","0","3","03","03","N","","","","","","","","","","",""
"2022014709","0854","1","0","0","0","0","0","0","0","0","7","0","","67","01","2022","7","40.0084","-75.0918","0847","06","0","0","0","0","0","0","0","0","","0","0","0","08","1","1","00","N","0","40 00:30.140","","01","75 05:30.530","8","0","0","0","67301","0","0","0","N","0","0","0","1","67301","0","","4","01","","N","N","N","0","","0","0","0","0","0","","0835","1","1","0","0","0","1","0","2","0","1","03","","N","","","","","","","","","","",""
"2022014752","0804","2","0","0","0","0","0","0","0","0","5","0","","67","01","2022","1","39.931","-75.1921","0804","06","0","0","0","0","0","0","0","0","","0","0","0","07","1","0","00","N","0","39 55:51.690","","00","75 11:31.430","0","0","0","0","67301","0","0","0","N","0","0","0","1","67301","0","","6","01","","N","N","N","0","","0","0","0","0","0","","0722","0","2","0","0","0","0","0","2","0","2","03","03","N","","","","","","","","","","",""
"2022010817","1921","1","0","0","0","0","0","0","0","0","4","0","","67","01","2022","3","40.0555","-75.0619","1904","06","0","0","0","0","0","0","0","0","","0","0","0","19","3","1","01","","0","40 03:19.863","","00","75 03:42.983","4","0","0","0","67301","0","0","0","N","0","0","0","2","67301","1","","1","01","","N","N","N","0","","0","0","1","3","3","","1900","1","2","0","0","0","0","1","2","0","2","03","03","N","","","","","","","","","","",""
"2022014751","0213","0","0","0","0","0","0","0","0","0","4","0","","67","01","2022","5","39.9328","-75.1865","0212","06","0","0","0","0","0","1","0","0","","0","0","0","02","6","0","01","","0","39 55:58.131","","01","75 11:11.252","0","0","0","0","67301","0","0","0","N","0","0","0","2","67301","0","","1","01","","N","N","N","0","","0","0","2","3","3","","0212","0","2","0","0","2","0","0","2","0","2","04","","N","","","","","","","","","","",""
"2022014839","1954","1","0","0","0","0","0","0","0","0","5","0","","67","01","2022","7","40.0258","-75.1235","1954","06","0","0","0","0","0","0","0","0","","0","0","0","16","1","0","01","","0","40 01:32.799","","00","75 07:24.504","9","0","0","0","67301","0","0","0","N","0","0","0","2","67301","0","","1","01","","N","N","N","1","","0","0","0","3","2","","1610","0","2","0","0","0","0","2","2","0","2","03","03","N","","","","","","","","","","",""
"2022014880","0845","1","0","0","0","0","0","0","0","0","7","0","","67","01","2022","7","40.0021","-75.1571","0840","06","0","0","0","0","0","0","0","0","","0","0","0","08","1","1","00","N","0","40 00:07.660","","00","75 09:25.396","3","0","0","0","67301","0","0","0","N","0","0","0","1","67301","0","","4","01","","N","N","N","0","","1","0","0","0","0","","0835","1","1","0","0","1","0","0","2","0","1","03","03","N","","","","","","","","","","",""
"2022014740","1535","1","0","0","0","0","0","0","0","0","6","0","","67","01","2022","5","39.9891","-75.2031","1524","06","0","0","0","0","0","1","0","0","","0","0","0","15","1","2","00","N","2","39 59:20.880","5","00","75 12:11.120","2","0","0","0","67301","0","0","0","N","0","0","0","3","67301","0","","1","01","1640","N","N","N","1","","0","2","0","0","0","Y","1524","2","2","0","1","1","0","0","2","0","2","03","03","N","","","","","","","","","","",""
"2022014820","2121","2","0","0","0","0","0","0","0","0","5","0","","67","01","2022","2","40.0223","-75.1372","2119","06","0","0","0","0","0","0","0","0","","0","0","0","21","3","1","00","N","0","40 01:20.372","","00","75 08:13.932","8","0","0","0","67301","0","0","0","N","0","0","0","2","67301","0","","6","01","","N","N","N","0","","0","0","1","0","0","","2116","1","3","0","0","0","1","1","2","0","3","03","03","N","","","","","","","","","","",""
"2022013613","1255","1","0","0","0","0","0","0","0","0","1","0","","67","01","2022","6","39.9841","-75.1566","1245","06","0","0","0","1","0","1","0","0","","0","0","0","12","1","1","00","N","0","39 59:02.677","","00","75 09:23.851","8","0","0","0","67301","0","0","0","N","0","0","0","3","67508","0","","1","01","","N","N","N","1","","0","0","1","0","0","N","1244","1","3","0","0","0","1","0","2","0","3","03","03","N","","","","","","","","","","",""
"2022014819","2022","1","0","0","0","0","0","0","0","0","4","0","","67","01","2022","1","39.9988","-75.1313","2007","06","0","1","0","0","0","0","0","0","","0","0","0","19","3","0","01","","0","39 59:55.564","","00","75 07:52.533","0","0","0","0","67301","0","0","0","N","0","0","0","2","67301","0","","1","01","","N","N","N","0","","0","0","1","3","2","","1938","0","2","0","0","0","0","0","2","0","2","03","","N","","","","","","","","","","",""
"2022014607","1202","1","0","0","0","0","0","0","0","0","2","0","","67","01","2022","1","40.0793","-75.0251","1200","06","0","0","0","0","0","1","0","0","","0","0","0","11","1","1","00","N","1","40 04:45.390","1","00","75 01:30.180","3","0","0","0","67301","0","0","0","N","0","0","0","2","67301","0","","1","01","0020","N","N","N","0","","1","0","1","0","0","N","1138","1","2","0","0","1","0","1","2","0","2","03","03","N","","","","","","","","","","",""
"2022034501","1832","1","0","0","0","0","0","0","0","0","1","0","","67","03","2022","6","39.8817","-75.2461","1818","06","0","0","0","0","0","0","1","0","","0","0","0","18","1","2","00","N","2","39 52:54.072","2","00","75 14:46.090","8","0","0","0","67301","0","0","0","N","0","0","0","2","68K01","0","","1","01","1932","N","N","N","0","","0","0","1","0","0","N","1818","2","2","0","0","0","2","0","2","0","2","03","03","N","","","","","","","","","","",""
"2022014636","2325","2","0","0","0","0","0","0","0","0","4","0","","67","01","2022","6","39.928","-75.2193","2324","06","0","0","0","0","0","1","0","0","","0","0","0","23","3","1","01","","0","39 55:40.869","","00","75 13:09.477","3","0","0","0","67301","0","0","0","N","0","0","0","5","67301","0","","1","01","","N","N","N","0","","1","0","1","3","2","","2324","1","3","0","0","0","0","0","2","0","3","03","03","N","","","","","","","","","","",""
"2022014529","1833","1","0","0","0","0","0","0","0","0","1","0","","67","01","2022","3","39.9057","-75.1939","1820","06","0","0","0","0","0","0","0","0","","0","0","0","17","3","1","01","","0","39 54:20.655","","00","75 11:38.126","3","0","0","0","67301","0","0","0","N","0","0","0","2","67301","0","","1","01","","N","N","N","0","","1","0","0","3","2","","1706","1","2","0","0","0","0","1","2","0","2","03","","N","","","","","","","","","","",""
"2022014881","0922","2","0","0","0","0","0","0","0","0","4","0","","67","01","2022","7","40.0285","-75.1671","0919","06","0","0","0","1","0","0","0","0","","0","0","0","08","1","0","01","","0","40 01:42.618","","00","75 10:01.487","0","0","0","0","67301","0","0","0","N","0","0","0","2","67301","0","","1","01","","N","N","N","0","","0","0","0","3","3","","0840","0","2","0","0","0","0","0","2","0","2","03","03","N","","","","","","","","","","",""
"2022006676","1843","1","0","0","0","0","0","0","0","0","5","0","","67","01","2022","4","39.9752","-75.1882","1843","06","0","0","0","0","0","0","0","0","","0","0","0","18","3","1","01","","2","39 58:30.584","3","00","75 11:17.385","3","0","0","0","67301","0","0","0","N","0","0","0","4","68K01","0","","1","01","1930","N","N","N","0","","1","0","2","3","2","N","1836","1","3","0","0","0","0","1","2","0","3","03","","N","","","","","","","","","","",""
"2022018424","0010","1","0","0","0","0","0","0","0","0","1","0","","67","01","2022","4","40.016","-75.0526","0010","06","0","0","0","0","0","0","0","0","","0","0","0","00","3","0","00","N","2","40 00:57.522","2","00","75 03:09.253","0","0","0","0","67301","0","0","0","N","0","0","0","2","68K01","0","","1","01","0045","N","N","Y","0","","0","0","1","0","0","Y","0010","0","2","0","0","0","0","0","2","0","2","03","03","N","","","","","","","","","","",""
"2022010893","1849","1","0","0","0","0","0","0","0","0","4","0","","67","01","2022","7","40.0437","-75.1382","1849","06","0","0","0","0","0","0","0","0","","0","0","0","18","3","0","01","","0","40 02:37.449","","00","75 08:17.555","0","0","0","0","67301","0","0","0","N","0","0","0","2","67301","0","","1","01","","N","N","N","0","","0","0","1","3","3","","1800","0","2","0","0","0","0","0","2","0","2","03","","N","","","","","","","","","","",""
"2022014838","0930","0","0","0","0","0","0","0","0","0","4","0","","67","01","2022","6","40.039","-75.15","0930","06","0","0","0","0","0","0","0","0","","0","0","0","07","1","1","01","","0","40 02:20.299","","00","75 09:00.127","4","0","0","0","67301","0","0","0","N","0","0","0","2","67301","1","","1","01","","N","N","N","0","","0","0","2","3","2","","0700","1","2","0","0","1","0","1","2","0","2","03","","N","","","","","","","","","","",""
"2022014540","1619","1","0","0","0","0","0","0","0","0","4","0","","67","01","2022","7","40.0493","-75.0679","1609","06","0","0","0","0","0","0","0","0","","0","0","0","16","1","1","01","","0","40 02:57.703","","00","75 04:04.444","8","0","0","0","67301","0","0","0","N","0","0","0","7","67301","0","","1","01","","N","N","Y","0","","0","0","1","3","2","","1607","1","3","0","0","0","1","2","2","1","3","03","03","N","","","","","","","","","","",""
"2022010854","1733","1","0","0","0","0","0","0","0","0","1","0","","67","01","2022","7","39.9867","-75.208","1733","06","0","0","0","0","0","0","0","0","","0","0","0","04","3","0","00","N","0","39 59:12.093","","01","75 12:28.890","0","0","0","0","67301","0","0","0","N","0","0","0","2","67301","0","","1","01","","N","N","N","0","","0","0","0","0","0","","0400","0","2","0","0","0","0","0","2","0","2","03","03","N","","","","","","","","","","",""
"2022004155","1310","1","0","0","0","0","0","0","0","0","8","0","","67","01","2022","3","39.9759","-75.1856","1253","06","0","0","0","0","0","0","0","0","","0","0","0","12","1","1","00","N","0","39 58:33.230","","00","75 11:08.330","4","0","0","0","67301","1","0","0","N","1","0","0","2","67301","1","","1","01","","N","N","N","0","","0","0","0","0","0","","1214","1","2","0","0","0","0","1","2","0","1","03","03","N","","","","","","","","","","",""
"2022010300","1913","1","0","0","0","0","0","0","0","0","1","0","","67","01","2022","3","39.9045","-75.1503","1903","06","0","0","0","0","0","0","0","0","","0","0","0","19","3","1","00","N","0","39 54:16.161","","00","75 09:00.953","4","0","0","1","67301","0","0","0","N","0","0","0","2","68K01","1","","1","01","","N","N","N","0","","0","0","0","0","0","","1901","1","2","0","0","0","0","0","2","0","2","03","","N","","","","","","","","","","",""
"2022014527","1222","1","0","0","0","0","0","0","0","0","8","0","","67","01","2022","5","39.9232","-75.1819","1220","06","0","0","0","0","0","1","0","0","","0","0","0","12","1","1","05","","1","39 55:23.686","3","00","75 10:54.742","3","0","0","0","67301","1","0","0","N","1","0","0","2","67301","0","","1","02","0030","N","N","N","0","","1","0","0","3","2","Y","1217","1","2","0","0","0","0","0","2","0","1","06","07","N","","","","","","","","","","",""
"2022014876","1416","0","0","0","0","0","0","0","0","0","2","0","","67","01","2022","6","40.0025","-75.1846","1413","06","0","0","0","0","0","0","0","0","","0","0","0","14","1","3","00","N","2","40 00:08.908","6","00","75 11:04.484","3","0","0","0","67301","0","0","0","N","0","0","0","4","67301","1","","1","01","0100","N","N","N","0","","2","0","3","0","0","Y","1408","3","3","0","0","0","0","0","2","0","3","03","","N","","","","","","","","","","",""