"CRN","ARRIVAL_TM","AUTOMOBILE_COUNT","BELTED_DEATH_COUNT","BELTED_SUSP_SERIOUS_INJ_COUNT","BICYCLE_COUNT","BICYCLE_DEATH_COUNT","BICYCLE_SUSP_SERIOUS_INJ_COUNT","BUS_COUNT","CHLDPAS_DEATH_COUNT","CHLDPAS_SUSP_SERIOUS_INJ_COUNT","COLLISION_TYPE","COMM_VEH_COUNT","CONS_ZONE_SPD_LIM","COUNTY","CRASH_MONTH","CRASH_YEAR","DAY_OF_WEEK","DEC_LAT","DEC_LONG","DISPATCH_TM","DISTRICT","DRIVER_COUNT_16YR","DRIVER_COUNT_17YR","DRIVER_COUNT_18YR","DRIVER_COUNT_19YR","DRIVER_COUNT_20YR","DRIVER_COUNT_50_64YR","DRIVER_COUNT_65_74YR","DRIVER_COUNT_75PLUS","EST_HRS_CLOSED","FATAL_COUNT","HEAVY_TRUCK_COUNT","HORSE_BUGGY_COUNT","HOUR_OF_DAY","ILLUMINATION","INJURY_COUNT","INTERSECT_TYPE","INTERSECTION_RELATED","LANE_CLOSED","LATITUDE","LN_CLOSE_DIR","LOCATION_TYPE","LONGITUDE","MAX_SEVERITY_LEVEL","MCYCLE_DEATH_COUNT","MCYCLE_SUSP_SERIOUS_INJ_COUNT","MOTORCYCLE_COUNT","MUNICIPALITY","NONMOTR_COUNT","NONMOTR_DEATH_COUNT","NONMOTR_SUSP_SERIOUS_INJ_COUNT","NTFY_HIWY_MAINT","PED_COUNT","PED_DEATH_COUNT","PED_SUSP_SERIOUS_INJ_COUNT","PERSON_COUNT","POLICE_AGCY","POSSIBLE_INJ_COUNT","RDWY_SURF_TYPE_CD","RELATION_TO_ROAD","ROAD_CONDITION","ROADWAY_CLEARED","SCH_BUS_IND","SCH_ZONE_IND","SECONDARY_CRASH","SMALL_TRUCK_COUNT","SPEC_JURIS_CD","SUSP_MINOR_INJ_COUNT","SUSP_SERIOUS_INJ_COUNT","SUV_COUNT","TCD_FUNC_CD","TCD_TYPE","TFC_DETOUR_IND","TIME_OF_DAY","TOT_INJ_COUNT","TOTAL_UNITS","UNB_DEATH_COUNT","UNB_SUSP_SERIOUS_INJ_COUNT","UNBELTED_OCC_COUNT","UNK_INJ_DEG_COUNT","UNK_INJ_PER_COUNT","URBAN_RURAL","VAN_COUNT","VEHICLE_COUNT","WEATHER1","WEATHER2","WORK_ZONE_IND","WORK_ZONE_LOC","WORK_ZONE_TYPE","WORKERS_PRES","WZ_CLOSE_DETOUR","WZ_FLAGGER","WZ_LAW_OFFCR_IND","WZ_LN_CLOSURE","WZ_MOVING","WZ_OTHER","WZ_SHLDER_MDN","WZ_WORKERS_INJ_KILLED"
"2022014604","0751","1","0","0","0","0","0","0","0","0","4","0","","67","01","2022","4","40.0649","-75.0094","0750","06","0","0","0","0","0","0","0","0","","0","0","0","07","1","1","02","","0","40 03:53.543","","07","75 00:33.914","3","0","0","0","67301","0","0","0","N","0","0","0","2","67301","0","","1","01","","N","N","N","0","","1","0","1","3","3","","0742","1","2","0","0","0","0","0","2","0","2","03","03","N","","","","","","","","","","",""
"2022014828","1928","0","0","0","0","0","0","0","0","0","4","0","","67","01","2022","6","39.981","-75.1239","1920","06","0","0","0","0","0","0","0","0","","0","0","0","18","3","1","01","","0","39 58:51.664","","00","75 07:25.975","3","0","0","0","67301","0","0","0","N","0","0","0","2","67301","0","","1","01","","N","N","N","0","","1","0","1","3","3","","1830","1","2","0","0","0","0","1","2","1","2","03","03","N","","","","","","","","","","",""
"2022010636","0749","4","0","0","0","0","0","0","0","0","1","0","","67","01","2022","4","39.9976","-75.0816","0749","06","0","0","0","1","0","1","0","0","","0","0","0","07","1","1","00","N","1","39 59:51.406","1","03","75 04:53.745","4","0","0","0","67301","0","0","0","N","0","0","0","5","68K01","1","","1","01","0840","N","N","N","0","","0","0","1","0","0","N","0749","1","5","0","0","0","0","0","2","0","5","03","03","N","","","","","","","","","","",""
"2022010827","0725","1","0","0","0","0","0","0","0","0","4","0","","67","01","2022","3","40.0631","-75.0516","0720","06","0","0","0","0","0","0","0","0","","0","0","0","06","1","0","05","","0","40 03:47.155","","00","75 03:05.894","0","0","0","0","67301","0","0","0","N","0","0","0","2","67301","0","","1","01","","N","N","N","0","","0","0","1","3","2","","0651","0","2","0","0","0","0","0","2","0","2","03","03","N","","","","","","","","","","",""
"2022014543","0845","0","0","0","0","0","0","0","0","0","6","0","","67","01","2022","4","40.0483","-75.0659","0829","06","0","0","0","0","0","0","0","0","","0","0","0","07","1","2","01","","0","40 02:53.808","","00","75 03:57.412","3","0","0","0","67301","0","0","0","N","0","0","0","3","67301","0","","1","01","","N","N","N","0","","2","0","2","3","3","","0731","2","3","0","0","0","0","1","2","1","3","03","","N","","","","","","","","","","",""
"2022010887","2300","1","0","0","0","0","0","0","0","0","5","0","","67","01","2022","6","39.9617","-75.1365","2300","06","0","0","0","0","0","1","0","0","","0","0","0","23","3","2","02","","0","39 57:42.244","","00","75 08:11.375","8","0","0","0","67301","0","0","0","N","0","0","0","4","67301","0","","1","01","","N","N","N","0","","0","0","2","3","2","","2300","2","3","0","0","0","2","2","2","0","3","03","","N","","","","","","","","","","",""
"2022005397","1826","1","0","0","0","0","0","0","0","0","5","0","","67","01","2022","7","39.9828","-75.1587","1826","06","0","0","0","0","1","0","0","0","","0","0","0","18","3","0","00","N","2","39 58:58.200","2","00","75 09:31.300","0","0","0","0","67301","0","0","0","N","0","0","0","1","67505","0","","6","01","1835","N","N","N","1","","0","0","0","0","0","Y","1820","0","2","0","0","0","0","0","2","0","2","03","03","N","","","","","","","","","","",""
"2022014812","1850","1","0","0","0","0","0","0","0","0","3","0","","67","01","2022","5","39.9953","-75.152","1850","06","0","0","0","1","0","0","0","0","","0","0","0","18","3","1","01","","0","39 59:42.946","","00","75 09:07.372","8","0","0","1","67301","0","0","0","N","0","0","0","2","67301","0","","1","01","","N","N","N","0","","0","0","0","3","3","","1845","1","2","0","0","0","1","0","2","0","2","03","03","N","","","","","","","","","","",""
"2022014817","2155","2","0","0","0","0","0","0","0","0","4","0","","67","01","2022","6","40.015","-75.1352","2155","06","0","0","0","0","0","0","0","0","","0","0","0","17","1","1","01","","0","40 00:54.154","","00","75 08:06.604","8","0","0","0","67301","0","0","0","N","0","0","0","2","67301","0","","1","01","","N","N","N","0","","0","0","0","3","2","","1700","1","2","0","0","0","1","1","2","0","2","03","03","N","","","","","","","","","","",""
"2022014528","0808","2","0","0","0","0","0","0","0","0","2","0","","67","01","2022","1","39.9138","-75.1721","0805","06","0","0","0","0","0","1","0","0","","0","0","0","07","1","0","00","N","0","39 54:49.775","","00","75 10:19.420","0","0","0","0","67301","0","0","0","N","0","0","0","2","67301","0","","1","01","","N","N","N","0","","0","0","0","0","0","","0750","0","2","0","0","2","0","0","2","0","2","04","03","N","","","","","","","","","","",""
"2022034191","1810","0","0","0","0","0","0","0","0","0","1","0","","67","03","2022","2","39.9957","-75.0833","1810","06","0","0","0","0","0","1","0","0","","0","0","0","17","1","1","00","N","1","39 59:44.635","2","00","75 04:59.723","4","0","0","0","67301","0","0","0","N","0","0","0","2","68K01","1","","1","01","1550","N","N","Y","1","","0","0","1","0","0","Y","1754","1","2","0","0","0","0","0","2","0","2","03","","N","","","","","","","","","","",""
"2022007436","1448","1","0","0","0","0","0","0","0","0","7","0","","67","01","2022","7","39.9104","-75.1512","1447","06","0","0","0","0","0","1","0","0","","0","0","0","14","1","1","03","","2","39 54:37.300","3","02","75 09:04.300","3","0","0","0","67301","0","0","0","N","0","0","0","3","68K01","0","","4","01","1528","N","N","N","0","","1","0","1","3","2","Y","1447","1","2","0","0","1","0","0","2","0","2","03","","N","","","","","","","","","","",""
"2022004205","0729","1","0","0","0","0","0","0","0","0","5","0","","67","01","2022","3","40.0509","-75.0098","0728","06","0","0","0","0","0","1","0","0","","0","0","0","07","1","0","00","N","0","40 03:03.362","","00","75 00:35.122","0","0","0","0","67301","0","0","0","N","0","0","0","1","67301","0","","6","01","","N","N","N","0","","0","0","1","0","0","","0728","0","2","0","0","1","0","0","2","0","2","03","03","N","","","","","","","","","","",""
"2022014661","1241","1","0","0","0","0","0","0","0","0","4","0","","67","01","2022","5","40.0613","-75.1721","1241","06","0","0","0","0","0","0","0","0","","0","0","0","23","3","2","01","","0","40 03:40.629","","00","75 10:19.427","3","0","0","0","67301","0","0","0","N","0","0","0","3","67301","0","","1","01","","N","N","N","0","","2","0","1","3","3","","2343","2","3","0","0","0","0","0","2","0","3","03","","N","","","","","","","","","","",""
"2022004174","0330","1","0","0","0","0","0","0","0","0","6","0","","67","01","2022","2","40.0484","-75.0696","0328","06","0","0","0","0","0","0","0","0","","0","0","0","03","3","0","00","N","0","40 02:54.240","","00","75 04:10.660","0","0","0","0","67301","0","0","0","N","0","0","0","1","67301","0","","6","01","","N","N","N","0","","0","0","1","0","0","","0318","0","2","0","0","0","0","0","2","0","2","03","03","N","","","","","","","","","","",""
"2022014600","2305","1","0","0","0","0","0","0","0","0","4","0","","67","01","2022","6","40.072","-75.013","2300","06","0","0","0","0","0","0","0","0","","0","0","0","20","3","0","01","","0","40 04:19.373","","00","75 00:46.904","9","0","0","0","67301","0","0","0","N","0","0","0","2","67301","0","","1","01","","N","N","N","0","","0","0","1","3","2","","2045","0","2","0","0","0","0","2","2","0","2","03","03","N","","","","","","","","","","",""
"2022010831","1144","2","0","0","0","0","0","0","0","0","7","0","","67","01","2022","4","40.0933","-74.9621","1136","06","0","0","0","0","0","0","0","0","","0","0","0","11","1","1","02","","0","40 05:36.005","","07","74 57:43.465","8","0","0","0","67301","0","0","0","N","0","0","0","2","67301","0","","3","01","","N","N","N","0","","0","0","0","3","2","","1136","1","2","0","0","0","1","0","2","0","2","03","03","N","","","","","","","","","","",""
"2022014814","1116","2","0","0","0","0","0","0","0","0","1","0","","67","01","2022","4","39.998","-75.1254","1116","06","0","0","0","0","0","0","1","0","","0","0","0","11","1","1","01","","1","39 59:52.789","2","00","75 07:31.478","3","0","0","0","67301","0","0","0","N","0","0","0","3","67301","0","","1","01","1220","N","N","N","0","","1","0","0","3","2","N","1116","1","2","0","0","1","0","0","2","0","2","03","03","N","","","","","","","","","","",""
"2022014842","1436","1","0","0","0","0","0","0","0","0","4","0","","67","01","2022","3","40.0307","-75.112","1422","06","0","0","0","0","0","0","0","0","","0","0","0","14","1","1","01","","0","40 01:50.653","","00","75 06:43.207","8","0","0","0","67301","0","0","0","N","0","0","0","2","67301","0","","1","01","","N","N","N","0","","0","0","1","3","2","","1418","1","2","0","0","0","1","0","2","0","2","03","","N","","","","","","","","","","",""
"2022035759","2313","0","0","0","0","0","0","0","0","0","1","0","","67","03","2022","7","39.9652","-75.1858","2308","06","0","0","1","0","0","0","0","0","","0","0","0","23","3","0","00","N","1","39 57:54.712","3","00","75 11:08.810","0","0","0","0","67301","0","0","0","N","0","0","0","2","68K01","0","","1","09","1119","N","N","N","0","","0","0","1","0","0","N","2308","0","2","0","0","0","0","0","2","1","2","03","03","N","","","","","","","","","","",""
"2022010861","1040","0","0","0","0","0","0","0","0","0","8","0","","67","01","2022","5","39.9546","-75.2159","1034","06","0","0","0","0","0","0","0","0","","0","0","0","22","3","1","01","","0","39 57:16.495","","00","75 12:57.142","2","0","0","0","67301","1","0","1","N","1","0","1","2","67301","0","","1","01","","N","N","N","0","","0","1","0","3","2","","2200","1","2","0","0","0","0","1","2","1","1","03","03","N","","","","","","","","","","",""
"2022012637","2146","1","0","0","0","0","0","0","0","0","8","0","","67","01","2022","6","39.9498","-75.2071","2145","06","0","0","0","0","0","0","0","0","","0","0","0","21","3","1","01","","2","39 56:59.241","1","00","75 12:25.710","3","0","0","0","67301","1","0","0","N","1","0","0","2","67504","0","","1","01","2225","N","N","N","0","","1","0","0","3","2","Y","2143","1","2","0","0","0","0","1","2","0","1","03","","N","","","","","","","","","","",""
"2022010898","1730","0","0","0","0","0","0","0","0","0","4","0","","67","01","2022","6","40.0245","-75.1661","1729","06","0","0","0","0","0","0","0","0","","0","0","0","17","3","2","02","","0","40 01:28.275","","00","75 09:57.888","3","0","0","0","67301","0","0","0","N","0","0","0","2","67301","0","","1","01","","N","N","N","0","","2","0","2","3","2","","1724","2","2","0","0","1","0","0","2","0","2","03","","N","","","","","","","","","","",""
"2022010891","0159","0","0","0","0","0","0","0","0","0","4","0","","67","01","2022","7","40.0272","-75.1512","0154","06","0","0","0","0","0","0","0","0","","0","0","0","01","3","3","01","","1","40 01:37.898","3","00","75 09:04.471","3","0","0","0","67301","0","0","0","N","0","0","0","3","67301","0","","1","01","0241","N","N","N","0","","3","0","2","3","2","N","0150","3","2","0","0","0","0","0","2","0","2","03","03","N","","","","","","","","","","",""
"2022005296","1530","2","0","0","0","0","0","0","0","0","1","0","","67","01","2022","5","39.958","-75.1638","1514","06","0","0","0","0","0","0","0","0","","0","0","0","15","1","0","00","N","1","39 57:28.895","3","00","75 09:49.734","0","0","0","0","67301","0","0","0","N","0","0","0","3","68K01","0","","1","01","1535","N","N","N","0","","0","0","0","0","0","N","1510","0","3","0","0","1","0","0","2","1","3","03","","N","","","","","","","","","","",""
"2022005434","2312","0","0","0","0","0","0","0","0","0","7","0","","67","01","2022","6","39.9124","-75.1738","2309","06","0","0","0","0","0","0","0","0","","0","0","0","23","3","0","00","N","2","39 54:44.500","3","02","75 10:25.800","0","0","0","0","67301","0","0","0","N","0","0","0","4","67501","0","","4","01","2343","N","N","N","0","","0","0","1","3","8","Y","2309","0","1","0","0","0","0","0","2","0","1","03","","N","","","","","","","","","","",""
"2022014885","1638","0","0","0","0","0","0","0","0","0","8","0","","67","01","2022","3","40.0313","-75.1794","1638","06","0","0","0","0","0","0","0","0","","0","0","0","15","1","1","00","N","0","40 01:52.600","","00","75 10:45.700","8","0","0","0","67301","1","0","0","N","1","0","0","2","67301","0","","1","99","","N","N","N","0","","0","0","0","0","0","","1540","1","2","0","0","0","1","0","2","1","1","03","","N","","","","","","","","","","",""
"2022014635","0204","0","0","0","0","0","0","0","0","0","1","0","","67","01","2022","5","39.8875","-75.248","0151","06","0","0","0","0","0","1","0","0","","0","0","0","01","3","2","02","","0","39 53:14.941","","00","75 14:52.776","3","0","0","0","67301","0","0","0","N","0","0","0","2","67301","0","","1","09","","N","N","N","0","","2","0","1","3","2","","0150","2","2","0","0","0","0","0","2","1","2","07","07","N","","","","","","","","","","",""
"2022010834","1605","1","0","0","0","0","0","0","0","0","4","0","","67","01","2022","3","39.9595","-75.162","1559","06","0","0","0","0","0","1","0","1","","0","0","0","15","1","3","01","","1","39 57:34.154","2","00","75 09:43.529","3","0","0","0","67301","0","0","0","N","0","0","0","4","67301","0","","1","01","0030","N","N","Y","0","","3","0","2","3","3","Y","1555","3","3","0","0","0","0","0","2","0","3","03","","N","","","","","","","","","","",""
"2022034499","0617","2","0","0","0","0","0","0","0","0","5","0","","67","03","2022","1","39.9815","-75.207","0617","06","0","0","0","0","0","0","0","0","","0","0","0","06","3","3","00","N","2","39 58:53.566","4","00","75 12:25.191","8","0","0","0","67301","0","0","0","N","0","0","0","3","68K01","0","","1","01","0700","N","N","N","0","","0","0","0","0","0","N","0617","3","2","0","0","1","3","0","2","0","2","03","03","N","","","","","","","","","","",""
"2022014535","0202","1","0","1","0","0","0","0","0","0","5","0","","67","01","2022","6","40.0598","-75.081","0157","06","0","0","0","0","0","0","0","0","","0","0","0","01","3","1","00","N","0","40 03:35.221","","00","75 04:51.721","2","0","0","0","67301","0","0","0","N","0","0","0","1","67301","0","","6","01","","N","N","N","0","","0","1","2","0","0","","0156","1","3","0","0","0","0","0","2","0","3","03","","N","","","","","","","","","","",""
"2022010882","0347","1","0","0","0","0","0","0","0","0","4","0","","67","01","2022","1","39.9997","-75.1385","0338","06","0","0","0","0","0","1","0","0","","0","0","0","03","3","1","01","","0","39 59:59.082","","00","75 08:18.715","3","0","0","0","67301","0","0","0","N","0","0","0","2","67301","0","","1","01","","N","N","N","0","","1","0","1","3","2","","0328","1","2","0","0","0","0","0","2","0","2","03","03","N","","","","","","","","","","",""
"2022014843","1245","0","0","0","0","0","0","0","0","0","5","0","","67","01","2022","3","40.0567","-75.1412","1245","06","0","0","0","0","0","0","0","0","","0","0","0","16","1","0","00","N","0","40 03:24.260","","00","75 08:28.150","9","0","0","0","67301","0","0","0","N","0","0","0","2","67301","0","","6","99","","N","N","N","0","","0","0","2","0","0","","1615","0","2","0","0","1","0","2","2","0","2","99","","N","","","","","","","","","","",""
"2022010888","1240","1","0","0","0","0","0","0","0","0","5","0","","67","01","2022","4","39.9691","-75.1396","1235","06","0","0","0","0","0","0","0","0","","0","0","0","12","1","0","00","N","2","39 58:08.640","1","00","75 08:22.720","0","0","0","0","67301","0","0","0","N","0","0","0","1","67301","0","","6","01","1334","N","N","N","0","","0","0","0","0","0","Y","1210","0","3","0","0","0","0","0","2","2","3","03","03","N","","","","","","","","","","",""
"2022014667","1917","2","0","0","0","0","0","0","0","0","4","0","","67","01","2022","7","40.0706","-75.1847","1917","06","0","0","0","0","0","0","0","1","","0","0","0","19","3","5","01","","0","40 04:14.015","","00","75 11:04.774","8","0","0","0","67301","0","0","0","N","0","0","0","5","67301","0","","1","01","","N","N","N","0","","0","0","0","1","2","","1911","5","2","0","0","0","5","0","2","0","2","03","","N","","","","","","","","","","",""
"2022010832","0238","1","0","0","0","0","0","0","0","0","4","0","","67","01","2022","1","39.9458","-75.1668","0234","06","0","0","0","1","0","0","0","0","","0","0","0","02","3","2","01","","2","39 56:44.757","7","00","75 10:00.390","8","0","0","0","67301","0","0","0","N","0","0","0","5","67301","0","","1","01","0320","N","N","N","0","","0","0","0","3","2","Y","0230","2","2","0","0","0","2","0","2","1","2","03","03","N","","","","","","","","","","",""
"2022004181","1800","1","0","0","0","0","0","0","0","0","5","0","","67","01","2022","2","39.9417","-75.1439","1800","06","0","0","0","0","0","0","0","0","","0","0","0","17","3","1","00","N","1","39 56:30.040","1","00","75 08:38.020","3","0","0","0","67301","0","0","0","N","0","0","0","1","67301","0","","6","01","1825","N","N","Y","0","","1","0","2","0","0","N","1726","1","3","0","0","0","0","0","2","0","3","03","03","N","","","","","","","","","","",""
"2022011383","0003","1","0","0","0","0","0","0","0","0","5","0","","67","01","2022","3","40.0062","-75.0746","2348","06","0","0","0","1","0","0","0","0","","0","0","0","23","3","1","00","N","0","40 00:22.265","","00","75 04:28.712","3","0","0","0","67301","0","0","0","N","0","0","0","3","68K01","0","","1","01","","N","N","N","0","","1","0","1","0","0","","2338","1","2","0","0","0","0","0","2","0","2","03","03","N","","","","","","","","","","",""
"2022010298","1616","2","0","0","0","0","0","0","0","0","5","0","","67","01","2022","2","39.8988","-75.1697","1609","06","0","0","0","0","0","1","0","0","","0","0","0","16","1","2","00","N","1","39 53:55.615","1","00","75 10:10.982","2","0","0","0","67301","0","0","0","N","0","0","0","4","68K01","0","","1","01","1650","N","N","N","0","","1","1","0","0","0","N","1609","2","2","0","1","2","0","0","2","0","2","03","","N","","","","","","","","","","",""
"2022032933","1143","2","0","0","0","0","0","0","0","0","5","0","","67","01","2022","4","40.0443","-75.1288","1142","06","0","0","0","0","0","0","1","0","","0","0","0","11","1","0","00","N","0","40 02:39.500","","00","75 07:43.500","0","0","0","0","67301","0","0","0","N","0","0","0","1","67301","0","","6","01","","N","N","N","0","","0","0","1","0","0","","1133","0","3","0","0","0","0","0","2","0","3","03","03","N","","","","","","","","","","",""
"2022014831","1135","0","0","0","0","0","0","0","0","0","3","0","","67","01","2022","2","39.9879","-75.144","1135","06","0","0","0","0","0","1","0","0","","0","0","0","11","1","1","01","","0","39 59:16.375","","00","75 08:38.378","3","0","0","0","67301","0","0","0","N","0","0","0","2","67301","0","","1","99","","N","N","N","0","","1","0","1","3","3","","1150","1","2","0","0","0","0","0","2","1","2","04","04","N","","","","","","","","","","",""
"2022014841","1058","1","0","0","0","0","0","0","0","0","1","0","","67","01","2022","3","40.0243","-75.1332","1058","06","0","0","0","0","0","0","0","0","","0","0","0","10","1","1","05","","0","40 01:27.600","","00","75 07:59.380","8","0","0","0","67301","0","0","0","N","0","0","0","3","67301","0","","1","01","","N","N","N","0","","0","0","0","3","2","","1030","1","2","0","0","0","1","1","2","1","2","03","","N","","","","","","","","","","",""
"2022023158","2248","0","0","0","0","0","0","0","0","0","0","0","","67","01","2022","3","39.9223","-75.1478","2240","06","0","0","0","0","0","0","0","0","","0","0","0","22","3","1","00","N","2","39 55:20.423","2","03","75 08:52.197","8","0","0","0","67301","0","0","0","N","0","0","0","1","68K01","0","","1","01","2325","N","N","N","0","","0","0","1","0","0","N","2235","1","1","0","0","0","1","0","2","0","1","03","","N","","","","","","","","","","",""
"2022014816","2340","1","0","0","0","0","0","0","0","0","5","0","","67","01","2022","6","40.0269","-75.1169","2330","06","0","0","0","0","0","0","0","0","","0","0","0","23","3","0","00","Y","0","40 01:36.702","","00","75 07:00.882","0","0","0","0","67301","0","0","0","N","0","0","0","2","67301","0","","1","01","","N","N","N","0","","0","0","1","3","2","","2320","0","2","0","0","0","0","0","2","0","2","03","03","N","","","","","","","","","","",""
"2022004921","2348","1","0","0","0","0","0","0","0","0","5","0","","67","01","2022","5","39.9832","-75.1568","2348","06","0","0","0","0","0","1","0","0","","0","0","0","23","3","2","01","","2","39 58:59.480","1","00","75 09:24.548","2","0","0","0","67301","0","0","0","N","0","0","0","2","67505","0","","1","01","0230","N","N","N","0","","0","1","1","3","2","Y","2347","2","2","0","0","0","1","0","2","0","2","03","03","N","","","","","","","","","","",""
"2022014760","1023","2","0","0","0","0","0","0","0","0","4","0","","67","01","2022","2","39.9582","-75.2291","1021","06","0","0","0","0","0","0","0","0","","0","0","0","10","1","1","01","","0","39 57:29.437","","00","75 13:44.774","3","0","0","0","67301","0","0","0","N","0","0","0","3","67301","0","","1","01","","N","N","N","0","","1","0","1","3","3","","1017","1","3","0","0","0","0","0","2","0","3","03","","N","","","","","","","","","","",""
"2022016103","1452","0","0","0","0","0","0","0","0","0","7","0","","67","01","2022","1","39.9572","-75.1567","1452","06","0","0","0","0","0","0","0","0","","0","0","0","14","1","0","00","N","1","39 57:25.868","4","00","75 09:24.087","0","0","0","0","67301","0","0","0","N","0","0","0","2","68K01","0","","4","01","1520","N","N","N","0","","0","0","1","0","0","N","1438","0","1","0","0","0","0","0","2","0","1","03","03","N","","","","","","","","","","",""
"2022014630","0150","2","0","0","0","0","0","0","0","0","4","0","","67","01","2022","6","39.9377","-75.2284","0141","06","0","0","0","0","0","0","0","0","","0","0","0","01","3","0","01","","0","39 56:15.824","","00","75 13:42.070","9","0","0","0","67301","0","0","0","N","0","0","0","2","67301","0","","1","01","","N","N","N","0","","0","0","0","3","2","","0140","0","2","0","0","0","0","1","2","0","2","03","03","N","","","","","","","","","","",""
"2022010856","1112","1","0","0","0","0","0","0","0","0","4","0","","67","01","2022","3","39.9579","-75.2018","1110","06","0","0","0","0","0","1","0","0","","0","0","0","10","1","1","01","","0","39 57:28.313","","00","75 12:06.598","3","0","0","0","67301","0","0","0","N","0","0","0","3","67301","0","","1","01","","N","N","N","0","","1","0","1","3","3","","1058","1","2","0","0","0","0","0","2","0","2","03","03","N","","","","","","","","","","",""
"2022010864","1918","0","0","0","0","0","0","0","0","0","8","0","","67","01","2022","3","39.9902","-75.2201","1917","06","0","0","0","0","0","0","0","0","","0","0","0","14","1","1","00","N","0","39 59:24.700","","01","75 13:12.300","8","0","0","0","67301","1","0","0","N","1","0","0","2","67301","0","","2","01","","N","N","N","0","","0","0","0","0","0","","1440","1","2","0","0","0","1","0","2","0","1","03","03","N","","","","","","","","","","",""
"2022010897","1545","1","0","0","0","0","0","0","0","0","1","0","","67","01","2022","6","40.0134","-75.1593","1531","06","0","0","0","0","0","0","0","0","","0","0","0","13","1","1","00","N","0","40 00:48.315","","00","75 09:33.433","8","0","0","0","67301","0","0","0","N","0","0","0","2","67301","0","","1","01","","N","N","N","1","","0","0","0","0","0","","1345","1","2","0","0","0","1","0","2","0","2","03","03","N","","","","","","","","","","",""
"2022010849","0246","2","0","0","0","0","0","0","0","0","5","0","","67","01","2022","1","40.0397","-75.0462","0240","06","0","0","0","0","0","0","0","0","","0","0","0","02","3","0","00","N","0","40 02:23.079","","00","75 02:46.156","0","0","0","0","67301","0","0","0","N","0","0","0","1","67301","0","","6","01","","N","N","N","0","","0","0","0","0","0","","0230","0","2","0","0","0","0","0","2","0","2","03","03","N","","","","","","","","","","",""
"2022014775","1159","0","0","0","0","0","0","0","0","0","1","0","","67","01","2022","3","39.9822","-75.2389","1151","06","0","0","0","0","0","1","0","0","","0","0","0","22","3","1","00","N","0","39 58:55.900","","03","75 14:20.200","3","0","0","0","67301","0","0","0","N","0","0","0","2","67301","0","","1","99","","N","N","N","0","","1","0","1","0","0","","2250","1","2","0","0","0","0","0","2","0","2","99","","N","","","","","","","","","","",""
"2022014536","0230","3","0","0","0","0","0","0","0","0","5","0","","67","01","2022","6","40.0497","-75.0685","0224","06","0","0","0","0","0","0","0","0","","0","0","0","02","2","0","00","N","1","40 02:58.930","6","00","75 04:06.630","9","0","0","0","67301","0","0","0","N","0","0","0","1","67301","0","","6","01","0200","N","N","N","0","","0","0","1","0","0","N","0214","0","4","0","0","1","0","1","2","0","4","03","","N","","","","","","","","","","",""
"2022004150","1640","1","0","0","0","0","0","0","0","0","4","0","","67","01","2022","3","39.9168","-75.1563","1640","06","0","0","1","0","0","0","0","0","","0","0","0","16","1","0","02","","2","39 55:00.354","1","00","75 09:22.680","0","0","0","0","67301","0","0","0","N","0","0","0","3","67301","0","","1","01","1705","N","N","N","0","","0","0","2","3","3","Y","1639","0","3","0","0","0","0","0","2","0","3","03","","N","","","","","","","","","","",""
"2022034296","1552","1","0","0","0","0","0","0","0","0","1","0","","67","04","2022","6","40.013","-75.058","1514","06","0","0","0","0","0","0","0","0","","0","0","0","15","1","1","00","N","0","40 00:46.952","","00","75 03:28.753","3","0","0","0","67301","0","0","0","N","0","0","0","2","68K01","0","","1","01","","N","N","N","1","","1","0","0","0","0","","1511","1","2","0","0","1","0","0","2","0","2","03","","N","","","","","","","","","","",""
"2022008119","1900","1","0","0","0","0","0","0","0","0","1","1","","67","01","2022","6","39.9003","-75.1579","1855","06","0","0","0","0","0","1","0","0","","0","1","0","18","3","1","00","N","0","39 54:01.237","","03","75 09:28.494","4","0","0","0","67301","0","0","0","N","0","0","0","4","68K01","1","","1","01","","N","N","N","0","","0","0","0","0","0","","1845","1","2","0","0","0","0","2","2","0","2","03","03","N","","","","","","","","","","",""
"2022010874","0941","0","0","0","0","0","0","0","0","0","4","0","","67","01","2022","3","39.9753","-75.1683","0941","06","0","0","0","0","0","1","0","0","","0","0","0","09","1","2","02","","0","39 58:31.037","","00","75 10:05.801","4","0","0","0","67301","0","0","0","N","0","0","0","2","67301","2","","1","01","","N","N","N","0","","0","0","2","3","3","","0939","2","2","0","0","0","0","0","2","0","2","03","03","N","","","","","","","","","","",""
"2022014717","1935","1","0","0","1","0","0","0","0","0","8","0","","67","01","2022","3","40.0345","-75.0481","1930","06","0","0","0","0","0","0","0","0","","0","0","0","19","3","1","01","","0","40 02:04.146","","00","75 02:53.325","8","0","0","0","67301","1","0","0","N","0","0","0","2","67301","0","","1","01","","N","N","N","0","","0","0","0","3","3","","1930","1","2","0","0","0","1","0","2","0","1","03","03","N","","","","","","","","","","",""