"CRN","ARRIVAL_TM","AUTOMOBILE_COUNT","BELTED_DEATH_COUNT","BELTED_SUSP_SERIOUS_INJ_COUNT","BICYCLE_COUNT","BICYCLE_DEATH_COUNT","BICYCLE_SUSP_SERIOUS_INJ_COUNT","BUS_COUNT","CHLDPAS_DEATH_COUNT","CHLDPAS_SUSP_SERIOUS_INJ_COUNT","COLLISION_TYPE","COMM_VEH_COUNT","CONS_ZONE_SPD_LIM","COUNTY","CRASH_MONTH","CRASH_YEAR","DAY_OF_WEEK","DEC_LAT","DEC_LONG","DISPATCH_TM","DISTRICT","DRIVER_COUNT_16YR","DRIVER_COUNT_17YR","DRIVER_COUNT_18YR","DRIVER_COUNT_19YR","DRIVER_COUNT_20YR","DRIVER_COUNT_50_64YR","DRIVER_COUNT_65_74YR","DRIVER_COUNT_75PLUS","EST_HRS_CLOSED","FATAL_COUNT","HEAVY_TRUCK_COUNT","HORSE_BUGGY_COUNT","HOUR_OF_DAY","ILLUMINATION","INJURY_COUNT","INTERSECT_TYPE","INTERSECTION_RELATED","LANE_CLOSED","LATITUDE","LN_CLOSE_DIR","LOCATION_TYPE","LONGITUDE","MAX_SEVERITY_LEVEL","MCYCLE_DEATH_COUNT","MCYCLE_SUSP_SERIOUS_INJ_COUNT","MOTORCYCLE_COUNT","MUNICIPALITY","NONMOTR_COUNT","NONMOTR_DEATH_COUNT","NONMOTR_SUSP_SERIOUS_INJ_COUNT","NTFY_HIWY_MAINT","PED_COUNT","PED_DEATH_COUNT","PED_SUSP_SERIOUS_INJ_COUNT","PERSON_COUNT","POLICE_AGCY","POSSIBLE_INJ_COUNT","RDWY_SURF_TYPE_CD","RELATION_TO_ROAD","ROAD_CONDITION","ROADWAY_CLEARED","SCH_BUS_IND","SCH_ZONE_IND","SECONDARY_CRASH","SMALL_TRUCK_COUNT","SPEC_JURIS_CD","SUSP_MINOR_INJ_COUNT","SUSP_SERIOUS_INJ_COUNT","SUV_COUNT","TCD_FUNC_CD","TCD_TYPE","TFC_DETOUR_IND","TIME_OF_DAY","TOT_INJ_COUNT","TOTAL_UNITS","UNB_DEATH_COUNT","UNB_SUSP_SERIOUS_INJ_COUNT","UNBELTED_OCC_COUNT","UNK_INJ_DEG_COUNT","UNK_INJ_PER_COUNT","URBAN_RURAL","VAN_COUNT","VEHICLE_COUNT","WEATHER1","WEATHER2","WORK_ZONE_IND","WORK_ZONE_LOC","WORK_ZONE_TYPE","WORKERS_PRES","WZ_CLOSE_DETOUR","WZ_FLAGGER","WZ_LAW_OFFCR_IND","WZ_LN_CLOSURE","WZ_MOVING","WZ_OTHER","WZ_SHLDER_MDN","WZ_WORKERS_INJ_KILLED"
"2022014855","1122","2","0","0","0","0","0","0","0","0","4","0","","67","01","2022","3","40.0307","-75.1224","1122","06","0","0","0","0","0","0","0","0","","0","0","0","21","3","2","01","","0","40 01:50.570","","00","75 07:20.640","8","0","0","0","67301","0","0","0","N","0","0","0","3","67301","0","","1","01","","N","N","N","0","","0","0","0","3","2","","2124","2","2","0","0","0","2","1","2","0","2","03","03","N","","","","","","","","","","",""
"2022014803","1029","1","0","0","0","0","0","0","0","0","5","0","","67","01","2022","1","40.0008","-75.1055","1029","06","0","0","0","0","0","0","0","1","","0","0","0","10","1","0","00","N","1","40 00:02.980","2","01","75 06:19.970","9","0","0","0","67301","0","0","0","N","0","0","0","2","67301","0","","1","01","1200","N","N","N","0","","0","0","0","0","0","Y","1027","0","2","0","0","0","0","2","2","1","2","03","04","N","","","","","","","","","","",""
"2022014632","0230","0","0","0","0","0","0","0","0","0","7","0","","67","01","2022","1","39.931","-75.243","0225","06","0","0","0","0","0","0","0","0","","0","0","0","00","3","0","03","","0","39 55:51.548","","02","75 14:34.635","9","0","0","0","67301","0","0","0","N","0","0","0","1","67301","0","","5","01","","N","N","N","0","","0","0","0","0","0","","0023","0","1","0","0","0","0","1","2","1","1","03","03","N","","","","","","","","","","",""
"2022116660","1701","1","0","0","0","0","0","0","0","0","4","0","","67","11","2022","4","39.9705","-75.2342","1700","06","0","0","0","0","0","0","0","0","","0","0","0","19","1","6","01","","0","39 58:13.825","","00","75 14:03.137","3","0","0","0","67301","0","0","0","N","0","0","0","10","67301","0","","1","99","","N","N","N","0","","6","0","1","3","2","","1905","6","2","0","0","0","0","4","2","0","2","99","","N","","","","","","","","","","",""
"2022106634","1938","2","0","0","0","0","0","0","0","0","6","0","","67","11","2022","4","39.9631","-75.2006","1938","06","1","0","0","0","0","0","0","0","","0","0","0","19","3","0","00","N","0","39 57:47.050","","00","75 12:02.010","9","0","0","0","67301","0","0","0","N","0","0","0","3","67301","0","","6","01","","N","N","N","0","","0","0","1","0","0","","1938","0","3","0","0","1","0","1","2","0","3","03","03","N","","","","","","","","","","",""
"2022120316","1350","0","0","0","0","0","0","0","0","0","1","0","","67","12","2022","7","39.9027","-75.2006","1336","06","0","0","0","1","0","0","1","0","","0","0","0","13","1","1","00","N","0","39 54:09.598","","03","75 12:02.108","3","0","0","0","67301","0","0","0","N","0","0","0","3","67301","0","","1","01","","N","N","N","0","","1","0","3","3","2","","1330","1","3","0","0","1","0","0","2","0","3","03","03","N","","","","","","","","","","",""
"2022120332","2206","1","0","0","0","0","0","0","0","0","5","0","","67","12","2022","7","40.0317","-75.1191","2206","06","0","0","0","0","0","0","0","0","","0","0","0","21","3","0","00","N","0","40 01:54.100","","00","75 07:08.700","9","0","0","0","67301","0","0","0","N","0","0","0","1","67301","0","","2","01","","N","N","N","1","","0","0","1","0","0","","2127","0","3","0","0","0","0","1","2","0","3","03","03","N","","","","","","","","","","",""
"2022119261","1723","1","0","0","0","0","0","0","0","0","4","0","","67","12","2022","5","40.0356","-75.081","1717","06","0","0","0","0","0","1","0","0","","0","0","0","17","3","2","01","","0","40 02:08.334","","00","75 04:51.654","3","0","0","0","67301","0","0","0","N","0","0","0","3","67301","0","","1","09","","N","N","N","0","","2","0","1","3","2","","1715","2","2","0","0","0","0","0","2","0","2","07","07","N","","","","","","","","","","",""
"2022112230","1655","1","0","0","0","0","0","0","0","0","4","0","","67","11","2022","5","39.9273","-75.2263","1655","06","0","0","0","1","0","0","0","0","","0","0","0","16","3","0","02","","0","39 55:38.171","","00","75 13:34.633","9","0","0","0","67301","0","0","0","N","0","0","0","1","67301","0","","1","01","","N","N","N","0","","0","0","1","3","3","","1655","0","2","0","0","0","0","1","2","0","2","03","03","N","","","","","","","","","","",""
"2022105488","2003","1","0","0","0","0","0","0","0","0","5","0","","67","11","2022","4","40.0083","-75.1907","1933","06","0","0","0","0","0","0","0","0","","0","0","0","19","3","0","00","N","0","40 00:29.857","","03","75 11:26.468","0","0","0","0","67301","0","0","0","N","0","0","0","2","67301","0","","1","01","","N","N","N","0","","0","0","1","0","0","","1929","0","2","0","0","0","0","0","2","0","2","03","","N","","","","","","","","","","",""
"2022096736","1723","1","0","0","0","0","0","0","0","0","7","0","","67","10","2022","2","40.012","-75.07","1722","06","0","0","0","0","0","0","0","0","","0","0","0","17","1","1","01","","0","40 00:43.192","","00","75 04:11.917","4","0","0","0","67301","0","0","0","N","0","0","0","2","67301","1","","5","01","","N","N","N","0","","0","0","0","3","3","","1721","1","2","0","0","0","0","0","2","0","1","03","","N","","","","","","","","","","",""
"2022097570","1250","1","0","0","0","0","0","0","0","0","4","0","","67","10","2022","3","40.0524","-75.0733","1234","06","0","0","0","0","0","0","0","0","","0","0","0","09","1","1","01","","0","40 03:08.560","","00","75 04:23.912","3","0","0","0","67301","0","0","0","N","0","0","0","2","67301","0","","1","01","","N","N","N","0","","1","0","1","3","2","","0930","1","2","0","0","0","0","1","2","0","2","03","03","N","","","","","","","","","","",""
"2022099179","1816","0","0","0","0","0","0","0","0","0","1","0","","67","10","2022","4","39.9755","-75.1925","1815","06","0","0","0","0","0","0","0","0","","0","0","0","18","1","1","00","N","0","39 58:31.720","","03","75 11:33.096","8","0","0","0","67301","0","0","0","N","0","0","0","2","67301","0","","1","01","","N","N","N","0","","0","0","2","0","0","","1800","1","2","0","0","0","1","0","2","0","2","03","","N","","","","","","","","","","",""
"2022122780","1637","0","0","0","0","0","0","0","0","0","5","1","","67","12","2022","1","40.0213","-75.0449","1622","06","0","0","0","1","0","1","0","0","","0","1","0","16","4","1","00","N","0","40 01:16.650","","00","75 02:41.760","3","0","0","0","67301","0","0","0","N","0","0","0","2","67301","0","","1","01","","N","N","N","1","","1","0","0","0","0","","1600","1","3","0","0","0","0","0","2","1","3","03","","N","","","","","","","","","","",""
"2022106266","0722","1","0","0","0","0","0","0","0","0","5","0","","67","11","2022","7","40.089","-75.0209","0717","06","0","0","0","0","0","0","0","1","","0","0","0","07","1","1","01","","1","40 05:20.321","2","00","75 01:15.348","3","0","0","0","67301","0","0","0","N","0","0","0","2","67301","0","","1","09","0740","N","N","N","0","","1","0","1","3","2","N","0715","1","2","0","0","0","0","0","2","0","2","04","03","N","","","","","","","","","","",""
"2022123668","1208","1","0","0","0","0","0","0","0","0","4","0","","67","11","2022","5","39.9772","-75.1798","1208","06","0","0","0","0","0","0","0","0","","0","0","0","12","1","1","01","","1","39 58:37.898","4","00","75 10:47.233","3","0","0","0","67301","0","0","0","N","0","0","0","2","67301","0","","1","01","0045","N","N","N","0","","1","0","1","3","2","Y","1208","1","2","0","0","0","0","0","2","0","2","03","03","N","","","","","","","","","","",""
"2022114088","1646","1","0","0","0","0","0","0","0","0","4","0","","67","12","2022","5","40.0022","-75.1576","1625","06","0","0","0","0","0","1","0","0","","0","0","0","15","1","1","01","","0","40 00:07.931","","00","75 09:27.518","3","0","0","0","67301","0","0","0","N","0","0","0","2","67301","0","","3","01","","N","N","N","0","","1","0","1","3","2","","1541","1","2","0","0","0","0","1","2","0","2","03","03","N","","","","","","","","","","",""
"2022120322","1438","2","0","0","0","0","0","0","0","0","5","0","","67","12","2022","6","40.0332","-75.0378","1417","06","0","0","0","0","0","0","0","0","","0","0","0","14","1","0","01","","1","40 01:59.691","5","00","75 02:15.936","9","0","0","0","67301","0","0","0","N","0","0","0","4","67301","0","","1","09","0200","N","N","N","0","","0","0","0","9","3","Y","1408","0","2","0","0","0","0","1","2","0","2","07","","N","","","","","","","","","","",""
"2022108316","1748","1","0","0","0","0","0","1","0","0","4","1","","67","11","2022","6","39.914","-75.1499","1731","06","0","0","0","0","0","0","1","0","","0","0","0","17","3","1","01","","0","39 54:50.430","","00","75 08:59.773","8","0","0","0","67301","0","0","0","N","0","0","0","3","67508","0","","1","09","","N","N","N","0","","0","0","0","3","2","","1735","1","2","0","0","1","1","2","2","0","2","07","07","N","","","","","","","","","","",""
"2022121351","2200","0","0","0","0","0","0","0","0","0","4","0","","67","12","2022","5","40.0395","-75.0334","2200","06","0","0","0","0","0","0","0","0","","0","0","0","21","3","1","01","","0","40 02:22.235","","00","75 02:00.419","3","0","0","0","67301","0","0","0","N","0","0","0","2","67301","0","","1","09","","N","N","N","0","","1","0","0","9","2","","2140","1","2","0","0","0","0","1","2","1","2","07","07","N","","","","","","","","","","",""
"2022112212","1300","0","0","0","1","0","1","0","0","0","8","0","","67","11","2022","3","39.9538","-75.1428","1300","06","0","0","0","0","0","0","0","0","","0","0","0","07","1","1","00","N","0","39 57:13.610","","00","75 08:33.990","2","0","0","0","67301","1","0","1","N","0","0","0","2","67301","0","","1","99","","N","N","N","0","","0","1","1","0","0","","0715","1","2","0","0","0","0","0","2","0","1","99","","N","","","","","","","","","","",""
"2022108274","1410","1","0","0","1","0","0","0","0","0","8","0","","67","11","2022","7","39.9674","-75.1796","1400","06","0","0","0","0","0","0","0","0","","0","0","0","12","1","1","01","","0","39 58:02.768","","00","75 10:46.516","8","0","0","0","67301","1","0","0","N","0","0","0","2","67301","0","","1","01","","N","N","N","0","","0","0","0","3","2","","1245","1","2","0","0","1","1","0","2","0","1","03","03","N","","","","","","","","","","",""
"2022108282","0910","2","0","0","0","0","0","0","0","0","5","0","","67","11","2022","4","39.9847","-75.1006","0907","06","0","0","0","0","0","0","0","0","","0","0","0","08","1","0","00","N","0","39 59:04.950","","00","75 06:02.250","0","0","0","0","67301","0","0","0","N","0","0","0","1","67301","0","","6","01","","N","N","N","0","","0","0","0","0","0","","0807","0","2","0","0","0","0","0","2","0","2","03","","N","","","","","","","","","","",""
"2022121725","0646","1","0","0","0","0","0","0","0","0","5","0","","67","12","2022","6","40.0269","-75.0262","0626","06","0","0","0","0","0","0","0","0","","0","0","0","06","3","0","00","N","1","40 01:37.009","2","00","75 01:34.205","0","0","0","0","67301","0","0","0","N","0","0","0","2","68K01","0","","1","09","0748","N","N","N","1","","0","0","0","0","0","Y","0620","0","2","0","0","0","0","0","2","0","2","07","","N","","","","","","","","","","",""
"2022109029","0211","1","0","0","0","0","0","0","0","0","7","0","","67","11","2022","1","40.0293","-75.1892","0211","06","0","0","0","0","0","0","0","0","","0","0","0","02","3","0","00","N","0","40 01:45.600","","00","75 11:21.100","0","0","0","0","67301","0","0","0","N","0","0","0","3","67301","0","","4","09","","N","N","N","0","","0","0","0","0","0","","0205","0","1","0","0","3","0","0","2","0","1","07","07","N","","","","","","","","","","",""
"2022109364","1356","2","0","0","0","0","0","0","0","0","1","0","","67","11","2022","4","40.0275","-75.0331","1353","06","0","0","0","0","0","0","0","0","","0","0","0","12","1","1","01","","0","40 01:39.009","","00","75 01:59.143","3","0","0","0","67301","0","0","0","N","0","0","0","2","67301","0","","1","01","","N","N","N","0","","1","0","0","0","0","","1207","1","2","0","0","0","0","1","2","0","2","03","","N","","","","","","","","","","",""
"2022109030","0907","1","0","0","0","0","0","0","0","0","8","0","","67","11","2022","4","40.0146","-75.1567","0905","06","0","0","0","0","0","0","0","0","","0","0","0","09","1","1","01","","1","40 00:52.463","6","00","75 09:23.952","3","0","0","0","67301","1","0","0","N","1","0","0","2","67301","0","","1","01","0030","N","Y","N","0","","1","0","0","3","2","N","0900","1","2","0","0","0","0","0","2","0","1","04","04","N","","","","","","","","","","",""
"2022120321","1008","1","0","0","0","0","0","0","0","0","2","0","","67","12","2022","6","40.0253","-75.0765","1002","06","0","0","0","0","0","0","0","0","","0","0","0","10","1","2","00","N","0","40 01:31.022","","00","75 04:35.543","4","0","0","0","67301","0","0","0","N","0","0","0","2","67301","2","","1","09","","N","N","N","0","","0","0","1","0","0","","1000","2","2","0","0","1","0","0","2","0","2","07","07","N","","","","","","","","","","",""
"2022119577","2001","1","0","0","0","0","0","0","0","0","8","0","","67","12","2022","5","39.9386","-75.2217","2001","06","0","0","0","0","0","0","0","0","","0","0","0","20","3","1","01","","0","39 56:18.895","","00","75 13:18.043","8","0","0","0","67301","1","0","0","N","1","0","0","2","67301","0","","1","09","","N","N","N","0","","0","0","0","0","0","","2001","1","2","0","0","0","1","0","2","0","1","07","","N","","","","","","","","","","",""
"2022107718","1711","1","0","0","0","0","0","0","0","0","8","0","","67","11","2022","3","39.9428","-75.2242","1711","06","0","0","0","0","0","0","0","0","","0","0","0","17","4","1","01","","0","39 56:34.173","","00","75 13:26.979","8","0","0","0","67301","1","0","0","N","1","0","0","2","67301","0","","1","09","","N","N","N","0","","0","0","0","3","3","","1708","1","2","0","0","0","1","0","2","0","1","07","","N","","","","","","","","","","",""
"2022108270","2150","1","0","0","0","0","0","0","0","0","1","0","","67","11","2022","2","39.9068","-75.1938","2141","06","0","0","0","0","0","1","0","0","","0","0","0","21","3","6","00","N","1","39 54:24.624","2","00","75 11:37.576","3","0","0","0","67301","0","0","0","N","0","0","0","8","67301","0","","1","01","2212","N","N","N","0","","6","0","2","0","0","Y","2131","6","4","0","0","0","0","0","2","1","4","03","","N","","","","","","","","","","",""
"2022122924","0840","1","0","0","0","0","0","0","0","0","1","0","","67","12","2022","7","39.9778","-75.2134","0831","06","0","0","0","0","0","1","0","0","","0","0","0","08","1","0","01","","0","39 58:39.965","","00","75 12:48.419","0","0","0","0","67301","0","0","0","N","0","0","0","2","67301","0","","1","01","","N","N","N","0","","0","0","1","3","2","","0825","0","2","0","0","0","0","0","2","0","2","03","03","N","","","","","","","","","","",""
"2022120315","1130","0","0","0","0","0","0","0","0","0","1","0","","67","12","2022","7","39.9179","-75.1804","1125","06","0","0","0","0","0","1","0","0","","0","0","0","11","1","1","00","N","0","39 55:04.500","","00","75 10:49.580","3","0","0","0","67301","0","0","0","N","0","0","0","3","67301","0","","1","01","","N","N","N","0","","1","0","1","0","0","","1120","1","2","0","0","1","0","1","2","0","2","03","03","N","","","","","","","","","","",""
"2022098741","0020","2","0","0","0","0","0","0","0","0","6","0","","67","10","2022","2","40.0234","-75.1304","0010","06","0","0","0","0","0","0","0","0","","0","0","0","23","3","0","00","N","0","40 01:24.360","","00","75 07:49.500","9","0","0","0","67301","0","0","0","N","0","0","0","1","67301","0","","6","01","","N","N","N","1","","0","0","0","0","0","","2351","0","4","0","0","0","0","1","2","1","4","03","03","N","","","","","","","","","","",""
"2022097013","0130","1","0","0","0","0","0","0","0","0","4","0","","67","10","2022","2","39.8991","-75.1755","0120","06","0","0","0","0","0","1","0","0","","0","0","0","01","3","0","02","","0","39 53:56.825","","02","75 10:31.930","0","0","0","0","67301","0","0","0","N","0","0","0","2","67301","0","","1","01","","N","N","N","0","","0","0","1","3","2","","0100","0","2","0","0","0","0","0","2","0","2","03","03","N","","","","","","","","","","",""
"2022099322","1020","3","0","0","0","0","0","0","0","0","5","0","","67","10","2022","1","40.0454","-75.15","1015","06","0","0","0","0","0","0","0","0","","0","0","0","07","1","0","00","N","0","40 02:43.600","","00","75 08:59.910","0","0","0","0","67301","0","0","0","N","0","0","0","1","67301","0","","6","01","","N","N","N","0","","0","0","0","0","0","","0700","0","3","0","0","0","0","0","2","0","3","03","","N","","","","","","","","","","",""
"2022123468","1917","1","0","0","0","0","0","0","0","0","1","0","","67","11","2022","1","39.9818","-75.2632","1917","06","0","0","0","0","0","0","0","0","","0","0","0","15","1","1","00","N","0","39 58:54.640","","00","75 15:47.610","8","0","0","0","67301","0","0","0","N","0","0","0","2","67301","0","","1","99","","N","N","N","0","","0","0","1","0","0","","1500","1","2","0","0","0","1","0","2","0","2","03","03","N","","","","","","","","","","",""
"2022106728","1642","1","0","0","0","0","0","0","0","0","5","0","","67","11","2022","2","39.9561","-75.1929","1640","06","0","0","0","1","0","0","0","0","","0","0","0","15","1","0","00","N","0","39 57:21.921","","00","75 11:34.619","0","0","0","0","67301","0","0","0","N","0","0","0","4","67507","0","","1","01","","N","N","N","0","","0","0","1","0","0","","1530","0","2","0","0","1","0","0","2","0","2","03","","N","","","","","","","","","","",""
"2022108271","0802","1","0","0","0","0","0","0","0","0","4","0","","67","11","2022","3","39.9239","-75.1855","0802","06","0","0","1","0","0","0","0","0","","0","0","0","08","1","2","01","","1","39 55:25.914","3","00","75 11:07.915","3","0","0","0","67301","0","0","0","N","0","0","0","5","67301","1","","1","01","0930","N","N","N","0","","1","0","1","3","3","Y","0801","2","2","0","0","1","0","0","2","0","2","03","03","N","","","","","","","","","","",""
"2022105844","2355","2","0","0","0","0","0","0","0","0","4","0","","67","11","2022","6","39.9802","-75.1575","2355","06","0","0","0","0","0","0","0","0","","0","0","0","23","3","0","01","","0","39 58:48.767","","00","75 09:26.884","0","0","0","0","67301","0","0","0","N","0","0","0","1","67505","0","","1","09","","N","N","N","0","","0","0","1","3","2","","2354","0","3","0","0","0","0","0","2","0","3","03","03","N","","","","","","","","","","",""
"2022122399","0612","1","0","0","0","0","0","0","0","0","4","0","","67","12","2022","1","40.034","-75.0744","0609","06","0","0","0","0","0","0","1","0","","0","0","0","05","5","0","01","","1","40 02:02.392","1","00","75 04:27.730","9","0","0","0","67301","0","0","0","N","0","0","0","2","67301","0","","1","01","0630","N","N","N","0","","0","0","0","3","2","Y","0530","0","2","0","0","1","0","1","2","1","2","03","03","N","","","","","","","","","","",""
"2022097464","1618","0","0","0","0","0","0","0","0","0","8","0","","67","10","2022","3","39.9561","-75.193","1611","06","0","0","0","0","0","0","0","0","","0","0","0","09","1","1","00","N","0","39 57:21.946","","00","75 11:34.820","8","0","0","0","67301","1","0","0","N","1","0","0","2","67507","0","","6","01","","N","N","N","0","","0","0","1","0","0","","0923","1","2","0","0","1","1","0","2","0","1","03","03","N","","","","","","","","","","",""
"2022097187","1300","0","0","0","0","0","0","0","0","0","8","0","","67","10","2022","2","39.9955","-75.1676","1254","06","0","0","0","0","0","0","0","0","","0","0","0","12","1","1","00","N","0","39 59:43.620","","00","75 10:03.410","3","0","0","0","67301","1","0","0","N","1","0","0","2","67301","0","","1","01","","N","Y","N","0","","1","0","0","0","0","","1251","1","2","0","0","0","0","0","2","0","1","03","03","N","","","","","","","","","","",""
"2022120897","2120","0","0","0","0","0","0","0","0","0","7","0","","67","10","2022","3","39.9692","-75.2284","2110","06","0","0","0","0","0","0","0","0","","0","0","0","21","3","0","01","","0","39 58:09.116","","00","75 13:42.175","9","0","0","0","67301","0","0","0","N","0","0","0","1","67301","0","","4","01","","N","N","N","0","","0","0","1","3","3","","2104","0","1","0","0","0","0","1","2","0","1","03","","N","","","","","","","","","","",""
"2022097707","1729","0","0","0","1","0","0","0","0","0","8","0","","67","10","2022","2","39.9558","-75.1915","1729","06","0","0","0","0","0","0","0","0","","0","0","0","17","4","1","01","","0","39 57:21.092","","00","75 11:29.243","8","0","0","0","67301","1","0","0","N","0","0","0","2","67504","0","","1","01","","N","N","N","0","","0","0","1","3","2","","1728","1","2","0","0","0","1","0","2","0","1","03","03","N","","","","","","","","","","",""
"2022096735","1535","0","0","0","0","0","0","0","0","0","4","0","","67","10","2022","2","40.0264","-75.0747","1521","06","0","0","0","0","0","1","0","0","","0","0","0","15","1","1","00","N","2","40 01:35.190","6","00","75 04:28.800","4","0","0","1","67301","0","0","0","N","0","0","0","2","67301","1","","1","01","1700","N","N","N","0","","0","0","1","0","0","N","1517","1","2","0","0","1","0","0","2","0","2","04","04","N","","","","","","","","","","",""
"2022096734","0136","2","0","0","0","0","0","0","0","0","1","0","","67","10","2022","2","40.0242","-75.0465","0136","06","0","0","0","0","0","0","0","0","","0","0","0","01","3","2","01","","0","40 01:27.246","","00","75 02:47.562","3","0","0","0","67301","0","0","0","N","0","0","0","2","67301","0","","1","01","","N","N","N","0","","2","0","0","3","2","","0135","2","2","0","0","0","0","0","2","0","2","03","03","N","","","","","","","","","","",""
"2022097438","2216","1","0","0","0","0","0","0","0","0","4","0","","67","10","2022","4","40.0395","-75.0334","2214","06","0","0","0","0","0","0","0","0","","0","0","0","21","3","1","01","","1","40 02:22.057","1","00","75 02:00.118","8","0","0","0","67301","0","0","0","N","0","0","0","2","67301","0","","1","01","2230","N","N","N","1","","0","0","0","3","2","N","2120","1","2","0","0","0","1","0","2","0","2","03","03","N","","","","","","","","","","",""
"2022106160","0015","2","0","0","0","0","0","0","0","0","1","0","","67","10","2022","1","39.9602","-75.2271","0010","06","0","0","0","0","0","1","0","0","","0","0","0","00","3","2","00","N","2","39 57:36.832","3","01","75 13:37.604","2","0","0","0","67301","0","0","0","N","0","0","0","2","67301","0","","1","01","0240","N","N","N","0","","0","1","2","0","0","Y","0005","2","4","0","1","2","1","0","2","0","4","03","03","N","","","","","","","","","","",""
"2022120121","1159","1","0","0","0","0","0","0","0","0","1","0","","67","12","2022","7","40.1316","-75.0118","1155","06","0","0","0","0","0","0","2","0","","0","0","0","11","1","1","00","Y","1","40 07:53.605","4","00","75 00:42.408","3","0","0","0","67301","0","0","0","N","0","0","0","4","67301","0","","1","01","1210","N","N","N","0","","1","0","1","3","2","N","1154","1","4","0","0","0","0","0","2","2","4","03","03","N","","","","","","","","","","",""
"2022119269","1620","0","0","0","0","0","0","0","0","0","1","0","","67","12","2022","5","40.0596","-74.9924","1600","06","0","0","0","0","0","1","0","0","","0","0","0","13","1","1","00","N","0","40 03:34.557","","00","74 59:32.634","3","0","0","0","67301","0","0","0","N","0","0","0","5","67301","0","","1","09","","N","N","N","0","","1","0","1","0","0","","1350","1","2","0","0","0","0","1","2","1","2","07","04","N","","","","","","","","","","",""
"2022124961","1722","0","0","0","0","0","0","0","0","0","5","0","","67","12","2022","5","40.0267","-75.0266","1722","06","0","0","0","0","0","1","0","0","","0","0","0","17","3","0","00","N","2","40 01:36.084","2","00","75 01:35.889","0","0","0","0","67301","0","0","0","N","0","0","0","2","68K01","0","","1","09","1745","N","N","N","1","","0","0","1","0","0","N","1713","0","2","0","0","0","0","0","2","0","2","07","","N","","","","","","","","","","",""
"2022105984","0935","0","0","0","0","0","0","0","0","0","4","0","","67","11","2022","4","40.0122","-75.1505","0935","06","0","0","0","0","0","0","0","0","","0","0","0","09","1","2","01","","0","40 00:44.680","","00","75 09:01.992","3","0","0","0","67301","0","0","0","N","0","0","0","2","67301","0","","1","01","","N","N","N","0","","2","0","1","3","2","","0935","2","2","0","0","0","0","0","2","1","2","03","03","N","","","","","","","","","","",""
"2022113196","0448","1","0","0","0","0","0","0","0","0","4","0","","67","11","2022","7","40.0203","-75.134","0447","06","0","0","0","0","0","0","0","0","","0","0","0","04","3","1","01","","0","40 01:13.252","","00","75 08:02.493","3","0","0","0","67301","0","0","0","N","0","0","0","2","67301","0","","1","09","","N","N","N","0","","1","0","1","3","2","","0430","1","2","0","0","1","0","0","2","0","2","07","","N","","","","","","","","","","",""
"2022110072","1340","1","0","0","0","0","0","0","0","0","5","0","","67","11","2022","4","40.0637","-75.0704","1335","06","0","0","0","0","0","0","0","0","","0","0","0","13","1","1","00","N","0","40 03:49.250","","00","75 04:13.270","8","0","0","0","67301","0","0","0","N","0","0","0","2","67301","0","","1","01","","N","N","N","0","","0","0","1","0","0","","1330","1","2","0","0","1","1","1","2","0","2","03","03","N","","","","","","","","","","",""
"2022106508","1508","1","0","0","0","0","0","0","0","0","4","0","","67","11","2022","7","40.1325","-75.0115","1504","06","0","0","0","0","0","1","0","0","","0","0","0","14","1","2","00","N","0","40 07:57.148","","07","75 00:41.328","3","0","0","0","67301","0","0","0","N","0","0","0","2","67301","0","","1","01","","N","N","N","0","","2","0","1","0","0","","1430","2","2","0","0","0","0","0","2","0","2","03","","N","","","","","","","","","","",""
"2022121836","0830","1","0","0","0","0","0","0","0","0","7","0","","67","12","2022","1","39.9554","-75.1479","0830","06","0","0","0","0","0","0","1","0","","0","0","0","08","1","0","00","N","2","39 57:19.316","3","02","75 08:52.563","0","0","0","0","67301","0","0","0","Y","0","0","0","4","67501","0","","3","01","0918","N","N","N","0","","0","0","1","0","0","N","0830","0","2","0","0","0","0","0","2","0","2","03","","N","","","","","","","","","","",""
"2022123004","0217","2","0","0","0","0","0","0","0","0","1","0","","67","11","2022","1","39.9601","-75.1794","0217","06","0","0","0","0","0","0","0","0","","0","0","0","02","3","0","00","N","0","39 57:36.237","","03","75 10:45.803","0","0","0","0","67301","0","0","0","N","0","0","0","2","68K01","0","","1","01","","N","N","N","0","","0","0","0","0","0","","0217","0","2","0","0","0","0","0","2","0","2","03","","N","","","","","","","","","","",""
"2022109366","0843","1","0","0","0","0","0","0","0","0","4","0","","67","11","2022","5","39.9316","-75.1965","0843","06","0","0","0","0","0","0","0","0","","0","0","0","08","1","1","01","","2","39 55:53.690","4","00","75 11:47.433","8","0","0","0","67301","0","0","0","N","0","0","0","5","67301","0","","1","01","1030","N","N","N","0","","0","0","1","3","3","Y","0842","1","2","0","0","0","1","4","2","0","2","03","03","N","","","","","","","","","","",""
"2022120128","1043","2","0","0","0","0","0","0","0","0","5","0","","67","12","2022","6","39.9929","-75.1325","1032","06","0","0","0","0","0","0","0","0","","0","0","0","09","1","0","00","N","0","39 59:34.340","","00","75 07:56.970","9","0","0","0","67301","0","0","0","N","0","0","0","1","67301","0","","6","01","","N","N","Y","0","","0","0","1","0","0","","0902","0","3","0","0","0","0","1","2","0","3","03","03","N","","","","","","","","","","",""