"CRN","ARRIVAL_TM","AUTOMOBILE_COUNT","BELTED_DEATH_COUNT","BELTED_SUSP_SERIOUS_INJ_COUNT","BICYCLE_COUNT","BICYCLE_DEATH_COUNT","BICYCLE_SUSP_SERIOUS_INJ_COUNT","BUS_COUNT","CHLDPAS_DEATH_COUNT","CHLDPAS_SUSP_SERIOUS_INJ_COUNT","COLLISION_TYPE","COMM_VEH_COUNT","CONS_ZONE_SPD_LIM","COUNTY","CRASH_MONTH","CRASH_YEAR","DAY_OF_WEEK","DEC_LAT","DEC_LONG","DISPATCH_TM","DISTRICT","DRIVER_COUNT_16YR","DRIVER_COUNT_17YR","DRIVER_COUNT_18YR","DRIVER_COUNT_19YR","DRIVER_COUNT_20YR","DRIVER_COUNT_50_64YR","DRIVER_COUNT_65_74YR","DRIVER_COUNT_75PLUS","EST_HRS_CLOSED","FATAL_COUNT","HEAVY_TRUCK_COUNT","HORSE_BUGGY_COUNT","HOUR_OF_DAY","ILLUMINATION","INJURY_COUNT","INTERSECT_TYPE","INTERSECTION_RELATED","LANE_CLOSED","LATITUDE","LN_CLOSE_DIR","LOCATION_TYPE","LONGITUDE","MAX_SEVERITY_LEVEL","MCYCLE_DEATH_COUNT","MCYCLE_SUSP_SERIOUS_INJ_COUNT","MOTORCYCLE_COUNT","MUNICIPALITY","NONMOTR_COUNT","NONMOTR_DEATH_COUNT","NONMOTR_SUSP_SERIOUS_INJ_COUNT","NTFY_HIWY_MAINT","PED_COUNT","PED_DEATH_COUNT","PED_SUSP_SERIOUS_INJ_COUNT","PERSON_COUNT","POLICE_AGCY","POSSIBLE_INJ_COUNT","RDWY_SURF_TYPE_CD","RELATION_TO_ROAD","ROAD_CONDITION","ROADWAY_CLEARED","SCH_BUS_IND","SCH_ZONE_IND","SECONDARY_CRASH","SMALL_TRUCK_COUNT","SPEC_JURIS_CD","SUSP_MINOR_INJ_COUNT","SUSP_SERIOUS_INJ_COUNT","SUV_COUNT","TCD_FUNC_CD","TCD_TYPE","TFC_DETOUR_IND","TIME_OF_DAY","TOT_INJ_COUNT","TOTAL_UNITS","UNB_DEATH_COUNT","UNB_SUSP_SERIOUS_INJ_COUNT","UNBELTED_OCC_COUNT","UNK_INJ_DEG_COUNT","UNK_INJ_PER_COUNT","URBAN_RURAL","VAN_COUNT","VEHICLE_COUNT","WEATHER1","WEATHER2","WORK_ZONE_IND","WORK_ZONE_LOC","WORK_ZONE_TYPE","WORKERS_PRES","WZ_CLOSE_DETOUR","WZ_FLAGGER","WZ_LAW_OFFCR_IND","WZ_LN_CLOSURE","WZ_MOVING","WZ_OTHER","WZ_SHLDER_MDN","WZ_WORKERS_INJ_KILLED"
"2022107141","0316","1","0","0","0","0","0","0","0","0","7","0","","67","11","2022","7","39.9766","-75.197","0311","06","0","0","0","0","0","0","0","0","","0","0","0","03","3","1","00","N","0","39 58:35.836","","00","75 11:49.063","3","0","0","0","67301","0","0","0","N","0","0","0","1","68K01","0","","2","09","","N","N","N","0","","1","0","0","0","0","","0300","1","1","0","0","0","0","0","2","0","1","07","","N","","","","","","","","","","",""
"2022105790","1655","0","0","0","0","0","0","0","0","0","8","0","","67","11","2022","5","40.0511","-75.0942","1650","06","0","0","0","0","0","1","0","0","","0","0","0","09","1","1","01","","0","40 03:03.841","","00","75 05:39.005","3","0","0","0","67301","1","0","0","N","1","0","0","2","67301","0","","1","01","","N","N","N","0","","1","0","0","3","3","","0945","1","2","0","0","1","0","0","2","1","1","03","03","N","","","","","","","","","","",""
"2022105983","0745","0","0","0","0","0","0","0","0","0","7","0","","67","11","2022","4","40.0292","-75.1867","0742","06","0","0","0","0","0","0","0","0","","0","0","0","07","1","2","00","N","2","40 01:44.980","6","00","75 11:12.150","3","0","0","0","67301","0","0","0","N","0","0","0","2","67301","0","","4","01","0930","N","N","N","0","","2","0","1","0","0","Y","0742","2","1","0","0","0","0","0","2","0","1","03","","N","","","","","","","","","","",""
"2022109365","1242","1","0","0","0","0","0","0","0","0","1","0","","67","11","2022","2","39.9861","-75.0973","1242","06","0","0","0","0","0","0","0","0","","0","0","0","22","3","0","00","N","0","39 59:10.110","","00","75 05:50.330","0","0","0","0","67301","0","0","0","N","0","0","0","2","67301","0","","1","01","","N","N","N","0","","0","0","1","0","0","","2234","0","3","0","0","0","0","0","2","0","3","03","03","N","","","","","","","","","","",""
"2022114084","1750","1","0","0","0","0","0","0","0","0","4","0","","67","12","2022","5","40.0549","-75.1545","1743","06","0","0","0","0","0","0","1","0","","0","0","0","17","3","1","01","","0","40 03:17.629","","00","75 09:16.145","8","0","0","0","67301","0","0","0","N","0","0","0","2","67301","0","","1","01","","N","N","N","0","","0","0","1","3","3","","1742","1","2","0","0","0","1","0","2","0","2","03","","N","","","","","","","","","","",""
"2022119133","0843","1","0","0","0","0","0","0","0","0","1","0","","67","11","2022","4","40.0549","-74.9848","0820","06","0","0","0","0","0","1","0","0","","0","0","0","08","1","0","00","N","2","40 03:17.590","1","03","74 59:05.147","0","0","0","0","67301","0","0","0","N","0","0","0","7","68K01","0","","1","01","0950","N","N","N","0","","0","0","3","0","0","N","0817","0","4","0","0","0","0","0","2","0","4","03","","N","","","","","","","","","","",""
"2022112248","0855","1","0","0","0","0","0","0","0","0","2","0","","67","11","2022","2","40.0003","-75.0837","0845","06","0","0","0","0","0","0","0","0","","0","0","0","08","1","2","02","","1","40 00:01.227","1","02","75 05:01.681","2","0","0","0","67301","0","0","0","N","0","0","0","2","67301","0","","1","01","1123","N","N","N","0","","0","1","1","3","2","N","0835","2","2","0","0","0","1","0","2","0","2","03","","N","","","","","","","","","","",""
"2022105797","1715","0","0","0","0","0","0","0","0","0","5","0","","67","11","2022","5","40.1142","-75.0251","1710","06","0","0","0","0","0","1","0","0","","0","0","0","17","1","1","00","N","0","40 06:51.096","","00","75 01:30.343","3","0","0","1","67301","0","0","0","N","0","0","0","2","67301","0","","1","01","","N","N","N","0","","1","0","1","0","0","","1710","1","2","0","0","0","0","0","2","0","2","03","","N","","","","","","","","","","",""
"2022120133","1154","0","0","0","0","0","0","0","0","0","8","0","","67","12","2022","1","39.9926","-75.1445","1154","06","0","0","0","0","0","0","0","0","","0","0","0","18","4","1","02","","0","39 59:33.318","","00","75 08:40.178","8","0","0","0","67301","1","0","0","N","1","0","0","2","67301","0","","1","01","","N","N","N","0","","0","0","0","0","0","","1830","1","2","0","0","0","1","1","2","0","1","03","03","N","","","","","","","","","","",""
"2022122647","0951","0","0","0","0","0","0","0","0","0","4","0","","67","12","2022","7","40.0413","-75.1067","0950","06","0","0","0","0","0","1","0","0","","0","0","0","09","1","1","01","","0","40 02:28.801","","00","75 06:24.126","3","0","0","0","67301","0","0","0","N","0","0","0","2","67301","0","","1","01","","N","N","N","0","","1","0","2","3","2","","0950","1","2","0","0","0","0","0","2","0","2","03","","N","","","","","","","","","","",""
"2022120120","1809","2","0","0","0","0","0","0","0","0","4","0","","67","12","2022","5","40.1025","-75.0287","1808","06","0","1","0","0","0","1","0","0","","0","0","0","18","3","1","01","","0","40 06:08.948","","00","75 01:43.450","4","0","0","0","67301","0","0","0","N","0","0","0","2","67301","1","","1","09","","N","N","N","0","","0","0","0","3","2","","1800","1","2","0","0","0","0","0","2","0","2","07","","N","","","","","","","","","","",""
"2022097437","1405","4","0","1","0","0","0","0","0","0","5","0","","67","10","2022","4","40.065","-75.1482","1402","06","0","0","0","0","0","0","1","0","","0","0","0","14","1","1","00","N","0","40 03:54.030","","00","75 08:53.450","2","0","0","0","67301","0","0","0","N","0","0","0","1","67301","0","","6","01","","N","N","N","1","","0","1","2","0","0","","1400","1","7","0","0","0","0","0","2","0","7","03","","N","","","","","","","","","","",""
"2022100688","2246","1","0","0","0","0","0","0","0","0","4","0","","67","10","2022","3","39.9577","-75.1624","2246","06","0","0","0","0","0","0","0","0","","0","0","0","21","3","1","01","","0","39 57:27.710","","02","75 09:44.921","4","0","0","0","67301","0","0","0","N","0","0","0","3","67301","1","","1","01","","N","N","N","1","","0","0","0","3","2","","2115","1","2","0","0","0","0","1","2","0","2","03","","N","","","","","","","","","","",""
"2022096732","0250","2","0","0","0","0","0","0","0","0","6","0","","67","10","2022","1","40.0255","-75.0729","0245","06","0","0","0","0","0","0","0","0","","0","0","0","20","6","0","00","N","0","40 01:31.731","","00","75 04:22.281","9","0","0","0","67301","0","0","0","N","0","0","0","4","67301","0","","1","01","","N","N","N","0","","0","0","0","0","0","","2010","0","2","0","0","1","0","2","2","0","2","03","03","N","","","","","","","","","","",""
"2022097182","2110","0","0","0","0","0","0","0","0","0","4","0","","67","10","2022","3","39.9697","-75.2115","2107","06","0","0","0","0","0","1","0","0","","0","0","0","21","3","1","01","","0","39 58:10.794","","00","75 12:41.441","4","0","0","0","67301","0","0","0","N","0","0","0","4","67301","1","","1","01","","N","N","N","0","","0","0","2","3","2","","2103","1","2","0","0","0","0","0","2","0","2","03","03","N","","","","","","","","","","",""
"2022097777","2107","2","0","0","0","0","0","0","0","0","4","0","","67","10","2022","3","40.0185","-75.0576","2101","06","0","0","0","0","0","0","0","0","","0","0","0","21","3","2","01","","2","40 01:06.607","3","00","75 03:27.456","8","0","0","0","67301","0","0","0","N","0","0","0","5","67301","0","","1","01","2215","N","N","N","0","","0","0","0","3","2","N","2101","2","2","0","0","0","2","0","2","0","2","03","","N","","","","","","","","","","",""
"2022101111","1321","0","0","0","0","0","0","0","0","0","8","0","","67","10","2022","1","39.9939","-75.1545","1319","06","0","0","0","0","0","0","0","0","","0","0","0","13","1","1","01","","2","39 59:38.214","6","00","75 09:16.608","3","0","0","0","67301","1","0","0","N","1","0","0","2","67301","0","","1","01","0230","N","N","N","0","","1","0","0","3","2","Y","1310","1","2","0","0","0","0","0","2","0","1","03","03","N","","","","","","","","","","",""
"2022095728","0912","1","0","0","0","0","0","0","0","0","1","0","","67","10","2022","1","39.9166","-75.1701","0911","06","0","0","0","0","0","0","1","0","","0","0","0","09","1","1","00","N","0","39 54:59.819","","00","75 10:12.445","3","0","0","0","67301","0","0","0","N","0","0","0","1","67301","0","","3","01","","N","N","N","0","","1","0","1","0","0","","0901","1","2","0","0","0","0","0","2","0","2","03","03","N","","","","","","","","","","",""
"2022113335","2322","2","0","0","0","0","0","0","0","0","4","0","","67","10","2022","5","39.9819","-75.1706","2322","06","0","0","0","0","1","0","0","0","","0","0","0","23","3","4","01","","2","39 58:54.836","7","00","75 10:14.109","3","0","0","0","67301","0","0","0","N","0","0","0","4","67301","0","","1","01","2335","N","N","Y","0","","4","0","1","3","2","Y","2322","4","3","0","0","1","0","0","2","0","3","03","","N","","","","","","","","","","",""
"2022110546","0739","1","0","0","0","0","0","0","0","0","1","0","","67","11","2022","5","40.0823","-75.0783","0732","06","0","0","0","0","0","1","0","0","","0","0","0","07","1","2","00","N","0","40 04:56.250","","07","75 04:41.960","8","0","0","0","67301","0","0","0","N","0","0","0","6","67301","0","","1","01","","N","N","N","0","","0","0","2","0","0","","0720","2","3","0","0","3","2","0","2","0","3","03","","N","","","","","","","","","","",""
"2022106268","1111","3","0","0","0","0","0","0","0","0","1","0","","67","11","2022","7","40.071","-75.1916","1056","06","0","0","0","0","1","1","0","0","","0","0","0","10","1","5","00","N","0","40 04:15.560","","00","75 11:29.660","4","0","0","0","67301","0","0","0","N","0","0","0","5","67301","5","","1","01","","N","N","N","0","","0","0","2","0","0","","1045","5","5","0","0","0","0","0","2","0","5","03","","N","","","","","","","","","","",""
"2022115444","0315","3","0","0","0","0","0","0","0","0","5","0","","67","11","2022","6","39.9664","-75.2386","0302","06","0","0","0","0","0","0","0","0","","0","0","0","02","3","0","00","N","1","39 57:59.080","4","00","75 14:18.780","0","0","0","0","67301","0","0","0","N","0","0","0","1","67301","0","","6","01","0430","N","N","N","0","","0","0","2","0","0","N","0247","0","5","0","0","1","0","0","2","0","5","03","03","N","","","","","","","","","","",""
"2022120888","0517","1","0","0","0","0","0","0","0","0","5","0","","67","12","2022","6","40.0401","-75.0593","0500","06","0","0","0","0","0","2","0","0","","0","0","0","04","3","0","00","N","2","40 02:24.322","2","00","75 03:33.546","0","0","0","0","67301","0","0","0","N","0","0","0","2","67301","0","","1","01","0545","N","N","Y","0","","0","0","1","0","0","Y","0458","0","2","0","0","0","0","0","2","0","2","03","03","N","","","","","","","","","","",""
"2022114681","2151","0","0","0","0","0","0","0","0","0","4","0","","67","11","2022","2","39.992","-75.1402","2145","06","0","0","0","0","0","1","0","0","","0","0","0","20","3","0","01","","1","39 59:31.690","4","00","75 08:24.720","0","0","0","0","67301","0","0","0","N","0","0","0","2","67301","0","","1","01","2200","N","N","Y","0","","0","0","3","3","2","Y","2058","0","3","0","0","1","0","0","2","0","3","03","03","N","","","","","","","","","","",""
"2022108277","2120","0","0","0","0","0","0","0","0","0","4","0","","67","11","2022","6","39.9572","-75.2275","2120","06","0","0","0","0","0","0","0","0","","0","0","0","21","3","0","01","","0","39 57:25.948","","00","75 13:38.927","0","0","0","0","67301","0","0","0","N","0","0","0","2","67301","0","","1","09","","N","N","N","0","","0","0","2","3","2","","2115","0","2","0","0","0","0","0","2","0","2","04","04","N","","","","","","","","","","",""
"2022119927","1851","1","0","0","0","0","0","0","0","0","4","0","","67","11","2022","3","39.9471","-75.1464","1850","06","0","0","0","0","0","0","0","0","","0","0","0","18","3","0","01","","0","39 56:49.560","","00","75 08:46.912","0","0","0","0","67301","0","0","0","N","0","0","0","4","67301","0","","1","09","","N","N","N","0","","0","0","1","3","2","","1845","0","2","0","0","0","0","0","2","0","2","07","07","N","","","","","","","","","","",""
"2022105985","1410","0","0","0","0","0","0","0","0","0","5","0","99","67","11","2022","4","40.0181","-75.1701","1337","06","0","0","0","0","0","0","0","0","","0","0","0","13","1","0","00","N","0","40 01:05.168","","00","75 10:12.393","0","0","0","0","67301","0","0","0","N","0","0","0","2","67301","0","","1","01","","N","N","N","1","","0","0","1","0","0","","1314","0","2","0","0","0","0","0","2","0","2","03","","Y","4","1","U","","","U","Y","","","","N"
"2022119856","1921","0","0","0","0","0","0","0","0","0","7","0","","67","11","2022","6","40.0345","-75.019","1914","06","0","0","0","0","0","0","0","0","","0","0","0","19","3","0","00","N","2","40 02:04.101","1","03","75 01:08.260","0","0","0","0","67301","0","0","0","N","0","0","0","2","68K01","0","","2","09","1945","N","N","N","0","","0","0","1","0","0","N","1908","0","1","0","0","0","0","0","2","0","1","07","07","N","","","","","","","","","","",""
"2022096779","0959","1","0","0","0","0","0","0","0","0","1","0","","67","10","2022","3","40.0198","-75.1489","0952","06","0","0","0","0","0","1","0","0","","0","0","0","09","1","2","00","N","2","40 01:11.390","2","01","75 08:56.013","4","0","0","0","67301","0","0","0","N","0","0","0","2","67301","2","","1","01","1020","N","N","N","0","","0","0","1","0","0","N","0952","2","2","0","0","2","0","0","2","0","2","03","","N","","","","","","","","","","",""
"2022100710","2019","1","0","0","0","0","0","0","0","0","7","0","","67","10","2022","5","39.9124","-75.1739","2018","06","0","0","0","0","0","1","0","0","","0","0","0","20","3","0","07","","2","39 54:44.800","3","08","75 10:26.100","0","0","0","0","67301","0","0","0","N","0","0","0","1","67501","0","","7","01","2037","N","N","N","0","","0","0","0","0","0","Y","2001","0","1","0","0","0","0","0","2","0","1","03","","N","","","","","","","","","","",""
"2022104969","0327","3","0","0","0","0","0","0","0","0","5","0","","67","10","2022","7","40.0109","-75.1394","0327","06","0","0","0","0","0","0","0","0","","1","0","0","02","3","0","00","N","0","40 00:39.110","","00","75 08:21.940","1","0","0","0","67301","0","0","0","N","0","0","0","2","67301","0","2","6","01","","N","N","N","0","0","0","0","1","0","0","","0220","0","4","0","0","0","0","0","2","0","4","03","","N","","","","","","","","","","",""
"2022097186","1658","1","0","0","0","0","0","0","0","0","4","0","","67","10","2022","3","39.962","-75.2283","1654","06","0","0","0","0","0","0","0","0","","0","0","0","16","1","1","01","","0","39 57:43.282","","00","75 13:41.876","2","0","1","1","67301","0","0","0","N","0","0","0","2","67301","0","","1","01","","N","N","N","0","","0","1","0","3","3","","1653","1","2","0","0","1","0","0","2","0","2","03","03","N","","","","","","","","","","",""
"2022098066","1940","1","0","0","0","0","0","0","0","0","4","0","","67","10","2022","4","40.0134","-75.1841","1855","06","0","0","0","0","0","0","0","1","","0","0","0","18","2","2","02","","0","40 00:48.207","","00","75 11:02.845","3","0","0","0","67301","0","0","0","N","0","0","0","2","67301","0","","1","01","","N","N","N","0","","2","0","1","3","3","","1854","2","2","0","0","0","0","0","2","0","2","03","03","N","","","","","","","","","","",""
"2022096750","0836","2","0","0","0","0","0","0","0","0","4","0","","67","10","2022","2","39.9839","-75.1864","0830","06","0","0","0","0","0","0","1","0","","0","0","0","08","1","5","01","","0","39 59:02.061","","00","75 11:10.874","3","0","0","0","67301","0","0","0","N","0","0","0","6","67301","0","","1","01","","N","N","N","0","","5","0","1","3","2","","0820","5","3","0","0","3","0","0","2","0","3","03","04","N","","","","","","","","","","",""
"2022123842","1851","0","0","0","0","0","0","0","0","0","1","0","","67","11","2022","4","39.899","-75.1749","1839","06","0","0","0","0","0","1","0","0","","0","0","0","18","3","0","00","N","1","39 53:56.566","1","03","75 10:29.622","0","0","0","0","67301","0","0","0","N","0","0","0","3","68K01","0","","1","01","1915","N","N","N","0","","0","0","3","0","0","Y","1833","0","3","0","0","0","0","0","2","0","3","03","","N","","","","","","","","","","",""
"2022113605","1544","1","0","0","0","0","0","0","0","0","4","0","","67","11","2022","2","40.0168","-75.0497","1544","06","0","0","0","0","0","1","0","0","","0","0","0","15","1","2","03","","1","40 01:00.813","2","00","75 02:59.062","4","0","0","0","67301","0","0","0","N","0","0","0","3","67301","2","","1","01","1615","N","N","N","0","","0","0","0","3","2","Y","1530","2","2","0","0","0","0","0","2","1","2","03","03","N","","","","","","","","","","",""
"2022110549","2039","0","0","0","0","0","0","0","0","0","8","0","","67","11","2022","6","40.0225","-75.0779","2028","06","0","0","0","0","0","0","0","0","","0","0","0","18","2","1","00","N","0","40 01:21.023","","00","75 04:40.456","8","0","0","0","67301","1","0","0","N","1","0","0","2","67301","0","","1","01","","N","N","N","0","","0","0","1","0","0","","1830","1","2","0","0","0","1","0","2","0","1","03","03","N","","","","","","","","","","",""
"2022106146","1255","1","0","0","0","0","0","0","0","0","4","0","","67","11","2022","6","40.0588","-75.0506","1241","06","0","0","0","1","0","0","0","0","","0","0","0","12","1","1","01","","0","40 03:31.504","","00","75 03:02.099","3","0","0","0","67301","0","0","0","N","0","0","0","3","67301","0","","1","09","","N","N","N","0","","1","0","0","3","3","","1240","1","2","0","0","0","0","0","2","1","2","07","07","N","","","","","","","","","","",""
"2022113195","0217","1","0","0","0","0","0","0","0","0","7","0","","67","11","2022","7","40.0138","-75.1258","0214","06","0","0","0","0","0","0","0","0","","0","0","0","02","3","2","00","N","0","40 00:49.760","","00","75 07:33.030","2","0","0","0","67301","0","0","0","N","0","0","0","3","67301","0","","4","09","","N","N","N","0","","1","1","0","0","0","","0210","2","1","0","0","2","0","1","2","0","1","07","07","N","","","","","","","","","","",""
"2022106643","0434","2","0","0","0","0","0","0","0","0","4","0","","67","11","2022","1","40.0305","-75.1182","0430","06","0","0","0","0","0","0","0","0","","0","0","0","04","3","0","01","","0","40 01:49.943","","00","75 07:05.511","0","0","0","0","67301","0","0","0","N","0","0","0","2","67301","0","","1","01","","N","N","N","0","","0","0","0","3","2","","0423","0","2","0","0","0","0","0","2","0","2","03","03","N","","","","","","","","","","",""
"2022122224","0038","0","0","0","0","0","0","0","0","0","5","0","","67","12","2022","6","39.9978","-75.2189","0035","06","0","0","0","0","0","0","0","0","","0","0","0","00","3","0","00","N","2","39 59:52.096","6","00","75 13:08.025","0","0","0","0","67301","0","0","0","N","0","0","0","1","67301","0","","6","09","0010","N","N","N","1","","0","0","1","0","0","Y","0010","0","2","0","0","0","0","0","2","0","2","07","07","N","","","","","","","","","","",""
"2022107173","0859","0","0","0","0","0","0","0","0","0","7","0","","67","11","2022","1","40.0013","-75.1867","0859","06","0","0","0","0","0","0","0","0","","0","0","0","07","1","1","00","N","0","40 00:04.744","","00","75 11:12.234","3","0","0","0","67301","0","0","0","N","0","0","0","1","67301","0","","4","01","","N","N","Y","0","","1","0","1","0","0","","0748","1","1","0","0","0","0","0","2","0","1","03","03","N","","","","","","","","","","",""
"2022120485","1443","2","0","0","0","0","0","0","0","0","4","0","","67","12","2022","1","40.113","-75.023","1423","06","0","0","0","0","0","0","1","0","","0","0","0","14","1","2","01","","0","40 06:46.657","","00","75 01:22.840","3","0","0","0","67301","0","0","0","N","0","0","0","3","67301","0","","1","01","","N","N","N","0","","2","0","0","3","2","","1409","2","2","0","0","0","0","0","2","0","2","03","","N","","","","","","","","","","",""
"2022108286","0900","0","0","0","1","0","0","0","0","0","8","0","","67","11","2022","2","40.0103","-75.0961","0856","06","0","0","0","0","0","0","0","0","","0","0","0","08","1","1","00","N","0","40 00:36.900","","00","75 05:46.000","3","0","0","0","67301","1","0","0","N","0","0","0","2","67301","0","","1","01","","N","N","N","1","","1","0","0","0","0","","0856","1","2","0","0","1","0","0","2","0","1","03","03","N","","","","","","","","","","",""
"2022124480","1600","2","0","0","0","0","0","0","0","0","4","0","","67","11","2022","2","39.9606","-75.1414","1600","06","0","0","0","0","0","0","0","0","","0","0","0","00","3","1","01","","0","39 57:38.443","","00","75 08:29.016","3","0","0","0","67301","0","0","0","N","0","0","0","2","67301","0","","1","09","","N","N","N","0","","1","0","0","3","2","","0001","1","2","0","0","0","0","1","2","0","2","07","03","N","","","","","","","","","","",""
"2022120135","2210","1","0","0","0","0","0","0","0","0","7","0","","67","12","2022","4","40.0008","-75.1575","2206","06","0","0","1","0","0","0","0","0","","0","0","0","21","3","0","00","N","2","40 00:02.700","2","00","75 09:26.820","0","0","0","0","67301","0","0","0","N","0","0","0","1","67301","0","","5","01","2300","N","N","N","0","","0","0","0","0","0","Y","2157","0","1","0","0","1","0","0","2","0","1","04","04","N","","","","","","","","","","",""
"2022119928","0919","0","0","0","0","0","0","0","0","0","4","0","","67","12","2022","6","40.0872","-75.0328","0909","06","1","0","0","0","0","0","0","0","","0","0","0","07","1","0","01","","0","40 05:13.959","","00","75 01:57.921","0","0","0","0","67301","0","0","0","N","0","0","0","3","67301","0","","1","09","","N","N","N","0","","0","0","1","3","3","","0730","0","2","0","0","0","0","0","2","1","2","07","07","N","","","","","","","","","","",""
"2022105124","0830","0","0","0","0","0","0","0","0","0","4","0","","67","11","2022","4","40.0766","-74.9925","0825","06","0","0","0","0","0","0","0","0","","0","0","0","07","1","1","01","","1","40 04:35.871","1","00","74 59:32.899","3","0","0","0","67301","0","0","0","N","0","0","0","3","67301","0","","1","01","0850","N","N","N","0","","1","0","2","3","3","N","0745","1","2","0","0","0","0","0","2","0","2","03","","N","","","","","","","","","","",""
"2022106272","0533","2","0","0","0","0","0","0","0","0","4","0","","67","11","2022","7","40.0368","-75.1381","0531","06","0","0","0","0","0","0","0","0","","0","0","0","05","3","0","01","","0","40 02:12.346","","00","75 08:17.177","9","0","0","0","67301","0","0","0","N","0","0","0","2","67301","0","","1","01","","N","N","N","0","","0","0","1","3","3","","0505","0","3","0","0","2","0","2","2","0","3","04","04","N","","","","","","","","","","",""
"2022096722","2355","0","0","0","0","0","0","0","0","0","99","0","","67","10","2022","1","39.9337","-75.2369","2348","06","0","0","0","0","0","0","0","0","","0","0","0","21","3","1","00","N","0","39 56:01.312","","00","75 14:12.861","2","0","0","0","67301","0","0","0","N","0","0","0","2","67301","0","","1","01","","N","N","N","0","","0","1","2","0","0","","2151","1","2","0","0","0","0","1","2","0","2","03","03","N","","","","","","","","","","",""
"2022098062","2350","1","0","0","0","0","0","0","0","0","1","0","","67","10","2022","4","39.991","-75.1679","2345","06","0","0","0","0","0","1","0","0","","0","0","0","22","3","1","01","","0","39 59:27.459","","00","75 10:04.324","3","0","0","0","67301","0","0","0","N","0","0","0","2","67301","0","","1","01","","N","N","N","0","","1","0","0","3","2","","2200","1","2","0","0","0","0","0","2","0","2","03","","N","","","","","","","","","","",""
"2022113339","1720","0","0","0","0","0","0","0","0","0","2","0","","67","10","2022","4","39.9983","-75.1499","1714","06","0","0","0","0","0","2","0","0","","0","0","0","15","1","3","01","","0","39 59:53.941","","00","75 08:59.517","3","0","0","0","67301","0","0","0","N","0","0","0","5","67301","0","","1","01","","N","N","N","0","","3","0","1","3","2","","1500","3","2","0","0","0","0","1","2","1","2","03","03","N","","","","","","","","","","",""
"2022097783","1852","0","0","0","0","0","0","0","0","0","8","0","","67","10","2022","3","40.0347","-75.1309","1852","06","0","0","0","0","0","0","0","0","","0","0","0","08","1","1","01","","0","40 02:05.085","","00","75 07:51.146","2","0","0","0","67301","1","0","1","N","1","0","1","2","67301","0","","1","99","","N","N","N","0","","0","1","0","3","2","","0800","1","2","0","0","0","0","0","2","0","1","99","","N","","","","","","","","","","",""
"2022097183","0000","1","0","0","0","0","0","0","0","0","4","0","","67","10","2022","3","39.9666","-75.2135","1159","06","0","0","0","0","0","0","0","0","","0","0","0","23","3","3","01","","1","39 57:59.705","6","00","75 12:48.690","3","0","0","0","67301","0","0","0","N","0","0","0","3","67301","0","","1","01","0134","N","N","N","0","","3","0","1","3","2","N","2358","3","2","0","0","0","0","0","2","0","2","03","03","N","","","","","","","","","","",""
"2022097027","1100","0","0","0","0","0","0","0","0","0","8","0","","67","10","2022","3","39.9656","-75.2319","1043","06","0","0","0","0","0","1","0","0","","0","0","0","10","1","1","05","","0","39 57:56.127","","00","75 13:54.886","4","0","0","0","67301","1","0","0","N","1","0","0","2","67301","1","","1","01","","N","N","N","0","","0","0","0","3","2","","1040","1","2","0","0","0","0","0","2","1","1","03","03","N","","","","","","","","","","",""
"2022097782","1000","0","0","0","0","0","0","0","0","0","1","0","","67","10","2022","3","40.0245","-75.1478","0957","06","0","0","0","0","0","1","0","0","","0","0","0","09","1","1","01","","0","40 01:28.189","","00","75 08:52.503","3","0","0","0","67301","0","0","0","N","0","0","0","2","67301","0","","1","01","","N","N","N","0","","1","0","1","3","2","","0907","1","2","0","0","0","0","0","2","1","2","03","03","N","","","","","","","","","","",""
"2022120490","1922","1","0","0","0","0","0","0","0","0","4","0","","67","11","2022","5","39.9578","-75.2253","1922","06","0","0","0","0","0","0","0","0","","0","0","0","19","3","0","00","N","1","39 57:28.236","1","07","75 13:31.160","0","0","0","0","67301","0","0","0","N","0","0","0","2","67301","0","","1","01","2030","N","N","N","0","","0","0","1","0","0","N","1922","0","2","0","0","2","0","0","2","0","2","03","03","N","","","","","","","","","","",""
"2022120326","1221","0","0","0","0","0","0","0","0","0","8","0","","67","12","2022","7","39.9869","-75.1695","1212","06","0","0","0","0","0","1","0","0","","0","0","0","12","1","1","00","N","0","39 59:12.690","","00","75 10:10.230","8","0","0","0","67301","1","0","0","N","1","0","0","2","67301","0","","1","01","","N","N","N","0","","0","0","1","0","0","","1209","1","2","0","0","0","1","0","2","0","1","03","03","N","","","","","","","","","","",""
"2022122932","1814","1","0","0","0","0","0","0","0","0","7","0","","67","12","2022","6","39.9499","-75.2038","1807","06","0","0","0","0","0","0","0","0","","0","0","0","17","3","0","00","N","0","39 56:59.699","","07","75 12:13.666","0","0","0","0","67301","0","0","0","N","0","0","0","1","67301","0","","5","01","","N","N","N","0","","0","0","0","0","0","","1751","0","1","0","0","0","0","0","2","0","1","03","","N","","","","","","","","","","",""
"2022106629","2129","0","0","0","0","0","0","0","0","0","4","0","","67","11","2022","6","40.032","-75.1084","2128","06","0","0","0","0","0","0","1","0","","0","0","0","19","3","2","02","","0","40 01:55.149","","00","75 06:30.157","3","0","0","0","67301","0","0","0","N","0","0","0","3","67301","0","","1","09","","N","N","N","0","","2","0","2","3","3","","1941","2","2","0","0","1","0","0","2","0","2","07","07","N","","","","","","","","","","",""