"CRN","ARRIVAL_TM","AUTOMOBILE_COUNT","BELTED_DEATH_COUNT","BELTED_SUSP_SERIOUS_INJ_COUNT","BICYCLE_COUNT","BICYCLE_DEATH_COUNT","BICYCLE_SUSP_SERIOUS_INJ_COUNT","BUS_COUNT","CHLDPAS_DEATH_COUNT","CHLDPAS_SUSP_SERIOUS_INJ_COUNT","COLLISION_TYPE","COMM_VEH_COUNT","CONS_ZONE_SPD_LIM","COUNTY","CRASH_MONTH","CRASH_YEAR","DAY_OF_WEEK","DEC_LAT","DEC_LONG","DISPATCH_TM","DISTRICT","DRIVER_COUNT_16YR","DRIVER_COUNT_17YR","DRIVER_COUNT_18YR","DRIVER_COUNT_19YR","DRIVER_COUNT_20YR","DRIVER_COUNT_50_64YR","DRIVER_COUNT_65_74YR","DRIVER_COUNT_75PLUS","EST_HRS_CLOSED","FATAL_COUNT","HEAVY_TRUCK_COUNT","HORSE_BUGGY_COUNT","HOUR_OF_DAY","ILLUMINATION","INJURY_COUNT","INTERSECT_TYPE","INTERSECTION_RELATED","LANE_CLOSED","LATITUDE","LN_CLOSE_DIR","LOCATION_TYPE","LONGITUDE","MAX_SEVERITY_LEVEL","MCYCLE_DEATH_COUNT","MCYCLE_SUSP_SERIOUS_INJ_COUNT","MOTORCYCLE_COUNT","MUNICIPALITY","NONMOTR_COUNT","NONMOTR_DEATH_COUNT","NONMOTR_SUSP_SERIOUS_INJ_COUNT","NTFY_HIWY_MAINT","PED_COUNT","PED_DEATH_COUNT","PED_SUSP_SERIOUS_INJ_COUNT","PERSON_COUNT","POLICE_AGCY","POSSIBLE_INJ_COUNT","RDWY_SURF_TYPE_CD","RELATION_TO_ROAD","ROAD_CONDITION","ROADWAY_CLEARED","SCH_BUS_IND","SCH_ZONE_IND","SECONDARY_CRASH","SMALL_TRUCK_COUNT","SPEC_JURIS_CD","SUSP_MINOR_INJ_COUNT","SUSP_SERIOUS_INJ_COUNT","SUV_COUNT","TCD_FUNC_CD","TCD_TYPE","TFC_DETOUR_IND","TIME_OF_DAY","TOT_INJ_COUNT","TOTAL_UNITS","UNB_DEATH_COUNT","UNB_SUSP_SERIOUS_INJ_COUNT","UNBELTED_OCC_COUNT","UNK_INJ_DEG_COUNT","UNK_INJ_PER_COUNT","URBAN_RURAL","VAN_COUNT","VEHICLE_COUNT","WEATHER1","WEATHER2","WORK_ZONE_IND","WORK_ZONE_LOC","WORK_ZONE_TYPE","WORKERS_PRES","WZ_CLOSE_DETOUR","WZ_FLAGGER","WZ_LAW_OFFCR_IND","WZ_LN_CLOSURE","WZ_MOVING","WZ_OTHER","WZ_SHLDER_MDN","WZ_WORKERS_INJ_KILLED"
"2022124508","1830","0","0","0","0","0","0","0","0","0","1","0","","67","11","2022","4","40.0056","-75.1519","1814","06","0","0","0","0","0","2","0","0","","0","0","0","18","3","1","00","N","0","40 00:20.100","","00","75 09:06.944","3","0","0","0","67301","0","0","0","N","0","0","0","3","67301","0","","1","01","","N","N","N","0","","1","0","2","0","0","","1808","1","2","0","0","2","0","0","2","0","2","03","","N","","","","","","","","","","",""
"2022109021","2359","0","0","0","0","0","0","0","0","0","4","0","","67","11","2022","5","40.0771","-75.0716","2356","06","0","0","1","0","0","1","0","0","","0","0","0","23","3","0","01","","0","40 04:37.539","","00","75 04:17.780","0","0","0","0","67301","0","0","0","N","0","0","0","4","67301","0","","1","01","","N","N","N","0","","0","0","1","3","3","","2315","0","2","0","0","0","0","0","2","1","2","03","03","N","","","","","","","","","","",""
"2022107028","0125","1","0","0","0","0","0","0","0","0","7","0","","67","11","2022","6","39.9777","-75.2001","0125","06","0","0","0","0","0","0","0","0","","0","0","0","00","3","0","00","N","0","39 58:39.870","","00","75 12:00.380","9","0","0","0","67301","0","0","0","N","0","0","0","1","67301","0","","4","01","","N","N","N","0","","0","0","0","0","0","","0032","0","1","0","0","0","0","1","2","0","1","03","03","N","","","","","","","","","","",""
"2022109022","2145","1","0","0","0","0","0","0","0","0","4","0","","67","11","2022","4","40.0946","-75.0152","2137","06","0","0","0","0","0","0","0","0","","0","0","0","21","3","2","01","","0","40 05:40.718","","00","75 00:54.707","3","0","0","0","67301","0","0","0","N","0","0","0","3","67301","0","","1","01","","N","N","N","0","","2","0","1","3","2","","2125","2","2","0","0","0","0","0","2","0","2","03","03","N","","","","","","","","","","",""
"2022120122","1120","0","0","0","0","0","0","0","0","0","8","0","","67","12","2022","6","39.9386","-75.2217","1115","06","0","0","0","0","0","0","0","0","","0","0","0","10","1","1","01","","0","39 56:18.895","","00","75 13:18.043","4","0","0","0","67301","1","0","0","N","1","0","0","2","67301","1","","1","99","","N","N","N","0","","0","0","0","9","2","","1057","1","2","0","0","0","0","1","2","0","1","03","","N","","","","","","","","","","",""
"2022110921","0123","2","0","0","0","0","0","0","0","0","5","0","","67","11","2022","7","40.0234","-75.0598","0122","06","0","0","0","0","0","0","0","0","","0","0","0","01","3","1","00","N","2","40 01:24.240","1","00","75 03:35.260","3","0","0","0","67301","0","0","0","N","0","0","0","1","67301","0","","6","09","0220","N","N","N","1","","1","0","2","0","0","Y","0115","1","5","0","0","0","0","0","2","0","5","07","04","N","","","","","","","","","","",""
"2022102692","0915","0","0","0","0","0","0","0","0","0","4","0","","67","10","2022","3","40.0072","-75.1419","0910","06","0","0","0","0","0","1","0","0","","0","0","0","09","1","1","01","","0","40 00:25.948","","00","75 08:31.009","3","0","0","0","67301","0","0","0","N","0","0","0","2","67508","0","","1","01","","N","N","Y","0","","1","0","1","3","3","","0910","1","2","0","0","0","0","1","2","0","2","03","03","N","","","","","","","","","","",""
"2022095863","0300","1","0","0","0","0","0","0","0","0","7","0","","67","10","2022","1","39.9558","-75.1807","0253","06","0","0","0","0","0","0","0","0","","0","0","0","02","3","0","03","","0","39 57:20.795","","03","75 10:50.512","9","0","0","0","67301","0","0","0","N","0","0","0","2","67301","0","","4","01","","N","N","N","0","","0","0","0","3","2","","0249","0","1","0","0","0","0","1","2","0","1","03","03","N","","","","","","","","","","",""
"2022096751","1900","1","0","0","0","0","0","0","0","0","8","0","","67","10","2022","3","39.9859","-75.1661","1855","06","0","0","0","0","0","0","0","0","","0","0","0","18","3","1","01","","0","39 59:09.409","","00","75 09:58.014","3","0","0","0","67301","1","0","0","N","1","0","0","2","67301","0","","1","01","","N","N","N","0","","1","0","0","3","2","","1845","1","2","0","0","1","0","0","2","0","1","03","03","N","","","","","","","","","","",""
"2022105367","1945","1","0","0","0","0","0","0","0","0","5","0","","67","10","2022","1","39.9961","-75.1045","1945","06","0","0","0","0","0","0","0","0","","0","0","0","18","3","1","00","N","0","39 59:45.897","","00","75 06:16.022","4","0","0","1","67301","0","0","0","N","0","0","0","2","67301","1","","1","01","","N","N","N","0","","0","0","0","0","0","","1800","1","2","0","0","0","0","0","2","0","2","03","03","N","","","","","","","","","","",""
"2022097453","1718","1","0","0","0","0","0","0","0","0","1","0","","67","10","2022","4","39.9742","-75.1181","1718","06","0","0","0","0","0","0","0","0","","0","0","0","17","1","2","00","N","0","39 58:27.195","","00","75 07:05.036","3","0","0","0","67301","0","0","0","N","0","0","0","3","67301","0","","1","01","","N","N","N","1","","2","0","0","0","0","","1718","2","2","0","0","0","0","0","2","0","2","03","03","N","","","","","","","","","","",""
"2022096733","2304","1","0","0","0","0","0","0","0","0","4","0","","67","10","2022","2","40.0047","-75.0776","2303","06","0","0","0","0","0","0","0","0","","0","0","0","22","3","1","01","","0","40 00:16.912","","00","75 04:39.262","4","0","0","0","67301","0","0","0","N","0","0","0","3","67301","1","","1","01","","N","N","N","0","","0","0","2","3","3","","2250","1","3","0","0","0","0","1","2","0","3","03","","N","","","","","","","","","","",""
"2022097450","0312","3","0","0","0","0","0","0","0","0","4","0","","67","10","2022","4","39.9738","-75.2452","0308","06","0","0","0","0","0","1","0","0","","0","0","0","03","3","1","01","","0","39 58:25.594","","00","75 14:43.063","3","0","0","0","67301","0","0","0","N","0","0","0","2","67301","0","","1","01","","N","N","Y","0","","1","0","0","3","2","","0306","1","3","0","0","0","0","0","2","0","3","03","","N","","","","","","","","","","",""
"2022096770","0359","1","0","0","0","0","0","0","0","0","2","0","","67","10","2022","1","40.0173","-75.1732","0346","06","0","0","0","0","0","0","0","0","","0","0","0","03","3","1","00","N","0","40 01:02.437","","00","75 10:23.581","3","0","0","0","67301","0","0","0","N","0","0","0","2","67301","0","","1","01","","N","N","N","1","","1","0","0","0","0","","0335","1","2","0","0","0","0","1","2","0","2","03","03","N","","","","","","","","","","",""
"2022097014","1903","0","0","0","0","0","0","0","0","0","4","0","","67","10","2022","3","40.1292","-75.0249","1903","06","0","0","0","0","0","1","0","0","","0","0","0","19","6","2","01","","0","40 07:45.210","","00","75 01:29.597","3","0","0","0","67301","0","0","0","N","0","0","0","3","67301","0","","1","01","","N","N","N","0","","1","0","2","3","2","","1902","2","2","0","0","0","1","0","2","0","2","03","","N","","","","","","","","","","",""
"2022120844","1522","1","0","0","0","0","0","0","0","0","1","0","","67","12","2022","6","39.9684","-75.1294","1516","06","0","0","0","0","1","0","0","0","","0","0","0","15","1","0","00","N","0","39 58:06.383","","00","75 07:45.693","0","0","0","0","67301","0","0","0","N","0","0","0","8","68K01","0","","1","01","","N","N","N","0","","0","0","1","0","0","","1511","0","2","0","0","0","0","0","2","0","2","03","03","N","","","","","","","","","","",""
"2022106170","0815","0","0","0","0","0","0","0","0","0","8","0","","67","11","2022","4","40.015","-75.1352","0759","06","0","0","0","0","0","0","0","0","","0","0","0","07","1","1","01","","0","40 00:54.154","","00","75 08:06.604","3","0","0","0","67301","1","0","0","N","1","0","0","2","67301","0","","1","01","","N","N","N","0","","1","0","0","3","2","","0755","1","2","0","0","0","0","0","2","0","1","03","03","N","","","","","","","","","","",""
"2022112632","0346","2","0","0","0","0","0","0","0","0","1","0","","67","11","2022","3","40.0037","-75.0772","0346","06","0","0","0","0","0","1","0","0","","0","0","0","03","3","1","00","N","1","40 00:13.385","2","03","75 04:38.023","3","0","0","0","67301","0","0","0","N","0","0","0","2","68K01","0","","1","01","0415","N","N","N","0","","1","0","0","0","0","N","0346","1","2","0","0","0","0","0","2","0","2","04","03","N","","","","","","","","","","",""
"2022110922","0110","2","0","0","0","0","0","0","0","0","4","0","","67","11","2022","1","40.0319","-75.0389","0108","06","0","0","1","0","1","0","0","0","","0","0","0","00","3","1","01","","0","40 01:55.005","","00","75 02:20.176","3","0","0","0","67301","0","0","0","N","0","0","0","2","67301","0","","1","09","","N","N","N","0","","1","0","1","3","3","","0048","1","3","0","0","0","0","0","2","0","3","07","","N","","","","","","","","","","",""
"2022120320","2023","0","0","0","0","0","0","0","0","0","8","0","","67","12","2022","7","39.9254","-75.2346","2023","06","0","0","0","0","0","0","1","0","","0","0","0","20","3","1","00","N","0","39 55:31.550","","00","75 14:04.380","8","0","0","0","67301","1","0","0","N","1","0","0","2","67301","0","","1","01","","N","N","N","0","","0","0","1","0","0","","2023","1","2","0","0","1","1","0","2","0","1","03","03","N","","","","","","","","","","",""
"2022120124","1841","0","0","0","0","0","0","0","0","0","4","0","","67","12","2022","7","39.97","-75.2305","1841","06","0","1","0","0","0","0","0","0","","0","0","0","18","3","0","01","","0","39 58:11.823","","00","75 13:49.771","0","0","0","0","67301","0","0","0","N","0","0","0","2","67301","0","","1","01","","N","N","N","0","","0","0","1","0","0","","1841","0","2","0","0","0","0","0","2","1","2","03","03","N","","","","","","","","","","",""
"2022108091","1800","3","0","0","0","0","0","0","0","0","5","0","","67","11","2022","3","40.0256","-75.1783","1800","06","0","0","0","0","0","0","0","0","","0","0","0","18","3","0","00","N","0","40 01:32.080","","00","75 10:41.930","9","0","0","0","67301","0","0","0","N","0","0","0","3","67301","0","","1","09","","N","N","N","0","","0","0","0","0","0","","1800","0","3","0","0","0","0","1","2","0","3","07","","N","","","","","","","","","","",""
"2022097185","0950","0","0","0","0","0","0","0","0","0","8","0","","67","10","2022","4","39.973","-75.2015","0949","06","0","0","0","0","0","1","0","0","","0","0","0","09","1","1","01","","0","39 58:22.814","","00","75 12:05.313","3","0","0","0","67301","1","0","0","N","1","0","0","2","67301","0","","1","01","","N","N","N","0","","1","0","1","3","3","","0943","1","2","0","0","0","0","0","2","0","1","03","03","N","","","","","","","","","","",""
"2022096773","1940","1","0","0","1","0","0","0","0","0","8","0","","67","10","2022","1","39.9979","-75.1728","1932","06","0","0","0","0","0","0","0","0","","0","0","0","18","3","1","00","N","0","39 59:52.590","","00","75 10:21.970","3","0","0","0","67301","1","0","0","N","0","0","0","2","67301","0","","1","01","","N","N","N","0","","1","0","0","0","0","","1800","1","2","0","0","0","0","0","2","0","1","03","","N","","","","","","","","","","",""
"2022098380","2104","0","0","0","0","0","0","0","0","0","4","0","","67","10","2022","3","39.976","-75.2394","2057","06","0","0","0","0","0","0","1","0","","0","0","0","20","3","2","01","","2","39 58:33.632","6","00","75 14:21.793","4","0","0","0","67301","0","0","0","N","0","0","0","3","67301","2","","1","01","2220","N","N","N","0","","0","0","3","3","3","Y","2050","2","3","0","0","0","0","1","2","0","3","03","03","N","","","","","","","","","","",""
"2022101040","0021","4","0","0","0","0","0","0","0","0","7","0","","67","10","2022","1","40.0489","-74.998","0005","06","0","0","0","0","0","0","0","0","","0","0","0","00","3","1","00","N","2","40 02:55.960","2","00","74 59:52.884","8","0","0","0","67301","0","0","0","N","0","0","0","5","68K01","0","","4","01","0100","N","N","N","0","","0","0","0","0","0","N","0004","1","4","0","0","1","1","0","2","0","4","03","03","N","","","","","","","","","","",""
"2022095726","1952","3","0","0","0","0","0","0","0","0","5","0","","67","10","2022","1","39.9809","-75.1575","1921","06","0","0","0","0","0","0","0","0","","0","0","0","19","3","0","00","N","1","39 58:51.298","2","00","75 09:26.841","0","0","0","0","67301","0","0","0","N","0","0","0","1","67505","0","","6","01","2014","N","N","N","0","","0","0","0","0","0","N","1919","0","3","0","0","0","0","0","2","0","3","03","03","N","","","","","","","","","","",""
"2022097026","0810","2","0","0","0","0","0","0","0","0","5","0","","67","10","2022","3","39.976","-75.2368","0758","06","0","0","0","0","0","1","0","0","","0","0","0","07","1","2","00","N","0","39 58:33.750","","00","75 14:12.390","3","0","0","0","67301","0","0","0","N","0","0","0","2","67301","0","","1","01","","N","N","N","0","","2","0","2","0","0","","0748","2","4","0","0","0","0","0","2","0","4","03","03","N","","","","","","","","","","",""
"2022108284","1000","1","0","0","0","0","0","0","0","0","1","0","","67","11","2022","6","39.9839","-75.1023","0956","06","0","0","0","0","0","1","0","0","","0","0","0","09","1","1","00","N","0","39 59:02.172","","00","75 06:08.241","4","0","0","0","67301","0","0","0","N","0","0","0","2","67301","1","","1","09","","N","N","N","0","","0","0","1","0","0","","0950","1","2","0","0","0","0","0","2","0","2","07","04","N","","","","","","","","","","",""
"2022112261","1929","1","0","0","0","0","0","0","0","0","2","0","","67","11","2022","7","40.0011","-75.2154","1929","06","0","0","0","0","0","0","1","0","","0","0","0","19","3","0","05","","0","40 00:03.902","","00","75 12:55.382","9","0","0","0","67301","0","0","0","N","0","0","0","2","67301","0","","1","01","","N","N","N","0","","0","0","1","3","2","","1950","0","2","0","0","0","0","2","2","0","2","03","03","N","","","","","","","","","","",""
"2022112207","1306","1","0","0","0","0","0","0","0","0","1","0","","67","11","2022","3","39.9485","-75.1573","1306","06","0","0","0","0","0","0","0","0","","0","0","0","12","1","1","01","","0","39 56:54.579","","00","75 09:26.606","3","0","0","0","67301","0","0","0","N","0","0","0","2","67301","0","","1","01","","N","N","N","0","","1","0","1","3","2","","1255","1","2","0","0","0","0","0","2","0","2","03","03","N","","","","","","","","","","",""
"2022107033","1418","1","0","0","0","0","0","0","0","0","8","0","","67","11","2022","1","39.8763","-75.2438","1415","06","0","0","0","0","0","0","0","0","","0","0","0","14","1","1","00","N","0","39 52:34.810","","00","75 14:37.540","3","0","0","0","67301","1","0","0","N","1","0","0","2","67301","0","","1","01","","N","N","N","0","","1","0","0","0","0","","1411","1","2","0","0","0","0","0","2","0","1","03","03","N","","","","","","","","","","",""
"2022105208","1620","2","0","0","0","0","0","0","0","0","4","0","","67","11","2022","5","39.9844","-75.1544","1620","06","0","0","0","0","0","1","0","0","","0","0","0","16","1","2","01","","0","39 59:03.868","","00","75 09:15.876","3","0","0","0","67301","0","0","0","N","0","0","0","3","67505","1","","1","01","","N","N","N","0","","1","0","0","3","2","","1600","2","2","0","0","0","0","0","2","0","2","03","04","N","","","","","","","","","","",""
"2022109189","1338","1","0","0","0","0","0","0","0","0","4","0","","67","11","2022","4","40.0567","-75.0113","1332","06","0","0","0","0","0","0","0","0","","0","0","0","13","1","1","02","","1","40 03:24.378","4","00","75 00:40.965","4","0","0","1","67301","0","0","0","N","0","0","0","2","67301","1","","1","01","0030","N","N","N","0","","0","0","0","0","0","Y","1320","1","2","0","0","0","0","0","2","0","2","03","03","N","","","","","","","","","","",""
"2022108059","1640","1","0","0","1","0","0","0","0","0","8","0","","67","11","2022","2","39.9213","-75.146","1640","06","0","0","0","0","0","0","0","0","","0","0","0","15","1","1","01","","0","39 55:16.749","","00","75 08:45.759","3","0","0","0","67301","1","0","0","N","0","0","0","2","67301","0","","1","01","","N","N","N","0","","1","0","0","3","3","","1530","1","2","0","0","1","0","0","2","0","1","03","03","N","","","","","","","","","","",""
"2022108088","1042","1","0","0","0","0","0","0","0","0","4","0","","67","11","2022","2","39.9705","-75.151","1042","06","0","0","0","0","1","1","0","0","","0","0","0","10","1","2","01","","0","39 58:14.110","","01","75 09:03.197","3","0","0","0","67301","0","0","0","N","0","0","0","2","67301","0","","1","01","","N","N","N","0","","2","0","1","3","3","","1024","2","2","0","0","0","0","0","2","0","2","03","03","N","","","","","","","","","","",""
"2022123666","1340","2","0","0","0","0","0","0","0","0","4","0","","67","11","2022","1","39.9776","-75.1607","1340","06","0","0","0","0","1","0","0","0","","0","0","0","13","1","4","01","","0","39 58:39.385","","00","75 09:38.355","3","0","0","0","67301","0","0","0","N","0","0","0","4","67301","0","","1","01","","N","N","N","0","","4","0","0","3","3","","1340","4","2","0","0","0","0","0","2","0","2","03","03","N","","","","","","","","","","",""
"2022097779","1448","1","0","0","0","0","0","0","0","0","4","0","","67","10","2022","2","39.9587","-75.2333","1446","06","0","0","0","0","0","0","0","0","","0","0","0","14","1","1","01","","0","39 57:31.337","","00","75 13:59.991","3","0","0","0","67301","0","0","0","N","0","0","0","2","67301","0","","1","01","","N","N","N","0","","1","0","1","3","3","","1445","1","2","0","0","0","0","0","2","0","2","03","","N","","","","","","","","","","",""
"2022098740","0010","0","0","0","1","0","0","0","0","0","8","0","","67","10","2022","1","39.9952","-75.1542","0010","06","0","0","0","0","0","0","0","0","","0","0","0","13","1","1","02","","0","39 59:42.779","","00","75 09:15.057","3","0","0","0","67301","1","0","0","N","0","0","0","2","67301","0","","1","01","","N","N","N","0","","1","0","0","3","3","","1355","1","2","0","0","0","0","0","2","0","1","03","03","N","","","","","","","","","","",""
"2022096676","0241","1","0","0","0","0","0","0","0","0","1","0","","67","10","2022","1","39.9686","-75.1279","0229","06","0","0","0","0","0","0","0","0","","0","0","0","02","3","0","00","N","0","39 58:07.001","","03","75 07:40.527","9","0","0","0","67301","0","0","0","N","0","0","0","2","68K01","0","","1","01","","N","N","N","0","","0","0","1","0","0","","0224","0","2","0","0","0","0","1","2","0","2","03","","N","","","","","","","","","","",""
"2022098903","0720","1","0","0","0","0","0","0","0","0","4","0","","67","10","2022","4","40.0014","-75.1515","0702","06","0","0","0","0","0","0","0","0","","0","0","0","06","1","2","01","","0","40 00:05.160","","00","75 09:05.871","3","0","0","0","67301","0","0","0","N","0","0","0","3","67301","0","","1","01","","N","N","N","0","","2","0","2","3","3","","0640","2","3","0","0","1","0","0","2","0","3","03","","N","","","","","","","","","","",""
"2022096769","0709","2","0","0","0","0","0","0","0","0","5","0","","67","10","2022","1","39.9826","-75.127","0708","06","0","0","0","0","0","0","0","0","","0","0","0","06","1","0","00","N","0","39 58:57.300","","00","75 07:37.100","0","0","0","0","67301","0","0","0","N","0","0","0","1","67301","0","","6","01","","N","N","N","0","","0","0","3","0","0","","0653","0","5","0","0","1","0","0","2","0","5","03","03","N","","","","","","","","","","",""
"2022097188","1059","1","0","0","0","0","0","0","0","0","4","0","","67","10","2022","3","39.9951","-75.1632","1042","06","0","0","0","0","0","0","1","0","","0","0","0","09","1","2","01","","0","39 59:42.186","","00","75 09:47.473","3","0","0","0","67301","0","0","0","N","0","0","0","2","67301","0","","1","01","","N","N","N","0","","2","0","1","3","2","","0922","2","2","0","0","0","0","0","2","0","2","03","","N","","","","","","","","","","",""
"2022113184","0001","0","0","0","0","0","0","0","0","0","8","0","","67","11","2022","4","39.9476","-75.2159","0001","06","0","0","0","0","0","0","0","0","","0","0","0","17","3","1","02","","0","39 56:51.334","","00","75 12:57.232","3","0","0","0","67301","1","0","0","N","1","0","0","2","67301","0","","1","99","","N","N","N","0","","1","0","0","0","0","","1730","1","2","0","0","0","0","0","2","0","1","03","03","N","","","","","","","","","","",""
"2022123843","1412","1","0","0","0","0","0","0","0","0","7","0","","67","11","2022","6","40.04","-75.0066","1344","06","0","0","0","0","0","1","0","0","","0","0","0","13","1","0","00","N","0","40 02:23.881","","00","75 00:23.804","0","0","0","0","67301","0","0","0","N","0","0","0","2","68K01","0","","3","09","","N","N","N","1","","0","0","0","0","0","","1341","0","2","0","0","0","0","0","2","0","2","07","07","N","","","","","","","","","","",""
"2022121527","0453","1","0","0","0","0","0","0","0","0","5","0","","67","12","2022","1","40.0099","-75.156","0453","06","1","0","0","0","0","0","0","0","","0","0","0","04","5","0","01","","0","40 00:35.524","","00","75 09:21.688","0","0","0","0","67301","0","0","0","N","0","0","0","2","67301","0","","1","01","","N","N","N","0","","0","0","1","9","2","","0453","0","2","0","0","1","0","0","2","0","2","03","03","N","","","","","","","","","","",""
"2022110250","1430","2","0","0","0","0","0","0","0","0","4","0","","67","11","2022","1","40.0255","-75.1235","1415","06","0","0","0","0","0","0","0","0","","0","0","0","14","1","4","01","","1","40 01:31.670","3","00","75 07:24.541","4","0","0","0","67301","0","0","0","N","0","0","0","4","67301","1","","1","01","0100","N","N","N","0","","0","0","0","3","1","Y","1415","4","2","0","0","4","3","0","2","0","2","03","","N","","","","","","","","","","",""
"2022119270","0945","1","0","0","0","0","0","0","0","0","4","0","","67","12","2022","5","39.9644","-75.1609","0932","06","0","0","0","0","0","0","0","0","","0","0","0","09","1","2","01","","0","39 57:52.020","","00","75 09:39.197","3","0","0","0","67301","0","0","0","N","0","0","0","2","67301","0","","1","09","","N","N","N","0","","2","0","1","0","0","","0920","2","2","0","0","0","0","0","2","0","2","07","07","N","","","","","","","","","","",""
"2022112259","1815","0","0","0","1","0","0","0","0","0","8","0","","67","11","2022","4","39.9736","-75.2472","1800","06","0","0","0","0","0","0","0","0","","0","0","0","17","1","1","01","","0","39 58:24.870","","00","75 14:49.963","8","0","0","0","67301","1","0","0","N","0","0","0","2","67301","0","","1","01","","N","N","N","0","","0","0","0","3","3","","1700","1","2","0","0","0","1","0","2","0","1","03","03","N","","","","","","","","","","",""
"2022108278","0034","1","0","0","0","0","0","0","0","0","4","0","","67","11","2022","4","39.9557","-75.2156","0034","06","0","0","0","0","0","0","0","0","","0","0","0","00","3","1","01","","1","39 57:20.670","4","00","75 12:56.264","8","0","0","0","67301","0","0","0","N","0","0","0","2","67301","0","","1","09","0230","N","N","Y","0","","0","0","1","3","2","N","0034","1","3","0","0","1","1","0","2","1","3","07","07","N","","","","","","","","","","",""
"2022105986","1410","1","0","0","0","0","0","0","0","0","4","0","","67","11","2022","6","40.0156","-75.1868","1405","06","0","0","0","0","0","1","1","0","","0","0","0","13","1","1","00","N","0","40 00:56.268","","00","75 11:12.637","3","0","0","0","67301","0","0","0","N","0","0","0","2","67301","0","","1","09","","N","N","N","0","","1","0","1","0","0","","1340","1","2","0","0","1","0","0","2","0","2","07","07","N","","","","","","","","","","",""
"2022108071","0012","1","0","0","0","0","0","0","0","0","8","0","","67","11","2022","6","39.9555","-75.2136","0009","06","0","0","0","0","0","0","0","0","","0","0","0","00","3","1","01","","0","39 57:19.789","","00","75 12:49.146","2","0","0","0","67301","1","0","1","N","1","0","1","2","67301","0","","1","01","","N","N","N","0","","0","1","0","3","2","","0002","1","2","0","0","0","0","1","2","0","1","03","03","N","","","","","","","","","","",""
"2022125102","0915","1","0","0","0","0","0","0","0","0","4","0","","67","11","2022","4","39.988","-75.2375","0915","06","0","0","0","0","0","2","0","0","","0","0","0","07","1","1","01","","0","39 59:16.774","","00","75 14:14.949","3","0","0","0","67301","0","0","0","N","0","0","0","2","67301","0","","1","01","","N","N","N","0","","1","0","0","3","2","","0725","1","2","0","0","0","0","0","2","1","2","03","03","N","","","","","","","","","","",""
"2022119742","1535","0","0","0","0","0","0","0","0","0","8","0","","67","12","2022","5","40.0184","-75.0802","1533","06","0","0","0","0","0","1","0","0","","0","0","0","15","1","1","01","","0","40 01:06.333","","00","75 04:48.586","3","0","0","0","67301","1","0","0","N","1","0","0","2","67301","0","","1","09","","N","N","N","1","","1","0","0","3","3","","1531","1","2","0","0","1","0","0","2","0","1","07","04","N","","","","","","","","","","",""
"2022110252","1906","2","0","0","0","0","0","0","0","0","5","0","","67","11","2022","4","39.9936","-75.1492","1906","06","0","0","0","0","0","0","0","0","","0","0","0","19","3","0","00","N","0","39 59:36.840","","00","75 08:57.040","0","0","0","0","67301","0","0","0","N","0","0","0","1","67301","0","","6","01","","N","N","N","0","","0","0","1","0","0","","1906","0","3","0","0","1","0","0","2","0","3","03","03","N","","","","","","","","","","",""
"2022122784","2045","0","0","0","0","0","0","0","0","0","5","0","","67","12","2022","7","39.9682","-75.2251","2044","06","0","0","0","0","0","0","0","0","","0","0","0","20","3","1","01","","0","39 58:05.407","","00","75 13:30.521","3","0","0","0","67301","0","0","0","N","0","0","0","6","67301","0","","1","01","","N","N","N","0","","1","0","3","3","2","","2025","1","3","0","0","0","0","0","2","0","3","03","03","N","","","","","","","","","","",""
"2022106632","2123","2","0","0","0","0","0","0","0","0","4","0","","67","11","2022","7","40.0237","-75.0461","2117","06","0","0","0","0","0","0","0","0","","0","0","0","21","3","2","01","","0","40 01:25.456","","00","75 02:45.992","3","0","0","0","67301","0","0","0","N","0","0","0","2","67301","0","","1","01","","N","N","N","0","","2","0","0","3","3","","2114","2","2","0","0","0","0","0","2","0","2","03","03","N","","","","","","","","","","",""
"2022109355","1900","4","0","0","0","0","0","0","0","0","6","0","","67","11","2022","5","39.9256","-75.2431","1900","06","0","0","0","0","1","0","0","0","","0","0","0","19","3","1","00","N","0","39 55:32.030","","00","75 14:35.070","8","0","0","0","67301","0","0","0","N","0","0","0","1","67301","0","","6","01","","N","N","N","0","","0","0","0","0","0","","1900","1","4","0","0","0","1","0","2","0","4","03","03","N","","","","","","","","","","",""
"2022107728","1850","0","0","0","0","0","0","0","0","0","4","0","","67","11","2022","2","40.0188","-75.1645","1842","06","0","0","0","0","0","0","0","0","","0","0","0","18","3","1","00","N","2","40 01:07.697","3","00","75 09:52.124","3","0","0","0","67301","0","0","0","N","0","0","0","3","67301","0","","1","01","1915","N","N","N","0","","1","0","2","0","0","N","1818","1","2","0","0","0","0","0","2","0","2","03","","N","","","","","","","","","","",""
"2022119016","0120","0","0","0","0","0","0","0","0","0","8","0","","67","12","2022","5","39.9549","-75.1729","0115","06","0","0","0","0","0","0","0","0","","0","0","0","01","3","1","00","N","0","39 57:17.500","","00","75 10:22.590","2","0","0","0","67301","1","0","1","N","1","0","1","2","67301","0","","1","01","","N","N","N","0","","0","1","1","0","0","","0105","1","2","0","0","0","0","0","2","0","1","03","03","N","","","","","","","","","","",""