"CRN","ARRIVAL_TM","AUTOMOBILE_COUNT","BELTED_DEATH_COUNT","BELTED_SUSP_SERIOUS_INJ_COUNT","BICYCLE_COUNT","BICYCLE_DEATH_COUNT","BICYCLE_SUSP_SERIOUS_INJ_COUNT","BUS_COUNT","CHLDPAS_DEATH_COUNT","CHLDPAS_SUSP_SERIOUS_INJ_COUNT","COLLISION_TYPE","COMM_VEH_COUNT","CONS_ZONE_SPD_LIM","COUNTY","CRASH_MONTH","CRASH_YEAR","DAY_OF_WEEK","DEC_LAT","DEC_LONG","DISPATCH_TM","DISTRICT","DRIVER_COUNT_16YR","DRIVER_COUNT_17YR","DRIVER_COUNT_18YR","DRIVER_COUNT_19YR","DRIVER_COUNT_20YR","DRIVER_COUNT_50_64YR","DRIVER_COUNT_65_74YR","DRIVER_COUNT_75PLUS","EST_HRS_CLOSED","FATAL_COUNT","HEAVY_TRUCK_COUNT","HORSE_BUGGY_COUNT","HOUR_OF_DAY","ILLUMINATION","INJURY_COUNT","INTERSECT_TYPE","INTERSECTION_RELATED","LANE_CLOSED","LATITUDE","LN_CLOSE_DIR","LOCATION_TYPE","LONGITUDE","MAX_SEVERITY_LEVEL","MCYCLE_DEATH_COUNT","MCYCLE_SUSP_SERIOUS_INJ_COUNT","MOTORCYCLE_COUNT","MUNICIPALITY","NONMOTR_COUNT","NONMOTR_DEATH_COUNT","NONMOTR_SUSP_SERIOUS_INJ_COUNT","NTFY_HIWY_MAINT","PED_COUNT","PED_DEATH_COUNT","PED_SUSP_SERIOUS_INJ_COUNT","PERSON_COUNT","POLICE_AGCY","POSSIBLE_INJ_COUNT","RDWY_SURF_TYPE_CD","RELATION_TO_ROAD","ROAD_CONDITION","ROADWAY_CLEARED","SCH_BUS_IND","SCH_ZONE_IND","SECONDARY_CRASH","SMALL_TRUCK_COUNT","SPEC_JURIS_CD","SUSP_MINOR_INJ_COUNT","SUSP_SERIOUS_INJ_COUNT","SUV_COUNT","TCD_FUNC_CD","TCD_TYPE","TFC_DETOUR_IND","TIME_OF_DAY","TOT_INJ_COUNT","TOTAL_UNITS","UNB_DEATH_COUNT","UNB_SUSP_SERIOUS_INJ_COUNT","UNBELTED_OCC_COUNT","UNK_INJ_DEG_COUNT","UNK_INJ_PER_COUNT","URBAN_RURAL","VAN_COUNT","VEHICLE_COUNT","WEATHER1","WEATHER2","WORK_ZONE_IND","WORK_ZONE_LOC","WORK_ZONE_TYPE","WORKERS_PRES","WZ_CLOSE_DETOUR","WZ_FLAGGER","WZ_LAW_OFFCR_IND","WZ_LN_CLOSURE","WZ_MOVING","WZ_OTHER","WZ_SHLDER_MDN","WZ_WORKERS_INJ_KILLED"
"2022116808","2012","1","0","0","0","0","0","0","0","0","4","0","","67","12","2022","2","39.972","-75.125","2010","06","0","0","0","0","0","2","0","0","","0","0","0","20","3","1","00","N","0","39 58:19.335","","07","75 07:29.929","3","0","0","0","67301","0","0","0","N","0","0","0","2","67301","0","","1","01","","N","N","N","0","","1","0","1","0","0","","2000","1","2","0","0","0","0","0","2","0","2","03","","N","","","","","","","","","","",""
"2022117268","0825","1","0","0","0","0","0","0","0","0","1","0","","67","12","2022","5","39.959","-75.229","0820","06","0","0","0","0","0","1","0","0","","0","0","0","08","1","0","01","","0","39 57:32.224","","00","75 13:44.207","9","0","0","0","67301","0","0","0","N","0","0","0","3","67301","0","","1","01","","N","N","N","0","","0","0","2","3","2","","0800","0","3","0","0","0","0","2","2","0","3","03","03","N","","","","","","","","","","",""
"2022121952","1553","1","0","0","0","0","0","0","0","0","8","0","","67","12","2022","2","39.9555","-75.2421","1553","06","0","0","0","0","0","0","0","0","","0","0","0","07","1","1","01","","0","39 57:19.796","","00","75 14:31.596","3","0","0","0","67301","1","0","0","N","1","0","0","2","67301","0","","1","01","","N","N","N","0","","1","0","0","3","3","","0730","1","2","0","0","1","0","0","2","0","1","03","03","N","","","","","","","","","","",""
"2022116667","2200","2","0","0","0","0","0","0","0","0","1","0","","67","12","2022","2","40.026","-75.1358","2200","06","0","0","0","0","0","0","0","0","","0","0","0","20","6","0","00","N","0","40 01:33.700","","00","75 08:09.000","9","0","0","0","67301","0","0","0","N","0","0","0","1","67301","0","","6","99","","N","N","N","0","","0","0","0","0","0","","2030","0","2","0","0","1","0","1","2","0","2","99","","N","","","","","","","","","","",""
"2022118758","0904","0","0","0","0","0","0","0","0","0","8","0","","67","12","2022","7","39.9657","-75.2223","0900","06","0","0","0","0","0","0","0","0","","0","0","0","01","3","1","01","","0","39 57:56.462","","00","75 13:20.110","3","0","0","0","67301","1","0","0","N","1","0","0","2","67301","0","","1","09","","N","N","N","0","","1","0","0","3","2","","0100","1","2","0","0","0","0","0","2","0","1","07","07","N","","","","","","","","","","",""
"2022122941","0957","1","0","0","0","0","0","0","0","0","4","0","","67","12","2022","3","40.0217","-75.1127","0956","06","0","0","0","0","0","0","0","0","","0","0","0","08","1","0","01","","0","40 01:18.382","","00","75 06:45.719","9","0","0","0","67301","0","0","0","N","0","0","0","2","67301","0","","1","01","","N","N","N","1","","0","0","0","3","2","","0815","0","2","0","0","1","0","1","2","0","2","03","","N","","","","","","","","","","",""
"2022121359","0310","1","0","0","0","0","0","0","0","0","8","0","","67","12","2022","5","40.0211","-75.1399","0254","06","0","0","0","0","0","0","0","0","","0","0","0","17","3","1","01","","0","40 01:16.051","","00","75 08:23.731","4","0","0","0","67301","1","0","0","N","1","0","0","2","67301","1","","1","01","","N","N","N","0","","0","0","0","3","2","","1730","1","2","0","0","0","0","1","2","0","1","03","03","N","","","","","","","","","","",""
"2022114339","0630","0","0","0","0","0","0","0","0","0","8","0","","67","12","2022","7","39.9577","-75.1624","0625","06","0","0","0","0","0","0","0","0","","0","0","0","06","3","1","01","","1","39 57:27.649","3","02","75 09:44.521","4","0","0","0","67301","1","0","0","N","1","0","0","3","67301","1","","1","09","0700","N","N","N","0","","0","0","0","3","2","N","0620","1","2","0","0","0","0","0","2","1","1","07","04","N","","","","","","","","","","",""
"2022116691","2318","2","0","0","0","0","0","0","0","0","1","0","","67","12","2022","6","39.9794","-75.1578","2318","06","0","0","0","0","1","0","0","0","","0","0","0","23","3","0","00","N","0","39 58:45.786","","00","75 09:28.038","0","0","0","0","67301","0","0","0","N","0","0","0","3","67505","0","","1","01","","N","N","N","0","","0","0","0","0","0","","2318","0","2","0","0","0","0","0","2","0","2","03","","N","","","","","","","","","","",""
"2022121519","2115","0","0","0","0","0","0","0","0","0","4","0","","67","12","2022","2","39.9819","-75.239","2104","06","0","0","0","0","0","0","0","0","","0","0","0","20","3","1","01","","0","39 58:55.028","","00","75 14:20.537","4","0","0","0","67301","0","0","0","N","0","0","0","2","67301","1","","1","01","","N","N","N","0","","0","0","1","3","2","","2010","1","2","0","0","0","0","0","2","0","2","03","","N","","","","","","","","","","",""
"2022118160","1915","2","0","0","0","0","0","0","0","0","5","0","","67","12","2022","3","39.9172","-75.1737","1915","06","0","0","0","0","0","1","0","0","","0","0","0","19","3","0","00","N","0","39 55:01.900","","00","75 10:25.300","0","0","0","0","67301","0","0","0","N","0","0","0","1","67301","0","","6","09","","N","N","N","0","","0","0","1","0","0","","1900","0","3","0","0","0","0","0","2","0","3","07","","N","","","","","","","","","","",""
"2022121798","0129","3","0","0","0","0","0","0","0","0","5","0","","67","12","2022","2","39.9344","-75.1698","0126","06","0","0","0","0","0","0","0","0","","0","0","0","01","3","0","00","N","0","39 56:03.970","","00","75 10:11.310","0","0","0","0","67301","0","0","0","N","0","0","0","1","67301","0","","6","01","","N","N","N","0","","0","0","1","0","0","","0126","0","4","0","0","1","0","0","2","0","4","03","03","N","","","","","","","","","","",""
"2022124546","2225","1","0","0","0","0","0","1","0","0","6","1","","67","12","2022","4","40.0126","-75.1521","2221","06","0","1","0","0","0","0","0","0","","0","0","0","22","3","1","05","","0","40 00:44.907","","00","75 09:07.557","4","0","0","0","67301","0","0","0","N","0","0","0","4","67508","1","","1","01","","N","N","Y","0","","0","0","0","3","2","","2221","1","3","0","0","1","0","1","2","1","3","03","03","N","","","","","","","","","","",""
"2022116646","2121","1","0","0","0","0","0","0","0","0","4","0","","67","12","2022","3","40.028","-75.11","2110","06","0","0","0","0","0","1","0","0","","0","0","0","21","3","3","01","","1","40 01:40.967","2","00","75 06:36.138","4","0","0","0","67301","0","0","0","N","0","0","0","4","67301","3","","1","09","2135","N","N","N","0","","0","0","1","3","2","N","2109","3","2","0","0","0","0","0","2","0","2","07","","N","","","","","","","","","","",""
"2022120890","0822","1","0","0","0","0","0","0","0","0","8","0","","67","12","2022","2","40.0402","-75.0993","0820","06","0","0","0","0","0","0","1","0","","0","0","0","08","1","1","02","","0","40 02:24.705","","00","75 05:57.645","3","0","0","0","67301","1","0","0","N","1","0","0","2","67301","0","","1","01","","N","N","N","0","","1","0","0","3","3","","0815","1","2","0","0","0","0","0","2","0","1","03","03","N","","","","","","","","","","",""
"2022117757","0125","1","0","0","0","0","0","0","0","0","8","0","","67","12","2022","3","39.9671","-75.1621","0016","06","0","0","0","0","0","0","0","0","","0","0","0","00","3","1","01","","0","39 58:01.541","","00","75 09:43.686","8","0","0","0","67301","1","0","0","N","1","0","0","2","67301","0","","1","01","","N","N","Y","0","","0","0","0","3","2","","0015","1","2","0","0","1","1","0","2","0","1","03","03","N","","","","","","","","","","",""
"2022122926","2205","1","0","0","0","0","0","0","0","0","4","0","","67","12","2022","1","39.9491","-75.2129","2157","06","0","0","0","0","0","0","0","0","","0","0","0","21","3","0","01","","0","39 56:56.653","","00","75 12:46.547","9","0","0","0","67301","0","0","0","N","0","0","0","2","67301","0","","1","01","","N","N","N","0","","0","0","1","3","2","","2148","0","2","0","0","0","0","2","2","0","2","03","03","N","","","","","","","","","","",""
"2022122790","0811","1","0","0","0","0","0","0","0","0","1","0","","67","12","2022","2","39.9832","-75.1883","0803","06","0","0","0","0","0","1","0","0","","0","0","0","07","1","1","00","N","0","39 58:59.346","","00","75 11:17.750","3","0","0","0","67301","0","0","0","N","0","0","0","3","67301","0","","1","01","","N","N","N","0","","1","0","2","0","0","","0744","1","3","0","0","1","0","1","2","0","3","03","03","N","","","","","","","","","","",""
"2022116347","1038","2","0","0","0","0","0","0","0","0","1","0","","67","12","2022","3","39.893","-75.2237","1035","06","0","0","0","0","0","0","0","0","","0","0","0","10","1","0","00","N","0","39 53:34.740","","00","75 13:25.460","0","0","0","0","67301","0","0","0","N","0","0","0","2","67301","0","","1","09","","N","N","N","0","","0","0","0","0","0","","1005","0","2","0","0","0","0","0","2","0","2","07","","N","","","","","","","","","","",""
"2022115105","0806","1","0","0","0","0","0","0","0","0","1","0","","67","12","2022","2","40.0167","-75.0734","0806","06","0","0","0","0","0","0","0","0","","0","0","0","08","1","0","00","N","2","40 01:00.040","6","00","75 04:24.070","9","0","0","0","67301","0","0","0","N","0","0","0","2","67301","0","","1","01","1000","N","N","N","0","","0","0","1","0","0","Y","0806","0","3","0","0","0","0","1","2","1","3","03","","N","","","","","","","","","","",""
"2022116306","1210","1","0","0","0","0","0","0","0","0","1","0","","67","12","2022","2","39.9601","-75.18","1210","06","0","0","0","0","0","0","0","0","","0","0","0","12","1","0","00","N","1","39 57:36.483","4","03","75 10:47.924","0","0","0","0","67301","0","0","0","N","0","0","0","2","68K01","0","","1","01","1225","N","N","N","0","","0","0","1","0","0","N","1204","0","2","0","0","0","0","0","2","0","2","03","","N","","","","","","","","","","",""
"2022116352","1420","1","0","0","0","0","0","0","0","0","4","0","","67","12","2022","3","39.9329","-75.1776","1420","06","0","0","0","0","0","1","0","0","","0","0","0","12","1","1","01","","0","39 55:58.569","","00","75 10:39.518","4","0","0","0","67301","0","0","0","N","0","0","0","2","67301","1","","1","09","","N","N","N","0","","0","0","1","3","3","","1200","1","2","0","0","0","0","1","2","0","2","07","04","N","","","","","","","","","","",""
"2022116812","2330","0","0","0","0","0","0","0","0","0","8","0","","67","12","2022","3","40.0169","-75.1495","2330","06","0","0","0","0","0","0","0","0","","0","0","0","22","3","1","01","","0","40 01:00.719","","00","75 08:58.111","8","0","0","0","67301","1","0","0","N","1","0","0","2","67301","0","","1","99","","N","N","N","0","","0","0","0","3","2","","2229","1","2","0","0","0","1","1","2","0","1","99","","N","","","","","","","","","","",""
"2022116656","0255","0","0","0","0","0","0","0","0","0","7","0","","67","12","2022","3","40.0519","-75.0507","0239","06","0","0","0","0","0","0","0","0","","0","0","0","02","3","1","00","N","1","40 03:06.927","1","00","75 03:02.681","2","0","0","0","67301","0","0","0","N","0","0","0","1","67301","0","","3","01","0400","N","N","N","0","","0","1","1","0","0","Y","0237","1","1","0","0","0","0","0","2","0","1","03","03","N","","","","","","","","","","",""
"2022116803","1805","1","0","0","0","0","0","0","0","0","8","0","","67","12","2022","2","39.969","-75.217","1802","06","0","0","0","0","0","0","0","0","","0","0","0","17","3","1","01","","0","39 58:08.327","","00","75 13:01.203","3","0","0","0","67301","1","0","0","N","1","0","0","2","67301","0","","1","01","","N","N","N","0","","1","0","0","3","2","","1751","1","2","0","0","1","0","0","2","0","1","03","03","N","","","","","","","","","","",""
"2022124071","2029","1","0","0","0","0","0","0","0","0","4","0","","67","12","2022","3","40.0197","-75.1094","2029","06","0","0","0","0","0","0","0","0","","0","0","0","19","3","1","02","","0","40 01:10.800","","00","75 06:33.900","8","0","0","0","67301","0","0","0","N","0","0","0","2","67301","0","","1","01","","N","N","N","0","","0","0","1","0","0","","1955","1","2","0","0","0","1","0","2","0","2","03","03","N","","","","","","","","","","",""
"2022116669","0438","1","0","0","0","0","0","0","0","0","4","0","","67","12","2022","5","40.0597","-75.1402","0436","06","0","0","0","0","0","0","0","1","","0","0","0","04","3","1","01","","0","40 03:35.053","","00","75 08:24.583","3","0","0","0","67301","0","0","0","N","0","0","0","2","67301","0","","1","01","","N","N","N","0","","1","0","1","3","2","","0430","1","2","0","0","0","0","0","2","0","2","03","","N","","","","","","","","","","",""
"2022116682","1336","2","0","0","0","0","0","0","0","0","6","0","","67","12","2022","5","40.0228","-75.1977","1326","06","0","0","0","0","0","3","0","0","","0","0","0","13","1","1","00","N","2","40 01:21.990","1","00","75 11:51.550","3","0","0","0","67301","0","0","0","N","0","0","0","4","67301","0","","1","01","1430","N","N","N","0","","1","0","2","0","0","N","1324","1","4","0","0","3","0","0","2","0","4","04","04","N","","","","","","","","","","",""
"2022124951","1718","0","0","0","0","0","0","0","0","0","1","0","","67","12","2022","5","39.8989","-75.1699","1657","06","0","0","0","0","0","0","0","0","","0","0","0","16","3","0","00","N","0","39 53:56.017","","03","75 10:11.799","0","0","0","0","67301","0","0","0","N","0","0","0","2","68K01","0","","1","01","","N","N","N","0","","0","0","2","0","0","","1640","0","2","0","0","0","0","0","2","0","2","03","","N","","","","","","","","","","",""
"2022116683","1650","0","0","0","0","0","0","0","0","0","8","0","","67","12","2022","5","39.8769","-75.2471","1645","06","0","0","0","0","0","0","0","0","","0","0","0","16","3","1","00","N","0","39 52:36.700","","01","75 14:49.500","8","0","0","0","67301","1","0","0","N","1","0","0","2","67301","0","","6","01","","N","N","N","0","","0","0","1","0","0","","1645","1","2","0","0","1","1","0","2","0","1","03","03","N","","","","","","","","","","",""
"2022121349","0850","1","0","0","0","0","0","0","0","0","4","0","","67","12","2022","2","40.0308","-75.1581","0840","06","0","0","0","0","0","0","1","0","","0","0","0","08","1","1","01","","0","40 01:50.836","","00","75 09:29.314","3","0","0","0","67301","0","0","0","N","0","0","0","4","67301","0","","1","01","","N","N","N","0","","1","0","1","0","0","","0829","1","2","0","0","0","0","0","2","0","2","03","03","N","","","","","","","","","","",""
"2022117269","0916","2","0","0","0","0","0","0","0","0","4","0","","67","12","2022","6","39.9572","-75.2275","0916","06","0","0","0","0","0","0","0","0","","0","0","0","08","1","1","01","","0","39 57:25.948","","00","75 13:38.927","3","0","0","0","67301","0","0","0","N","0","0","0","2","67301","0","","1","01","","N","N","Y","0","","1","0","0","3","2","","0845","1","3","0","0","0","0","0","2","1","3","03","","N","","","","","","","","","","",""
"2022116943","1900","1","0","0","0","0","0","0","0","0","4","0","","67","12","2022","6","40.0824","-74.9818","1852","06","0","0","0","0","0","1","0","0","","0","0","0","18","3","0","01","","0","40 04:56.485","","00","74 58:54.541","0","0","0","0","67301","0","0","0","N","0","0","0","3","67301","0","","1","01","","N","N","N","0","","0","0","1","3","3","","1820","0","2","0","0","0","0","0","2","0","2","03","03","N","","","","","","","","","","",""
"2022115942","0355","1","0","0","0","0","0","0","0","0","8","0","","67","12","2022","4","39.992","-75.0957","0340","06","0","0","0","0","0","0","0","0","","0","0","0","03","3","1","01","","0","39 59:31.058","","00","75 05:44.655","3","0","0","0","67301","1","0","0","N","1","0","0","2","67301","0","","1","09","","N","N","N","0","","1","0","0","3","3","","0330","1","2","0","0","0","0","1","2","0","1","07","","N","","","","","","","","","","",""
"2022113191","0915","3","0","0","0","0","0","0","0","0","5","0","","67","10","2022","1","39.9999","-75.131","0856","06","0","0","0","0","0","0","0","0","","0","0","0","05","3","0","00","N","0","39 59:59.690","","00","75 07:51.620","0","0","0","0","67301","0","0","0","N","0","0","0","1","67301","0","","6","01","","N","N","N","0","","0","0","2","0","0","","0530","0","5","0","0","1","0","0","2","0","5","03","03","N","","","","","","","","","","",""
"2022102950","0000","2","0","0","0","0","0","0","0","0","5","0","","67","11","2022","5","40.0274","-75.0965","2350","06","0","0","0","0","0","0","0","0","","0","0","0","23","3","0","00","N","1","40 01:38.740","1","00","75 05:47.450","9","0","0","0","67301","0","0","0","N","0","0","0","1","67301","0","","6","01","0126","N","N","N","0","","0","0","1","0","0","N","2349","0","4","0","0","0","0","1","2","1","4","03","03","N","","","","","","","","","","",""
"2022104973","0010","2","0","0","0","0","0","0","0","0","4","0","","67","10","2022","1","40.0138","-75.126","2358","06","0","0","0","0","0","0","0","0","","0","0","0","23","3","1","01","","0","40 00:49.823","","00","75 07:33.528","3","0","0","0","67301","0","0","0","N","0","0","0","2","67301","0","","1","01","","N","N","N","0","","1","0","0","3","2","","2350","1","2","0","0","0","0","1","2","0","2","03","03","N","","","","","","","","","","",""
"2022113189","0801","0","0","0","0","0","0","0","0","0","7","0","","67","10","2022","7","40.0076","-75.1266","0801","06","0","0","0","0","0","0","0","0","","0","0","0","07","1","0","00","N","0","40 00:27.455","","00","75 07:35.878","9","0","0","0","67301","0","0","0","N","0","0","0","1","67301","0","","4","01","","N","N","N","0","","0","0","1","0","0","","0755","0","1","0","0","0","0","1","2","0","1","03","03","N","","","","","","","","","","",""
"2022103219","2156","1","0","0","0","0","0","0","0","0","1","0","","67","11","2022","3","40.0051","-75.1094","2154","06","0","0","0","0","0","0","0","0","","0","0","0","21","3","1","00","N","0","40 00:18.400","","00","75 06:33.910","3","0","0","0","67301","0","0","0","N","0","0","0","2","67301","0","","1","01","","N","N","N","0","","1","0","1","0","0","","2133","1","2","0","0","2","0","0","2","0","2","03","03","N","","","","","","","","","","",""
"2022101616","1735","2","0","0","0","0","0","0","0","0","4","0","","67","10","2022","1","39.9889","-75.09","1829","06","0","0","0","0","0","0","0","0","","0","0","0","17","8","1","00","N","1","39 59:19.880","5","07","75 05:24.091","3","0","0","0","67301","0","0","0","N","0","0","0","2","67301","0","","1","01","1900","N","N","N","0","","1","0","0","0","0","N","1700","1","2","0","0","0","0","0","2","0","2","03","","N","","","","","","","","","","",""
"2022116666","2010","2","0","0","0","0","0","0","0","0","4","0","","67","12","2022","3","40.0544","-75.1479","1931","06","0","0","0","0","0","0","0","0","","0","0","0","19","3","0","01","","0","40 03:15.944","","00","75 08:52.436","0","0","0","0","67301","0","0","0","N","0","0","0","2","67301","0","","1","09","","N","N","N","0","","0","0","0","3","2","","1921","0","2","0","0","0","0","0","2","0","2","07","07","N","","","","","","","","","","",""
"2022114674","1558","1","0","0","0","0","0","0","0","0","4","0","","67","12","2022","1","39.9168","-75.238","1552","06","0","0","0","0","0","0","0","0","","0","0","0","13","1","1","02","","0","39 55:00.607","","00","75 14:16.631","3","0","0","0","67301","0","0","0","N","0","0","0","2","67301","0","","1","01","","N","N","N","0","","1","0","1","0","0","","1325","1","2","0","0","0","0","0","2","0","2","03","03","N","","","","","","","","","","",""
"2022120111","2005","1","0","0","0","0","0","0","0","0","4","0","","67","12","2022","6","39.9261","-75.1828","2001","06","0","0","0","0","0","0","0","0","","0","0","0","20","3","1","01","","0","39 55:33.806","","00","75 10:57.862","3","0","0","0","67301","0","0","0","N","0","0","0","2","67301","0","","1","01","","N","N","N","0","","1","0","1","3","2","","2000","1","2","0","0","0","0","0","2","0","2","03","03","N","","","","","","","","","","",""
"2022115630","1457","1","0","0","0","0","0","0","0","0","4","0","","67","12","2022","3","40.1111","-75.0243","1450","06","1","0","0","0","0","0","0","1","","0","0","0","14","1","2","01","","0","40 06:40.311","","00","75 01:27.652","8","0","0","0","67301","0","0","0","N","0","0","0","2","67301","0","","1","09","","N","N","Y","0","","0","0","0","3","2","","1450","2","2","0","0","0","2","0","2","1","2","07","","N","","","","","","","","","","",""
"2022116338","0752","0","0","0","0","0","0","0","0","0","8","0","","67","12","2022","4","40.053","-75.0643","0752","06","0","0","0","0","0","0","0","0","","0","0","0","07","8","1","01","","0","40 03:11.017","","00","75 03:51.838","4","0","0","0","67301","1","0","0","N","1","0","0","2","67301","1","","1","09","","N","N","N","1","","0","0","0","3","2","","0751","1","2","0","0","0","0","0","2","0","1","07","05","N","","","","","","","","","","",""
"2022116799","1510","0","0","0","0","0","0","0","0","0","4","0","","67","12","2022","6","39.9643","-75.1556","1457","06","0","0","0","0","0","0","0","0","","0","0","0","12","1","1","01","","1","39 57:51.382","3","00","75 09:20.051","3","0","0","0","67301","0","0","0","N","0","0","0","2","67301","0","","1","01","1200","N","N","N","1","","1","0","1","3","3","Y","1258","1","2","0","0","0","0","0","2","0","2","03","03","N","","","","","","","","","","",""
"2022117047","1830","1","0","0","0","0","0","0","0","0","4","0","","67","12","2022","6","40.0857","-75.0371","1825","06","0","0","0","0","0","0","0","0","","0","0","0","18","3","0","00","N","0","40 05:08.491","","07","75 02:13.491","0","0","0","0","67301","0","0","0","N","0","0","0","2","67301","0","","1","01","","N","N","N","0","","0","0","1","0","0","","1820","0","2","0","0","2","0","0","2","0","2","03","03","N","","","","","","","","","","",""
"2022117758","1540","1","0","0","0","0","0","0","0","0","8","0","","67","12","2022","3","39.9552","-75.1696","1540","06","0","0","0","0","0","0","0","0","","0","0","0","15","8","1","01","","0","39 57:18.756","","00","75 10:10.405","3","0","0","0","67301","1","0","0","N","1","0","0","2","67301","0","","1","09","","N","N","N","0","","1","0","0","3","2","","1530","1","2","0","0","1","0","0","2","0","1","07","07","N","","","","","","","","","","",""
"2022115118","0210","3","0","0","0","0","0","0","0","0","2","0","","67","12","2022","7","40.0492","-75.1446","0207","06","0","0","0","0","0","1","0","0","","0","0","0","01","3","1","00","N","0","40 02:57.250","","00","75 08:40.570","3","0","0","0","67301","0","0","0","N","0","0","0","1","67301","0","","6","01","","N","N","N","0","","1","0","0","0","0","","0153","1","4","0","0","0","0","0","2","1","4","03","03","N","","","","","","","","","","",""
"2022115000","0305","0","0","0","0","0","0","0","0","0","6","0","","67","12","2022","7","39.9988","-75.1183","0305","06","0","0","0","0","0","0","0","0","","0","0","0","03","3","0","00","N","0","39 59:55.530","","00","75 07:05.900","9","0","0","0","67301","0","0","0","N","0","0","0","1","67301","0","","6","01","","N","N","N","0","","0","0","2","0","0","","0304","0","3","0","0","1","0","1","2","1","3","03","03","N","","","","","","","","","","",""
"2022114679","1855","2","0","0","0","0","0","0","0","0","1","0","","67","12","2022","7","39.9857","-75.1641","1850","06","0","0","0","0","0","0","0","0","","0","0","0","18","3","0","00","N","0","39 59:08.500","","00","75 09:50.630","0","0","0","0","67301","0","0","0","N","0","0","0","1","67301","0","","6","09","","N","N","N","0","","0","0","0","0","0","","1800","0","2","0","0","1","0","0","2","0","2","07","07","N","","","","","","","","","","",""
"2022116349","2040","1","0","0","0","0","0","0","0","0","2","0","","67","12","2022","3","40.0675","-75.1793","2025","06","0","0","0","0","0","0","0","0","","0","0","0","20","3","1","01","","0","40 04:02.989","","00","75 10:45.548","4","0","0","0","67301","0","0","0","N","0","0","0","2","67301","1","","1","09","","N","N","Y","0","","0","0","2","3","2","","2015","1","3","0","0","2","0","1","2","0","3","07","","N","","","","","","","","","","",""
"2022114335","0215","0","0","0","1","0","0","0","0","0","8","0","","67","12","2022","7","39.9428","-75.1505","0213","06","0","0","0","0","0","0","0","0","","0","0","0","02","3","1","01","","0","39 56:34.182","","00","75 09:01.974","8","0","0","0","67301","1","0","0","N","0","0","0","4","67301","0","","1","01","","N","N","N","0","","0","0","1","3","2","","0213","1","2","0","0","0","1","0","2","0","1","03","","N","","","","","","","","","","",""
"2022124056","2002","3","0","0","0","0","0","0","0","0","4","0","","67","12","2022","4","39.9315","-75.1799","2002","06","0","0","0","0","0","0","0","0","","0","0","0","20","3","0","01","","0","39 55:53.509","","00","75 10:47.663","0","0","0","0","67301","0","0","0","N","0","0","0","2","67301","0","","1","01","","N","N","N","0","","0","0","2","0","0","","2001","0","6","0","0","1","0","0","2","1","6","03","03","N","","","","","","","","","","",""
"2022116680","0213","1","0","0","0","0","0","0","0","0","2","0","","67","12","2022","5","40.032","-75.193","0213","06","0","0","0","0","0","0","0","0","","0","0","0","01","3","1","00","N","2","40 01:55.291","6","00","75 11:34.764","3","0","0","0","67301","0","0","0","N","0","0","0","1","67301","0","","6","09","0230","N","N","N","0","","1","0","0","0","0","Y","0147","1","2","0","0","0","0","0","2","0","2","07","04","N","","","","","","","","","","",""
"2022114673","0035","0","0","0","0","0","0","0","0","0","1","0","","67","12","2022","7","39.8978","-75.2115","0025","06","0","0","0","0","0","0","0","0","","0","0","0","11","8","2","00","N","2","39 53:51.913","3","03","75 12:41.529","3","0","0","0","67301","0","0","0","N","0","0","0","2","67301","0","","1","01","0125","N","N","N","0","","2","0","2","0","0","Y","1100","2","2","0","0","0","0","0","2","0","2","03","","N","","","","","","","","","","",""
"2022120904","1715","0","0","0","0","0","0","0","0","0","8","0","","67","12","2022","3","39.9631","-75.2467","1702","06","0","0","0","0","0","0","0","0","","0","0","0","15","1","1","00","N","0","39 57:47.011","","00","75 14:48.245","4","0","0","0","67301","1","0","0","N","1","0","0","2","67301","1","","1","09","","N","N","N","0","","0","0","1","0","0","","1500","1","2","0","0","0","0","1","2","0","1","07","04","N","","","","","","","","","","",""
"2022116657","0949","3","0","0","0","0","0","0","0","0","4","0","","67","12","2022","5","40.018","-75.0572","0943","06","0","0","0","0","0","0","0","0","","0","0","0","09","1","1","01","","0","40 01:04.864","","00","75 03:25.981","3","0","0","0","67301","0","0","0","N","0","0","0","2","67301","0","","1","01","","N","N","N","0","","1","0","0","3","3","","0941","1","3","0","0","1","0","0","2","0","3","04","","N","","","","","","","","","","",""
"2022115632","1940","1","0","0","0","0","0","0","0","0","7","0","","67","12","2022","1","40.092","-75.006","1925","06","0","0","0","0","0","1","0","0","","0","0","0","19","3","0","00","N","0","40 05:31.100","","00","75 00:21.600","0","0","0","0","67301","0","0","0","N","0","0","0","1","67301","0","","4","01","","N","N","N","0","","0","0","0","0","0","","1919","0","1","0","0","0","0","0","2","0","1","03","03","N","","","","","","","","","","",""