"CRN","ARRIVAL_TM","AUTOMOBILE_COUNT","BELTED_DEATH_COUNT","BELTED_SUSP_SERIOUS_INJ_COUNT","BICYCLE_COUNT","BICYCLE_DEATH_COUNT","BICYCLE_SUSP_SERIOUS_INJ_COUNT","BUS_COUNT","CHLDPAS_DEATH_COUNT","CHLDPAS_SUSP_SERIOUS_INJ_COUNT","COLLISION_TYPE","COMM_VEH_COUNT","CONS_ZONE_SPD_LIM","COUNTY","CRASH_MONTH","CRASH_YEAR","DAY_OF_WEEK","DEC_LAT","DEC_LONG","DISPATCH_TM","DISTRICT","DRIVER_COUNT_16YR","DRIVER_COUNT_17YR","DRIVER_COUNT_18YR","DRIVER_COUNT_19YR","DRIVER_COUNT_20YR","DRIVER_COUNT_50_64YR","DRIVER_COUNT_65_74YR","DRIVER_COUNT_75PLUS","EST_HRS_CLOSED","FATAL_COUNT","HEAVY_TRUCK_COUNT","HORSE_BUGGY_COUNT","HOUR_OF_DAY","ILLUMINATION","INJURY_COUNT","INTERSECT_TYPE","INTERSECTION_RELATED","LANE_CLOSED","LATITUDE","LN_CLOSE_DIR","LOCATION_TYPE","LONGITUDE","MAX_SEVERITY_LEVEL","MCYCLE_DEATH_COUNT","MCYCLE_SUSP_SERIOUS_INJ_COUNT","MOTORCYCLE_COUNT","MUNICIPALITY","NONMOTR_COUNT","NONMOTR_DEATH_COUNT","NONMOTR_SUSP_SERIOUS_INJ_COUNT","NTFY_HIWY_MAINT","PED_COUNT","PED_DEATH_COUNT","PED_SUSP_SERIOUS_INJ_COUNT","PERSON_COUNT","POLICE_AGCY","POSSIBLE_INJ_COUNT","RDWY_SURF_TYPE_CD","RELATION_TO_ROAD","ROAD_CONDITION","ROADWAY_CLEARED","SCH_BUS_IND","SCH_ZONE_IND","SECONDARY_CRASH","SMALL_TRUCK_COUNT","SPEC_JURIS_CD","SUSP_MINOR_INJ_COUNT","SUSP_SERIOUS_INJ_COUNT","SUV_COUNT","TCD_FUNC_CD","TCD_TYPE","TFC_DETOUR_IND","TIME_OF_DAY","TOT_INJ_COUNT","TOTAL_UNITS","UNB_DEATH_COUNT","UNB_SUSP_SERIOUS_INJ_COUNT","UNBELTED_OCC_COUNT","UNK_INJ_DEG_COUNT","UNK_INJ_PER_COUNT","URBAN_RURAL","VAN_COUNT","VEHICLE_COUNT","WEATHER1","WEATHER2","WORK_ZONE_IND","WORK_ZONE_LOC","WORK_ZONE_TYPE","WORKERS_PRES","WZ_CLOSE_DETOUR","WZ_FLAGGER","WZ_LAW_OFFCR_IND","WZ_LN_CLOSURE","WZ_MOVING","WZ_OTHER","WZ_SHLDER_MDN","WZ_WORKERS_INJ_KILLED"
"2022115970","0052","1","0","0","0","0","0","0","0","0","7","0","","67","12","2022","2","39.9555","-75.1482","0052","06","0","0","0","0","0","0","0","0","","0","0","0","00","3","0","00","N","1","39 57:19.901","4","02","75 08:53.389","0","0","0","0","67301","0","0","0","N","0","0","0","2","67501","0","","4","01","0130","N","N","N","0","","0","0","0","0","0","Y","0052","0","1","0","0","0","0","0","2","0","1","03","","N","","","","","","","","","","",""
"2022115634","1745","0","0","0","0","0","0","0","0","0","4","0","","67","12","2022","2","40.0995","-74.9864","1739","06","0","0","0","0","0","2","0","0","","0","0","0","17","3","2","01","","0","40 05:58.296","","02","74 59:10.926","3","0","0","0","67301","0","0","0","N","0","0","0","2","67301","0","","1","01","","N","N","Y","0","","2","0","2","3","2","","1729","2","2","0","0","0","0","0","2","0","2","03","","N","","","","","","","","","","",""
"2022121799","2216","2","0","0","0","0","0","0","0","0","1","0","","67","12","2022","5","39.9584","-75.2212","2212","06","0","0","0","0","0","0","0","0","","0","0","0","22","3","0","00","N","0","39 57:30.220","","00","75 13:16.220","9","0","0","0","67301","0","0","0","N","0","0","0","1","67301","0","","6","01","","N","N","N","1","","0","0","2","0","0","","2205","0","5","0","0","0","0","1","2","0","5","03","03","N","","","","","","","","","","",""
"2022116501","1400","1","0","0","0","0","0","0","0","0","4","0","","67","12","2022","6","39.9834","-75.1586","1359","06","0","0","0","0","0","0","0","0","","0","0","0","13","1","2","01","","0","39 59:00.364","","00","75 09:30.861","4","0","0","0","67301","0","0","0","Y","0","0","0","2","67505","2","","1","01","","N","N","N","0","","0","0","1","3","2","","1355","2","2","0","0","0","0","0","2","0","2","03","","N","","","","","","","","","","",""
"2022116348","0856","0","0","0","0","0","0","0","0","0","8","0","99","67","12","2022","5","39.9382","-75.2186","0856","06","0","0","0","0","0","1","0","0","","0","0","0","08","1","1","00","N","0","39 56:17.360","","00","75 13:06.950","3","0","0","0","67301","1","0","0","N","1","0","0","2","67301","0","","1","01","","N","N","N","0","","1","0","1","0","0","","0855","1","2","0","0","0","0","0","2","0","1","03","03","Y","4","1","Y","","","U","Y","","","","N"
"2022121089","0820","1","0","0","0","0","0","0","0","0","4","1","","67","12","2022","3","40.0062","-75.1518","0815","06","0","0","0","0","0","0","0","0","","0","0","0","08","1","0","01","","1","40 00:22.276","1","00","75 09:06.943","0","0","0","0","67301","0","0","0","N","0","0","0","3","67505","0","","1","01","0900","N","N","N","0","","0","0","0","3","2","N","0813","0","2","0","0","0","0","0","2","1","2","03","03","N","","","","","","","","","","",""
"2022116942","1840","0","0","0","0","0","0","0","0","0","4","0","","67","12","2022","6","40.1141","-74.9877","1834","06","0","0","0","0","0","0","0","0","","0","0","0","17","3","1","01","","0","40 06:50.926","","00","74 59:15.880","4","0","0","0","67301","0","0","0","N","0","0","0","2","67301","1","","1","01","","N","N","N","0","","0","0","2","3","2","","1752","1","2","0","0","0","0","0","2","0","2","03","03","N","","","","","","","","","","",""
"2022125225","0305","1","0","0","0","0","0","0","0","0","7","0","","67","12","2022","7","40.0446","-75.2041","0305","06","0","0","0","0","0","0","0","0","","0","0","0","02","3","1","01","","0","40 02:40.405","","03","75 12:14.417","8","0","0","0","67301","0","0","0","N","0","0","0","1","67301","0","","5","09","","N","N","N","0","","0","0","0","3","2","","0251","1","1","0","0","0","1","0","2","0","1","03","03","N","","","","","","","","","","",""
"2022119179","1740","2","0","0","0","0","0","0","0","0","1","0","","67","12","2022","2","40.0376","-75.0126","1733","06","0","0","0","0","0","1","0","0","","0","0","0","17","3","2","00","N","1","40 02:15.243","2","00","75 00:45.340","3","0","0","0","67301","0","0","0","N","0","0","0","7","68K01","0","","1","01","1836","N","N","N","1","","2","0","1","0","0","N","1730","2","4","0","0","0","0","0","2","0","4","03","","N","","","","","","","","","","",""
"2022121676","1647","2","0","0","0","0","0","0","0","0","1","0","","67","12","2022","1","39.9585","-75.1668","1642","06","0","0","0","0","0","1","0","0","","0","0","0","16","1","1","00","N","0","39 57:30.602","","00","75 10:00.417","8","0","0","0","67301","0","0","0","N","0","0","0","3","68K01","0","","1","01","","N","N","N","0","","0","0","0","0","0","","1640","1","2","0","0","0","1","0","2","0","2","03","03","N","","","","","","","","","","",""
"2022116678","1850","1","0","0","0","0","0","0","0","0","8","0","","67","12","2022","3","40.0317","-75.1789","1845","06","0","0","0","0","0","1","0","0","","0","0","0","18","3","1","01","","0","40 01:54.253","","00","75 10:43.938","2","0","0","0","67301","1","0","1","N","1","0","1","2","67301","0","","1","09","","N","N","N","0","","0","1","0","3","2","","1840","1","2","0","0","0","0","0","2","0","1","07","","N","","","","","","","","","","",""
"2022116796","1738","0","0","0","0","0","0","0","0","0","4","0","","67","12","2022","5","40.0613","-75.2362","1736","06","0","0","0","0","0","0","0","0","","0","0","0","17","3","0","01","","0","40 03:40.046","","00","75 14:10.503","0","0","0","0","67301","0","0","0","N","0","0","0","2","67301","0","","1","01","","N","N","N","1","","0","0","1","3","2","","1735","0","2","0","0","0","0","0","2","0","2","03","03","N","","","","","","","","","","",""
"2022114338","1849","0","0","0","0","0","0","0","0","0","6","0","","67","12","2022","6","40.0291","-75.2045","1845","06","0","0","0","0","0","1","0","0","","0","0","0","18","3","0","00","N","2","40 01:44.779","4","00","75 12:16.200","0","0","0","0","67301","0","0","0","N","0","0","0","2","67301","0","","1","01","1948","N","N","N","0","","0","0","2","0","0","N","1842","0","2","0","0","2","0","0","2","0","2","03","03","N","","","","","","","","","","",""
"2022117754","0744","1","0","0","0","0","0","0","0","0","1","0","","67","12","2022","6","40.0918","-75.0214","0739","06","0","0","0","0","1","0","0","0","","0","0","0","07","1","1","00","N","0","40 05:30.530","","00","75 01:16.900","3","0","0","0","67301","0","0","0","N","0","0","0","2","67301","0","","6","01","","N","N","N","0","","1","0","1","0","0","","0730","1","2","0","0","1","0","0","2","0","2","03","","N","","","","","","","","","","",""
"2022124332","0835","0","0","0","0","0","0","0","0","0","4","0","","67","12","2022","6","39.9907","-75.1657","0833","06","0","0","0","0","0","0","0","0","","0","0","0","08","1","0","02","","0","39 59:26.451","","00","75 09:56.656","9","0","0","0","67301","0","0","0","N","0","0","0","2","67301","0","","1","01","","N","N","N","0","","0","0","2","3","3","","0830","0","2","0","0","0","0","1","2","0","2","03","03","N","","","","","","","","","","",""
"2022119025","0008","2","0","0","0","0","0","0","0","0","4","0","","67","12","2022","3","40.013","-75.1194","2359","06","0","0","0","0","0","0","0","0","","0","0","0","21","3","2","01","","0","40 00:46.715","","00","75 07:09.796","3","0","0","0","67301","0","0","0","N","0","0","0","3","67301","0","","1","09","","N","N","N","0","","2","0","0","3","2","","2110","2","2","0","0","2","0","0","2","0","2","07","07","N","","","","","","","","","","",""
"2022115453","0320","4","0","0","0","0","0","0","0","0","6","0","","67","12","2022","2","40.0041","-75.2187","0318","06","0","0","0","0","0","0","0","0","","0","0","0","03","3","2","00","N","2","40 00:14.890","6","00","75 13:07.280","8","0","0","0","67301","0","0","0","N","0","0","0","2","67301","0","","6","01","0045","N","N","N","0","","0","0","1","0","0","Y","0310","2","6","0","0","2","2","0","2","1","6","03","03","N","","","","","","","","","","",""
"2022121346","0738","1","0","0","0","0","0","0","0","0","4","0","","67","12","2022","2","40.0687","-75.1641","0735","06","0","0","0","0","0","0","0","1","","0","0","0","07","1","2","01","","0","40 04:07.205","","00","75 09:50.797","2","0","0","0","67301","0","0","0","N","0","0","0","2","67301","1","","1","01","","N","N","N","0","","0","1","1","3","2","","0730","2","2","0","0","0","0","0","2","0","2","03","03","N","","","","","","","","","","",""
"2022116801","1332","1","0","0","0","0","0","0","0","0","4","0","","67","12","2022","5","39.9583","-75.1673","1324","06","0","0","0","0","0","1","0","0","","0","0","0","13","1","1","01","","1","39 57:29.757","3","03","75 10:02.184","8","0","0","0","67301","0","0","0","N","0","0","0","2","67301","0","","1","01","1435","N","Y","N","0","","0","0","1","3","2","N","1324","1","2","0","0","0","1","0","2","0","2","04","","N","","","","","","","","","","",""
"2022116810","1710","0","0","0","0","0","0","0","0","0","8","0","","67","12","2022","4","39.9922","-75.1415","1708","06","0","0","0","0","0","0","0","0","","0","0","0","17","3","1","01","","1","39 59:31.947","3","00","75 08:29.531","8","0","0","0","67301","1","0","0","N","1","0","0","2","67301","0","","1","09","1740","N","N","N","0","","0","0","0","0","0","Y","1705","1","2","0","0","0","1","0","2","0","1","07","","N","","","","","","","","","","",""
"2022121939","1607","1","0","0","0","0","0","0","0","0","5","0","","67","12","2022","2","39.9481","-75.1636","1607","06","0","0","0","0","0","0","0","0","","0","0","0","12","1","0","00","N","0","39 56:53.030","","00","75 09:49.070","0","0","0","0","67301","0","0","0","N","0","0","0","2","67301","0","","1","01","","N","N","N","0","","0","0","1","0","0","","1200","0","2","0","0","1","0","0","2","0","2","03","03","N","","","","","","","","","","",""
"2022120114","1926","1","0","0","0","0","0","0","0","0","8","0","","67","12","2022","3","39.9255","-75.1846","1921","06","0","0","0","0","0","0","0","0","","0","0","0","19","3","1","02","","0","39 55:31.674","","00","75 11:04.581","4","0","0","0","67301","1","0","0","N","1","0","0","2","67301","1","","1","09","","N","N","N","0","","0","0","0","0","0","","1920","1","2","0","0","1","0","0","2","0","1","07","04","N","","","","","","","","","","",""
"2022115442","1148","1","0","0","0","0","0","0","0","0","1","0","","67","12","2022","2","40.1005","-75.0076","1141","06","0","0","0","0","0","0","0","0","","0","0","0","11","1","0","00","N","2","40 06:01.637","1","00","75 00:27.432","9","0","0","0","67301","0","0","0","N","0","0","0","2","67301","0","","1","01","0100","N","N","N","0","","0","0","1","0","0","N","1140","0","2","0","0","0","0","1","2","0","2","03","03","N","","","","","","","","","","",""
"2022114518","0313","1","0","0","0","0","0","0","0","0","7","0","","67","12","2022","7","40.0443","-75.1932","0311","06","0","0","0","0","0","0","0","0","","0","0","0","03","3","1","00","N","2","40 02:39.416","1","00","75 11:35.617","2","0","0","0","67301","0","0","0","N","0","0","0","1","67301","0","","5","01","0420","N","N","N","0","","0","1","0","0","0","N","0310","1","1","0","1","1","0","0","2","0","1","04","98","N","","","","","","","","","","",""
"2022116652","1552","3","0","0","0","0","0","0","0","0","1","0","","67","12","2022","5","39.8983","-75.254","1549","06","0","1","0","0","0","0","0","0","","0","0","0","15","1","1","00","Y","1","39 53:53.908","2","00","75 15:14.495","4","0","0","0","67301","0","0","0","N","0","0","0","5","67301","1","","1","01","1620","N","N","N","0","","0","0","0","3","2","N","1547","1","3","0","0","0","0","0","2","0","3","03","03","N","","","","","","","","","","",""
"2022116351","1220","1","0","0","0","0","0","0","0","0","7","0","","67","12","2022","4","40.018","-75.0643","1220","06","0","0","0","0","0","0","0","0","","0","0","0","11","1","0","00","N","1","40 01:04.948","1","00","75 03:51.551","9","0","0","0","67301","0","0","0","N","0","0","0","3","67301","0","","3","09","1330","N","N","N","0","","0","0","0","0","0","N","1159","0","3","0","0","0","0","1","2","2","3","04","07","N","","","","","","","","","","",""
"2022116681","1131","0","0","0","0","0","0","0","0","0","4","0","","67","12","2022","4","40.0116","-75.1821","1130","06","0","0","0","0","0","0","0","0","","0","0","0","17","3","1","02","","1","40 00:41.826","1","00","75 10:55.530","8","0","0","0","67301","0","0","0","N","0","0","0","2","67301","0","","1","99","1835","N","N","N","0","","0","0","1","3","2","Y","1735","1","2","0","0","0","1","1","2","1","2","03","","N","","","","","","","","","","",""
"2022121808","1119","1","0","0","0","0","0","0","0","0","5","0","","67","12","2022","3","40.0111","-75.1816","1109","06","0","0","0","0","0","0","1","0","","0","0","0","09","1","1","00","N","0","40 00:40.078","","00","75 10:53.922","4","0","0","0","67301","0","0","0","N","0","0","0","2","67301","1","","1","01","","N","N","N","0","","0","0","1","0","0","","0929","1","2","0","0","0","0","0","2","0","2","03","","N","","","","","","","","","","",""
"2022120916","0332","2","0","0","0","0","0","0","0","0","4","0","","67","12","2022","2","40.0489","-75.1414","0330","06","0","0","0","0","0","0","0","0","","0","0","0","03","3","1","01","","0","40 02:55.971","","00","75 08:28.928","3","0","0","0","67301","0","0","0","N","0","0","0","2","67301","0","","1","01","","N","N","N","0","","1","0","3","3","3","","0325","1","5","0","0","1","0","0","2","0","5","03","","N","","","","","","","","","","",""
"2022121515","1240","1","0","0","0","0","0","0","0","0","4","0","","67","12","2022","5","39.9577","-75.1624","1230","06","0","0","0","0","0","0","0","0","","0","0","0","12","1","0","01","","0","39 57:27.649","","02","75 09:44.521","0","0","0","0","67301","0","0","0","N","0","0","0","3","67301","0","","1","01","","N","N","N","1","","0","0","0","3","2","","1220","0","2","0","0","0","0","0","2","0","2","03","","N","","","","","","","","","","",""
"2022116651","0130","1","0","0","0","0","0","0","0","0","4","0","","67","12","2022","5","39.9546","-75.173","0129","06","0","0","0","0","0","1","0","0","","0","0","0","01","3","1","01","","1","39 57:16.499","6","00","75 10:22.738","3","0","0","0","67301","0","0","0","N","0","0","0","2","67301","0","","1","01","0225","N","N","N","0","","1","0","1","3","2","Y","0125","1","2","0","0","0","0","0","2","0","2","03","03","N","","","","","","","","","","",""
"2022118954","1147","1","0","0","0","0","0","0","0","0","1","0","","67","12","2022","3","40.0402","-75.0063","1130","06","0","0","0","0","0","0","0","0","","0","0","0","11","1","2","00","N","1","40 02:24.616","2","00","75 00:22.610","3","0","0","0","67301","0","0","0","N","0","0","0","2","68K01","0","","1","09","1230","N","N","N","0","","1","0","0","0","0","N","1130","2","2","0","0","0","1","0","2","1","2","07","","N","","","","","","","","","","",""
"2022121791","1805","1","0","0","0","0","0","0","0","0","4","0","","67","12","2022","3","39.9233","-75.1612","1750","06","0","0","0","0","0","1","0","1","","0","0","0","17","3","0","01","","0","39 55:23.877","","00","75 09:40.743","0","0","0","0","67301","0","0","0","N","0","0","0","3","67301","0","","1","01","","N","N","N","1","","0","0","0","3","2","","1720","0","2","0","0","2","0","0","2","0","2","03","03","N","","","","","","","","","","",""
"2022121807","0921","3","0","0","0","0","0","0","0","0","5","0","","67","12","2022","2","40.0097","-75.187","0904","06","0","0","0","0","0","2","0","0","","0","0","0","07","1","0","00","N","0","40 00:34.806","","00","75 11:13.314","0","0","0","0","67301","0","0","0","N","0","0","0","5","67301","0","","1","01","","N","N","N","0","","0","0","0","0","0","","0749","0","4","0","0","0","0","0","2","1","4","03","","N","","","","","","","","","","",""
"2022117266","1445","1","0","0","0","0","0","0","0","0","8","0","","67","12","2022","1","39.95","-75.2379","1441","06","0","0","0","0","0","1","0","0","","0","0","0","14","1","1","00","N","0","39 57:00.090","","00","75 14:16.610","3","0","0","0","67301","1","0","0","N","1","0","0","2","67301","0","","1","01","","N","N","N","0","","1","0","0","0","0","","1434","1","2","0","0","0","0","0","2","0","1","03","03","N","","","","","","","","","","",""
"2022121793","1300","1","0","0","0","0","0","0","0","0","4","0","","67","12","2022","2","39.9227","-75.2222","1254","06","0","0","0","0","0","0","0","0","","0","0","0","12","1","1","02","","2","39 55:21.680","7","00","75 13:19.981","3","0","0","0","67301","0","0","0","N","0","0","0","1","67301","0","","1","01","0130","N","N","N","0","","1","0","2","3","3","N","1251","1","3","0","0","0","0","0","2","0","3","03","03","N","","","","","","","","","","",""
"2022124995","2225","0","0","0","0","0","0","0","0","0","8","0","","67","12","2022","3","39.9686","-75.2435","2221","06","0","0","0","0","0","0","0","0","","0","0","0","22","3","1","01","","0","39 58:06.931","","00","75 14:36.430","3","0","0","0","67301","1","0","0","N","1","0","0","2","67301","0","","1","01","","N","N","N","0","","1","0","0","3","3","","2219","1","2","0","0","0","0","0","2","0","1","03","03","N","","","","","","","","","","",""
"2022115116","1010","0","0","0","0","0","0","0","0","0","1","0","","67","12","2022","2","40.0315","-75.1543","1005","06","0","0","0","0","0","2","0","0","","0","0","0","10","1","1","00","N","0","40 01:53.540","","00","75 09:15.330","3","0","0","0","67301","0","0","0","N","0","0","0","3","67301","0","","1","01","","N","N","N","0","","1","0","1","0","0","","1000","1","2","0","0","0","0","0","2","1","2","03","03","N","","","","","","","","","","",""
"2022115928","1405","2","0","0","0","0","0","0","0","0","4","0","","67","12","2022","2","40.0809","-75.0288","1405","06","0","0","0","0","0","0","0","1","","0","0","0","14","1","4","01","","2","40 04:51.077","2","00","75 01:43.585","3","0","0","0","67301","0","0","0","N","0","0","0","4","67301","0","","1","01","1516","N","N","N","0","","4","0","0","3","2","N","1401","4","2","0","0","0","0","0","2","0","2","03","03","N","","","","","","","","","","",""
"2022116346","0927","2","0","0","0","0","0","0","0","0","4","0","","67","12","2022","3","39.9449","-75.2392","0922","06","0","0","0","1","0","0","0","0","","0","0","0","09","1","1","02","","1","39 56:41.789","2","00","75 14:21.063","3","0","0","0","67301","0","0","0","N","0","0","0","2","67301","0","","1","09","0927","N","N","N","0","","1","0","0","3","3","N","0918","1","2","0","0","0","0","0","2","0","2","07","04","N","","","","","","","","","","",""
"2022121341","0911","0","0","0","0","0","0","0","0","0","4","0","","67","12","2022","3","40.0868","-74.9718","0856","06","0","0","0","0","0","1","0","0","","0","0","0","08","1","2","01","","0","40 05:12.438","","00","74 58:18.635","3","0","0","0","67301","0","0","0","N","0","0","0","2","67301","0","","1","01","","N","N","N","1","","2","0","1","3","2","","0817","2","2","0","0","0","0","0","2","0","2","03","03","N","","","","","","","","","","",""
"2022122925","0945","1","0","0","0","0","0","0","0","0","4","0","","67","12","2022","4","39.964","-75.1916","0938","06","0","0","0","0","0","0","0","0","","0","0","0","09","1","1","01","","0","39 57:50.576","","00","75 11:29.738","3","0","0","0","67301","0","0","0","N","0","0","0","3","67301","0","","1","01","","N","N","N","0","","1","0","1","3","2","","0936","1","2","0","0","1","0","1","2","0","2","03","03","N","","","","","","","","","","",""
"2022121343","0900","0","0","0","0","0","0","0","0","0","4","0","","67","12","2022","2","39.9034","-75.2432","0858","06","0","0","0","0","0","0","0","0","","0","0","0","08","1","2","01","","0","39 54:12.355","","00","75 14:35.390","8","0","0","0","67301","0","0","0","N","0","0","0","5","67301","0","","1","01","","N","N","N","1","","0","0","1","3","2","","0850","2","2","0","0","0","2","3","2","0","2","03","","N","","","","","","","","","","",""
"2022116802","0019","2","0","0","0","0","0","0","0","0","5","0","","67","12","2022","6","40.0597","-75.1505","0019","06","0","0","0","0","0","0","0","0","","0","0","0","00","3","0","00","N","0","40 03:34.740","","00","75 09:01.970","0","0","0","0","67301","0","0","0","N","0","0","0","1","67301","0","","6","01","","N","N","N","0","","0","0","0","0","0","","0019","0","2","0","0","0","0","0","2","0","2","03","","N","","","","","","","","","","",""
"2022115019","2232","1","0","0","0","0","0","0","0","0","1","0","","67","12","2022","2","40.0049","-75.1522","2230","06","0","0","0","0","0","0","0","0","","0","0","0","22","3","0","00","Y","0","40 00:17.797","","00","75 09:07.888","9","0","0","0","67301","0","0","0","N","0","0","0","2","67505","0","","1","01","","N","N","N","0","","0","0","1","3","2","","2227","0","2","0","0","0","0","1","2","0","2","03","03","N","","","","","","","","","","",""
"2022117057","1622","0","0","0","0","0","0","0","0","0","4","0","","67","12","2022","7","39.9944","-75.1337","1620","06","0","0","0","0","0","0","0","0","","0","0","0","14","1","1","01","","0","39 59:39.955","","00","75 08:01.140","3","0","0","0","67301","0","0","0","N","0","0","0","3","67301","0","","1","09","","N","N","N","0","","1","0","2","3","3","","1429","1","2","0","0","1","0","0","2","0","2","07","","N","","","","","","","","","","",""
"2022122779","1500","1","0","0","0","0","0","0","0","0","2","0","","67","12","2022","3","40.009","-75.0827","1500","06","0","0","0","0","0","0","0","0","","0","0","0","15","8","1","00","N","0","40 00:32.225","","00","75 04:57.772","4","0","0","0","67301","0","0","0","N","0","0","0","2","67301","1","","1","99","","N","N","N","0","","0","0","1","0","0","","1550","1","2","0","0","1","0","0","2","0","2","99","","N","","","","","","","","","","",""
"2022114340","1748","1","0","0","0","0","0","0","0","0","1","0","","67","12","2022","7","40.0823","-74.9666","1735","06","0","0","0","0","0","1","0","0","","0","0","0","17","3","2","00","N","0","40 04:56.281","","01","74 57:59.858","8","0","0","0","67301","0","0","0","N","0","0","0","4","67301","0","","1","09","","N","N","N","1","","0","0","1","0","0","","1731","2","3","0","0","0","2","0","2","0","3","07","07","N","","","","","","","","","","",""
"2022116345","1850","1","0","0","0","0","0","0","0","0","8","0","","67","12","2022","2","39.9211","-75.2242","1847","06","0","0","0","0","0","0","0","0","","0","0","0","17","3","1","01","","0","39 55:15.660","","00","75 13:26.832","3","0","0","0","67301","1","0","0","N","1","0","0","2","67301","0","","1","01","","N","N","N","0","","1","0","0","3","2","","1734","1","2","0","0","0","0","0","2","0","1","03","03","N","","","","","","","","","","",""
"2022114999","1247","2","0","0","0","0","0","0","0","0","4","0","","67","12","2022","7","40.0108","-75.1266","1246","06","0","0","0","0","0","0","0","0","","0","0","0","12","8","3","01","","0","40 00:38.955","","00","75 07:35.936","3","0","0","0","67301","0","0","0","N","0","0","0","4","67301","2","","1","01","","N","N","N","0","","1","0","0","3","2","","1238","3","2","0","0","0","0","1","2","0","2","03","03","N","","","","","","","","","","",""
"2022121809","1806","1","0","0","0","0","0","0","0","0","6","0","","67","12","2022","3","40.0272","-75.1835","1806","06","0","0","0","0","1","0","0","0","","0","0","0","17","3","1","02","","0","40 01:38.085","","00","75 11:00.693","4","0","0","0","67301","0","0","0","N","0","0","0","2","67301","1","","1","01","","N","N","N","0","","0","0","0","3","2","","1732","1","2","0","0","0","0","0","2","0","2","03","","N","","","","","","","","","","",""
"2022122220","0639","1","0","0","0","0","0","0","0","0","7","0","","67","12","2022","6","39.9749","-75.2496","0637","06","0","0","0","0","0","0","0","0","","0","0","0","06","1","0","00","N","0","39 58:29.470","","00","75 14:58.510","0","0","0","0","67301","0","0","0","N","0","0","0","1","67301","0","","5","01","","N","N","N","0","","0","0","0","0","0","","0630","0","1","0","0","1","0","0","2","0","1","03","","N","","","","","","","","","","",""
"2022114672","1755","2","0","0","0","0","0","0","0","0","1","0","","67","12","2022","7","40.0952","-75.0158","1740","06","1","0","0","0","0","1","0","0","","0","0","0","17","3","1","00","N","1","40 05:42.600","4","00","75 00:56.830","3","0","0","0","67301","0","0","0","N","0","0","0","5","67301","0","","1","09","1935","N","N","N","0","","1","0","1","0","0","N","1701","1","4","0","0","0","0","0","2","1","4","07","04","N","","","","","","","","","","",""
"2022119274","0330","1","0","0","0","0","0","0","0","0","7","0","","67","12","2022","1","40.0098","-75.0894","0324","06","0","0","0","0","0","1","0","0","","0","0","0","03","3","1","00","N","2","40 00:35.294","5","01","75 05:21.919","2","0","0","0","67301","0","0","0","N","0","0","0","1","67301","0","","4","01","0511","N","N","N","1","","0","1","0","0","0","Y","0318","1","2","0","1","1","0","0","2","0","2","03","03","N","","","","","","","","","","",""
"2022118313","0340","2","0","0","0","0","0","0","0","0","4","0","","67","12","2022","2","40.0132","-75.0704","0334","06","0","0","0","0","0","0","0","0","","0","0","0","03","3","2","01","","1","40 00:47.439","3","00","75 04:13.514","4","0","0","0","67301","0","0","0","N","0","0","0","2","67301","2","","1","01","0400","N","N","N","0","","0","0","0","3","2","N","0333","2","2","0","0","2","0","0","2","0","2","03","","N","","","","","","","","","","",""
"2022117753","1555","0","0","0","0","0","0","0","0","0","7","0","","67","12","2022","5","40.0884","-75.044","1551","06","0","0","0","0","0","0","0","0","","0","0","0","15","1","1","01","","0","40 05:18.426","","00","75 02:38.540","4","0","0","0","67301","0","0","0","N","0","0","0","1","67301","1","","4","01","","N","N","N","0","","0","0","0","0","0","","1521","1","1","0","0","0","0","0","2","1","1","03","03","N","","","","","","","","","","",""
"2022120115","1540","1","0","0","0","0","0","0","0","0","1","0","","67","12","2022","5","39.9234","-75.1812","1535","06","0","0","0","0","0","0","1","0","","0","0","0","15","1","1","00","Y","0","39 55:24.246","","00","75 10:51.747","3","0","0","0","67301","0","0","0","N","0","0","0","2","67301","0","","1","01","","N","N","N","0","","1","0","1","3","2","","1520","1","2","0","0","0","0","0","2","0","2","03","03","N","","","","","","","","","","",""
"2022117270","1255","1","0","0","0","0","0","0","0","0","4","0","","67","12","2022","6","39.9897","-75.2508","1251","06","0","0","0","0","0","0","0","0","","0","0","0","12","8","0","02","","0","39 59:23.348","","00","75 15:03.040","0","0","0","0","67301","0","0","0","N","0","0","0","2","67301","0","","1","01","","N","N","N","0","","0","0","1","0","0","","1250","0","2","0","0","2","0","0","2","0","2","03","03","N","","","","","","","","","","",""
"2022119295","0426","1","0","0","0","0","0","0","0","0","5","0","","67","12","2022","5","39.9778","-75.1337","0426","06","0","0","0","0","0","0","0","0","","0","0","0","04","3","0","00","N","0","39 58:40.010","","01","75 08:01.210","9","0","0","0","67301","0","0","0","N","0","0","0","1","67301","0","","6","01","","N","N","N","0","","0","0","2","0","0","","0426","0","3","0","0","0","0","1","2","0","3","03","03","N","","","","","","","","","","",""
"2022124226","1606","0","0","0","0","0","0","0","0","0","1","0","","67","12","2022","5","39.9586","-75.1417","1559","06","0","0","0","0","0","0","0","0","","0","0","0","14","1","0","00","N","1","39 57:31.115","2","02","75 08:30.205","0","0","0","0","67301","0","0","0","N","0","0","0","2","68K01","0","","1","01","1645","N","N","N","0","","0","0","2","0","0","Y","1455","0","2","0","0","1","0","0","2","0","2","03","","N","","","","","","","","","","",""