"CRN","ARRIVAL_TM","AUTOMOBILE_COUNT","BELTED_DEATH_COUNT","BELTED_SUSP_SERIOUS_INJ_COUNT","BICYCLE_COUNT","BICYCLE_DEATH_COUNT","BICYCLE_SUSP_SERIOUS_INJ_COUNT","BUS_COUNT","CHLDPAS_DEATH_COUNT","CHLDPAS_SUSP_SERIOUS_INJ_COUNT","COLLISION_TYPE","COMM_VEH_COUNT","CONS_ZONE_SPD_LIM","COUNTY","CRASH_MONTH","CRASH_YEAR","DAY_OF_WEEK","DEC_LAT","DEC_LONG","DISPATCH_TM","DISTRICT","DRIVER_COUNT_16YR","DRIVER_COUNT_17YR","DRIVER_COUNT_18YR","DRIVER_COUNT_19YR","DRIVER_COUNT_20YR","DRIVER_COUNT_50_64YR","DRIVER_COUNT_65_74YR","DRIVER_COUNT_75PLUS","EST_HRS_CLOSED","FATAL_COUNT","HEAVY_TRUCK_COUNT","HORSE_BUGGY_COUNT","HOUR_OF_DAY","ILLUMINATION","INJURY_COUNT","INTERSECT_TYPE","INTERSECTION_RELATED","LANE_CLOSED","LATITUDE","LN_CLOSE_DIR","LOCATION_TYPE","LONGITUDE","MAX_SEVERITY_LEVEL","MCYCLE_DEATH_COUNT","MCYCLE_SUSP_SERIOUS_INJ_COUNT","MOTORCYCLE_COUNT","MUNICIPALITY","NONMOTR_COUNT","NONMOTR_DEATH_COUNT","NONMOTR_SUSP_SERIOUS_INJ_COUNT","NTFY_HIWY_MAINT","PED_COUNT","PED_DEATH_COUNT","PED_SUSP_SERIOUS_INJ_COUNT","PERSON_COUNT","POLICE_AGCY","POSSIBLE_INJ_COUNT","RDWY_SURF_TYPE_CD","RELATION_TO_ROAD","ROAD_CONDITION","ROADWAY_CLEARED","SCH_BUS_IND","SCH_ZONE_IND","SECONDARY_CRASH","SMALL_TRUCK_COUNT","SPEC_JURIS_CD","SUSP_MINOR_INJ_COUNT","SUSP_SERIOUS_INJ_COUNT","SUV_COUNT","TCD_FUNC_CD","TCD_TYPE","TFC_DETOUR_IND","TIME_OF_DAY","TOT_INJ_COUNT","TOTAL_UNITS","UNB_DEATH_COUNT","UNB_SUSP_SERIOUS_INJ_COUNT","UNBELTED_OCC_COUNT","UNK_INJ_DEG_COUNT","UNK_INJ_PER_COUNT","URBAN_RURAL","VAN_COUNT","VEHICLE_COUNT","WEATHER1","WEATHER2","WORK_ZONE_IND","WORK_ZONE_LOC","WORK_ZONE_TYPE","WORKERS_PRES","WZ_CLOSE_DETOUR","WZ_FLAGGER","WZ_LAW_OFFCR_IND","WZ_LN_CLOSURE","WZ_MOVING","WZ_OTHER","WZ_SHLDER_MDN","WZ_WORKERS_INJ_KILLED"
"2022120116","1916","1","0","0","0","0","0","0","0","0","4","0","","67","12","2022","6","39.9211","-75.1738","1915","06","0","0","0","0","0","0","0","0","","0","0","0","18","3","0","01","","0","39 55:15.927","","00","75 10:25.586","0","0","0","0","67301","0","0","0","N","0","0","0","5","67301","0","","1","01","","N","N","N","0","","0","0","1","3","2","","1840","0","2","0","0","0","0","0","2","0","2","03","03","N","","","","","","","","","","",""
"2022116939","2125","1","0","0","0","0","0","0","0","0","1","0","","67","12","2022","6","40.0461","-75.0894","2120","06","0","1","0","0","0","0","0","0","","0","0","0","21","3","1","00","N","0","40 02:46.078","","00","75 05:21.934","3","0","0","0","67301","0","0","0","N","0","0","0","2","67301","0","","6","01","","N","N","N","0","","1","0","2","0","0","","2118","1","3","0","0","0","0","0","2","0","3","03","03","N","","","","","","","","","","",""
"2022121951","0427","0","0","0","0","0","0","0","0","0","1","0","","67","12","2022","1","39.9538","-75.2201","0425","06","0","0","0","0","0","0","0","0","","0","0","0","04","3","2","01","","0","39 57:13.845","","00","75 13:12.349","3","0","0","0","67301","0","0","0","N","0","0","0","3","67301","0","","1","01","","N","N","N","0","","2","0","2","3","2","","0406","2","2","0","0","1","0","0","2","0","2","03","03","N","","","","","","","","","","",""
"2022117890","1310","0","0","0","0","0","0","0","0","0","8","0","","67","12","2022","5","39.9872","-75.1026","1257","06","0","0","0","0","0","0","0","1","","0","0","0","12","1","1","00","N","0","39 59:13.890","","00","75 06:09.470","8","0","0","0","67301","1","0","0","N","1","0","0","2","67301","0","","6","01","","N","N","N","0","","0","0","1","0","0","","1230","1","2","0","0","0","1","0","2","0","1","04","","N","","","","","","","","","","",""
"2022116949","0850","2","0","0","0","0","0","0","0","0","6","0","","67","12","2022","6","40.0046","-75.1318","0845","06","0","0","0","0","0","0","0","0","","0","0","0","08","1","1","00","N","0","40 00:16.380","","00","75 07:54.500","3","0","0","0","67301","0","0","0","N","0","0","0","1","67301","0","","6","01","","N","N","N","0","","1","0","0","0","0","","0840","1","2","0","0","0","0","0","2","0","2","03","03","N","","","","","","","","","","",""
"2022121949","2100","1","0","0","0","0","0","0","0","0","4","0","","67","12","2022","6","39.9594","-75.2453","2055","06","0","1","0","0","0","1","0","0","","0","0","0","20","3","0","01","","0","39 57:33.904","","00","75 14:43.275","9","0","0","0","67301","0","0","0","N","0","0","0","2","67301","0","","1","01","","N","N","Y","0","","0","0","0","3","2","","2043","0","2","0","0","0","0","2","2","1","2","03","03","N","","","","","","","","","","",""
"2022116337","2146","1","0","0","0","0","0","0","0","0","5","0","","67","12","2022","1","40.0431","-75.096","2145","06","0","0","0","0","0","0","0","0","","0","0","0","21","3","0","00","N","0","40 02:35.020","","00","75 05:45.760","0","0","0","0","67301","0","0","0","N","0","0","0","2","67301","0","","1","01","","N","N","N","0","","0","0","1","0","0","","2140","0","2","0","0","0","0","0","2","0","2","03","03","N","","","","","","","","","","",""
"2022121514","1630","1","0","0","0","0","0","0","0","0","7","0","","67","12","2022","2","40.0361","-75.0985","1620","06","1","0","0","0","0","0","0","0","","0","0","0","15","1","1","11","","0","40 02:10.064","","00","75 05:54.603","8","0","0","0","67301","0","0","0","N","0","0","0","1","67301","0","","5","01","","N","N","N","0","","0","0","0","3","3","","1557","1","1","0","0","1","1","0","2","0","1","03","","N","","","","","","","","","","",""
"2022114166","1645","0","0","0","0","0","0","0","0","0","8","0","","67","12","2022","7","39.9863","-75.1561","1643","06","0","0","1","0","0","0","0","0","","0","0","0","16","4","1","01","","0","39 59:10.645","","00","75 09:22.609","3","0","0","0","67301","1","0","0","N","1","0","0","2","67505","0","","1","09","","N","N","N","0","","1","0","1","3","2","","1640","1","2","0","0","0","0","0","2","0","1","04","07","N","","","","","","","","","","",""
"2022121350","0915","2","0","0","0","0","0","0","0","0","4","0","","67","12","2022","2","40.0355","-75.1788","0858","06","0","0","0","0","0","0","1","0","","0","0","0","08","1","0","01","","1","40 02:07.785","1","00","75 10:43.557","0","0","0","0","67301","0","0","0","N","0","0","0","2","67301","0","","1","01","0930","N","N","N","0","","0","0","0","3","2","N","0850","0","2","0","0","0","0","0","2","0","2","03","03","N","","","","","","","","","","",""
"2022116944","0617","3","0","0","0","0","0","0","0","0","4","0","","67","12","2022","3","39.9395","-75.1972","0615","06","0","0","0","0","0","0","0","0","","0","0","0","06","3","1","02","","0","39 56:22.066","","00","75 11:49.873","3","0","0","0","67301","0","0","0","N","0","0","0","2","67301","0","","1","01","","N","N","N","0","","1","0","0","3","3","","0609","1","3","0","0","2","0","0","2","0","3","03","03","N","","","","","","","","","","",""
"2022114688","1713","0","0","0","0","0","0","0","0","0","1","0","","67","12","2022","7","40.0146","-75.1785","1706","06","0","0","0","0","0","0","0","0","","0","0","0","16","3","0","01","","2","40 00:52.700","4","02","75 10:42.488","0","0","0","0","67301","0","0","0","N","0","0","0","5","67301","0","","1","09","1835","N","N","N","0","","0","0","1","3","2","Y","1650","0","2","0","0","0","0","0","2","1","2","07","04","N","","","","","","","","","","",""
"2022115926","1015","1","0","0","0","0","0","0","0","0","8","0","","67","12","2022","7","39.9499","-75.1623","1005","06","0","0","0","0","0","0","0","0","","0","0","0","09","1","1","00","N","0","39 56:59.530","","00","75 09:44.330","3","0","0","0","67301","1","0","0","N","1","0","0","2","67301","0","","1","09","","N","N","N","0","","1","0","0","0","0","","0948","1","2","0","0","1","0","0","2","0","1","07","","N","","","","","","","","","","",""
"2022116668","2344","2","0","0","0","0","0","0","0","0","5","0","","67","12","2022","3","40.0245","-75.1512","2343","06","0","0","0","0","0","0","0","0","","0","0","0","21","3","0","00","N","0","40 01:28.050","","00","75 09:04.450","9","0","0","0","67301","0","0","0","N","0","0","0","1","67301","0","","6","09","","N","N","Y","0","","0","0","0","0","0","","2100","0","2","0","0","1","0","1","2","0","2","07","07","N","","","","","","","","","","",""
"2022123023","1410","0","0","0","0","0","0","0","0","0","8","0","","67","12","2022","4","39.9493","-75.1642","1400","06","0","0","0","0","0","0","0","0","","0","0","0","14","1","1","01","","0","39 56:57.599","","00","75 09:51.029","2","0","0","1","67301","1","0","1","N","1","0","1","2","67301","0","","1","01","","N","N","N","0","","0","1","0","3","2","","1400","1","2","0","0","0","0","0","2","0","1","03","03","N","","","","","","","","","","",""
"2022116335","1230","0","0","0","0","0","0","0","0","0","4","0","","67","12","2022","4","39.9151","-75.1783","1228","06","0","0","0","0","0","0","0","0","","0","0","0","12","1","0","01","","0","39 54:54.241","","00","75 10:41.861","9","0","0","0","67301","0","0","0","N","0","0","0","1","67301","0","","1","09","","N","N","N","1","","0","0","1","3","3","","1225","0","2","0","0","0","0","1","2","0","2","03","03","N","","","","","","","","","","",""
"2022115927","1245","0","0","0","0","0","0","0","0","0","8","0","","67","12","2022","7","39.9528","-75.1499","1244","06","0","0","0","0","0","0","0","0","","0","0","0","12","1","1","01","","0","39 57:09.921","","00","75 08:59.708","8","0","0","0","67301","1","0","0","N","1","0","0","2","67301","0","","1","09","","N","N","N","0","","0","0","1","3","2","","1240","1","2","0","0","0","1","0","2","0","1","07","04","N","","","","","","","","","","",""
"2022116677","1825","1","0","0","0","0","0","0","0","0","8","0","","67","12","2022","2","40.0033","-75.1659","1820","06","0","0","0","1","0","0","0","0","","0","0","0","18","3","1","01","","0","40 00:11.783","","00","75 09:57.234","4","0","0","0","67301","1","0","0","N","1","0","0","2","67301","1","","1","01","","N","N","N","0","","0","0","0","3","2","","1811","1","2","0","0","0","0","0","2","0","1","03","03","N","","","","","","","","","","",""
"2022117267","2116","4","0","0","0","0","0","0","0","0","5","0","","67","12","2022","3","39.9503","-75.2439","2115","06","0","0","0","0","0","0","0","0","","0","0","0","21","3","0","00","N","0","39 57:01.030","","00","75 14:38.070","9","0","0","0","67301","0","0","0","N","0","0","0","2","67301","0","","6","09","","N","N","Y","0","","0","0","4","0","0","","2114","0","8","0","0","0","0","2","2","0","8","07","07","N","","","","","","","","","","",""
"2022117049","1126","1","0","0","0","0","0","0","0","0","4","0","","67","12","2022","6","39.9499","-75.229","1124","06","0","0","0","0","0","1","0","0","","0","0","0","11","1","1","01","","0","39 56:59.701","","00","75 13:44.475","3","0","0","0","67301","0","0","0","N","0","0","0","2","67301","0","","1","01","","N","N","N","0","","1","0","0","3","3","","1123","1","2","0","0","0","0","0","2","1","2","03","03","N","","","","","","","","","","",""
"2022093816","0900","1","0","0","0","0","0","0","0","0","4","0","","67","10","2022","5","39.9866","-75.1464","0900","06","0","0","0","0","0","2","0","0","","0","0","0","07","1","1","01","","0","39 59:11.940","","00","75 08:47.191","8","0","0","0","67301","0","0","0","N","0","0","0","2","67301","0","","1","01","","N","N","N","1","","0","0","0","3","3","","0745","1","2","0","0","0","1","0","2","0","2","03","03","N","","","","","","","","","","",""
"2022093414","1610","1","0","0","0","0","0","0","0","0","8","0","","67","10","2022","7","39.9546","-75.226","1605","06","0","0","0","0","0","0","0","0","","0","0","0","15","1","1","01","","0","39 57:16.492","","00","75 13:33.613","8","0","0","0","67301","1","0","0","N","1","0","0","2","67301","0","","1","01","","N","N","N","0","","0","0","0","3","2","","1545","1","2","0","0","1","1","0","2","0","1","03","03","N","","","","","","","","","","",""
"2022094152","0505","2","0","0","0","0","0","0","0","0","4","0","","67","10","2022","7","40.0277","-75.11","0455","06","0","0","0","0","0","1","0","0","","0","0","0","04","3","1","01","","0","40 01:39.827","","00","75 06:35.893","4","0","0","0","67301","0","0","0","N","0","0","0","2","67301","1","","1","09","","N","N","N","0","","0","0","0","3","2","","0450","1","2","0","0","1","0","0","2","0","2","07","07","N","","","","","","","","","","",""
"2022103702","0832","1","0","0","0","0","0","0","0","0","4","0","","67","11","2022","1","40.0429","-75.1438","0832","06","0","0","0","0","1","0","0","1","","0","0","0","08","1","2","01","","0","40 02:34.426","","00","75 08:37.618","4","0","0","0","67301","0","0","0","N","0","0","0","2","67301","2","","1","01","","N","N","N","0","","0","0","1","3","2","","0830","2","2","0","0","0","0","0","2","0","2","04","","N","","","","","","","","","","",""
"2022112907","1916","1","0","0","0","0","0","0","0","0","4","0","","67","11","2022","5","39.9909","-75.1551","1900","06","0","0","0","0","0","0","0","0","","0","0","0","18","1","1","01","","0","39 59:27.061","","00","75 09:18.508","3","0","0","1","67301","0","0","0","N","0","0","0","2","67301","0","","1","01","","N","N","N","0","","1","0","0","3","2","","1808","1","2","0","0","1","0","0","2","0","2","03","03","N","","","","","","","","","","",""
"2022116676","2358","1","0","0","0","0","0","0","0","0","1","0","","67","12","2022","5","40.0214","-75.1579","2346","06","0","0","0","0","0","0","0","0","","0","0","0","23","3","1","00","N","0","40 01:17.212","","00","75 09:28.403","3","0","0","0","67301","0","0","0","N","0","0","0","3","67301","0","","1","01","","N","N","N","0","","1","0","1","0","0","","2330","1","2","0","0","3","0","1","2","0","2","03","03","N","","","","","","","","","","",""
"2022101601","0755","1","0","0","0","0","0","0","0","0","5","0","","67","10","2022","1","39.9223","-75.1583","0747","06","0","0","0","0","0","0","0","0","","0","0","0","07","5","1","00","N","2","39 55:20.450","1","00","75 09:29.930","8","0","0","0","67301","0","0","0","N","0","0","0","2","67301","0","","6","01","0900","N","N","N","0","","0","0","0","0","0","Y","0732","1","2","0","0","0","1","0","2","1","2","03","","N","","","","","","","","","","",""
"2022102224","0735","0","0","0","0","0","0","0","0","0","8","0","","67","11","2022","3","40.0663","-75.0519","0735","06","0","0","0","0","0","0","0","0","","0","0","0","07","5","1","00","N","1","40 03:58.647","2","00","75 03:06.934","8","0","0","0","67301","1","0","0","N","1","0","0","2","67301","0","","1","01","0800","N","Y","N","0","","0","0","0","0","0","Y","0732","1","2","0","0","0","1","0","2","1","1","04","04","N","","","","","","","","","","",""
"2022101459","0500","1","0","0","0","0","0","0","0","0","6","0","","67","10","2022","1","40.0244","-75.1331","0500","06","0","0","0","0","0","0","0","0","","0","0","0","04","3","1","00","N","1","40 01:27.860","1","00","75 07:59.320","3","0","0","0","67301","0","0","0","N","0","0","0","1","67301","0","","6","01","0530","N","N","N","1","","1","0","0","0","0","N","0458","1","2","0","0","0","0","0","2","0","2","03","03","N","","","","","","","","","","",""
"2022105357","0619","1","0","0","0","0","0","0","0","0","5","0","","67","11","2022","3","39.9051","-75.1954","0611","06","0","0","0","0","0","1","0","0","","0","0","0","05","3","1","00","N","1","39 54:18.351","4","00","75 11:43.602","3","0","0","0","67301","0","0","0","N","0","0","0","3","67301","0","","1","01","0711","N","N","N","0","","1","0","2","0","0","N","0555","1","3","0","0","0","0","0","2","0","3","03","03","N","","","","","","","","","","",""
"2022114528","0738","0","0","0","0","0","0","1","0","0","7","1","","67","12","2022","5","","-75.2428","0733","06","0","0","0","0","0","1","0","0","","0","0","0","07","1","1","00","N","0","39 52:36.85","","00","75 14:34.140","3","0","0","0","67301","0","0","0","N","0","0","0","2","67301","0","","4","01","","N","N","N","0","","1","0","0","0","0","","0718","1","1","0","0","0","0","0","1","0","1","03","03","N","","","","","","","","","","",""
"2022103332","0230","1","0","0","0","0","0","0","0","0","7","0","","67","11","2022","6","40.0341","-75.1401","0215","06","0","0","0","0","0","0","0","0","","0","0","0","02","3","2","01","","1","40 02:02.800","1","00","75 08:24.500","8","0","0","0","67301","1","0","0","N","1","0","0","3","67301","0","","5","01","0330","N","N","N","0","","0","0","0","3","4","N","0215","2","2","0","0","2","2","0","2","0","1","03","","N","","","","","","","","","","",""
"2022123839","2029","1","0","0","0","0","0","0","0","0","5","0","","67","10","2022","1","39.9703","-75.1929","2024","06","1","0","0","1","0","0","0","0","","0","0","0","20","3","3","00","N","0","39 58:13.194","","00","75 11:34.564","4","0","0","0","67301","0","0","0","N","0","0","0","3","68K01","3","","1","01","","N","N","N","0","","0","0","1","0","0","","2024","3","2","0","0","0","0","0","2","0","2","03","03","N","","","","","","","","","","",""
"2022102223","1133","0","0","0","0","0","0","0","0","0","4","0","","67","10","2022","7","40.095","-75.0154","1126","06","0","0","0","0","0","2","0","0","","0","0","0","11","1","1","01","","1","40 05:41.842","2","00","75 00:55.583","4","0","0","0","67301","0","0","0","N","0","0","0","2","67301","1","","1","01","1145","N","N","N","0","","0","0","2","3","2","N","1124","1","2","0","0","0","0","0","2","0","2","03","03","N","","","","","","","","","","",""
"2022112407","1107","3","0","0","0","0","0","0","0","0","4","0","","67","11","2022","6","39.9962","-75.1876","1101","06","0","0","0","1","0","0","0","0","","0","0","0","11","1","0","00","N","1","39 59:46.282","1","00","75 11:15.436","0","0","0","0","67301","0","0","0","N","0","0","0","2","67301","0","","1","01","1200","N","N","N","0","","0","0","0","0","0","N","1100","0","3","0","0","0","0","0","2","0","3","03","","N","","","","","","","","","","",""
"2022103693","1050","1","0","0","0","0","0","0","0","0","4","0","","67","11","2022","4","39.9654","-75.1625","1045","06","0","0","0","0","0","0","0","0","","0","0","0","10","1","1","01","","1","39 57:55.295","3","00","75 09:45.129","3","0","0","0","67301","0","0","0","N","0","0","0","2","67301","0","","1","01","0020","N","N","N","0","","1","0","2","3","2","N","1040","1","3","0","0","1","0","0","2","0","3","03","03","N","","","","","","","","","","",""
"2022104952","1851","2","0","0","0","0","0","0","0","0","4","0","","67","11","2022","2","40.0456","-75.0564","1847","06","0","0","0","0","0","0","0","0","","0","0","0","17","3","2","02","","0","40 02:44.374","","07","75 03:22.739","3","0","0","0","67301","0","0","0","N","0","0","0","2","67301","0","","1","01","","N","N","N","0","","2","0","0","3","2","","1728","2","2","0","0","0","0","0","2","0","2","03","03","N","","","","","","","","","","",""
"2022110079","1845","1","0","0","0","0","0","0","0","0","4","0","","67","11","2022","1","39.9866","-75.1712","1838","06","0","0","0","0","0","0","0","0","","0","0","0","18","4","2","01","","0","39 59:11.810","","00","75 10:16.442","3","0","0","0","67301","0","0","0","N","0","0","0","3","67301","0","","1","01","","N","N","N","0","","2","0","2","3","2","","1837","2","3","0","0","0","0","0","2","0","3","03","03","N","","","","","","","","","","",""
"2022103224","0808","1","0","0","0","0","0","0","0","0","8","0","","67","11","2022","5","40.0209","-75.1193","0807","06","0","0","0","0","0","0","0","0","","0","0","0","08","1","1","00","N","0","40 01:15.350","","00","75 07:09.500","3","0","0","0","67301","1","0","0","N","1","0","0","2","67301","0","","1","01","","N","Y","N","0","","1","0","0","3","8","","0800","1","2","0","0","0","0","0","2","0","1","03","03","N","","","","","","","","","","",""
"2022105486","0900","0","0","0","0","0","0","0","0","0","1","0","","67","11","2022","2","40.0468","-75.1375","0854","06","0","0","0","0","0","1","0","0","","0","0","0","07","1","1","01","","0","40 02:48.506","","00","75 08:15.137","3","0","0","0","67301","0","0","0","N","0","0","0","2","67301","0","","1","01","","N","N","N","0","","1","0","2","3","2","","0738","1","2","0","0","0","0","0","2","0","2","03","03","N","","","","","","","","","","",""
"2022093802","0218","0","0","0","0","0","0","0","0","0","1","0","","67","10","2022","6","39.8946","-75.2296","0218","06","0","0","0","0","0","0","0","0","","0","0","0","02","3","0","03","","0","39 53:40.896","","00","75 13:46.117","0","0","0","0","67301","0","0","0","N","0","0","0","2","67301","0","","1","01","","N","N","N","0","","0","0","1","3","2","","0209","0","2","0","0","1","0","0","2","0","2","03","03","N","","","","","","","","","","",""
"2022095024","1950","0","0","0","0","0","0","0","0","0","4","0","","67","10","2022","7","39.9702","-75.1597","1950","06","0","0","0","0","0","0","0","0","","0","0","0","19","3","1","01","","0","39 58:12.621","","00","75 09:34.763","3","0","0","0","67301","0","0","0","N","0","0","0","2","67301","0","","1","99","","N","N","N","0","","1","0","2","3","2","","1950","1","2","0","0","0","0","0","2","0","2","99","03","N","","","","","","","","","","",""
"2022113194","1618","1","0","0","0","0","0","0","0","0","4","0","","67","11","2022","5","40.015","-75.1472","1618","06","0","0","0","0","0","0","0","0","","0","0","0","19","3","1","01","","0","40 00:53.820","","00","75 08:49.970","8","0","0","0","67301","0","0","0","N","0","0","0","2","67301","0","","1","01","","N","N","N","0","","0","0","0","3","2","","1900","1","2","0","0","0","1","1","2","0","2","03","","N","","","","","","","","","","",""
"2022104512","1641","1","0","0","0","0","0","0","0","0","1","0","","67","11","2022","4","39.8988","-75.1791","1641","06","0","0","0","0","0","0","0","0","","0","0","0","16","1","0","00","N","1","39 53:55.839","1","03","75 10:44.790","0","0","0","0","67301","0","0","0","N","0","0","0","2","68K01","0","","1","01","1730","N","N","N","0","","0","0","0","0","0","N","1639","0","2","0","0","0","0","0","2","1","2","03","","N","","","","","","","","","","",""
"2022110570","2027","1","0","0","0","0","0","0","0","0","1","0","","67","11","2022","6","39.9741","-75.1179","2025","06","0","0","0","0","0","0","0","0","","0","0","0","20","3","2","01","","1","39 58:26.639","2","00","75 07:04.374","3","0","0","0","67301","0","0","0","N","0","0","0","4","67301","0","","1","01","2030","N","N","N","1","","2","0","0","3","2","Y","2020","2","2","0","0","0","0","0","2","0","2","03","","N","","","","","","","","","","",""
"2022101559","0039","1","0","0","0","0","0","0","0","0","1","0","","67","10","2022","6","39.9817","-75.2073","0021","06","0","0","0","0","0","0","0","0","","0","0","0","00","3","0","00","N","1","39 58:54.080","3","00","75 12:26.305","0","0","0","0","67301","0","0","0","N","0","0","0","4","68K01","0","","1","01","0045","N","N","N","0","","0","0","2","0","0","N","0020","0","3","0","0","0","0","0","2","0","3","03","","N","","","","","","","","","","",""
"2022108692","2212","1","0","0","0","0","0","0","0","0","0","0","","67","10","2022","2","40.0349","-75.0189","2151","06","0","1","0","0","0","0","0","0","","0","0","0","21","3","1","00","N","1","40 02:05.480","2","03","75 01:07.950","8","0","0","0","67301","0","0","0","N","0","0","0","1","68K01","0","","1","09","2300","N","N","N","0","","0","0","0","0","0","Y","2148","1","1","0","0","0","1","0","2","0","1","07","","N","","","","","","","","","","",""
"2022116354","0115","5","0","0","0","0","0","0","0","0","5","0","","67","12","2022","5","39.9874","-75.1559","0110","06","0","0","0","1","0","0","0","0","","0","0","0","00","3","0","00","N","0","39 59:14.705","","00","75 09:21.228","9","0","0","0","67301","0","0","0","N","0","0","0","3","67301","0","","1","01","","N","N","N","0","","0","0","0","0","0","","0000","0","5","0","0","0","0","2","2","0","5","03","","N","","","","","","","","","","",""
"2022102964","0134","1","0","0","0","0","0","0","0","0","7","0","","67","11","2022","3","40.0207","-75.1417","0126","06","0","0","0","1","0","0","0","0","","0","0","0","01","3","2","03","","0","40 01:14.687","","02","75 08:30.172","2","0","0","0","67301","0","0","0","N","0","0","0","2","67301","0","","7","09","","N","N","N","0","","1","1","0","0","0","","0120","2","1","0","0","0","0","0","2","0","1","03","03","N","","","","","","","","","","",""
"2022123001","0028","1","0","0","0","0","0","0","0","0","5","0","","67","10","2022","1","40.0072","-75.2003","0026","06","0","0","1","0","0","1","0","0","","0","0","0","00","3","5","00","N","0","40 00:25.962","","00","75 12:00.964","3","0","0","0","67301","0","0","0","N","0","0","0","5","68K01","0","","1","01","","N","N","N","0","","5","0","1","0","0","","0025","5","2","0","0","0","0","0","2","0","2","03","","N","","","","","","","","","","",""
"2022106164","0819","1","0","0","0","0","0","0","0","0","8","0","","67","10","2022","2","39.9517","-75.2369","0817","06","0","0","0","0","0","0","0","0","","0","0","0","08","1","1","01","","0","39 57:06.123","","00","75 14:12.685","4","0","0","0","67301","1","0","0","N","1","0","0","2","67301","1","","1","01","","N","N","N","0","","0","0","0","3","2","","0817","1","2","0","0","1","0","0","2","0","1","03","03","N","","","","","","","","","","",""
"2022101458","0230","1","0","0","0","0","0","0","0","0","6","0","","67","10","2022","7","40.0463","-75.1496","0230","06","0","0","0","0","0","1","0","0","","0","0","0","01","3","0","00","N","0","40 02:46.760","","00","75 08:58.550","0","0","0","0","67301","0","0","0","N","0","0","0","1","67301","0","","6","01","","N","N","N","0","","0","0","1","0","0","","0155","0","2","0","0","1","0","0","2","0","2","03","03","N","","","","","","","","","","",""
"2022103989","1617","0","0","0","0","0","0","0","0","0","8","0","","67","11","2022","7","40.0493","-75.0679","1814","06","0","0","0","0","0","0","0","0","","0","0","0","15","1","1","01","","0","40 02:57.669","","00","75 04:04.477","8","0","0","0","67301","1","0","0","N","1","0","0","2","67301","0","","1","99","","N","N","N","0","","0","0","1","3","2","","1548","1","2","0","0","0","1","0","2","0","1","03","03","N","","","","","","","","","","",""
"2022103062","1148","0","0","0","0","0","0","0","0","0","4","1","","67","11","2022","4","40.0329","-75.0521","1143","06","0","0","0","0","0","0","0","0","","0","0","0","11","1","1","01","","0","40 01:58.605","","00","75 03:07.484","4","0","0","0","67301","0","0","0","N","0","0","0","2","67301","1","","1","01","","N","N","Y","0","","0","0","1","3","3","","1142","1","2","0","0","1","0","0","2","1","2","03","","N","","","","","","","","","","",""
"2022105974","2201","1","0","0","0","0","0","0","0","0","6","0","","67","11","2022","3","39.9405","-75.2255","2200","06","0","0","0","0","0","0","0","0","","0","0","0","22","3","2","00","N","0","39 56:25.750","","00","75 13:31.820","3","0","0","0","67301","0","0","0","N","0","0","0","3","67301","0","","1","01","","N","N","N","0","","2","0","1","0","0","","2200","2","2","0","0","1","0","0","2","0","2","03","03","N","","","","","","","","","","",""
"2022093064","0356","0","0","0","0","0","0","0","0","0","4","0","","67","10","2022","7","40.0353","-75.0252","0351","06","0","0","0","0","0","0","1","0","","0","0","0","03","3","0","01","","0","40 02:07.013","","00","75 01:30.652","0","0","0","0","67301","0","0","0","N","0","0","0","2","67301","0","","1","09","","N","N","N","0","","0","0","2","3","2","","0347","0","2","0","0","1","0","0","2","0","2","07","07","N","","","","","","","","","","",""
"2022125099","1636","1","0","0","0","0","0","0","0","0","1","1","","67","12","2022","5","40.0368","-75.0407","1626","06","0","0","0","0","0","1","0","0","","0","1","0","14","1","1","05","","1","40 02:12.343","2","00","75 02:27.405","3","0","0","0","67301","0","0","0","N","0","0","0","5","67301","0","","1","01","1721","N","N","N","0","","1","0","1","3","2","N","1445","1","3","0","0","0","0","2","2","0","3","03","03","N","","","","","","","","","","",""
"2022093818","1159","0","0","0","0","0","0","0","0","0","8","0","","67","10","2022","5","39.9803","-75.1463","1159","06","0","0","0","0","0","0","0","0","","0","0","0","18","1","1","01","","0","39 58:49.115","","00","75 08:46.737","3","0","0","0","67301","1","0","0","N","1","0","0","2","67301","0","","1","01","","N","N","N","1","","1","0","0","3","3","","1810","1","2","0","0","1","0","0","2","0","1","03","03","N","","","","","","","","","","",""
"2022093292","1735","1","0","0","0","0","0","0","0","0","5","0","","67","10","2022","7","40.0766","-75.0329","1731","06","0","0","0","0","0","2","0","0","","0","0","0","16","1","2","01","","0","40 04:35.844","","00","75 01:58.321","4","0","0","0","67301","0","0","0","N","0","0","0","4","67301","2","","1","01","","N","N","N","1","","0","0","1","3","2","","1628","2","3","0","0","1","0","1","2","0","3","03","03","N","","","","","","","","","","",""
"2022106633","2113","0","0","0","0","0","0","0","0","0","4","0","","67","11","2022","2","39.9746","-75.1995","2111","06","0","0","0","0","0","1","0","0","","0","0","0","20","3","1","01","","0","39 58:28.934","","02","75 11:58.125","3","0","0","0","67301","0","0","0","N","0","0","0","2","67301","0","","1","01","","N","N","N","1","","1","0","1","3","2","","2040","1","2","0","0","1","0","0","2","0","2","03","","N","","","","","","","","","","",""