"CRN","ARRIVAL_TM","AUTOMOBILE_COUNT","BELTED_DEATH_COUNT","BELTED_SUSP_SERIOUS_INJ_COUNT","BICYCLE_COUNT","BICYCLE_DEATH_COUNT","BICYCLE_SUSP_SERIOUS_INJ_COUNT","BUS_COUNT","CHLDPAS_DEATH_COUNT","CHLDPAS_SUSP_SERIOUS_INJ_COUNT","COLLISION_TYPE","COMM_VEH_COUNT","CONS_ZONE_SPD_LIM","COUNTY","CRASH_MONTH","CRASH_YEAR","DAY_OF_WEEK","DEC_LAT","DEC_LONG","DISPATCH_TM","DISTRICT","DRIVER_COUNT_16YR","DRIVER_COUNT_17YR","DRIVER_COUNT_18YR","DRIVER_COUNT_19YR","DRIVER_COUNT_20YR","DRIVER_COUNT_50_64YR","DRIVER_COUNT_65_74YR","DRIVER_COUNT_75PLUS","EST_HRS_CLOSED","FATAL_COUNT","HEAVY_TRUCK_COUNT","HORSE_BUGGY_COUNT","HOUR_OF_DAY","ILLUMINATION","INJURY_COUNT","INTERSECT_TYPE","INTERSECTION_RELATED","LANE_CLOSED","LATITUDE","LN_CLOSE_DIR","LOCATION_TYPE","LONGITUDE","MAX_SEVERITY_LEVEL","MCYCLE_DEATH_COUNT","MCYCLE_SUSP_SERIOUS_INJ_COUNT","MOTORCYCLE_COUNT","MUNICIPALITY","NONMOTR_COUNT","NONMOTR_DEATH_COUNT","NONMOTR_SUSP_SERIOUS_INJ_COUNT","NTFY_HIWY_MAINT","PED_COUNT","PED_DEATH_COUNT","PED_SUSP_SERIOUS_INJ_COUNT","PERSON_COUNT","POLICE_AGCY","POSSIBLE_INJ_COUNT","RDWY_SURF_TYPE_CD","RELATION_TO_ROAD","ROAD_CONDITION","ROADWAY_CLEARED","SCH_BUS_IND","SCH_ZONE_IND","SECONDARY_CRASH","SMALL_TRUCK_COUNT","SPEC_JURIS_CD","SUSP_MINOR_INJ_COUNT","SUSP_SERIOUS_INJ_COUNT","SUV_COUNT","TCD_FUNC_CD","TCD_TYPE","TFC_DETOUR_IND","TIME_OF_DAY","TOT_INJ_COUNT","TOTAL_UNITS","UNB_DEATH_COUNT","UNB_SUSP_SERIOUS_INJ_COUNT","UNBELTED_OCC_COUNT","UNK_INJ_DEG_COUNT","UNK_INJ_PER_COUNT","URBAN_RURAL","VAN_COUNT","VEHICLE_COUNT","WEATHER1","WEATHER2","WORK_ZONE_IND","WORK_ZONE_LOC","WORK_ZONE_TYPE","WORKERS_PRES","WZ_CLOSE_DETOUR","WZ_FLAGGER","WZ_LAW_OFFCR_IND","WZ_LN_CLOSURE","WZ_MOVING","WZ_OTHER","WZ_SHLDER_MDN","WZ_WORKERS_INJ_KILLED"
"2022102011","1449","2","0","0","0","0","0","0","0","0","4","0","","67","10","2022","2","40.0415","-75.0133","1449","06","0","0","1","0","0","0","0","0","","0","0","0","14","1","0","01","","0","40 02:29.306","","00","75 00:47.756","0","0","0","0","67301","0","0","0","N","0","0","0","2","67301","0","","1","01","","N","N","N","0","","0","0","0","3","2","","1448","0","2","0","0","0","0","0","2","0","2","03","","N","","","","","","","","","","",""
"2022102229","1102","1","0","0","0","0","0","0","0","0","4","0","","67","10","2022","2","39.9733","-75.1945","1059","06","0","0","0","0","0","1","0","0","","0","0","0","10","1","0","00","N","0","39 58:23.790","","00","75 11:40.170","0","0","0","0","67301","0","0","0","N","0","0","0","2","67301","0","","1","01","","N","N","N","0","","0","0","1","0","0","","1022","0","2","0","0","2","0","0","2","0","2","03","03","N","","","","","","","","","","",""
"2022100794","0837","0","0","0","0","0","0","0","0","0","8","0","","67","10","2022","5","39.966","-75.2069","0836","06","0","0","0","0","0","0","0","0","","0","0","0","08","1","1","00","N","0","39 57:57.800","","00","75 12:25.000","8","0","0","0","67301","1","0","0","N","1","0","0","3","67301","0","","6","01","","N","N","N","0","","0","0","1","0","0","","0830","1","2","0","0","0","1","0","2","0","1","03","03","N","","","","","","","","","","",""
"2022106167","0135","2","0","0","0","0","0","0","0","0","4","0","","67","11","2022","6","39.976","-75.1595","0133","06","0","0","0","0","0","1","0","0","","0","0","0","01","3","1","01","","0","39 58:33.526","","00","75 09:34.081","3","0","0","0","67301","0","0","0","N","0","0","0","2","67301","0","","1","01","","N","N","N","0","","1","0","0","3","3","","0126","1","2","0","0","2","0","0","2","0","2","03","04","N","","","","","","","","","","",""
"2022103690","1200","0","0","0","0","0","0","0","0","0","0","0","","67","10","2022","6","40.0617","-75.2354","1155","06","0","0","0","0","0","0","0","0","","0","0","0","11","1","1","00","N","1","40 03:41.940","3","00","75 14:07.570","8","0","0","0","67301","0","0","0","N","0","0","0","1","67301","0","","1","01","1400","N","N","N","0","","0","0","1","0","0","Y","1150","1","2","0","0","0","1","0","2","1","2","03","03","N","","","","","","","","","","",""
"2022102957","1825","1","0","0","1","0","0","0","0","0","8","0","","67","11","2022","4","40.0563","-75.019","1823","06","0","0","0","0","0","0","0","0","","0","0","0","18","3","1","00","N","1","40 03:22.630","2","00","75 01:08.530","3","0","0","0","67301","1","0","0","N","0","0","0","3","67301","0","","1","01","0100","N","N","N","0","","1","0","0","0","0","N","1823","1","2","0","0","0","0","0","2","0","1","03","","N","","","","","","","","","","",""
"2022114347","1815","1","0","0","0","0","0","0","0","0","1","0","","67","11","2022","5","40.015","-75.1472","1815","06","0","0","0","0","0","1","0","0","","0","0","0","17","1","0","01","","0","40 00:53.848","","00","75 08:49.959","0","0","0","0","67301","0","0","0","N","0","0","0","2","67301","0","","1","01","","N","N","N","0","","0","0","1","3","2","","1700","0","2","0","0","0","0","0","2","0","2","03","03","N","","","","","","","","","","",""
"2022095234","0743","4","0","0","0","0","0","0","0","0","5","0","","67","10","2022","6","40.0461","-75.1255","0739","06","0","0","0","0","0","0","1","0","","0","0","0","07","1","2","00","N","2","40 02:45.800","1","00","75 07:31.700","8","0","0","0","67301","0","0","0","N","0","0","0","2","67301","0","","6","01","1047","N","N","N","1","","0","0","4","0","0","N","0739","2","9","0","0","0","2","0","2","0","9","03","03","N","","","","","","","","","","",""
"2022093079","2354","1","0","0","0","0","0","0","0","0","1","0","","67","10","2022","6","","","2352","06","0","0","0","0","0","0","0","0","","0","0","0","23","3","2","00","N","2","","3","03","","3","0","0","0","67301","0","0","0","N","0","0","0","4","67501","0","","1","01","0034","N","N","N","0","","2","0","0","3","8","N","2352","2","2","0","0","0","0","0","1","1","2","04","04","N","","","","","","","","","","",""
"2022092508","2052","1","0","0","0","0","0","0","0","0","1","0","","67","10","2022","4","40.0602","-75.0566","2050","06","0","0","0","0","0","1","0","0","","0","0","0","20","3","1","00","N","0","40 03:36.710","","00","75 03:23.910","3","0","0","0","67301","0","0","0","N","0","0","0","1","67301","0","","6","09","","N","N","N","0","","1","0","2","0","0","","2029","1","3","0","0","0","0","0","2","0","3","04","07","N","","","","","","","","","","",""
"2022125111","0515","1","0","0","0","0","0","0","0","0","4","0","","67","12","2022","6","40.0541","-75.1431","0511","06","0","0","0","0","0","0","0","0","","0","0","0","03","3","0","00","N","0","40 03:14.580","","00","75 08:35.280","0","0","0","0","67301","0","0","0","N","0","0","0","0","67301","0","","1","01","","N","N","N","0","","0","0","1","0","0","","0337","0","2","0","0","0","0","0","2","0","2","03","03","N","","","","","","","","","","",""
"2022093805","2020","1","0","0","0","0","0","0","0","0","8","0","","67","10","2022","6","39.9453","-75.2295","2010","06","0","0","0","0","0","0","0","0","","0","0","0","19","3","1","01","","0","39 56:43.086","","00","75 13:46.506","8","0","0","0","67301","1","0","0","N","1","0","0","2","67301","0","","1","01","","N","N","N","0","","0","0","0","3","2","","1930","1","2","0","0","1","1","1","2","0","1","03","03","N","","","","","","","","","","",""
"2022097031","2130","1","0","0","0","0","0","0","0","0","1","0","","67","10","2022","6","39.9674","-75.1289","2115","06","0","0","0","0","0","0","0","0","","0","0","0","20","3","1","05","","0","39 58:02.502","","00","75 07:43.907","3","0","0","1","67301","0","0","0","N","0","0","0","2","67301","0","","1","01","","N","N","N","0","","1","0","0","3","2","","2050","1","2","0","0","1","0","0","2","0","2","03","","N","","","","","","","","","","",""
"2022093412","1740","0","0","0","0","0","0","0","0","0","4","0","","67","10","2022","6","39.9752","-75.1882","1730","06","0","0","0","0","0","0","1","0","","0","0","0","17","1","0","01","","0","39 58:30.584","","00","75 11:17.385","0","0","0","0","67301","0","0","0","N","0","0","0","2","67301","0","","1","01","","N","N","N","0","","0","0","2","3","2","","1710","0","2","0","0","0","0","0","2","0","2","03","03","N","","","","","","","","","","",""
"2022092610","1630","1","0","0","0","0","0","0","0","0","4","0","","67","10","2022","5","40.0532","-75.1861","1609","06","0","0","0","0","0","1","0","1","","0","0","0","13","1","1","02","","0","40 03:11.690","","00","75 11:09.860","3","0","0","0","67301","0","0","0","N","0","0","0","2","67301","0","","1","01","","N","N","N","0","","1","0","0","0","0","","1330","1","2","0","0","0","0","1","2","1","2","03","03","N","","","","","","","","","","",""
"2022103331","2210","1","0","0","0","0","0","0","0","0","4","0","","67","11","2022","4","40.0515","-75.1501","2210","06","0","0","0","0","0","1","0","0","","0","0","0","22","3","1","01","","0","40 03:05.564","","00","75 09:00.360","2","0","0","0","67301","0","0","0","N","0","0","0","2","67301","0","","1","01","","N","N","N","0","","0","1","1","3","2","","2200","1","2","0","0","1","0","0","2","0","2","03","03","N","","","","","","","","","","",""
"2022103704","1646","0","0","0","0","0","0","0","0","0","8","0","","67","11","2022","4","40.0197","-75.1843","1645","06","0","0","0","0","0","0","0","0","","0","0","0","14","1","1","01","","0","40 01:10.833","","00","75 11:03.678","2","0","0","0","67301","1","0","1","N","1","0","1","2","67301","0","","1","01","","N","N","N","0","","0","1","0","3","2","","1428","1","2","0","0","0","0","1","2","0","1","03","","N","","","","","","","","","","",""
"2022100797","1325","0","0","0","0","0","0","0","0","0","1","0","","67","10","2022","6","39.9764","-75.272","1318","06","0","0","0","0","0","0","1","0","","0","0","0","13","1","1","00","N","0","39 58:34.970","","00","75 16:19.230","3","0","0","0","67301","0","0","0","N","0","0","0","1","67301","0","","6","01","","N","N","Y","1","","1","0","1","0","0","","1309","1","2","0","0","0","0","0","2","0","2","03","","N","","","","","","","","","","",""
"2022102941","1625","0","0","0","0","0","0","0","0","0","1","0","","67","11","2022","3","39.9214","-75.1916","1620","06","0","0","0","0","0","1","0","0","","0","0","0","16","1","0","00","N","0","39 55:17.083","","00","75 11:29.648","0","0","0","0","67301","0","0","0","N","0","0","0","2","67301","0","","1","01","","N","N","N","0","","0","0","2","0","0","","1615","0","2","0","0","2","0","0","2","0","2","03","04","N","","","","","","","","","","",""
"2022103317","1640","1","0","0","0","0","0","0","0","0","4","0","","67","11","2022","5","39.9203","-75.2135","1629","06","0","0","0","0","0","0","0","0","","0","0","0","15","1","1","00","N","0","39 55:13.050","","07","75 12:48.610","3","0","0","0","67301","0","0","0","N","0","0","0","2","67301","0","","1","01","","N","N","N","1","","1","0","0","0","0","","1546","1","2","0","0","0","0","1","2","0","2","03","04","N","","","","","","","","","","",""
"2022103220","1610","1","0","0","0","0","0","0","0","0","8","0","","67","11","2022","4","40.0098","-75.1084","1604","06","0","0","0","0","0","0","1","0","","0","0","0","15","1","1","00","N","0","40 00:35.300","","00","75 06:30.400","3","0","0","0","67301","1","0","0","N","1","0","0","2","67301","0","","1","01","","N","N","N","0","","1","0","0","0","0","","1546","1","2","0","0","0","0","0","2","0","1","03","03","N","","","","","","","","","","",""
"2022103065","1905","1","0","0","0","0","0","0","0","0","8","0","","67","11","2022","3","40.0116","-75.169","2116","06","0","0","0","0","0","0","0","0","","0","0","0","19","3","1","00","N","0","40 00:41.800","","07","75 10:08.500","3","0","0","0","67301","1","0","0","N","1","0","0","2","67301","0","","1","01","","N","N","N","0","","1","0","0","0","0","","1901","1","2","0","0","0","0","1","2","0","1","03","03","N","","","","","","","","","","",""
"2022105483","0040","2","0","0","0","0","0","0","0","0","2","0","","67","11","2022","2","39.9588","-75.2333","0039","06","0","0","0","0","0","0","0","0","","0","0","0","00","3","0","00","N","2","39 57:31.670","5","00","75 13:59.920","9","0","0","0","67301","0","0","0","N","0","0","0","3","67301","0","","1","01","0400","N","N","N","0","","0","0","0","0","0","Y","0005","0","3","0","0","0","0","3","2","1","3","03","03","N","","","","","","","","","","",""
"2022100805","1650","2","0","0","0","0","0","0","0","0","4","0","","67","10","2022","6","40.0449","-75.1468","1643","06","0","0","0","0","1","0","0","0","","0","0","0","16","1","2","05","","0","40 02:41.481","","00","75 08:48.505","3","0","0","0","67301","0","0","0","N","0","0","0","4","67301","0","","1","01","","N","N","N","0","","2","0","0","3","2","","1605","2","2","0","0","0","0","0","2","0","2","03","","N","","","","","","","","","","",""
"2022101450","1334","0","0","0","0","0","0","0","0","0","4","0","","67","10","2022","1","39.9037","-75.2434","1334","06","0","0","0","1","0","0","0","0","","0","0","0","13","1","0","01","","1","39 54:13.170","6","00","75 14:36.300","0","0","0","0","67301","0","0","0","N","0","0","0","2","67301","0","","1","01","0130","N","N","N","0","","0","0","1","3","2","N","1334","0","2","0","0","1","0","0","2","1","2","03","03","N","","","","","","","","","","",""
"2022102952","0800","1","0","0","0","0","0","0","0","0","8","0","","67","11","2022","5","39.9359","-75.1566","0718","06","0","0","0","0","0","0","0","0","","0","0","0","07","5","1","00","N","0","39 56:09.160","","00","75 09:23.790","3","0","0","0","67301","1","0","0","N","1","0","0","2","67301","0","","1","01","","N","N","N","0","","1","0","0","0","0","","0700","1","2","0","0","0","0","0","2","0","1","05","","N","","","","","","","","","","",""
"2022093616","0948","0","0","0","0","0","0","0","0","0","7","0","","67","10","2022","6","40.0006","-75.0858","0939","06","0","0","0","0","0","0","0","0","","0","0","0","08","1","0","00","N","1","40 00:02.332","1","02","75 05:08.701","0","0","0","0","67301","0","0","0","N","0","0","0","1","68K01","0","","4","01","1000","N","N","N","0","","0","0","1","0","0","N","0848","0","1","0","0","0","0","0","2","0","1","03","","N","","","","","","","","","","",""
"2022093415","1859","0","0","0","0","0","0","0","0","0","4","0","","67","10","2022","7","39.9461","-75.2165","1859","06","0","0","0","0","0","0","0","0","","0","0","0","18","3","2","01","","0","39 56:45.794","","00","75 12:59.385","4","0","0","0","67301","0","0","0","N","0","0","0","4","67301","1","","1","01","","N","N","N","0","","0","0","2","3","3","","1853","2","2","0","0","1","1","2","2","0","2","03","","N","","","","","","","","","","",""
"2022092509","1000","2","0","0","0","0","0","0","0","0","4","0","","67","10","2022","5","40.0455","-75.0952","0957","06","0","0","0","0","0","0","1","0","","0","0","0","09","1","0","01","","0","40 02:43.961","","00","75 05:42.557","9","0","0","0","67301","0","0","0","N","0","0","0","2","67301","0","","1","01","","N","N","N","0","","0","0","0","3","3","","0900","0","2","0","0","0","0","1","2","0","2","03","04","N","","","","","","","","","","",""
"2022095345","0015","1","0","0","0","0","0","0","0","0","1","0","","67","10","2022","7","39.9927","-75.1447","0010","06","0","0","0","0","0","0","0","1","","0","0","0","23","3","3","00","Y","0","39 59:33.779","","00","75 08:40.825","4","0","0","0","67301","0","0","0","N","0","0","0","4","67301","2","","1","01","","N","N","N","0","","0","0","1","3","2","","2344","3","2","0","0","2","1","0","2","0","2","03","03","N","","","","","","","","","","",""
"2022104612","0525","1","0","0","1","0","0","0","0","0","8","0","","67","11","2022","7","39.9647","-75.2245","0521","06","0","0","0","0","0","0","0","0","","0","0","0","03","8","1","00","N","0","39 57:52.792","","00","75 13:28.261","3","0","0","0","67301","1","0","0","N","0","0","0","2","67301","0","","1","01","","N","N","N","0","","1","0","0","0","0","","0323","1","2","0","0","1","0","0","2","0","1","03","03","N","","","","","","","","","","",""
"2022109362","0730","1","0","0","0","0","0","0","0","0","4","0","","67","11","2022","4","40.0284","-75.027","0728","06","0","0","0","0","0","0","0","0","","0","0","0","07","1","1","00","N","0","40 01:42.107","","07","75 01:37.322","4","0","0","0","67301","0","0","0","N","0","0","0","3","67301","1","","1","01","","N","N","N","0","","0","0","0","0","0","","0724","1","2","0","0","0","0","0","2","1","2","03","03","N","","","","","","","","","","",""
"2022104736","1636","0","0","0","1","0","0","0","0","0","8","0","","67","11","2022","4","39.9807","-75.1504","1630","06","0","0","0","0","0","1","0","0","","0","0","0","16","1","1","00","N","0","39 58:50.500","","00","75 09:01.300","3","0","0","0","67301","1","0","0","N","0","0","0","2","67505","0","","1","01","","N","N","N","0","","1","0","1","0","0","","1625","1","2","0","0","0","0","0","2","0","1","03","03","N","","","","","","","","","","",""
"2022101114","1658","1","0","0","0","0","0","0","0","0","1","0","","67","10","2022","7","40.0074","-75.1288","1658","06","0","0","0","0","0","0","0","0","","0","0","0","16","1","1","00","Y","0","40 00:26.508","","00","75 07:43.559","4","0","0","0","67301","0","0","0","N","0","0","0","4","67301","1","","1","01","","N","N","Y","0","","0","0","1","3","2","","1658","1","3","0","0","3","0","0","2","1","3","03","03","N","","","","","","","","","","",""
"2022100798","1511","2","0","0","0","0","0","0","0","0","4","0","","67","10","2022","6","39.9917","-75.1797","1511","06","0","0","0","0","0","0","0","1","","0","0","0","15","1","0","02","","0","39 59:30.241","","07","75 10:47.032","9","0","0","0","67301","0","0","0","N","0","0","0","3","67301","0","","1","01","","N","N","Y","0","","0","0","1","0","0","","1507","0","3","0","0","2","0","2","2","0","3","03","","N","","","","","","","","","","",""
"2022105702","0100","1","0","0","0","0","0","0","0","0","7","0","","67","10","2022","7","39.9613","-75.1825","0053","06","0","0","0","0","0","0","0","0","","0","0","0","00","3","1","00","N","1","39 57:40.729","3","00","75 10:56.854","3","0","0","0","67301","0","0","0","N","0","0","0","2","68K01","0","","4","01","0130","N","N","N","0","","1","0","1","0","0","N","0052","1","2","0","0","0","0","0","2","0","2","03","","N","","","","","","","","","","",""
"2022104621","0111","0","0","0","0","0","0","0","0","0","7","0","","67","11","2022","3","40.0126","-75.1689","0111","06","0","0","0","0","0","0","0","0","","0","0","0","00","3","0","00","N","0","40 00:45.401","","00","75 10:07.955","9","0","0","0","67301","0","0","0","N","0","0","0","1","67301","0","","4","01","","N","N","N","0","","0","0","1","0","0","","0046","0","1","0","0","0","0","1","2","0","1","03","","N","","","","","","","","","","",""
"2022100526","1400","3","0","0","0","0","0","0","0","0","5","0","","67","10","2022","6","39.9997","-75.1139","1358","06","0","0","0","0","0","0","0","0","","0","0","0","13","1","1","00","N","2","39 59:58.960","3","00","75 06:49.940","3","0","0","0","67301","0","0","0","N","0","0","0","1","67301","0","","1","01","1445","N","N","N","0","","1","0","1","0","0","Y","1325","1","4","0","0","0","0","0","2","0","4","03","03","N","","","","","","","","","","",""
"2022105136","1335","1","0","0","0","0","0","0","0","0","1","0","","67","11","2022","2","40.0308","-75.1464","1334","06","0","0","0","0","0","1","0","0","","0","0","0","11","1","2","03","","0","40 01:50.959","","00","75 08:47.127","3","0","0","0","67301","0","0","0","N","0","0","0","6","67301","0","","1","01","","N","N","Y","0","","2","0","2","3","2","","1155","2","4","0","0","0","0","0","2","0","4","03","03","N","","","","","","","","","","",""
"2022110078","1835","0","0","0","0","0","0","0","0","0","4","0","","67","11","2022","2","39.9713","-75.2272","1835","06","0","0","0","0","0","2","0","0","","0","0","0","15","1","0","01","","0","39 58:16.510","","00","75 13:37.977","9","0","0","0","67301","0","0","0","N","0","0","0","2","67301","0","","1","01","","N","N","N","0","","0","0","2","3","2","","1520","0","2","0","0","0","0","2","2","0","2","03","03","N","","","","","","","","","","",""
"2022104515","1909","1","0","0","0","0","0","0","0","0","1","0","","67","11","2022","5","39.979","-75.2035","1849","06","0","0","0","0","0","0","0","0","","0","0","0","18","3","0","00","N","0","39 58:44.396","","00","75 12:12.697","0","0","0","0","67301","0","0","0","N","0","0","0","2","68K01","0","","1","01","","N","N","N","0","","0","0","1","0","0","","1848","0","2","0","0","0","0","0","2","0","2","03","03","N","","","","","","","","","","",""
"2022106162","0125","1","0","0","0","0","0","0","0","0","1","0","","67","10","2022","6","39.9506","-75.2268","0125","06","0","0","0","0","0","1","0","0","","0","0","0","17","1","1","00","N","0","39 57:02.156","","00","75 13:36.575","8","0","0","0","67301","0","0","0","N","0","0","0","2","67301","0","","1","01","","N","N","N","0","","0","0","1","0","0","","1700","1","2","0","0","0","1","1","2","0","2","03","03","N","","","","","","","","","","",""
"2022103692","2045","2","0","0","0","0","0","0","0","0","4","0","","67","11","2022","6","39.9643","-75.1464","2045","06","0","0","0","0","0","1","0","0","","0","0","0","20","3","1","01","","0","39 57:51.332","","00","75 08:47.209","4","0","0","0","67301","0","0","0","N","0","0","0","3","67301","1","","1","01","","N","N","N","0","","0","0","0","3","3","","2000","1","2","0","0","0","0","0","2","0","2","99","","N","","","","","","","","","","",""
"2022103990","1730","1","0","0","0","0","0","0","0","0","8","0","","67","11","2022","1","40.0564","-75.0533","1728","06","0","0","0","1","0","0","0","0","","0","0","0","17","3","1","01","","0","40 03:23.309","","00","75 03:12.243","3","0","0","0","67301","1","0","0","N","1","0","0","2","67301","0","","1","01","","N","N","N","0","","1","0","0","3","2","","1725","1","2","0","0","0","0","0","2","0","1","03","03","N","","","","","","","","","","",""
"2022097388","1713","1","0","0","0","0","0","0","0","0","1","0","","67","10","2022","6","40.0555","-74.9846","1713","06","0","0","0","0","0","0","0","0","","0","0","0","17","1","1","00","N","2","40 03:19.817","2","03","74 59:04.617","3","0","0","0","67301","0","0","0","N","0","0","0","4","68K01","0","","1","01","1804","N","N","N","0","","1","0","3","0","0","N","1702","1","4","0","0","0","0","0","2","0","4","03","","N","","","","","","","","","","",""
"2022093651","1700","1","0","0","0","0","0","0","0","0","4","0","","67","10","2022","6","40.0588","-75.0442","1649","06","0","0","0","0","0","1","0","0","","0","0","0","16","1","1","01","","0","40 03:31.744","","00","75 02:39.016","8","0","0","0","67301","0","0","0","N","0","0","0","2","67301","0","","1","01","","N","N","N","0","","0","0","1","3","2","","1634","1","2","0","0","0","1","0","2","0","2","03","03","N","","","","","","","","","","",""
"2022097735","1700","0","0","0","0","0","0","0","0","0","5","0","","67","10","2022","7","39.8927","-75.235","1653","06","0","0","0","0","0","0","0","0","","0","0","0","16","1","0","00","N","2","39 53:33.595","2","00","75 14:06.027","0","0","0","0","67301","0","0","0","Y","0","0","0","2","68K01","0","","1","01","1830","N","N","N","0","","0","0","2","0","0","N","1651","0","2","0","0","0","0","0","2","0","2","03","","N","","","","","","","","","","",""
"2022093798","0045","1","0","0","0","0","0","0","0","0","8","0","","67","10","2022","7","39.9228","-75.1671","0045","06","0","0","0","0","0","0","0","0","","0","0","0","19","3","1","00","N","0","39 55:22.020","","00","75 10:01.490","2","0","0","0","67301","1","0","1","N","1","0","1","2","67301","0","","1","01","","N","N","N","0","","0","1","0","0","0","","1915","1","2","0","0","1","0","0","2","0","1","03","03","N","","","","","","","","","","",""
"2022101317","1924","0","0","1","0","0","0","0","0","0","7","0","45","67","10","2022","5","40.0032","-75.0777","1913","06","0","0","0","0","0","0","0","0","","0","0","0","18","3","1","00","N","0","40 00:11.392","","03","75 04:39.679","2","0","0","0","67301","0","0","0","N","0","0","0","3","68K01","0","","2","01","","N","N","N","0","","0","1","1","0","0","","1854","1","1","0","0","0","0","0","2","0","1","03","03","Y","8","1","N","","","N","","","","Y","N"
"2022092609","1654","0","0","0","0","0","0","0","0","0","0","0","","67","10","2022","5","40.0915","-74.9928","1654","06","0","0","0","0","0","0","0","0","","0","0","0","16","1","1","00","N","0","40 05:29.410","","00","74 59:34.100","3","0","0","1","67301","0","0","0","N","0","0","0","1","67301","0","","1","01","","N","N","N","0","","1","0","0","0","0","","1645","1","1","0","0","0","0","0","2","0","1","03","","N","","","","","","","","","","",""
"2022100791","0823","0","0","0","0","0","0","0","0","0","4","0","","67","10","2022","7","40.0142","-75.0659","0822","06","0","0","0","0","0","1","0","0","","0","0","0","08","1","2","01","","0","40 00:51.225","","00","75 03:57.229","3","0","0","0","67301","0","0","0","N","0","0","0","3","67301","0","","1","01","","N","N","N","0","","2","0","1","0","0","","0801","2","2","0","0","0","0","0","2","1","2","03","","N","","","","","","","","","","",""
"2022100135","0009","2","0","0","1","0","0","0","0","0","8","0","","67","10","2022","6","39.9761","-75.16","0007","06","0","0","0","0","0","0","0","0","","0","0","0","00","3","1","00","N","0","39 58:33.800","","00","75 09:36.000","8","0","0","0","67301","1","0","0","N","0","0","0","2","67505","0","","1","01","","N","N","N","0","","0","0","0","0","0","","0007","1","3","0","0","1","1","0","2","0","2","03","03","N","","","","","","","","","","",""
"2022104955","1759","0","0","0","0","0","0","0","0","0","8","0","","67","11","2022","4","40.0293","-75.0367","1753","06","0","0","0","0","0","0","0","0","","0","0","0","06","5","1","01","","0","40 01:45.604","","00","75 02:12.063","3","0","0","0","67301","1","0","0","N","1","0","0","2","67301","0","","1","01","","N","N","N","0","","1","0","1","3","2","","0649","1","2","0","0","0","0","1","2","0","1","03","","N","","","","","","","","","","",""
"2022101451","0854","2","0","0","0","0","0","0","0","0","1","0","","67","10","2022","1","40.0293","-75.0593","0844","06","0","0","0","0","0","0","0","0","","0","0","0","06","5","0","00","N","0","40 01:45.559","","00","75 03:33.380","9","0","0","0","67301","0","0","0","N","0","0","0","1","67301","0","","6","01","","N","N","N","0","","0","0","1","0","0","","0605","0","3","0","0","0","0","1","2","0","3","03","03","N","","","","","","","","","","",""
"2022103061","0748","1","0","0","0","0","0","0","0","0","1","0","","67","11","2022","3","40.0383","-75.0367","0733","06","0","0","0","0","0","1","0","0","","0","0","0","05","3","0","00","N","0","40 02:17.944","","00","75 02:12.171","0","0","0","0","67301","0","0","0","N","0","0","0","1","67301","0","","6","09","","N","N","N","0","","0","0","1","0","0","","0516","0","2","0","0","0","0","0","2","0","2","07","","N","","","","","","","","","","",""
"2022104956","1823","1","0","0","0","0","0","0","0","0","5","0","","67","11","2022","4","40.0387","-75.0487","1821","06","0","0","0","0","0","0","0","0","","0","0","0","18","3","1","00","N","0","40 02:19.160","","00","75 02:55.450","3","0","0","0","67301","0","0","0","N","0","0","0","2","67301","0","","6","01","","N","N","N","0","","1","0","2","0","0","","1820","1","3","0","0","0","0","0","2","0","3","03","","N","","","","","","","","","","",""
"2022102962","2102","1","0","0","0","0","0","0","0","0","6","0","","67","11","2022","4","39.9461","-75.2425","2059","06","0","0","0","0","0","0","0","0","","0","0","0","20","3","1","00","N","1","39 56:46.081","4","00","75 14:33.086","8","0","0","0","67301","0","0","0","N","0","0","0","3","67301","0","","1","01","2355","N","N","N","1","","0","0","2","0","0","N","2056","1","4","0","0","0","1","0","2","0","4","03","","N","","","","","","","","","","",""
"2022108437","1020","0","0","0","0","0","0","0","0","0","8","0","","67","10","2022","2","39.9554","-75.2","1017","06","0","0","0","0","0","0","0","0","","0","0","0","10","1","1","01","","0","39 57:19.264","","00","75 11:59.814","3","0","0","0","67301","1","0","0","N","1","0","0","2","67504","0","","1","01","","N","N","N","0","","1","0","1","3","2","","1017","1","2","0","0","0","0","0","2","0","1","03","03","N","","","","","","","","","","",""
"2022116675","0200","1","0","0","0","0","0","0","0","0","7","0","","67","12","2022","5","40.0296","-75.1882","0200","06","0","0","0","0","0","0","0","0","","0","0","0","00","3","0","00","N","1","40 01:46.400","3","99","75 11:17.400","0","0","0","0","67301","0","0","0","N","0","0","0","1","67301","0","","4","01","0100","N","N","N","0","","0","0","0","0","0","N","0050","0","1","0","0","0","0","0","2","0","1","03","03","N","","","","","","","","","","",""
"2022113505","0230","1","0","0","0","0","0","0","0","0","5","0","","67","11","2022","7","39.9483","-75.186","0217","06","0","0","0","0","0","0","0","0","","0","0","0","02","3","0","00","N","0","39 56:53.932","","03","75 11:09.525","0","0","0","0","67301","0","0","0","N","0","0","0","3","68K01","0","","1","01","","N","N","N","0","","0","0","1","0","0","","0214","0","2","0","0","0","0","0","2","0","2","03","","N","","","","","","","","","","",""