"CRN","ARRIVAL_TM","AUTOMOBILE_COUNT","BELTED_DEATH_COUNT","BELTED_SUSP_SERIOUS_INJ_COUNT","BICYCLE_COUNT","BICYCLE_DEATH_COUNT","BICYCLE_SUSP_SERIOUS_INJ_COUNT","BUS_COUNT","CHLDPAS_DEATH_COUNT","CHLDPAS_SUSP_SERIOUS_INJ_COUNT","COLLISION_TYPE","COMM_VEH_COUNT","CONS_ZONE_SPD_LIM","COUNTY","CRASH_MONTH","CRASH_YEAR","DAY_OF_WEEK","DEC_LAT","DEC_LONG","DISPATCH_TM","DISTRICT","DRIVER_COUNT_16YR","DRIVER_COUNT_17YR","DRIVER_COUNT_18YR","DRIVER_COUNT_19YR","DRIVER_COUNT_20YR","DRIVER_COUNT_50_64YR","DRIVER_COUNT_65_74YR","DRIVER_COUNT_75PLUS","EST_HRS_CLOSED","FATAL_COUNT","HEAVY_TRUCK_COUNT","HORSE_BUGGY_COUNT","HOUR_OF_DAY","ILLUMINATION","INJURY_COUNT","INTERSECT_TYPE","INTERSECTION_RELATED","LANE_CLOSED","LATITUDE","LN_CLOSE_DIR","LOCATION_TYPE","LONGITUDE","MAX_SEVERITY_LEVEL","MCYCLE_DEATH_COUNT","MCYCLE_SUSP_SERIOUS_INJ_COUNT","MOTORCYCLE_COUNT","MUNICIPALITY","NONMOTR_COUNT","NONMOTR_DEATH_COUNT","NONMOTR_SUSP_SERIOUS_INJ_COUNT","NTFY_HIWY_MAINT","PED_COUNT","PED_DEATH_COUNT","PED_SUSP_SERIOUS_INJ_COUNT","PERSON_COUNT","POLICE_AGCY","POSSIBLE_INJ_COUNT","RDWY_SURF_TYPE_CD","RELATION_TO_ROAD","ROAD_CONDITION","ROADWAY_CLEARED","SCH_BUS_IND","SCH_ZONE_IND","SECONDARY_CRASH","SMALL_TRUCK_COUNT","SPEC_JURIS_CD","SUSP_MINOR_INJ_COUNT","SUSP_SERIOUS_INJ_COUNT","SUV_COUNT","TCD_FUNC_CD","TCD_TYPE","TFC_DETOUR_IND","TIME_OF_DAY","TOT_INJ_COUNT","TOTAL_UNITS","UNB_DEATH_COUNT","UNB_SUSP_SERIOUS_INJ_COUNT","UNBELTED_OCC_COUNT","UNK_INJ_DEG_COUNT","UNK_INJ_PER_COUNT","URBAN_RURAL","VAN_COUNT","VEHICLE_COUNT","WEATHER1","WEATHER2","WORK_ZONE_IND","WORK_ZONE_LOC","WORK_ZONE_TYPE","WORKERS_PRES","WZ_CLOSE_DETOUR","WZ_FLAGGER","WZ_LAW_OFFCR_IND","WZ_LN_CLOSURE","WZ_MOVING","WZ_OTHER","WZ_SHLDER_MDN","WZ_WORKERS_INJ_KILLED"
"2022123669","2354","1","0","0","0","0","0","0","0","0","5","0","","67","11","2022","7","39.9884","-75.1695","2354","06","0","0","0","0","0","0","0","0","","0","0","0","23","3","0","00","N","0","39 59:18.110","","00","75 10:10.070","9","0","0","0","67301","0","0","0","N","0","0","0","1","67301","0","","6","01","","N","N","N","0","","0","0","0","0","0","","2310","0","2","0","0","1","0","1","2","1","2","03","03","N","","","","","","","","","","",""
"2022123930","0405","1","0","0","0","0","0","0","0","0","4","0","","67","12","2022","6","39.9487","-75.2375","0358","06","0","0","0","0","0","1","0","0","","0","0","0","03","3","1","01","","1","39 56:55.280","2","00","75 14:14.982","8","0","0","0","67301","0","0","0","N","0","0","0","2","67301","0","","1","09","0710","N","N","Y","0","","0","0","1","3","2","N","0357","1","2","0","0","0","1","0","2","0","2","07","07","N","","","","","","","","","","",""
"2022122774","1545","1","0","0","0","0","0","0","0","0","4","0","","67","12","2022","6","39.9583","-75.152","1545","06","0","0","0","0","0","1","0","0","","0","0","0","03","3","1","01","","0","39 57:30.009","","00","75 09:07.351","4","0","0","0","67301","0","0","0","N","0","0","0","2","67301","1","","1","09","","N","N","N","0","","0","0","1","3","2","","0345","1","2","0","0","0","0","0","2","0","2","04","07","N","","","","","","","","","","",""
"2022112374","2216","1","0","0","0","0","0","0","0","0","2","0","","67","11","2022","7","40.0234","-75.0327","2216","06","0","0","0","0","0","0","0","0","","0","0","0","22","3","3","00","N","1","40 01:24.311","1","02","75 01:57.578","4","0","0","0","67301","0","0","0","N","0","0","0","3","68K01","3","","1","01","2300","N","N","Y","0","","0","0","1","0","0","N","2215","3","2","0","0","2","0","0","2","0","2","03","03","N","","","","","","","","","","",""
"2022114351","2134","2","0","0","0","0","0","0","0","0","4","0","","67","11","2022","2","39.9948","-75.1593","2124","06","0","0","0","0","0","0","0","0","","0","0","0","21","3","0","01","","1","39 59:41.262","6","00","75 09:33.551","9","0","0","0","67301","0","0","0","N","0","0","0","2","67301","0","","1","01","2230","N","N","N","0","","0","0","0","3","2","Y","2122","0","2","0","0","0","0","1","2","0","2","03","03","N","","","","","","","","","","",""
"2022124402","0626","4","0","0","0","0","0","0","0","0","1","0","","67","11","2022","3","39.945","-75.1909","0617","06","0","0","0","0","0","0","0","0","","0","0","0","06","3","0","00","N","0","39 56:42.010","","03","75 11:27.129","0","0","0","0","67301","0","0","0","N","0","0","0","6","68K01","0","","1","01","","N","N","N","0","","0","0","2","0","0","","0615","0","6","0","0","0","0","0","2","0","6","03","03","N","","","","","","","","","","",""
"2022118747","0745","1","0","0","0","0","0","0","0","0","4","0","","67","12","2022","4","40.1002","-74.9764","0737","06","0","0","0","0","0","1","0","0","","0","0","0","06","1","1","00","N","0","40 06:00.620","","00","74 58:34.960","3","0","0","0","67301","0","0","0","N","0","0","0","2","67301","0","","1","01","","N","N","N","0","","1","0","1","0","0","","0634","1","2","0","0","0","0","0","2","0","2","03","03","N","","","","","","","","","","",""
"2022119282","1848","2","0","0","0","0","0","0","0","0","4","0","","67","11","2022","3","39.9646","-75.2362","1848","06","0","0","0","0","1","0","0","0","","0","0","0","18","3","1","01","","0","39 57:52.480","","00","75 14:10.305","3","0","0","0","67301","0","0","0","N","0","0","0","3","67301","0","","1","01","","N","N","N","0","","1","0","0","3","3","","1848","1","2","0","0","1","0","0","2","0","2","03","03","N","","","","","","","","","","",""
"2022123670","0051","1","0","0","0","0","0","0","0","0","5","0","","67","11","2022","7","39.9728","-75.1609","0044","06","0","0","0","0","0","0","0","0","","0","0","0","23","3","1","00","N","0","39 58:21.960","","00","75 09:39.240","8","0","0","0","67301","0","0","0","N","0","0","0","2","67301","0","","6","01","","N","N","N","0","","0","0","2","0","0","","2332","1","4","0","0","0","1","1","2","0","4","03","03","N","","","","","","","","","","",""
"2022121516","2047","0","0","0","0","0","0","0","0","0","4","0","","67","12","2022","2","39.9471","-75.1464","2040","06","0","0","0","0","0","1","0","0","","0","0","0","20","3","0","01","","1","39 56:49.560","1","00","75 08:46.912","0","0","0","0","67301","0","0","0","N","0","0","0","2","67301","0","","1","01","2130","N","N","N","0","","0","0","2","3","2","N","2039","0","2","0","0","0","0","0","2","0","2","03","03","N","","","","","","","","","","",""
"2022117899","0851","1","0","0","0","0","0","0","0","0","1","0","","67","12","2022","2","40.0271","-75.1326","0850","06","0","0","0","0","0","0","0","0","","0","0","0","08","1","0","00","N","0","40 01:37.400","","00","75 07:57.300","0","0","0","0","67301","0","0","0","N","0","0","0","1","67301","0","","1","01","","N","N","N","0","","0","0","2","0","0","","0849","0","3","0","0","0","0","0","2","0","3","03","03","N","","","","","","","","","","",""
"2022112217","1335","0","0","0","0","0","0","0","0","0","4","0","","67","11","2022","5","40.0815","-75.0779","1329","06","0","0","0","0","0","1","0","0","","0","0","0","13","1","1","02","","0","40 04:53.378","","00","75 04:40.342","4","0","0","0","67301","0","0","0","N","0","0","0","2","67301","1","","1","01","","N","N","N","0","","0","0","2","3","3","","1325","1","2","0","0","0","0","0","2","0","2","03","03","N","","","","","","","","","","",""
"2022120119","1227","1","0","0","0","0","0","0","0","0","4","0","","67","11","2022","1","40.0475","-75.0919","1227","06","0","0","0","0","0","0","0","0","","0","0","0","12","1","2","01","","0","40 02:50.956","","00","75 05:30.725","3","0","0","0","67301","0","0","0","N","0","0","0","5","67301","0","","1","09","","N","N","N","0","","2","0","1","3","2","","1224","2","2","0","0","0","0","0","2","0","2","07","04","N","","","","","","","","","","",""
"2022118582","1925","0","0","0","0","0","0","0","0","0","4","0","","67","12","2022","3","40.0396","-75.1103","1920","06","0","0","0","0","0","0","0","0","","0","0","0","19","3","0","00","Y","0","40 02:22.100","","07","75 06:37.100","0","0","0","0","67301","0","0","0","N","0","0","0","2","67301","0","","1","01","","N","N","N","0","","0","0","1","0","0","","1900","0","2","0","0","0","0","0","2","1","2","03","03","N","","","","","","","","","","",""
"2022112216","0121","1","0","0","0","0","0","0","0","0","4","0","","67","11","2022","5","40.1005","-75.0297","0119","06","0","0","1","0","0","1","0","0","","0","0","0","01","3","1","02","","0","40 06:01.669","","00","75 01:47.478","3","0","0","0","67301","0","0","0","N","0","0","0","2","67301","0","","1","01","","N","N","N","0","","1","0","0","3","2","","0119","1","2","0","0","0","0","0","2","1","2","03","03","N","","","","","","","","","","",""
"2022112394","1510","1","0","0","0","0","0","0","0","0","4","0","","67","11","2022","6","39.9569","-75.1475","1500","06","0","0","0","0","0","1","0","0","","0","0","0","13","1","0","01","","0","39 57:24.688","","00","75 08:50.938","9","0","0","0","67301","0","0","0","N","0","0","0","2","67301","0","","1","01","","N","N","N","0","","0","0","1","3","3","","1304","0","2","0","0","0","0","1","2","0","2","03","03","N","","","","","","","","","","",""
"2022122938","1617","1","0","0","0","0","0","0","0","0","7","0","","67","12","2022","5","39.9563","-75.2295","1617","06","1","0","0","0","0","0","0","0","","0","0","0","16","1","0","01","","0","39 57:22.658","","00","75 13:46.210","0","0","0","0","67301","0","0","0","N","0","0","0","1","67301","0","","2","09","","N","N","N","0","","0","0","0","3","3","","1617","0","1","0","0","1","0","0","2","0","1","07","07","N","","","","","","","","","","",""
"2022124484","1649","1","0","0","0","0","0","0","0","0","4","0","","67","12","2022","2","39.9481","-75.1542","1615","06","0","0","0","0","0","0","1","0","","0","0","0","14","1","1","01","","0","39 56:53.182","","00","75 09:15.307","3","0","0","0","67301","0","0","0","N","0","0","0","3","67301","0","","1","01","","N","N","N","0","","1","0","1","3","2","","1447","1","2","0","0","2","0","0","2","0","2","03","03","N","","","","","","","","","","",""
"2022119017","2039","1","0","0","0","0","0","0","0","0","8","0","","67","12","2022","3","39.9473","-75.2269","2039","06","0","0","0","0","0","0","0","0","","0","0","0","20","3","1","03","","0","39 56:50.100","","00","75 13:36.700","8","0","0","0","67301","1","0","0","N","1","0","0","3","67301","0","","1","01","","N","N","N","0","","0","0","0","3","2","","2038","1","2","0","0","0","1","0","2","0","1","03","03","N","","","","","","","","","","",""
"2022112257","0258","1","0","0","0","0","0","0","0","0","4","0","","67","11","2022","7","39.9566","-75.198","0253","06","0","0","0","0","0","0","0","0","","0","0","0","02","3","0","01","","0","39 57:23.865","","00","75 11:52.879","0","0","0","0","67301","0","0","0","N","0","0","0","2","67301","0","","1","01","","N","N","N","0","","0","0","1","3","2","","0208","0","2","0","0","0","0","0","2","0","2","03","","N","","","","","","","","","","",""
"2022122935","1837","0","0","0","0","0","0","0","0","0","4","0","","67","12","2022","2","39.95","-75.2352","1837","06","0","0","0","0","0","1","0","0","","0","0","0","18","3","1","01","","0","39 56:59.877","","00","75 14:06.575","3","0","0","0","67301","0","0","0","N","0","0","0","3","67301","0","","1","01","","N","N","N","0","","1","0","1","3","2","","1822","1","2","0","0","0","0","2","2","1","2","03","03","N","","","","","","","","","","",""
"2022119023","1630","1","0","0","0","0","0","0","0","0","1","0","","67","12","2022","1","39.9869","-75.161","1630","06","0","0","0","0","0","0","1","0","","0","0","0","16","1","1","01","","0","39 59:12.926","","00","75 09:39.762","4","0","0","0","67301","0","0","0","N","0","0","0","2","67301","1","","1","09","","N","N","N","0","","0","0","1","3","2","","1630","1","2","0","0","0","0","0","2","0","2","07","07","N","","","","","","","","","","",""
"2022112252","1526","1","0","0","0","0","0","0","0","0","4","0","","67","11","2022","4","40.0261","-75.0702","1515","06","0","0","0","0","0","1","0","0","","0","0","0","15","1","3","00","N","0","40 01:33.920","","00","75 04:12.719","4","0","0","0","67301","0","0","0","N","0","0","0","7","67301","3","","1","01","","N","N","N","1","","0","0","0","0","0","","1512","3","2","0","0","0","0","0","2","0","2","03","","N","","","","","","","","","","",""
"2022114352","0952","1","0","0","0","0","0","0","0","0","1","0","","67","12","2022","6","40.0248","-75.195","0950","06","0","0","0","0","0","0","0","1","","0","0","0","09","1","1","00","N","2","40 01:29.250","1","00","75 11:41.820","3","0","0","0","67301","0","0","0","N","0","0","0","5","67301","0","","1","02","1215","N","N","N","0","","1","0","2","0","0","Y","0940","1","3","0","0","1","0","0","2","0","3","03","","N","","","","","","","","","","",""
"2022119294","1947","0","0","0","0","0","0","0","0","0","4","0","","67","11","2022","6","39.9817","-75.1452","1945","06","0","0","0","0","0","0","0","0","","0","0","0","19","3","1","01","","0","39 58:54.156","","00","75 08:42.853","3","0","0","0","67301","0","0","0","N","0","0","0","2","67301","0","","1","01","","N","N","N","0","","1","0","2","3","3","","1940","1","2","0","0","0","0","0","2","0","2","03","03","N","","","","","","","","","","",""
"2022120489","1848","1","0","0","1","0","0","0","0","0","8","0","","67","12","2022","4","39.9447","-75.181","1841","06","0","0","0","0","0","0","1","0","","0","0","0","07","1","1","01","","0","39 56:40.900","","00","75 10:51.500","3","0","0","0","67301","1","0","0","N","0","0","0","2","67301","0","","1","01","","N","N","N","0","","1","0","0","3","2","","0730","1","2","0","0","0","0","0","2","0","1","03","03","N","","","","","","","","","","",""
"2022117430","1654","1","0","0","0","0","0","0","0","0","4","0","","67","11","2022","2","40.0153","-75.1983","1646","06","0","0","0","0","0","0","0","0","","0","0","0","12","8","0","02","","0","40 00:54.961","","00","75 11:54.056","9","0","0","0","67301","0","0","0","N","0","0","0","2","67301","0","","1","01","","N","N","N","0","","0","0","1","3","3","","1245","0","2","0","0","0","0","1","2","0","2","03","03","N","","","","","","","","","","",""
"2022119275","2220","0","0","0","0","0","0","0","0","0","4","0","","67","12","2022","3","40.0279","-75.1065","2133","06","0","0","0","0","0","0","0","0","","0","0","0","21","3","1","02","","0","40 01:40.400","","00","75 06:23.700","3","0","0","0","67301","0","0","0","Y","0","0","0","1","67301","0","","1","01","","N","N","N","0","","1","0","2","3","2","","2108","1","3","0","0","0","0","0","2","1","3","03","03","N","","","","","","","","","","",""
"2022117884","2330","1","0","0","0","0","0","0","0","0","1","0","","67","12","2022","7","40.0471","-75.0911","2326","06","0","0","0","0","0","1","0","0","","0","0","0","23","3","0","01","","0","40 02:49.400","","00","75 05:27.800","0","0","0","0","67301","0","0","0","N","0","0","0","3","67301","0","","1","01","","N","N","N","0","","0","0","2","3","2","","2322","0","3","0","0","0","0","0","2","0","3","03","","N","","","","","","","","","","",""
"2022110553","1003","2","0","0","0","0","0","0","0","0","5","0","","67","11","2022","2","40.0388","-75.0351","1003","06","0","0","0","0","0","0","0","0","","0","0","0","10","1","1","00","N","0","40 02:19.781","","00","75 02:06.333","3","0","0","0","67301","0","0","0","N","0","0","0","1","67301","0","","6","01","","N","N","Y","0","","1","0","1","0","0","","1000","1","3","0","0","0","0","0","2","0","3","03","03","N","","","","","","","","","","",""
"2022110080","1530","0","0","0","0","0","0","0","0","0","8","0","","67","11","2022","7","39.9919","-75.1512","1517","06","0","0","0","0","0","1","0","0","","0","0","0","15","1","1","01","","0","39 59:30.796","","00","75 09:04.179","3","0","0","0","67301","1","0","0","N","1","0","0","2","67301","0","","1","01","","N","N","N","0","","1","0","0","3","3","","1515","1","2","0","0","0","0","0","2","1","1","03","03","N","","","","","","","","","","",""
"2022117432","1627","2","0","0","0","0","0","0","0","0","4","0","","67","12","2022","1","40.0132","-75.1737","1627","06","0","0","0","0","0","0","0","0","","0","0","0","16","1","0","00","N","0","40 00:47.700","","00","75 10:25.200","0","0","0","0","67301","0","0","0","N","0","0","0","2","67301","0","","1","09","","N","N","N","0","","0","0","0","0","0","","1615","0","2","0","0","0","0","0","2","0","2","07","04","N","","","","","","","","","","",""
"2022121360","0707","2","0","0","0","0","0","0","0","0","4","0","","67","12","2022","1","40.0201","-75.1129","0706","06","0","0","0","0","0","1","0","0","","0","0","0","07","1","0","02","","2","40 01:12.475","6","00","75 06:46.562","9","0","0","0","67301","0","0","0","N","0","0","0","2","67301","0","","1","01","0900","N","N","Y","0","","0","0","0","3","3","Y","0706","0","2","0","0","0","0","2","2","0","2","03","03","N","","","","","","","","","","",""
"2022119260","1350","0","0","0","0","0","0","0","0","0","8","0","","67","12","2022","1","40.0618","-75.0561","1334","06","0","0","0","0","0","0","0","0","","0","0","0","13","1","1","01","","0","40 03:42.500","","00","75 03:22.000","3","0","0","0","67301","1","0","0","N","1","0","0","2","67301","0","","1","09","","N","N","N","1","","1","0","0","3","2","","1300","1","2","0","0","1","0","0","2","0","1","07","07","N","","","","","","","","","","",""
"2022113752","0428","2","0","0","0","0","0","0","0","0","1","0","","67","11","2022","1","39.8946","-75.2296","0424","06","0","0","0","0","0","0","0","0","","0","0","0","03","3","2","03","","0","39 53:40.896","","00","75 13:46.117","3","0","0","0","67301","0","0","0","N","0","0","0","3","67301","0","","1","01","","N","N","N","0","","2","0","1","3","2","","0333","2","3","0","0","0","0","1","2","0","3","03","03","N","","","","","","","","","","",""
"2022113328","1839","2","0","0","0","0","0","0","0","0","4","0","","67","11","2022","3","40.0316","-75.2076","1835","06","0","0","0","0","1","0","0","0","","0","0","0","18","3","1","01","","2","40 01:53.573","2","00","75 12:27.862","3","0","0","0","67301","0","0","0","N","0","0","0","2","67301","0","","1","01","2030","N","N","N","0","","1","0","0","3","2","N","1834","1","2","0","0","0","0","1","2","0","2","03","03","N","","","","","","","","","","",""
"2022114998","1328","0","0","0","0","0","0","0","0","0","4","0","","67","12","2022","6","39.9878","-75.0921","1312","06","0","0","1","0","0","0","1","0","","0","0","0","13","1","3","01","","0","39 59:16.115","","00","75 05:31.480","2","0","0","0","67301","0","0","0","N","0","0","0","3","67301","2","","1","01","","N","N","N","1","","0","1","2","3","2","","1305","3","3","0","0","0","0","0","2","0","3","04","03","N","","","","","","","","","","",""
"2022112756","0900","2","0","0","0","0","0","0","0","0","4","0","","67","11","2022","3","40.0574","-75.0768","0849","06","0","0","1","0","0","0","0","0","","0","0","0","08","1","1","01","","0","40 03:26.479","","00","75 04:36.608","4","0","0","0","67301","0","0","0","N","0","0","0","3","67301","1","","1","01","","N","N","N","0","","0","0","0","3","2","","0825","1","2","0","0","0","0","0","2","0","2","03","03","N","","","","","","","","","","",""
"2022112226","0905","1","0","1","0","0","0","0","0","0","7","0","","67","11","2022","6","40.0868","-74.9718","0904","06","0","0","1","0","0","0","0","0","","0","0","0","08","5","1","01","","0","40 05:12.438","","00","74 58:18.635","2","0","0","0","67301","0","0","0","N","0","0","0","2","67301","0","","4","09","","N","N","N","0","","0","1","0","3","2","","0855","1","1","0","0","0","0","0","2","0","1","07","07","N","","","","","","","","","","",""
"2022109190","0855","0","0","0","0","0","0","0","0","0","5","0","","67","11","2022","6","40.0826","-74.9661","0855","06","0","0","0","0","0","1","0","0","","0","0","0","08","1","2","05","","1","40 04:57.344","4","00","74 57:57.887","3","0","0","0","67301","0","0","0","N","0","0","0","2","67301","0","","1","01","0100","N","N","N","1","","2","0","1","3","2","N","0850","2","2","0","0","0","0","0","2","0","2","03","03","N","","","","","","","","","","",""
"2022117050","0840","1","0","0","0","0","0","0","0","0","4","0","","67","11","2022","7","39.9752","-75.1882","0824","06","0","0","0","0","0","0","0","0","","0","0","0","06","1","1","01","","0","39 58:30.584","","00","75 11:17.385","8","0","0","0","67301","0","0","0","N","0","0","0","2","67301","0","","1","01","","N","N","N","0","","0","0","1","3","2","","0654","1","2","0","0","0","1","0","2","0","2","03","03","N","","","","","","","","","","",""
"2022122929","1940","4","0","0","0","0","0","0","0","0","4","0","","67","12","2022","4","39.959","-75.2354","1940","06","0","0","0","0","0","0","0","0","","0","0","0","19","3","2","01","","1","39 57:32.250","7","00","75 14:07.410","3","0","0","0","67301","0","0","0","N","0","0","0","2","67301","0","","1","01","2025","N","N","N","0","","2","0","0","3","3","Y","1940","2","5","0","0","1","0","0","2","1","5","03","","N","","","","","","","","","","",""
"2022109358","0500","2","0","0","0","0","0","0","0","0","5","0","","67","11","2022","7","39.9128","-75.2356","0436","06","0","0","0","0","0","0","0","0","","0","0","0","04","3","0","00","N","0","39 54:46.030","","00","75 14:08.070","9","0","0","0","67301","0","0","0","N","0","0","0","1","67301","0","","6","01","","N","N","N","0","","0","0","1","0","0","","0430","0","3","0","0","0","0","1","2","0","3","03","","N","","","","","","","","","","",""
"2022113748","1442","0","0","0","0","0","0","0","0","0","8","0","","67","11","2022","4","40.0404","-75.0655","1439","06","0","0","0","0","0","0","1","0","","0","0","0","14","1","1","05","","1","40 02:25.631","6","00","75 03:56.177","3","0","0","0","67301","1","0","0","N","1","0","0","2","67301","0","","1","09","1515","N","N","N","0","","1","0","1","3","2","N","1430","1","2","0","0","0","0","0","2","0","1","07","","N","","","","","","","","","","",""
"2022113754","1430","2","0","0","0","0","0","0","0","0","4","0","","67","11","2022","7","39.9402","-75.168","1424","06","0","0","0","0","0","0","0","1","","0","0","0","13","1","2","01","","0","39 56:24.863","","00","75 10:04.641","3","0","0","0","67301","0","0","0","N","0","0","0","4","67301","0","","1","01","","N","N","N","0","","2","0","1","3","2","","1319","2","4","0","0","0","0","0","2","0","4","03","","N","","","","","","","","","","",""
"2022124325","2324","2","0","0","0","0","0","0","0","0","4","0","","67","12","2022","2","39.9578","-75.1472","2331","06","0","0","0","0","0","0","0","0","","0","0","0","23","3","2","01","","0","39 57:28.162","","00","75 08:50.070","8","0","0","0","67301","0","0","0","N","0","0","0","3","67301","0","","1","01","","N","N","N","0","","0","0","0","3","2","","2300","2","2","0","0","1","2","1","2","0","2","03","","N","","","","","","","","","","",""
"2022125213","2307","1","0","0","0","0","0","0","0","0","7","0","","67","12","2022","5","39.8987","-75.1716","2231","06","0","0","0","0","0","0","0","0","","0","0","0","22","3","1","00","N","0","39 53:55.364","","03","75 10:17.679","8","0","0","0","67301","0","0","0","N","0","0","0","1","68K01","0","","2","01","","N","N","N","0","","0","0","0","0","0","","2227","1","1","0","0","0","1","0","2","0","1","03","03","N","","","","","","","","","","",""
"2022122773","0621","0","0","0","0","0","0","0","0","0","7","0","","67","12","2022","6","39.9098","-75.1543","0620","06","0","0","0","0","0","0","0","0","","0","0","0","06","5","0","00","N","0","39 54:35.200","","05","75 09:15.400","0","0","0","0","67301","0","0","0","Y","0","0","0","1","67501","0","","4","09","","N","N","N","0","","0","0","1","0","0","","0620","0","1","0","0","0","0","0","2","0","1","04","","N","","","","","","","","","","",""
"2022125064","1244","1","0","0","0","0","0","0","0","0","7","0","","67","12","2022","6","39.9125","-75.1739","1244","06","0","0","0","0","0","0","0","0","","0","0","0","12","1","0","07","","2","39 54:44.900","3","08","75 10:26.200","0","0","0","0","67301","0","0","0","N","0","0","0","2","67501","0","","7","01","1308","N","N","N","0","","0","0","0","0","0","Y","1234","0","1","0","0","0","0","0","2","0","1","03","","N","","","","","","","","","","",""
"2022122649","0005","1","0","0","0","0","0","0","0","0","4","0","","67","12","2022","5","40.0407","-75.0762","0005","06","0","0","0","0","0","0","0","0","","0","0","0","23","3","0","01","","0","40 02:26.393","","00","75 04:34.260","0","0","0","0","67301","0","0","0","N","0","0","0","2","67301","0","","1","09","","N","N","N","0","","0","0","1","3","2","","2357","0","2","0","0","0","0","0","2","0","2","07","","N","","","","","","","","","","",""
"2022123672","1104","1","0","0","0","0","0","0","0","0","4","0","","67","11","2022","4","39.9919","-75.1864","1059","06","0","0","0","0","0","0","1","0","","0","0","0","10","1","2","01","","0","39 59:30.410","","00","75 11:10.966","3","0","0","0","67301","0","0","0","N","0","0","0","2","67301","0","","1","09","","N","N","N","0","","2","0","1","3","2","","1045","2","2","0","0","1","0","0","2","0","2","07","","N","","","","","","","","","","",""
"2022110552","2326","1","0","0","0","0","0","0","0","0","4","0","","67","11","2022","1","40.0402","-75.0313","2319","06","0","0","0","0","0","0","0","0","","0","0","0","22","3","3","02","","0","40 02:25.008","","00","75 01:52.825","4","0","0","0","67301","0","0","0","N","0","0","0","4","67301","2","","1","01","","N","N","N","1","","0","0","0","3","2","","2246","3","2","0","0","0","1","0","2","0","2","03","","N","","","","","","","","","","",""
"2022109356","0900","2","0","0","0","0","0","0","0","0","4","0","","67","11","2022","6","39.9159","-75.2453","0857","06","0","0","0","0","0","0","0","0","","0","0","0","08","1","1","02","","2","39 54:57.295","2","00","75 14:43.230","8","0","0","0","67301","0","0","0","N","0","0","0","2","67301","0","","1","01","0940","N","N","N","0","","0","0","0","3","3","Y","0857","1","2","0","0","0","1","1","2","0","2","03","03","N","","","","","","","","","","",""
"2022115938","0820","0","0","0","0","0","0","0","0","0","5","0","","67","11","2022","1","39.9891","-75.1172","0814","06","0","0","0","0","0","0","0","0","","0","0","0","03","3","0","00","N","2","39 59:20.680","3","00","75 07:01.800","9","0","0","0","67301","0","0","0","N","0","0","0","2","67301","0","","6","01","0930","N","N","N","0","","0","0","2","0","0","Y","0324","0","2","0","0","0","0","2","2","0","2","03","03","N","","","","","","","","","","",""
"2022124443","0828","1","0","0","0","0","0","0","0","0","7","0","","67","12","2022","6","39.9673","-75.1332","0823","06","0","0","0","0","0","0","0","0","","0","0","0","08","1","1","00","N","1","39 58:02.350","2","00","75 07:59.500","3","0","0","0","67301","0","0","0","N","0","0","0","1","68K01","0","","4","09","0835","N","N","N","0","","1","0","0","0","0","N","0821","1","1","0","0","0","0","0","2","0","1","07","08","N","","","","","","","","","","",""
"2022121354","1250","1","0","0","0","0","0","0","0","0","8","0","","67","12","2022","4","39.9573","-75.2025","1244","06","0","0","0","0","0","0","0","0","","0","0","0","12","1","1","00","N","0","39 57:25.990","","00","75 12:09.160","8","0","0","0","67301","1","0","0","N","1","0","0","2","67301","0","","1","01","","N","N","N","0","","0","0","0","0","0","","1240","1","2","0","0","0","1","1","2","0","1","03","","N","","","","","","","","","","",""
"2022122933","1345","1","0","0","0","0","0","0","0","0","4","0","","67","12","2022","2","39.9505","-75.2391","1345","06","0","0","0","0","0","0","1","0","","0","0","0","13","1","1","01","","0","39 57:01.659","","00","75 14:20.864","4","0","0","0","67301","0","0","0","N","0","0","0","3","67301","1","","1","01","","N","N","N","0","","0","0","1","3","3","","1335","1","2","0","0","0","0","2","2","0","2","03","03","N","","","","","","","","","","",""
"2022112195","1735","1","0","0","0","0","0","0","0","0","4","0","","67","11","2022","4","40.0366","-75.0645","1720","06","0","0","0","0","0","0","0","0","","0","0","0","17","3","2","01","","0","40 02:11.789","","00","75 03:52.061","3","0","0","0","67301","0","0","0","N","0","0","0","3","67301","0","","1","01","","N","N","N","0","","1","0","1","3","2","","1720","2","2","0","0","0","1","0","2","0","2","03","03","N","","","","","","","","","","",""
"2022112192","0355","1","0","0","0","0","0","0","0","0","5","0","","67","11","2022","7","39.9266","-75.1741","0350","06","0","0","0","0","0","0","0","0","","0","0","0","03","3","0","00","N","2","39 55:35.610","2","00","75 10:26.920","0","0","0","0","67301","0","0","0","N","0","0","0","1","67301","0","","6","01","0415","N","N","N","0","","0","0","1","0","0","N","0350","0","2","0","0","0","0","0","2","0","2","03","03","N","","","","","","","","","","",""
"2022116805","0915","1","0","0","0","0","0","0","0","0","1","0","","67","11","2022","6","40.0136","-75.126","0915","06","0","0","0","0","0","1","0","0","","0","0","0","07","1","1","00","Y","0","40 00:48.880","","00","75 07:33.750","8","0","0","0","67301","0","0","0","N","0","0","0","2","67301","0","","1","01","","N","N","N","0","","0","0","0","3","2","","0730","1","2","0","0","1","1","0","2","1","2","03","03","N","","","","","","","","","","",""