"CRN","ARRIVAL_TM","AUTOMOBILE_COUNT","BELTED_DEATH_COUNT","BELTED_SUSP_SERIOUS_INJ_COUNT","BICYCLE_COUNT","BICYCLE_DEATH_COUNT","BICYCLE_SUSP_SERIOUS_INJ_COUNT","BUS_COUNT","CHLDPAS_DEATH_COUNT","CHLDPAS_SUSP_SERIOUS_INJ_COUNT","COLLISION_TYPE","COMM_VEH_COUNT","CONS_ZONE_SPD_LIM","COUNTY","CRASH_MONTH","CRASH_YEAR","DAY_OF_WEEK","DEC_LAT","DEC_LONG","DISPATCH_TM","DISTRICT","DRIVER_COUNT_16YR","DRIVER_COUNT_17YR","DRIVER_COUNT_18YR","DRIVER_COUNT_19YR","DRIVER_COUNT_20YR","DRIVER_COUNT_50_64YR","DRIVER_COUNT_65_74YR","DRIVER_COUNT_75PLUS","EST_HRS_CLOSED","FATAL_COUNT","HEAVY_TRUCK_COUNT","HORSE_BUGGY_COUNT","HOUR_OF_DAY","ILLUMINATION","INJURY_COUNT","INTERSECT_TYPE","INTERSECTION_RELATED","LANE_CLOSED","LATITUDE","LN_CLOSE_DIR","LOCATION_TYPE","LONGITUDE","MAX_SEVERITY_LEVEL","MCYCLE_DEATH_COUNT","MCYCLE_SUSP_SERIOUS_INJ_COUNT","MOTORCYCLE_COUNT","MUNICIPALITY","NONMOTR_COUNT","NONMOTR_DEATH_COUNT","NONMOTR_SUSP_SERIOUS_INJ_COUNT","NTFY_HIWY_MAINT","PED_COUNT","PED_DEATH_COUNT","PED_SUSP_SERIOUS_INJ_COUNT","PERSON_COUNT","POLICE_AGCY","POSSIBLE_INJ_COUNT","RDWY_SURF_TYPE_CD","RELATION_TO_ROAD","ROAD_CONDITION","ROADWAY_CLEARED","SCH_BUS_IND","SCH_ZONE_IND","SECONDARY_CRASH","SMALL_TRUCK_COUNT","SPEC_JURIS_CD","SUSP_MINOR_INJ_COUNT","SUSP_SERIOUS_INJ_COUNT","SUV_COUNT","TCD_FUNC_CD","TCD_TYPE","TFC_DETOUR_IND","TIME_OF_DAY","TOT_INJ_COUNT","TOTAL_UNITS","UNB_DEATH_COUNT","UNB_SUSP_SERIOUS_INJ_COUNT","UNBELTED_OCC_COUNT","UNK_INJ_DEG_COUNT","UNK_INJ_PER_COUNT","URBAN_RURAL","VAN_COUNT","VEHICLE_COUNT","WEATHER1","WEATHER2","WORK_ZONE_IND","WORK_ZONE_LOC","WORK_ZONE_TYPE","WORKERS_PRES","WZ_CLOSE_DETOUR","WZ_FLAGGER","WZ_LAW_OFFCR_IND","WZ_LN_CLOSURE","WZ_MOVING","WZ_OTHER","WZ_SHLDER_MDN","WZ_WORKERS_INJ_KILLED"
"2022120915","0340","1","0","0","0","0","0","0","0","0","4","0","","67","12","2022","1","40.0438","-75.1444","0340","06","0","0","0","0","0","0","0","0","","0","0","0","02","3","0","02","","0","40 02:37.530","","00","75 08:39.949","9","0","0","0","67301","0","0","0","N","0","0","0","3","67301","0","","1","01","","N","N","N","0","","0","0","1","0","0","","0230","0","2","0","0","0","0","1","2","0","2","03","","N","","","","","","","","","","",""
"2022109626","1225","1","0","0","0","0","0","0","0","0","5","0","","67","11","2022","7","39.9578","-75.22","1225","06","0","0","0","0","0","0","0","0","","0","0","0","00","3","0","00","N","0","39 57:28.230","","00","75 13:11.973","0","0","0","0","67301","0","0","0","N","0","0","0","2","67301","0","","1","01","","N","N","N","0","","0","0","2","0","0","","0025","0","4","0","0","1","0","0","2","0","4","99","03","N","","","","","","","","","","",""
"2022119013","1001","1","0","0","0","0","0","0","0","0","4","0","","67","12","2022","1","40.0631","-75.022","1000","06","0","0","0","0","0","1","0","0","","0","0","0","17","3","0","01","","0","40 03:47.229","","00","75 01:19.196","0","0","0","0","67301","0","0","0","N","0","0","0","2","67301","0","","1","01","","N","N","N","1","","0","0","0","3","2","","1715","0","2","0","0","0","0","0","2","0","2","03","03","N","","","","","","","","","","",""
"2022112197","2112","0","0","0","0","0","0","0","0","0","7","0","","67","11","2022","5","40.0361","-75.0985","2102","06","0","0","0","0","0","0","0","0","","0","0","0","21","3","1","11","","0","40 02:10.064","","00","75 05:54.603","3","0","0","0","67301","0","0","0","N","0","0","0","1","67301","0","","5","01","","N","N","N","0","","1","0","1","3","3","","2101","1","1","0","0","0","0","0","2","0","1","03","","N","","","","","","","","","","",""
"2022122223","2335","0","0","0","0","0","0","0","0","0","4","0","","67","12","2022","4","39.9678","-75.2416","2333","06","0","0","0","0","0","1","0","0","","0","0","0","23","3","1","00","N","0","39 58:04.150","","00","75 14:29.680","8","0","0","0","67301","0","0","0","N","0","0","0","4","67301","0","","1","01","","N","N","N","1","","0","0","2","0","0","","2313","1","3","0","0","0","1","1","2","0","3","03","03","N","","","","","","","","","","",""
"2022119583","1824","2","0","0","0","0","0","0","0","0","4","0","","67","12","2022","3","40.0219","-75.0401","1824","06","0","0","0","0","0","0","0","0","","0","0","0","18","2","0","01","","0","40 01:18.700","","00","75 02:24.500","9","0","0","0","67301","0","0","0","N","0","0","0","4","67301","0","","1","01","","N","N","N","0","","0","0","0","3","2","","1824","0","2","0","0","0","0","1","2","0","2","03","","N","","","","","","","","","","",""
"2022113611","2359","1","0","0","0","0","0","0","0","0","4","0","","67","11","2022","7","40.0058","-75.0864","2358","06","0","0","0","0","0","1","0","0","","0","0","0","23","3","0","02","","1","40 00:21.037","1","00","75 05:10.970","0","0","0","0","67301","0","0","0","N","0","0","0","2","67301","0","","1","01","0045","N","N","N","0","","0","0","1","3","2","N","2335","0","2","0","0","1","0","0","2","0","2","03","03","N","","","","","","","","","","",""
"2022113607","1842","1","0","0","0","0","0","0","0","0","8","0","","67","11","2022","6","40.006","-75.0919","1829","06","0","0","0","0","0","0","0","0","","0","0","0","18","3","1","05","","0","40 00:21.613","","00","75 05:30.664","3","0","0","0","67301","1","0","0","N","1","0","0","2","67301","0","","1","01","","N","N","N","0","","1","0","0","2","2","","1820","1","2","0","0","0","0","0","2","0","1","03","","N","","","","","","","","","","",""
"2022121337","2301","1","0","0","1","0","0","0","0","0","8","0","","67","12","2022","2","39.9509","-75.152","2300","06","0","0","0","0","0","0","0","0","","0","0","0","12","1","1","01","","0","39 57:03.500","","00","75 09:07.100","3","0","0","0","67301","1","0","0","N","0","0","0","2","67301","0","","1","01","","N","N","N","0","","1","0","0","3","2","","1200","1","2","0","0","0","0","1","2","0","1","03","03","N","","","","","","","","","","",""
"2022124783","1635","1","0","0","0","0","0","0","0","0","5","0","","67","12","2022","3","40.039","-75.0085","1601","06","0","0","0","0","0","0","0","0","","0","0","0","16","3","1","00","N","0","40 02:20.600","","00","75 00:30.700","3","0","0","0","67301","0","0","0","N","0","0","0","5","68K01","0","","1","01","","N","N","N","0","","1","0","1","0","0","","1600","1","3","0","0","0","0","1","2","0","3","03","03","N","","","","","","","","","","",""
"2022112199","2340","1","0","0","0","0","0","0","0","0","4","0","","67","11","2022","1","40.0383","-75.0754","2338","06","0","0","0","0","0","0","0","0","","0","0","0","23","3","1","01","","0","40 02:17.897","","00","75 04:31.313","3","0","0","0","67301","0","0","0","N","0","0","0","2","67301","0","","1","09","","N","N","N","0","","1","0","1","3","2","","2333","1","2","0","0","0","0","0","2","0","2","03","","N","","","","","","","","","","",""
"2022125103","1105","2","0","0","0","0","0","0","0","0","1","0","","67","11","2022","7","40.0039","-75.2207","1105","06","0","0","0","0","0","0","0","1","","0","0","0","19","3","1","01","","0","40 00:14.125","","00","75 13:14.515","8","0","0","0","67301","0","0","0","N","0","0","0","3","67301","0","","1","01","","N","N","N","0","","0","0","0","3","2","","1900","1","2","0","0","0","1","2","2","0","2","03","03","N","","","","","","","","","","",""
"2022123928","1828","1","0","0","0","0","0","0","0","0","8","0","","67","12","2022","2","40.0604","-75.167","1828","06","0","0","0","0","0","0","0","0","","0","0","0","18","3","0","01","","0","40 03:37.582","","00","75 10:01.312","9","0","0","0","67301","1","0","0","N","1","0","0","2","67301","0","","1","01","","N","N","N","0","","0","0","0","3","2","","1828","0","2","0","0","0","0","1","2","0","1","03","04","N","","","","","","","","","","",""
"2022125235","1610","1","0","0","0","0","0","0","0","0","1","0","","67","12","2022","6","40.0364","-75.1305","1600","06","0","0","0","1","0","1","0","0","","0","0","0","13","1","1","01","","0","40 02:11.169","","00","75 07:49.839","3","0","0","0","67301","0","0","0","N","0","0","0","2","67301","0","","1","01","","N","N","N","0","","1","0","1","3","2","","1330","1","2","0","0","0","0","1","2","0","2","03","","N","","","","","","","","","","",""
"2022122409","1804","1","0","0","0","0","0","0","0","0","7","0","","67","12","2022","4","40.0025","-75.1472","1802","06","0","0","0","0","0","0","0","0","","0","0","0","18","3","1","05","","0","40 00:08.899","","00","75 08:50.020","3","0","0","0","67301","0","0","0","N","0","0","0","1","67301","0","","4","01","","N","N","N","0","","1","0","0","3","3","","1800","1","1","0","0","1","0","0","2","0","1","03","03","N","","","","","","","","","","",""
"2022124831","1728","1","0","0","0","0","0","0","0","0","8","0","","67","12","2022","4","40.0577","-75.1661","1724","06","0","0","0","0","0","1","0","0","","0","0","0","17","3","3","01","","0","40 03:27.557","","00","75 09:57.853","8","0","0","0","67301","4","0","0","N","4","0","0","5","67301","0","","1","01","","N","N","N","0","","0","0","0","3","2","","1721","3","5","0","0","0","3","1","2","0","1","03","","N","","","","","","","","","","",""
"2022125115","1306","1","0","0","0","0","0","0","0","0","4","0","","67","12","2022","6","40.002","-75.1561","1259","06","0","0","0","0","0","1","0","0","","0","0","0","12","1","1","01","","0","40 00:07.234","","00","75 09:22.054","8","0","0","0","67301","0","0","0","N","0","0","0","2","67301","0","","1","01","","N","N","N","0","","0","0","1","3","2","","1259","1","2","0","0","2","1","0","2","0","2","03","03","N","","","","","","","","","","",""
"2022122228","0908","1","0","0","0","0","0","0","0","0","5","0","","67","12","2022","5","39.9899","-75.1271","0906","06","0","0","0","0","0","0","0","0","","0","0","0","08","1","0","00","N","0","39 59:23.800","","00","75 07:37.650","0","0","0","0","67301","0","0","0","N","0","0","0","1","67301","0","","6","01","","N","N","N","0","","0","0","1","0","0","","0845","0","2","0","0","1","0","0","2","0","2","04","04","N","","","","","","","","","","",""
"2022122217","0908","0","0","0","0","0","0","0","0","0","8","0","","67","12","2022","4","39.916","-75.236","0908","06","0","0","0","0","0","0","1","0","","0","0","0","09","1","1","01","","0","39 54:57.725","","00","75 14:09.736","4","0","0","0","67301","1","0","0","N","1","0","0","2","67301","1","","1","01","","N","Y","N","0","","0","0","1","3","1","","0908","1","2","0","0","0","0","0","2","0","1","03","03","N","","","","","","","","","","",""
"2022118748","1607","0","0","0","0","0","0","0","0","0","8","0","","67","12","2022","4","40.0702","-75.0313","1559","06","0","0","0","0","0","1","0","0","","0","0","0","15","1","1","02","","1","40 04:12.900","3","00","75 01:52.700","3","0","0","0","67301","1","0","0","N","1","0","0","2","67301","0","","1","01","0020","N","N","N","0","","1","0","1","3","2","Y","1556","1","2","0","0","1","0","0","2","0","1","03","03","N","","","","","","","","","","",""
"2022119033","0047","1","0","0","0","0","0","0","0","0","4","0","","67","12","2022","7","39.9799","-75.1195","0041","06","0","0","0","0","0","0","0","0","","0","0","0","00","3","0","00","N","0","39 58:47.620","","00","75 07:10.130","9","0","0","0","67301","0","0","0","N","0","0","0","1","67301","0","","1","01","","N","N","N","0","","0","0","1","0","0","","0030","0","2","0","0","0","0","1","2","0","2","03","03","N","","","","","","","","","","",""
"2022121086","0110","1","0","0","0","0","0","0","0","0","8","0","","67","12","2022","1","39.9546","-75.1811","0100","06","0","0","0","0","0","0","0","0","","0","0","0","23","3","1","02","","0","39 57:16.230","","99","75 10:52.469","4","0","0","0","67301","1","0","0","N","1","0","0","2","67301","1","","1","01","","N","N","N","0","","0","0","0","9","2","","2344","1","2","0","0","0","0","1","2","0","1","03","03","N","","","","","","","","","","",""
"2022120893","0111","1","0","0","0","0","0","0","0","0","7","0","","67","12","2022","2","40.08","-74.9973","0105","06","0","1","0","0","0","0","0","0","","0","0","0","00","3","1","01","","2","40 04:47.959","1","00","74 59:50.241","2","0","0","0","67301","0","0","0","N","0","0","0","1","67301","0","","4","01","0300","N","N","N","0","","0","1","0","3","2","Y","0054","1","1","0","1","1","0","0","2","0","1","03","","N","","","","","","","","","","",""
"2022112232","2005","1","0","0","0","0","0","0","0","0","7","0","","67","11","2022","5","39.9203","-75.2136","2002","06","0","0","0","0","0","0","0","0","","0","0","0","20","3","0","00","N","0","39 55:13.230","","00","75 12:49.050","0","0","0","0","67301","0","0","0","N","0","0","0","1","67301","0","","4","01","","N","N","N","0","","0","0","1","0","0","","2000","0","2","0","0","1","0","0","2","0","2","03","03","N","","","","","","","","","","",""
"2022120900","1300","1","0","0","0","0","0","0","0","0","4","0","","67","11","2022","3","39.9953","-75.2314","1250","06","0","0","0","0","0","0","0","0","","0","0","0","12","1","1","01","","0","39 59:43.177","","00","75 13:52.960","3","0","0","0","67301","0","0","0","N","0","0","0","3","67301","0","","1","01","","N","N","N","0","","1","0","1","3","3","","1244","1","2","0","0","0","0","0","2","0","2","03","","N","","","","","","","","","","",""
"2022121082","1130","1","0","0","0","0","0","0","0","0","4","0","","67","12","2022","4","40.0732","-75.0152","1124","06","0","0","0","0","0","0","0","0","","0","0","0","11","1","0","00","N","1","40 04:23.600","3","07","75 00:54.300","0","0","0","0","67301","0","0","0","N","0","0","0","2","67301","0","","1","01","1345","N","N","N","0","","0","0","0","0","0","N","1120","0","2","0","0","0","0","0","2","1","2","03","03","N","","","","","","","","","","",""
"2022124425","0709","0","0","0","0","0","0","0","0","0","5","0","","67","12","2022","2","39.8989","-75.1688","0641","06","0","0","0","0","0","1","0","0","","0","0","0","06","5","0","00","N","2","39 53:55.964","1","00","75 10:07.722","0","0","0","0","67301","0","0","0","N","0","0","0","3","68K01","0","","3","01","0750","N","N","N","2","","0","0","0","0","0","N","0639","0","2","0","0","0","0","0","2","0","2","03","","N","","","","","","","","","","",""
"2022113186","1730","0","0","0","0","0","0","0","0","0","4","0","","67","11","2022","5","40.0084","-75.0965","1720","06","0","0","0","0","0","0","0","0","","0","0","0","17","3","3","01","","0","40 00:30.293","","00","75 05:47.331","3","0","0","0","67301","0","0","0","N","0","0","0","4","67301","0","","1","01","","N","N","N","2","","3","0","1","3","3","","1700","3","3","0","0","0","0","0","2","0","3","03","","N","","","","","","","","","","",""
"2022121081","1420","0","0","0","0","0","0","0","0","0","4","0","","67","12","2022","1","40.0946","-75.0152","1420","06","0","0","0","0","0","0","0","0","","0","0","0","14","1","0","01","","2","40 05:41.185","2","00","75 00:55.174","0","0","0","0","67301","0","0","0","N","0","0","0","2","67301","0","","1","01","1525","N","N","N","0","","0","0","2","3","2","N","1400","0","2","0","0","0","0","0","2","0","2","04","","N","","","","","","","","","","",""
"2022117722","1818","2","0","0","0","0","0","0","0","0","1","0","","67","12","2022","7","39.9683","-75.1299","1750","06","0","0","0","0","1","0","0","0","","0","0","0","17","3","1","00","N","1","39 58:05.790","2","00","75 07:47.708","3","0","0","0","67301","0","0","0","N","0","0","0","3","68K01","0","","1","01","1824","N","N","N","0","","1","0","0","0","0","N","1747","1","3","0","0","0","0","1","2","0","3","03","03","N","","","","","","","","","","",""
"2022113617","2325","1","0","0","0","0","0","0","0","0","4","0","","67","11","2022","3","40.0277","-75.11","2325","06","0","0","0","0","0","0","0","0","","0","0","0","21","3","1","01","","0","40 01:39.827","","00","75 06:35.893","3","0","0","0","67301","0","0","0","N","0","0","0","2","67301","0","","1","01","","N","N","N","0","","1","0","0","3","2","","2102","1","2","0","0","0","0","0","2","1","2","03","03","N","","","","","","","","","","",""
"2022122546","0718","2","0","0","0","0","0","0","0","0","1","0","","67","12","2022","3","39.945","-75.1981","0717","06","0","0","0","0","0","1","0","0","","0","0","0","07","1","2","00","N","0","39 56:42.000","","00","75 11:53.100","8","0","0","0","67301","0","0","0","N","0","0","0","3","67504","0","","1","01","","N","N","N","0","","0","0","0","0","0","","0715","2","2","0","0","2","2","1","2","0","2","03","","N","","","","","","","","","","",""
"2022116672","0051","1","0","0","0","0","0","0","0","0","7","0","","67","11","2022","7","40.0024","-75.1661","0049","06","0","0","0","0","0","0","0","0","","0","0","0","00","3","1","01","","0","40 00:08.697","","00","75 09:57.888","4","0","0","0","67301","0","0","0","N","0","0","0","2","67301","1","","4","01","","N","N","N","0","","0","0","1","3","3","","0046","1","2","0","0","0","0","0","2","0","2","03","03","N","","","","","","","","","","",""
"2022123128","0321","2","0","0","0","0","0","0","0","0","1","0","","67","12","2022","1","40.0302","-75.0678","0315","06","0","0","0","0","1","0","0","0","","0","0","0","03","3","1","00","N","1","40 01:48.800","3","00","75 04:03.900","3","0","0","0","67301","0","0","0","N","0","0","0","2","67301","0","","1","01","0500","N","N","N","0","","1","0","2","0","0","Y","0311","1","6","0","0","0","0","0","2","2","6","03","03","N","","","","","","","","","","",""
"2022123031","0525","1","0","0","0","0","0","0","0","0","5","0","","67","12","2022","7","40.0425","-75.1289","0523","06","0","0","0","0","0","0","0","0","","0","0","0","03","3","0","00","N","0","40 02:33.170","","00","75 07:44.200","9","0","0","0","67301","0","0","0","N","0","0","0","1","67301","0","","6","01","","N","N","N","0","","0","0","0","0","0","","0340","0","2","0","0","0","0","1","2","0","2","03","03","N","","","","","","","","","","",""
"2022123655","1330","1","0","0","0","0","0","0","0","0","4","0","","67","12","2022","7","40.0372","-75.053","1324","06","0","0","0","1","0","1","0","0","","0","0","0","13","1","2","01","","1","40 02:13.930","3","00","75 03:10.828","3","0","0","0","67301","0","0","0","N","0","0","0","4","67301","0","","1","01","0020","N","N","N","0","","2","0","0","3","2","Y","1302","2","2","0","0","0","0","0","2","1","2","03","03","N","","","","","","","","","","",""
"2022124485","1627","0","0","0","0","0","0","0","0","0","1","0","","67","12","2022","3","39.9516","-75.1637","1620","06","0","0","0","0","0","0","0","0","","0","0","0","15","1","0","02","","0","39 57:05.795","","00","75 09:49.162","0","0","0","0","67301","0","0","0","N","0","0","0","2","67301","0","","1","01","","N","N","N","1","","0","0","1","3","2","","1545","0","2","0","0","0","0","0","2","0","2","03","03","N","","","","","","","","","","",""
"2022123644","1148","1","0","0","0","0","0","0","0","0","8","0","","67","12","2022","2","40.0321","-75.1024","1148","06","0","0","0","0","0","0","0","0","","0","0","0","11","1","2","02","","0","40 01:55.604","","00","75 06:08.579","3","0","0","0","67301","2","0","0","N","2","0","0","3","67301","0","","1","01","","N","N","N","0","","2","0","0","3","3","","1130","2","3","0","0","0","0","0","2","0","1","03","03","N","","","","","","","","","","",""
"2022123300","1130","0","0","0","0","0","0","0","0","0","8","0","","67","12","2022","2","39.9778","-75.151","1130","06","0","0","0","0","0","0","0","0","","0","0","0","11","1","1","01","","0","39 58:40.032","","00","75 09:03.628","8","0","0","0","67301","1","0","0","N","1","0","0","2","67505","0","","1","01","","N","N","N","0","","0","0","1","3","2","","1130","1","2","0","0","0","1","0","2","0","1","03","03","N","","","","","","","","","","",""
"2022122937","0355","1","0","0","0","0","0","0","0","0","4","0","","67","12","2022","5","39.9421","-75.2117","0353","06","0","0","0","0","0","1","0","0","","0","0","0","03","3","2","01","","0","39 56:31.401","","00","75 12:42.217","3","0","0","0","67301","0","0","0","N","0","0","0","2","67301","0","","1","01","","N","N","N","0","","2","0","1","3","2","","0351","2","2","0","0","0","0","0","2","0","2","03","03","N","","","","","","","","","","",""
"2022125098","2352","1","0","0","0","0","0","0","0","0","5","0","","67","12","2022","5","40.0324","-75.1782","2352","06","0","0","0","0","0","0","0","0","","0","0","0","22","3","0","00","N","0","40 01:56.680","","00","75 10:41.630","9","0","0","0","67301","0","0","0","N","0","0","0","1","67301","0","","6","01","","N","N","N","0","","0","0","1","0","0","","2243","0","2","0","0","0","0","1","2","0","2","03","","N","","","","","","","","","","",""
"2022122651","0027","2","0","0","0","0","0","0","0","0","4","0","","67","12","2022","6","40.0581","-75.0782","0025","06","0","0","0","0","0","0","0","0","","0","0","0","00","3","0","02","","0","40 03:29.167","","00","75 04:40.980","0","0","0","0","67301","0","0","0","N","0","0","0","2","67301","0","","1","09","","N","N","N","0","","0","0","1","3","3","","0025","0","3","0","0","0","0","0","2","0","3","07","07","N","","","","","","","","","","",""
"2022125214","0941","0","0","0","0","0","0","0","0","0","1","0","","67","12","2022","6","40.0195","-75.0449","0923","06","0","0","0","0","0","1","0","0","","0","0","0","09","1","1","00","N","1","40 01:10.250","1","00","75 02:41.628","3","0","0","0","67301","0","0","0","N","0","0","0","3","68K01","0","","1","01","1000","N","N","N","1","","1","0","1","0","0","N","0920","1","3","0","0","0","0","0","2","1","3","03","03","N","","","","","","","","","","",""
"2022124479","1845","0","0","0","0","0","0","0","0","0","1","0","","67","12","2022","4","40.0577","-75.2366","1837","06","0","0","0","0","0","1","0","0","","0","0","0","18","3","0","00","N","2","40 03:27.734","5","00","75 14:11.872","9","0","0","0","67301","0","0","0","N","0","0","0","1","67301","0","","6","01","2010","N","N","N","0","","0","0","2","0","0","Y","1836","0","2","0","0","0","0","1","2","0","2","03","03","N","","","","","","","","","","",""
"2022124471","2145","2","0","0","0","0","0","0","0","0","4","0","","67","12","2022","3","39.9249","-75.1729","2138","06","0","0","0","0","0","0","0","0","","0","0","0","21","3","0","05","","0","39 55:29.456","","00","75 10:22.766","9","0","0","0","67301","0","0","0","N","0","0","0","2","67301","0","","1","01","","N","N","N","0","","0","0","0","3","2","","2135","0","2","0","0","0","0","1","2","0","2","03","03","N","","","","","","","","","","",""
"2022121340","1035","1","0","0","0","0","0","0","0","0","4","0","","67","12","2022","1","39.957","-75.1572","1012","06","0","0","0","0","0","0","0","0","","0","0","0","09","1","1","01","","0","39 57:26.640","","00","75 09:25.508","4","0","0","0","67301","0","0","0","N","0","0","0","5","67301","1","","1","01","","N","N","N","0","","0","0","1","3","1","","0942","1","2","0","0","0","0","0","2","0","2","03","03","N","","","","","","","","","","",""
"2022112894","1744","2","0","0","0","0","0","0","0","0","4","0","","67","11","2022","2","40.0548","-75.169","1736","06","0","0","0","0","0","1","0","1","","0","0","0","17","3","1","01","","0","40 03:17.448","","00","75 10:08.248","3","0","0","0","67301","0","0","0","N","0","0","0","3","67301","0","","1","01","","N","N","N","0","","1","0","1","3","2","","1706","1","3","0","0","0","0","0","2","0","3","03","98","N","","","","","","","","","","",""
"2022121797","1240","1","0","0","0","0","0","0","0","0","4","0","","67","12","2022","3","39.9394","-75.1917","1240","06","0","0","0","1","0","0","0","0","","0","0","0","00","3","2","02","","0","39 56:21.900","","00","75 11:30.000","4","0","0","0","67301","0","0","0","N","0","0","0","3","67301","1","","1","01","","N","N","N","0","","0","0","1","3","2","","0040","2","2","0","0","0","1","0","2","0","2","03","03","N","","","","","","","","","","",""
"2022119031","2339","0","0","0","0","0","0","0","0","0","4","0","","67","11","2022","1","39.9699","-75.1431","2337","06","0","0","0","0","0","0","0","0","","0","0","0","23","3","1","01","","0","39 58:11.965","","00","75 08:35.133","8","0","0","0","67301","0","0","0","N","0","0","0","3","67301","0","","1","09","","N","N","N","0","","0","0","2","3","2","","2337","1","2","0","0","0","1","0","2","0","2","03","04","N","","","","","","","","","","",""
"2022119930","0214","1","0","0","0","0","0","0","0","0","1","0","","67","12","2022","7","40.0425","-75.025","0211","06","0","0","0","0","0","0","1","0","","0","0","0","02","3","0","00","N","1","40 02:33.300","1","00","75 01:29.700","0","0","0","0","67301","0","0","0","N","0","0","0","2","67301","0","","2","01","0020","N","N","N","0","","0","0","2","0","0","N","0202","0","3","0","0","0","0","0","2","0","3","03","03","N","","","","","","","","","","",""
"2022112198","1725","0","0","0","0","0","0","0","0","0","8","0","","67","11","2022","7","40.0499","-75.0673","1725","06","0","0","0","0","0","0","0","0","","0","0","0","17","3","2","02","","0","40 02:59.864","","00","75 04:02.363","3","0","0","0","67301","2","0","0","N","2","0","0","3","67301","0","","1","01","","N","N","N","0","","2","0","1","0","0","","1725","2","3","0","0","0","0","0","2","0","1","03","","N","","","","","","","","","","",""
"2022112244","0152","1","0","0","0","0","0","0","0","0","5","0","","67","11","2022","7","40.0266","-75.1593","0143","06","0","0","0","0","0","0","0","0","","0","0","0","01","3","0","02","","0","40 01:35.713","","00","75 09:33.411","0","0","0","0","67301","0","0","0","N","0","0","0","2","67301","0","","1","01","","N","N","N","0","","0","0","1","0","0","","0143","0","2","0","0","1","0","0","2","0","2","03","03","N","","","","","","","","","","",""
"2022112222","1806","0","0","0","0","0","0","0","0","0","4","0","","67","11","2022","3","40.0535","-74.9823","1800","06","0","0","0","0","0","1","0","0","","0","0","0","17","3","1","00","N","0","40 03:12.455","","07","74 58:56.174","3","0","0","1","67301","0","0","0","N","0","0","0","2","67301","0","","1","01","","N","N","N","0","","1","0","1","0","0","","1759","1","2","0","0","0","0","0","2","0","2","03","03","N","","","","","","","","","","",""
"2022109487","1053","1","0","0","0","0","0","0","0","0","4","0","","67","11","2022","1","39.977","-75.156","1051","06","0","0","0","0","0","0","0","0","","0","0","0","10","1","0","01","","0","39 58:37.164","","00","75 09:21.596","0","0","0","0","67301","0","0","0","N","0","0","0","4","67505","0","","1","01","","","","N","0","","0","0","1","3","2","","1045","0","2","0","0","0","0","0","2","0","2","03","03","N","","","","","","","","","","",""
"2022110086","2140","2","0","0","0","0","0","0","0","0","1","0","","67","11","2022","7","39.9954","-75.1622","2130","06","0","0","0","0","0","0","0","0","","0","0","0","21","3","0","00","N","0","39 59:43.520","","00","75 09:43.950","0","0","0","0","67301","0","0","0","N","0","0","0","1","67301","0","","6","01","","N","N","N","0","","0","0","0","0","0","","2130","0","2","0","0","1","0","0","2","0","2","03","03","N","","","","","","","","","","",""
"2022110671","0810","1","0","0","0","0","0","0","0","0","4","0","","67","11","2022","3","40.1235","-75.0154","0753","06","0","0","0","0","0","1","0","0","","0","0","0","05","5","0","01","","0","40 07:24.748","","00","75 00:55.269","0","0","0","0","67301","0","0","0","N","0","0","0","2","67301","0","","1","01","","N","N","N","1","","0","0","0","3","2","","0550","0","2","0","0","0","0","0","2","0","2","03","","N","","","","","","","","","","",""
"2022119014","1936","0","0","0","0","0","0","0","0","0","1","0","","67","11","2022","6","39.9595","-75.162","1936","06","0","0","0","0","0","1","0","0","","0","0","0","19","3","0","01","","0","39 57:34.154","","00","75 09:43.529","0","0","0","0","67301","0","0","0","N","0","0","0","3","67301","0","","1","01","","N","N","Y","1","","0","0","1","3","2","","1936","0","2","0","0","1","0","0","2","0","2","03","03","N","","","","","","","","","","",""
"2022112224","1543","0","0","0","0","0","0","0","0","0","1","0","","67","11","2022","4","40.0658","-75.0257","1543","06","0","0","0","0","0","0","0","0","","0","0","0","15","1","1","00","N","1","40 03:56.891","4","00","75 01:32.498","3","0","0","0","67301","0","0","0","N","0","0","0","1","67301","0","","6","01","1420","N","N","N","1","","1","0","1","0","0","N","1543","1","2","0","0","1","0","0","2","0","2","03","03","N","","","","","","","","","","",""
"2022113201","0922","2","0","0","0","0","0","0","0","0","5","0","","67","11","2022","2","39.9977","-75.1213","0919","06","0","0","0","0","0","0","0","0","","0","0","0","09","1","0","00","N","2","39 59:51.700","1","00","75 07:16.500","0","0","0","0","67301","0","0","0","N","0","0","0","1","67301","0","","6","01","1025","N","N","N","1","","0","0","0","0","0","Y","0919","0","3","0","0","1","0","0","2","0","3","03","03","N","","","","","","","","","","",""
"2022119929","1150","0","0","0","0","0","0","0","0","0","8","0","","67","12","2022","6","40.0509","-74.9993","1132","06","0","0","0","0","0","1","0","0","","0","0","0","18","3","1","00","N","0","40 03:03.100","","00","74 59:57.300","3","0","0","0","67301","1","0","0","N","1","0","0","2","67301","0","","2","01","","N","N","N","1","","1","0","0","0","0","","1846","1","2","0","0","0","0","0","2","0","1","03","","N","","","","","","","","","","",""