"CRN","ARRIVAL_TM","AUTOMOBILE_COUNT","BELTED_DEATH_COUNT","BELTED_SUSP_SERIOUS_INJ_COUNT","BICYCLE_COUNT","BICYCLE_DEATH_COUNT","BICYCLE_SUSP_SERIOUS_INJ_COUNT","BUS_COUNT","CHLDPAS_DEATH_COUNT","CHLDPAS_SUSP_SERIOUS_INJ_COUNT","COLLISION_TYPE","COMM_VEH_COUNT","CONS_ZONE_SPD_LIM","COUNTY","CRASH_MONTH","CRASH_YEAR","DAY_OF_WEEK","DEC_LAT","DEC_LONG","DISPATCH_TM","DISTRICT","DRIVER_COUNT_16YR","DRIVER_COUNT_17YR","DRIVER_COUNT_18YR","DRIVER_COUNT_19YR","DRIVER_COUNT_20YR","DRIVER_COUNT_50_64YR","DRIVER_COUNT_65_74YR","DRIVER_COUNT_75PLUS","EST_HRS_CLOSED","FATAL_COUNT","HEAVY_TRUCK_COUNT","HORSE_BUGGY_COUNT","HOUR_OF_DAY","ILLUMINATION","INJURY_COUNT","INTERSECT_TYPE","INTERSECTION_RELATED","LANE_CLOSED","LATITUDE","LN_CLOSE_DIR","LOCATION_TYPE","LONGITUDE","MAX_SEVERITY_LEVEL","MCYCLE_DEATH_COUNT","MCYCLE_SUSP_SERIOUS_INJ_COUNT","MOTORCYCLE_COUNT","MUNICIPALITY","NONMOTR_COUNT","NONMOTR_DEATH_COUNT","NONMOTR_SUSP_SERIOUS_INJ_COUNT","NTFY_HIWY_MAINT","PED_COUNT","PED_DEATH_COUNT","PED_SUSP_SERIOUS_INJ_COUNT","PERSON_COUNT","POLICE_AGCY","POSSIBLE_INJ_COUNT","RDWY_SURF_TYPE_CD","RELATION_TO_ROAD","ROAD_CONDITION","ROADWAY_CLEARED","SCH_BUS_IND","SCH_ZONE_IND","SECONDARY_CRASH","SMALL_TRUCK_COUNT","SPEC_JURIS_CD","SUSP_MINOR_INJ_COUNT","SUSP_SERIOUS_INJ_COUNT","SUV_COUNT","TCD_FUNC_CD","TCD_TYPE","TFC_DETOUR_IND","TIME_OF_DAY","TOT_INJ_COUNT","TOTAL_UNITS","UNB_DEATH_COUNT","UNB_SUSP_SERIOUS_INJ_COUNT","UNBELTED_OCC_COUNT","UNK_INJ_DEG_COUNT","UNK_INJ_PER_COUNT","URBAN_RURAL","VAN_COUNT","VEHICLE_COUNT","WEATHER1","WEATHER2","WORK_ZONE_IND","WORK_ZONE_LOC","WORK_ZONE_TYPE","WORKERS_PRES","WZ_CLOSE_DETOUR","WZ_FLAGGER","WZ_LAW_OFFCR_IND","WZ_LN_CLOSURE","WZ_MOVING","WZ_OTHER","WZ_SHLDER_MDN","WZ_WORKERS_INJ_KILLED"
"2022113198","0330","2","0","0","0","0","0","0","0","0","1","0","","67","11","2022","7","40.0234","-75.1135","0330","06","0","0","0","0","0","0","0","0","","0","0","0","00","3","0","00","N","0","40 01:24.400","","00","75 06:48.700","9","0","0","0","67301","0","0","0","N","0","0","0","1","67301","0","","6","01","","N","N","N","1","","0","0","0","0","0","","0020","0","3","0","0","1","0","1","2","0","3","03","","N","","","","","","","","","","",""
"2022121338","0005","1","0","0","0","0","0","0","0","0","4","0","","67","12","2022","3","39.9554","-75.1559","0005","06","0","0","0","0","0","0","1","0","","0","0","0","23","3","0","01","","0","39 57:19.330","","00","75 09:21.150","0","0","0","0","67301","0","0","0","N","0","0","0","2","67301","0","","1","01","","N","N","N","0","","0","0","1","3","2","","2355","0","2","0","0","0","0","0","2","0","2","03","","N","","","","","","","","","","",""
"2022117419","1221","1","0","0","0","0","0","0","0","0","2","0","","67","12","2022","1","40.0556","-75.1813","1218","06","0","0","0","0","0","0","1","0","","0","0","0","11","1","1","01","","0","40 03:20.200","","00","75 10:52.700","3","0","0","0","67301","0","0","0","N","0","0","0","2","67301","0","","1","09","","N","N","N","0","","1","0","1","3","3","","1158","1","2","0","0","0","0","0","2","0","2","04","98","N","","","","","","","","","","",""
"2022123557","0059","0","0","0","0","0","0","0","0","0","5","0","","67","12","2022","1","39.9877","-75.0894","0037","06","0","0","0","0","0","0","0","0","","0","0","0","00","3","3","00","N","0","39 59:15.576","","00","75 05:22.016","3","0","0","0","67301","0","0","0","N","0","0","0","3","68K01","2","","1","01","","N","N","N","0","","1","0","2","0","0","","0007","3","2","0","0","0","0","0","2","0","2","03","","N","","","","","","","","","","",""
"2022119861","0901","0","0","0","0","0","0","0","0","0","7","0","","67","11","2022","5","39.8931","-75.226","0850","06","0","0","0","0","0","0","0","0","","0","0","0","08","1","1","00","N","2","39 53:35.174","2","08","75 13:33.708","3","0","0","1","67301","0","0","0","N","0","0","0","1","68K01","0","","4","01","0946","N","N","N","0","","1","0","0","0","0","Y","0850","1","1","0","0","0","0","0","2","0","1","03","","N","","","","","","","","","","",""
"2022112220","1925","2","0","0","0","0","0","0","0","0","2","0","","67","11","2022","1","40.062","-75.0143","1917","06","0","0","0","0","0","0","0","1","","0","0","0","19","3","1","00","N","0","40 03:43.040","","00","75 00:51.340","3","0","0","0","67301","0","0","0","N","0","0","0","1","67301","0","","6","01","","N","N","N","0","","1","0","1","0","0","","1909","1","3","0","0","0","0","0","2","0","3","03","03","N","","","","","","","","","","",""
"2022118746","1636","0","0","0","0","0","0","0","0","0","8","0","","67","12","2022","3","40.053","-75.0071","1633","06","0","0","0","0","0","0","1","0","","0","0","0","16","1","1","00","N","0","40 03:10.700","","00","75 00:25.700","8","0","0","0","67301","1","0","0","N","1","0","0","2","67301","0","","1","01","","N","N","N","0","","0","0","1","0","0","","1605","1","2","0","0","0","1","0","2","0","1","03","","N","","","","","","","","","","",""
"2022112239","2130","1","0","0","0","0","0","0","0","0","7","0","","67","11","2022","3","40.0622","-75.1773","2102","06","0","0","0","0","0","1","0","0","","0","0","0","18","3","1","01","","0","40 03:43.956","","00","75 10:38.326","3","0","0","0","67301","0","0","0","N","0","0","0","1","67301","0","","5","01","","N","N","N","0","","1","0","0","0","0","","1847","1","1","0","0","0","0","0","2","0","1","03","","N","","","","","","","","","","",""
"2022112223","1516","2","0","0","0","0","0","0","0","0","4","0","","67","11","2022","4","40.0882","-74.9675","1515","06","0","0","0","1","0","0","0","0","","0","0","0","15","1","0","00","N","1","40 05:17.433","1","07","74 58:03.036","0","0","0","0","67301","0","0","0","N","0","0","0","3","67301","0","","1","01","0100","N","N","N","0","","0","0","1","3","3","N","1513","0","3","0","0","0","0","0","2","0","3","03","03","N","","","","","","","","","","",""
"2022115450","0047","3","0","0","0","0","0","0","0","0","5","0","","67","11","2022","7","39.9998","-75.2293","0047","06","0","0","0","0","0","2","0","0","","0","0","0","00","3","1","00","N","0","39 59:59.444","","00","75 13:45.366","3","0","0","0","67301","0","0","0","N","0","0","0","5","67301","0","","1","01","","N","N","N","0","","1","0","2","0","0","","0047","1","5","0","0","1","0","0","2","0","5","03","03","N","","","","","","","","","","",""
"2022112225","1625","0","0","0","0","0","0","0","0","0","4","0","","67","11","2022","4","40.0683","-75.0055","1625","06","0","0","1","0","0","0","0","0","","0","0","0","16","4","0","00","N","1","40 04:05.821","3","07","75 00:19.683","9","0","0","0","67301","0","0","0","N","0","0","0","2","67301","0","","1","01","1800","N","N","N","0","","0","0","2","3","3","N","1625","0","2","0","0","0","0","1","2","0","2","03","03","N","","","","","","","","","","",""
"2022117053","1446","2","0","0","0","0","0","0","0","0","4","0","","67","11","2022","3","40.0011","-75.1247","1446","06","0","0","0","0","1","0","0","0","","0","0","0","14","1","1","01","","1","40 00:03.985","7","00","75 07:29.066","8","0","0","0","67301","0","0","0","N","0","0","0","2","67301","0","","1","01","1500","N","N","N","0","","0","0","0","3","2","N","1445","1","2","0","0","0","1","1","2","0","2","03","03","N","","","","","","","","","","",""
"2022120118","0935","3","0","0","0","0","0","0","0","0","5","0","","67","12","2022","4","39.9234","-75.1808","0929","06","0","0","0","0","0","1","0","0","","0","0","0","09","1","1","00","N","2","39 55:24.391","6","00","75 10:50.878","3","0","0","0","67301","0","0","0","N","0","0","0","7","67301","0","","6","01","1100","N","N","N","0","","1","0","4","0","0","Y","0928","1","7","0","0","0","0","0","2","0","7","03","","N","","","","","","","","","","",""
"2022119157","1555","1","0","0","0","0","0","0","0","0","7","0","","67","11","2022","1","40.0321","-75.0213","1544","06","0","0","0","0","0","1","0","0","","0","0","0","15","1","0","00","N","2","40 01:55.640","2","03","75 01:16.635","0","0","0","0","67301","0","0","0","N","0","0","0","2","68K01","0","","2","09","1615","N","N","N","0","","0","0","0","0","0","N","1537","0","1","0","0","0","0","0","2","0","1","07","","N","","","","","","","","","","",""
"2022112249","0917","2","0","0","0","0","0","0","0","0","4","0","","67","11","2022","3","40.0072","-75.0911","0916","06","0","0","0","0","0","1","0","0","","0","0","0","09","1","1","00","N","0","40 00:25.799","","00","75 05:27.919","3","0","0","0","67301","0","0","0","N","0","0","0","2","67301","0","","1","01","","N","N","N","0","","1","0","0","0","0","","0913","1","2","0","0","0","0","0","2","0","2","03","03","N","","","","","","","","","","",""
"2022115641","1720","1","0","0","0","0","0","0","0","0","8","0","","67","12","2022","6","39.9908","-75.1309","1720","06","0","0","0","0","0","0","0","0","","0","0","0","12","1","1","01","","0","39 59:26.997","","00","75 07:51.248","2","0","0","0","67301","1","0","1","N","1","0","1","2","67301","0","","1","99","","N","N","N","0","","0","1","0","3","2","","1230","1","2","0","0","1","0","0","2","0","1","99","","N","","","","","","","","","","",""
"2022121672","1641","0","0","0","0","0","0","0","0","0","7","0","","67","11","2022","4","40.027","-75.0262","1631","06","0","0","0","0","0","0","0","0","","0","0","0","16","3","0","00","N","0","40 01:37.038","","00","75 01:34.152","0","0","0","0","67301","0","0","0","N","0","0","0","1","68K01","0","","3","09","","N","N","N","0","","0","0","0","0","0","","1628","0","1","0","0","1","0","0","2","1","1","07","","N","","","","","","","","","","",""
"2022124493","0138","0","0","0","0","0","0","0","0","0","5","0","","67","12","2022","7","40.0182","-75.0554","0112","06","0","0","0","0","0","0","0","0","","0","0","0","00","3","0","00","N","2","40 01:05.540","7","00","75 03:19.510","0","0","0","0","67301","0","0","0","N","0","0","0","1","67301","0","","6","01","0355","N","N","N","0","","0","0","2","0","0","N","0059","0","3","0","0","1","0","0","2","1","3","03","03","N","","","","","","","","","","",""
"2022124082","0055","0","0","0","0","0","0","0","0","0","4","0","","67","12","2022","1","40.0276","-75.1747","0050","06","0","0","0","0","0","0","0","0","","0","0","0","00","3","1","02","","0","40 01:39.363","","00","75 10:28.984","3","0","0","0","67301","0","0","0","N","0","0","0","1","67301","0","","1","01","","N","N","N","0","","1","0","1","0","0","","0040","1","2","0","0","0","0","0","2","1","2","03","03","N","","","","","","","","","","",""
"2022124491","0610","3","0","0","0","0","0","0","0","0","5","0","","67","12","2022","5","40.0203","-75.0571","0602","06","0","0","0","0","0","0","0","0","","0","0","0","06","3","0","00","N","2","40 01:13.240","5","00","75 03:25.420","0","0","0","0","67301","0","0","0","N","0","0","0","1","67301","0","","6","01","0738","N","N","N","0","","0","0","1","0","0","Y","0600","0","4","0","0","0","0","0","2","0","4","03","","N","","","","","","","","","","",""
"2022122781","1520","3","0","0","0","0","0","0","0","0","4","0","","67","12","2022","5","40.0313","-75.0662","1510","06","0","0","0","0","0","0","0","0","","0","0","0","15","1","1","01","","0","40 01:52.663","","00","75 03:58.341","3","0","0","0","67301","0","0","0","N","0","0","0","2","67301","0","","1","09","","N","N","N","2","","1","0","0","3","3","","1500","1","5","0","0","0","0","1","2","0","5","07","","N","","","","","","","","","","",""
"2022122657","1527","0","0","0","0","0","0","0","0","0","8","0","","67","12","2022","5","40.0522","-75.1758","1527","06","0","0","0","0","0","0","0","0","","0","0","0","15","8","1","01","","0","40 03:08.041","","00","75 10:32.943","3","0","0","0","67301","1","0","0","N","1","0","0","2","67301","0","","1","09","","N","N","N","1","","1","0","0","3","2","","1500","1","2","0","0","1","0","1","2","0","1","07","04","N","","","","","","","","","","",""
"2022123472","0218","2","0","0","0","0","0","0","0","0","5","0","","67","12","2022","4","39.9674","-75.2396","0216","06","0","0","0","0","0","0","0","0","","0","0","0","02","3","0","00","N","0","39 58:02.780","","00","75 14:22.690","9","0","0","0","67301","0","0","0","N","0","0","0","1","67301","0","","6","01","","N","N","N","0","","0","0","3","0","0","","0205","0","5","0","0","0","0","1","2","0","5","03","03","N","","","","","","","","","","",""
"2022124330","0210","1","0","0","0","0","0","0","0","0","7","0","","67","12","2022","3","39.9505","-75.2269","0210","06","0","0","0","0","0","0","0","0","","0","0","0","02","3","1","01","","0","39 57:01.650","","00","75 13:36.680","2","0","0","0","67301","0","0","0","N","0","0","0","1","67301","0","","4","01","","N","N","N","0","","0","1","0","3","2","","0200","1","1","0","1","1","0","0","2","0","1","03","03","N","","","","","","","","","","",""
"2022122921","0440","3","0","0","0","0","0","0","0","0","4","0","","67","12","2022","6","40.0146","-75.0696","0437","06","0","0","0","0","0","0","0","0","","0","0","0","04","3","1","01","","1","40 00:52.693","1","00","75 04:10.513","3","0","0","0","67301","0","0","0","N","0","0","0","2","67301","0","","1","09","0500","N","N","N","0","","1","0","1","3","3","N","0415","1","5","0","0","1","0","0","2","1","5","07","","N","","","","","","","","","","",""
"2022124323","2030","1","0","0","0","0","0","0","0","0","4","0","","67","12","2022","7","39.957","-75.1572","2024","06","0","0","0","0","0","0","0","0","","0","0","0","20","3","2","01","","0","39 57:26.633","","03","75 09:25.457","4","0","0","0","67301","1","0","0","N","1","0","0","4","67301","1","","1","01","","N","N","Y","0","","0","0","2","3","2","","2009","2","4","0","0","0","1","1","2","0","3","03","","N","","","","","","","","","","",""
"2022122777","0835","3","0","0","0","0","0","0","0","0","5","0","","67","12","2022","5","40.0723","-75.1789","0835","06","0","0","0","0","0","1","0","0","","0","0","0","08","1","0","00","N","0","40 04:20.281","","00","75 10:44.084","0","0","0","0","67301","0","0","0","N","0","0","0","1","67301","0","","6","02","","N","N","N","0","","0","0","0","0","0","","0830","0","3","0","0","0","0","0","2","0","3","06","04","N","","","","","","","","","","",""
"2022123923","0253","3","0","0","0","0","0","0","0","0","1","0","","67","12","2022","7","39.9216","-75.15","0252","06","0","0","1","0","0","0","0","0","","0","0","0","02","3","3","00","N","2","39 55:17.900","7","00","75 08:59.900","4","0","0","0","67301","0","0","0","N","0","0","0","5","67301","3","","1","01","0400","N","N","N","0","","0","0","0","0","0","Y","0245","3","3","0","0","5","0","0","2","0","3","03","03","N","","","","","","","","","","",""
"2022123924","1115","1","0","0","0","0","0","0","0","0","4","0","","67","12","2022","1","40.0621","-75.0215","1107","06","0","0","0","0","0","0","0","0","","0","0","0","10","1","0","02","","0","40 03:43.597","","00","75 01:17.271","0","0","0","0","67301","0","0","0","N","0","0","0","2","67301","0","","1","01","","N","N","N","0","","0","0","0","3","3","","1052","0","2","0","0","0","0","0","2","1","2","03","03","N","","","","","","","","","","",""
"2022124826","2025","1","0","0","0","0","0","0","0","0","4","0","","67","12","2022","5","40.0553","-75.0734","2022","06","0","0","0","0","1","0","1","0","","0","0","0","20","3","1","01","","0","40 03:19.170","","00","75 04:24.060","4","0","0","0","67301","0","0","0","N","0","0","0","2","67301","1","","1","01","","N","N","N","0","","0","0","1","3","2","","2007","1","2","0","0","0","0","0","2","0","2","03","03","N","","","","","","","","","","",""
"2022119587","0246","0","0","0","0","0","0","0","0","0","4","0","","67","12","2022","6","40.0158","-75.1411","0246","06","0","0","0","0","0","0","0","0","","0","0","0","02","3","1","01","","0","40 00:56.908","","00","75 08:28.024","4","0","0","0","67301","0","0","0","N","0","0","0","2","67301","1","","1","09","","N","N","N","0","","0","0","1","3","2","","0244","1","2","0","0","0","0","1","2","0","2","07","07","N","","","","","","","","","","",""
"2022110680","2010","2","0","0","0","0","0","0","0","0","1","0","","67","11","2022","7","40.0308","-75.1464","2005","06","0","0","0","0","0","0","0","0","","0","0","0","20","3","1","03","","0","40 01:50.986","","00","75 08:47.570","3","0","0","0","67301","0","0","0","N","0","0","0","3","67301","0","","1","01","","N","N","N","0","","1","0","1","3","2","","2000","1","3","0","0","0","0","0","2","0","3","03","03","N","","","","","","","","","","",""
"2022120914","1313","1","0","0","0","0","0","0","0","0","8","0","","67","12","2022","1","39.9713","-75.1271","1313","06","0","0","0","0","0","0","0","0","","0","0","0","13","1","1","01","","0","39 58:16.688","","00","75 07:37.492","4","0","0","0","67301","1","0","0","N","1","0","0","2","67301","1","","1","01","","N","N","N","0","","0","0","0","3","2","","1300","1","2","0","0","1","0","0","2","0","1","03","03","N","","","","","","","","","","",""
"2022112764","2158","2","0","0","0","0","0","0","0","0","4","0","","67","11","2022","4","40.0295","-75.1467","2158","06","0","0","0","0","0","1","0","0","","0","0","0","21","3","3","01","","1","40 01:46.206","6","00","75 08:48.166","2","0","0","0","67301","0","0","0","N","0","0","0","4","67301","1","","1","01","1159","N","N","N","0","","0","1","1","3","2","N","2157","3","3","0","0","1","1","0","2","0","3","03","03","N","","","","","","","","","","",""
"2022113632","2050","2","0","0","0","0","0","0","0","0","5","0","","67","11","2022","7","39.9125","-75.1742","2046","06","0","0","0","0","0","0","0","0","","0","0","0","20","3","2","07","","0","39 54:45.000","","08","75 10:27.100","4","0","0","0","67301","0","0","0","N","0","0","0","4","67501","2","","1","01","","N","N","N","0","","0","0","0","0","0","","2046","2","2","0","0","0","0","1","2","0","2","03","03","N","","","","","","","","","","",""
"2022119589","2220","2","0","0","0","0","0","0","0","0","4","0","","67","12","2022","1","40.0105","-75.1559","2212","06","0","0","0","0","0","0","0","0","","0","0","0","20","3","0","00","N","0","40 00:37.640","","00","75 09:21.190","9","0","0","0","67301","0","0","0","N","0","0","0","1","67301","0","","4","09","","N","N","N","1","","0","0","1","0","0","","2030","0","4","0","0","0","0","1","2","0","4","04","","N","","","","","","","","","","",""
"2022118592","1545","3","0","0","0","0","0","0","0","0","1","0","","67","12","2022","3","40.0758","-75.1937","1543","06","0","0","0","0","1","1","1","0","","0","0","0","15","1","0","00","N","1","40 04:32.600","2","00","75 11:37.400","0","0","0","0","67301","0","0","0","N","0","0","0","4","67301","0","","1","01","1655","N","N","N","0","","0","0","1","0","0","N","1543","0","4","0","0","0","0","0","2","0","4","03","03","N","","","","","","","","","","",""
"2022120902","1625","1","0","0","0","0","0","0","0","0","5","0","","67","11","2022","4","39.9668","-75.2296","1622","06","0","0","0","0","0","0","0","0","","0","0","0","15","1","0","00","N","0","39 58:00.644","","00","75 13:46.735","0","0","0","0","67301","0","0","0","N","0","0","0","2","67301","0","","1","09","","N","N","N","1","","0","0","0","0","0","","1545","0","2","0","0","0","0","0","2","0","2","07","04","N","","","","","","","","","","",""
"2022119034","0331","1","0","0","0","0","0","0","0","0","2","0","","67","12","2022","7","39.971","-75.1217","0330","06","0","0","0","0","0","1","0","0","","0","0","0","03","3","2","00","N","1","39 58:16.200","2","00","75 07:18.400","3","0","0","0","67301","0","0","0","N","0","0","0","4","67301","0","","1","01","0645","N","N","N","0","","2","0","1","0","0","Y","0330","2","2","0","0","0","0","0","2","0","2","03","03","N","","","","","","","","","","",""
"2022112205","0050","4","0","0","0","0","0","0","0","0","1","0","","67","11","2022","1","39.9101","-75.1728","0035","06","0","0","0","0","1","0","0","0","","0","0","0","00","3","1","00","N","0","39 54:36.249","","00","75 10:22.099","8","0","0","0","67301","0","0","0","N","0","0","0","9","67301","0","","1","01","","N","N","N","0","","0","0","0","0","0","","0030","1","4","0","0","0","1","0","2","0","4","03","","N","","","","","","","","","","",""
"2022113199","0108","0","0","0","0","0","0","0","0","0","8","0","","67","11","2022","1","39.993","-75.1345","0105","06","0","0","0","0","0","0","0","0","","0","0","0","00","3","1","01","","0","39 59:34.796","","00","75 08:04.250","2","0","0","0","67301","1","0","1","N","1","0","1","2","67301","0","","1","01","","N","N","N","0","","0","1","0","3","2","","0045","1","2","0","0","0","0","0","2","0","1","03","03","N","","","","","","","","","","",""
"2022117416","2142","1","0","0","0","0","0","0","0","0","5","0","","67","12","2022","7","39.9351","-75.2236","2142","06","0","0","0","0","0","1","0","0","","0","0","0","21","3","0","00","N","0","39 56:06.370","","00","75 13:25.130","0","0","0","0","67301","0","0","0","N","0","0","0","1","67301","0","","6","01","","N","N","N","0","","0","0","2","0","0","","2142","0","3","0","0","0","0","0","2","0","3","03","03","N","","","","","","","","","","",""
"2022118170","1822","0","0","0","0","0","0","0","0","0","4","0","","67","12","2022","2","40.0224","-75.0844","1821","06","0","0","0","0","0","0","0","0","","0","0","0","18","3","2","01","","0","40 01:20.800","","00","75 05:04.000","3","0","0","0","67301","0","0","0","N","0","0","0","2","67301","1","","1","01","","N","N","N","0","","1","0","2","3","2","","1820","2","2","0","0","0","0","0","2","0","2","03","03","N","","","","","","","","","","",""
"2022118763","2315","0","0","0","0","0","0","0","0","0","1","0","","67","12","2022","1","40.0184","-75.1677","2315","06","0","0","1","0","0","0","0","0","","0","0","0","23","2","0","00","N","1","40 01:06.167","1","00","75 10:03.795","0","0","0","0","67301","0","0","0","N","0","0","0","1","67301","0","","2","01","0057","N","N","N","1","","0","0","1","0","0","N","2310","0","2","0","0","0","0","0","2","0","2","03","03","N","","","","","","","","","","",""
"2022124551","2055","0","0","0","0","0","0","1","0","0","8","1","","67","12","2022","4","39.9558","-75.1915","2043","06","0","0","0","0","0","0","0","0","","0","0","0","20","1","1","01","","0","39 57:21.100","","00","75 11:29.200","8","0","0","0","67301","1","0","0","N","1","0","0","2","67508","0","","1","01","","N","N","N","0","","0","0","0","3","2","","2043","1","2","0","0","0","1","0","2","0","1","98","98","N","","","","","","","","","","",""
"2022124955","1813","0","0","0","0","0","0","0","0","0","1","0","","67","12","2022","4","40.0394","-75.0077","1809","06","0","0","0","0","1","0","0","0","","0","0","0","18","3","1","00","N","0","40 02:21.848","","00","75 00:27.623","8","0","0","0","67301","0","0","0","N","0","0","0","2","68K01","0","","1","01","","N","N","N","0","","0","0","2","0","0","","1803","1","2","0","0","0","1","0","2","0","2","03","","N","","","","","","","","","","",""
"2022122928","2107","2","0","0","0","0","0","0","0","0","1","0","","67","12","2022","1","39.9575","-75.2234","2107","06","0","0","0","0","0","0","0","0","","0","0","0","21","3","1","01","","0","39 57:26.900","","00","75 13:24.200","3","0","0","0","67301","0","0","0","N","0","0","0","2","67301","0","","1","09","","N","N","N","0","","1","0","1","3","3","","2102","1","3","0","0","0","0","1","2","0","3","07","07","N","","","","","","","","","","",""
"2022112241","0013","1","0","0","0","0","0","0","0","0","1","0","","67","11","2022","4","40.047","-75.1679","0012","06","0","0","0","0","0","0","0","0","","0","0","0","23","3","0","00","N","0","40 02:49.370","","00","75 10:04.470","0","0","0","0","67301","0","0","0","N","0","0","0","2","67301","0","","6","01","","N","N","N","0","","0","0","1","0","0","","2355","0","3","0","0","0","0","0","2","0","2","03","","N","","","","","","","","","","",""
"2022118316","1738","2","0","0","0","0","0","0","0","0","4","0","","67","12","2022","1","39.9747","-75.1605","1726","06","0","0","0","0","0","0","0","0","","0","0","0","15","8","0","01","","0","39 58:28.917","","00","75 09:37.744","0","0","0","0","67301","0","0","0","N","0","0","0","2","67301","0","","1","09","","N","N","N","0","","0","0","0","3","2","","1537","0","3","0","0","0","0","0","2","1","3","07","07","N","","","","","","","","","","",""
"2022123671","2328","1","0","0","0","0","0","0","0","0","4","0","","67","11","2022","5","39.9872","-75.1789","2321","06","0","0","0","0","0","0","0","0","","0","0","0","23","3","2","02","","1","39 59:13.970","1","00","75 10:44.058","8","0","0","0","67301","0","0","0","N","0","0","0","6","67301","0","","1","01","0120","N","N","N","1","","0","0","0","0","0","N","2304","2","3","0","0","0","2","4","2","1","3","03","03","N","","","","","","","","","","",""
"2022124474","0902","1","0","0","0","0","0","0","0","0","4","0","","67","12","2022","4","40.0561","-75.064","0901","06","0","0","0","0","0","2","0","0","","0","0","0","09","1","2","01","","0","40 03:21.873","","00","75 03:50.497","3","0","0","0","67301","0","0","0","N","0","0","0","2","67301","1","","1","02","","N","N","N","0","","1","0","1","3","2","","0900","2","2","0","0","0","0","0","2","0","2","03","","N","","","","","","","","","","",""
"2022122918","1744","0","0","0","0","0","0","0","0","0","5","0","","67","12","2022","5","40.0825","-74.9867","1741","06","0","0","0","0","0","1","0","0","","0","0","0","17","3","0","00","N","0","40 04:57.000","","00","74 59:12.000","9","0","0","0","67301","0","0","0","N","0","0","0","1","67301","0","","6","09","","N","N","Y","0","","0","0","2","0","0","","1710","0","2","0","0","0","0","1","2","0","2","07","07","N","","","","","","","","","","",""
"2022124326","2234","2","0","0","0","0","0","0","0","0","4","0","","67","12","2022","1","40.1292","-75.0249","2234","06","0","0","0","0","0","0","0","1","","0","0","0","22","3","0","01","","1","40 07:45.210","6","00","75 01:29.597","9","0","0","0","67301","0","0","0","N","0","0","0","3","67301","0","","1","01","2331","N","N","N","0","","0","0","0","3","2","N","2215","0","2","0","0","0","0","1","2","0","2","03","","N","","","","","","","","","","",""
"2022122922","1808","2","0","0","0","0","0","0","0","0","4","0","","67","12","2022","6","40.0089","-75.0719","1803","06","0","0","0","0","0","0","1","0","","0","0","0","17","3","0","05","","1","40 00:31.996","2","00","75 04:18.728","9","0","0","0","67301","0","0","0","N","0","0","0","4","67301","0","","1","02","0100","N","N","N","0","","0","0","0","3","2","N","1750","0","2","0","0","0","0","1","2","0","2","06","","N","","","","","","","","","","",""
"2022110075","0339","1","0","0","0","0","0","0","0","0","7","0","","67","11","2022","1","39.9025","-75.2248","0338","06","0","0","0","0","0","0","0","0","","0","0","0","03","3","2","02","","0","39 54:08.998","","00","75 13:29.191","2","0","0","0","67301","0","0","0","N","0","0","0","2","67301","0","","4","01","","N","N","N","0","","0","2","0","3","2","","0330","2","1","0","0","0","0","0","2","0","1","03","03","N","","","","","","","","","","",""
"2022110547","1746","0","0","0","0","0","0","0","0","0","6","0","","67","11","2022","1","40.1311","-75.0138","1746","06","0","0","0","0","0","1","0","0","","0","0","0","17","3","0","00","N","0","40 07:51.841","","00","75 00:49.516","9","0","0","0","67301","0","0","0","N","0","0","0","2","67301","0","","1","01","","N","N","N","1","","0","0","1","0","0","","1726","0","2","0","0","0","0","1","2","0","2","03","03","N","","","","","","","","","","",""
"2022116718","0509","1","0","0","0","0","0","0","0","0","4","0","","67","12","2022","7","39.9834","-75.1586","0503","06","0","0","0","0","0","0","0","0","","0","0","0","05","3","1","01","","2","39 59:00.400","4","00","75 09:30.800","8","0","0","0","67301","0","0","0","N","0","0","0","8","67505","0","","1","01","0630","N","N","N","0","","0","0","1","3","2","Y","0503","1","2","0","0","2","1","5","2","0","2","03","","N","","","","","","","","","","",""
"2022112203","1055","0","0","0","0","0","0","0","0","0","1","0","","67","11","2022","7","39.9144","-75.1531","1053","06","0","0","0","0","0","1","0","1","","0","0","0","10","1","3","02","","0","39 54:51.912","","00","75 09:11.017","8","0","0","0","67301","0","0","0","N","0","0","0","3","67301","0","","1","01","","N","N","N","0","","0","0","1","3","2","","1035","3","2","0","0","0","3","0","2","1","2","03","","N","","","","","","","","","","",""
"2022115020","1945","0","0","0","0","0","0","0","0","0","7","0","","67","11","2022","7","39.9123","-75.1739","1941","06","0","0","0","0","0","0","0","0","","0","0","0","19","3","0","00","N","0","39 54:44.400","","02","75 10:25.900","0","0","0","0","67301","0","0","0","N","0","0","0","2","67501","0","","4","01","","N","N","N","0","","0","0","1","0","0","","1941","0","1","0","0","0","0","0","2","0","1","03","","N","","","","","","","","","","",""
"2022112191","2256","1","0","0","0","0","0","0","0","0","7","0","","67","11","2022","1","39.9163","-75.1917","2253","06","0","0","0","0","0","0","0","0","","0","0","0","22","2","0","00","N","1","39 54:58.642","2","00","75 11:30.201","0","0","0","0","67301","0","0","0","Y","0","0","0","1","67301","0","","4","01","0010","N","N","N","0","","0","0","0","0","0","N","2250","0","1","0","0","0","0","0","2","0","1","03","03","N","","","","","","","","","","",""