"CRN","ARRIVAL_TM","AUTOMOBILE_COUNT","BELTED_DEATH_COUNT","BELTED_SUSP_SERIOUS_INJ_COUNT","BICYCLE_COUNT","BICYCLE_DEATH_COUNT","BICYCLE_SUSP_SERIOUS_INJ_COUNT","BUS_COUNT","CHLDPAS_DEATH_COUNT","CHLDPAS_SUSP_SERIOUS_INJ_COUNT","COLLISION_TYPE","COMM_VEH_COUNT","CONS_ZONE_SPD_LIM","COUNTY","CRASH_MONTH","CRASH_YEAR","DAY_OF_WEEK","DEC_LAT","DEC_LONG","DISPATCH_TM","DISTRICT","DRIVER_COUNT_16YR","DRIVER_COUNT_17YR","DRIVER_COUNT_18YR","DRIVER_COUNT_19YR","DRIVER_COUNT_20YR","DRIVER_COUNT_50_64YR","DRIVER_COUNT_65_74YR","DRIVER_COUNT_75PLUS","EST_HRS_CLOSED","FATAL_COUNT","HEAVY_TRUCK_COUNT","HORSE_BUGGY_COUNT","HOUR_OF_DAY","ILLUMINATION","INJURY_COUNT","INTERSECT_TYPE","INTERSECTION_RELATED","LANE_CLOSED","LATITUDE","LN_CLOSE_DIR","LOCATION_TYPE","LONGITUDE","MAX_SEVERITY_LEVEL","MCYCLE_DEATH_COUNT","MCYCLE_SUSP_SERIOUS_INJ_COUNT","MOTORCYCLE_COUNT","MUNICIPALITY","NONMOTR_COUNT","NONMOTR_DEATH_COUNT","NONMOTR_SUSP_SERIOUS_INJ_COUNT","NTFY_HIWY_MAINT","PED_COUNT","PED_DEATH_COUNT","PED_SUSP_SERIOUS_INJ_COUNT","PERSON_COUNT","POLICE_AGCY","POSSIBLE_INJ_COUNT","RDWY_SURF_TYPE_CD","RELATION_TO_ROAD","ROAD_CONDITION","ROADWAY_CLEARED","SCH_BUS_IND","SCH_ZONE_IND","SECONDARY_CRASH","SMALL_TRUCK_COUNT","SPEC_JURIS_CD","SUSP_MINOR_INJ_COUNT","SUSP_SERIOUS_INJ_COUNT","SUV_COUNT","TCD_FUNC_CD","TCD_TYPE","TFC_DETOUR_IND","TIME_OF_DAY","TOT_INJ_COUNT","TOTAL_UNITS","UNB_DEATH_COUNT","UNB_SUSP_SERIOUS_INJ_COUNT","UNBELTED_OCC_COUNT","UNK_INJ_DEG_COUNT","UNK_INJ_PER_COUNT","URBAN_RURAL","VAN_COUNT","VEHICLE_COUNT","WEATHER1","WEATHER2","WORK_ZONE_IND","WORK_ZONE_LOC","WORK_ZONE_TYPE","WORKERS_PRES","WZ_CLOSE_DETOUR","WZ_FLAGGER","WZ_LAW_OFFCR_IND","WZ_LN_CLOSURE","WZ_MOVING","WZ_OTHER","WZ_SHLDER_MDN","WZ_WORKERS_INJ_KILLED"
"2022107518","1300","1","0","0","1","0","0","0","0","0","8","0","","67","11","2022","4","39.9573","-75.2479","1230","06","0","0","0","0","0","0","0","0","","0","0","0","11","1","1","01","","0","39 57:26.251","","00","75 14:52.347","3","0","0","0","67301","1","0","0","N","0","0","0","2","67301","0","","1","01","","N","N","N","0","","1","0","0","3","1","","1130","1","2","0","0","1","0","0","2","0","1","03","03","N","","","","","","","","","","",""
"2022112210","1728","1","0","0","0","0","0","0","0","0","4","0","","67","11","2022","6","39.9573","-75.1441","1728","06","0","0","0","0","0","0","0","0","","0","0","0","04","3","0","05","","0","39 57:26.412","","02","75 08:38.875","9","0","0","0","67301","0","0","0","N","0","0","0","2","67301","0","","1","01","","N","N","N","0","","0","0","1","3","2","","0400","0","2","0","0","0","0","1","2","0","2","03","03","N","","","","","","","","","","",""
"2022114680","1550","1","0","0","0","0","0","0","0","0","4","0","","67","11","2022","6","40.0016","-75.1164","1550","06","0","0","0","0","1","0","0","0","","0","0","0","15","1","1","01","","0","40 00:05.806","","00","75 06:59.076","4","0","0","0","67301","0","0","0","N","0","0","0","4","67301","1","","1","09","","N","N","N","0","","0","0","2","3","2","","1550","1","3","0","0","0","0","0","2","0","3","07","07","N","","","","","","","","","","",""
"2022107167","1401","0","0","0","0","0","0","0","0","0","2","0","","67","11","2022","2","40.0705","-75.1588","1354","06","0","0","0","0","0","0","0","0","","0","0","0","13","1","0","00","N","0","40 04:13.930","","00","75 09:31.670","0","0","0","0","67301","0","0","0","N","0","0","0","1","67301","0","","1","01","","N","N","N","0","","0","0","1","0","0","","1348","0","2","0","0","0","0","0","2","0","2","03","","N","","","","","","","","","","",""
"2022110558","0009","0","0","0","0","0","0","0","0","0","4","0","","67","10","2022","7","39.9911","-75.1329","0009","06","0","0","0","0","0","0","0","0","","0","0","0","00","3","1","01","","0","39 59:27.916","","00","75 07:58.276","3","0","0","1","67301","0","0","0","N","0","0","0","2","67301","0","","1","09","","N","N","N","0","","1","0","1","3","2","","0000","1","2","0","0","0","0","0","2","0","2","07","07","N","","","","","","","","","","",""
"2022094148","0805","0","0","0","0","0","0","0","0","0","4","0","","67","10","2022","3","40.0669","-75.0568","0759","06","0","0","0","0","0","2","0","0","","0","0","0","07","1","2","01","","0","40 04:01.005","","00","75 03:24.580","3","0","0","0","67301","0","0","0","N","0","0","0","3","67301","0","","1","01","","N","N","N","0","","1","0","2","3","3","","0741","2","2","0","0","1","1","0","2","0","2","03","","N","","","","","","","","","","",""
"2022096760","1040","2","0","0","0","0","0","0","0","0","4","0","","67","10","2022","3","39.9878","-75.0955","1040","06","0","0","0","0","0","0","1","0","","0","0","0","10","1","1","01","","0","39 59:16.231","","00","75 05:43.691","3","0","0","0","67301","0","0","0","N","0","0","0","2","67301","0","","1","01","","N","N","N","0","","1","0","0","3","3","","1033","1","2","0","0","0","0","0","2","0","2","03","03","N","","","","","","","","","","",""
"2022096729","0705","0","0","0","0","0","0","0","0","0","8","0","","67","10","2022","6","40.0043","-75.0672","0705","06","0","0","0","0","0","1","0","0","","0","0","0","07","1","1","02","","1","40 00:15.469","4","00","75 04:01.925","3","0","0","0","67301","1","0","0","N","1","0","0","2","67301","0","","1","01","0750","N","N","N","1","","1","0","0","3","2","N","0700","1","2","0","0","0","0","0","2","0","1","03","03","N","","","","","","","","","","",""
"2022095231","0757","0","0","0","0","0","0","0","0","0","8","0","","67","10","2022","4","39.9596","-75.1956","0753","06","0","0","0","0","0","0","0","0","","0","0","0","07","1","1","01","","0","39 57:34.572","","00","75 11:44.314","2","0","0","0","67301","1","0","1","N","1","0","1","2","67301","0","","1","01","","N","N","N","0","","0","1","1","3","2","","0751","1","2","0","0","0","0","0","2","0","1","03","03","N","","","","","","","","","","",""
"2022097775","1645","1","0","0","0","0","0","0","0","0","8","0","","67","10","2022","6","","","1635","06","0","0","0","0","0","0","0","1","","0","0","0","16","1","2","01","","0","","","00","","8","0","0","0","67301","2","0","0","N","2","0","0","3","67301","0","","1","01","","N","N","N","0","","0","0","0","3","3","","1630","2","3","0","0","0","2","0","1","0","1","03","98","N","","","","","","","","","","",""
"2022101113","0815","0","0","0","0","0","0","0","0","0","8","0","","67","10","2022","3","40.0202","-75.1141","0812","06","0","0","0","0","0","0","1","0","","0","0","0","08","3","1","01","","0","40 01:13.253","","00","75 06:50.813","8","0","0","0","67301","1","0","0","N","1","0","0","2","67301","0","","1","09","","N","N","N","1","","0","0","0","3","2","","0810","1","2","0","0","0","1","0","2","0","1","07","07","N","","","","","","","","","","",""
"2022107725","1140","1","0","0","0","0","0","0","0","0","1","0","","67","10","2022","3","40.0026","-75.1366","1136","06","0","0","0","0","0","0","0","0","","0","0","0","11","1","0","02","","1","40 00:09.200","3","00","75 08:11.700","0","0","0","0","67301","0","0","0","N","0","0","0","2","67301","0","","1","09","1210","N","N","N","0","","0","0","1","3","3","Y","1126","0","2","0","0","0","0","0","2","0","2","07","07","N","","","","","","","","","","",""
"2022099182","0316","1","0","0","0","0","0","0","0","0","7","0","","67","10","2022","2","39.9752","-75.2127","0316","06","0","0","1","0","0","0","0","0","","0","0","0","02","3","1","00","N","0","39 58:30.832","","07","75 12:45.815","4","0","0","0","67301","0","0","0","N","0","0","0","1","67301","1","","4","09","","N","N","N","0","","0","0","0","0","0","","0257","1","1","0","0","0","0","0","2","0","1","07","07","N","","","","","","","","","","",""
"2022118922","1015","0","0","0","0","0","0","0","0","0","1","0","","67","10","2022","7","39.9829","-75.0992","0954","06","0","0","0","0","0","0","1","0","","0","0","0","09","1","0","00","N","0","39 58:58.577","","00","75 05:57.185","0","0","0","0","67301","0","0","0","N","0","0","0","4","68K01","0","","1","01","","N","N","N","1","","0","0","3","0","0","","0953","0","4","0","0","0","0","0","2","0","4","03","03","N","","","","","","","","","","",""
"2022098889","0717","1","0","0","0","0","0","0","0","0","8","0","","67","10","2022","2","40.0882","-75.0346","0711","06","0","0","0","0","0","0","0","1","","0","0","0","07","5","1","01","","0","40 05:17.715","","00","75 02:04.873","3","0","0","0","67301","1","0","0","N","1","0","0","2","67301","0","","1","09","","N","N","N","0","","1","0","0","3","2","","0706","1","2","0","0","0","0","0","2","0","1","07","07","N","","","","","","","","","","",""
"2022098153","1211","1","0","0","0","0","0","0","0","0","4","0","","67","10","2022","7","40.0024","-75.0797","1159","06","0","0","0","0","0","0","1","0","","0","0","0","11","1","1","03","","0","40 00:08.772","","00","75 04:47.367","3","0","0","0","67301","0","0","0","N","0","0","0","3","67301","0","","1","01","","N","N","N","0","","1","0","1","3","3","","1146","1","2","0","0","0","0","0","2","0","2","03","03","N","","","","","","","","","","",""
"2022098722","2359","0","0","0","0","0","0","0","0","0","4","0","","67","10","2022","1","40.0661","-75.063","2356","06","0","0","0","0","0","0","0","0","","0","0","0","23","3","0","01","","0","40 03:58.061","","00","75 03:46.964","9","0","0","0","67301","0","0","0","N","0","0","0","6","67301","0","","1","09","","N","N","N","1","","0","0","0","3","2","","2332","0","2","0","0","2","0","1","2","1","2","07","","N","","","","","","","","","","",""
"2022110253","0820","0","0","0","0","0","0","0","0","0","8","0","","67","11","2022","5","39.9997","-75.1385","0812","06","0","0","0","0","0","0","0","0","","0","0","0","08","1","1","01","","0","39 59:59.077","","00","75 08:18.677","3","0","0","0","67301","1","0","0","N","1","0","0","2","67301","0","","1","01","","N","N","N","0","","1","0","0","3","2","","0800","1","2","0","0","1","0","0","2","1","1","03","03","N","","","","","","","","","","",""
"2022108065","1828","1","0","0","0","0","0","0","0","0","4","0","","67","11","2022","3","40.0377","-75.0425","1828","06","0","0","1","1","0","0","0","0","","0","0","0","18","3","0","01","","0","40 02:15.762","","00","75 02:32.815","0","0","0","0","67301","0","0","0","N","0","0","0","2","67301","0","","1","09","","N","N","N","0","","0","0","1","3","2","","1828","0","2","0","0","2","0","0","2","0","2","07","","N","","","","","","","","","","",""
"2022122398","2300","0","0","0","0","0","0","0","0","0","1","0","","67","12","2022","6","40.0087","-75.0685","2300","06","0","0","0","0","0","0","1","0","","0","0","0","14","1","0","00","N","0","40 00:31.176","","00","75 04:06.715","0","0","0","0","67301","0","0","0","N","0","0","0","2","67301","0","","1","01","","N","N","N","0","","0","0","2","0","0","","1430","0","2","0","0","0","0","0","2","0","2","03","03","N","","","","","","","","","","",""
"2022120323","0844","1","0","0","0","0","0","0","0","0","4","0","","67","12","2022","7","40.0285","-75.0579","0840","06","0","0","0","0","0","0","0","0","","0","0","0","08","1","0","01","","0","40 01:42.775","","00","75 03:28.507","0","0","0","0","67301","0","0","0","N","0","0","0","2","67301","0","","1","01","","N","N","N","0","","0","0","1","3","2","","0840","0","2","0","0","0","0","0","2","0","2","03","03","N","","","","","","","","","","",""
"2022097395","1651","1","0","0","0","0","0","0","0","0","1","0","","67","10","2022","2","39.9461","-75.1896","1644","06","0","0","0","0","0","0","0","0","","0","0","0","16","1","1","00","N","1","39 56:45.972","3","03","75 11:22.461","8","0","0","0","67301","0","0","0","N","0","0","0","4","68K01","0","","1","01","1700","N","N","N","0","","0","0","2","0","0","Y","1641","1","3","0","0","0","1","0","2","0","3","03","","N","","","","","","","","","","",""
"2022097446","1241","0","0","0","0","0","0","0","0","0","5","0","","67","10","2022","2","39.9737","-75.25","1236","06","0","0","0","0","0","0","0","0","","0","0","0","00","3","0","00","N","1","39 58:25.280","1","00","75 14:59.950","0","0","0","0","67301","0","0","0","N","0","0","0","1","67301","0","","6","01","0220","N","N","N","0","","0","0","2","0","0","N","0036","0","2","0","0","1","0","0","2","0","2","03","03","N","","","","","","","","","","",""
"2022108770","1332","0","0","0","0","0","0","0","0","0","4","0","","67","10","2022","3","40.0169","-75.1495","1230","06","0","0","0","0","1","0","0","0","","0","0","0","12","1","1","01","","0","40 01:00.678","","00","75 08:58.505","3","0","0","0","67301","0","0","0","N","0","0","0","3","67301","0","","1","01","","N","N","N","0","","1","0","2","3","2","","1227","1","3","0","0","1","0","0","2","1","3","03","03","N","","","","","","","","","","",""
"2022102166","1145","1","0","0","0","0","0","0","0","0","1","0","","67","10","2022","7","40.0129","-75.0582","1139","06","0","0","0","0","0","1","0","0","","0","0","0","11","1","0","00","N","1","40 00:46.493","1","00","75 03:29.600","0","0","0","0","67301","0","0","0","N","0","0","0","3","68K01","0","","1","01","1150","N","N","N","1","","0","0","1","0","0","N","1134","0","3","0","0","0","0","0","2","0","3","03","","N","","","","","","","","","","",""
"2022098269","2025","0","0","0","0","0","0","0","0","0","4","0","","67","10","2022","7","40.011","-75.1525","2025","06","0","0","0","0","0","0","0","0","","0","0","0","20","3","1","01","","0","40 00:39.740","","00","75 09:09.129","3","0","0","0","67301","0","0","0","N","0","0","0","2","67301","0","","1","01","","N","N","N","0","","1","0","2","3","3","","2015","1","2","0","0","0","0","1","2","0","2","03","03","N","","","","","","","","","","",""
"2022100087","1455","1","0","0","0","0","0","0","0","0","1","0","","67","10","2022","1","39.9067","-75.1918","1449","06","0","0","0","0","0","1","0","0","","0","0","0","14","1","1","00","N","0","39 54:24.086","","00","75 11:30.387","3","0","0","0","67301","0","0","0","N","0","0","0","2","67301","0","","1","09","","N","N","N","1","","1","0","0","0","0","","1440","1","2","0","0","2","0","0","2","0","2","07","04","N","","","","","","","","","","",""
"2022100204","1931","1","0","0","0","0","0","0","0","0","4","0","","67","10","2022","2","40.1129","-75.0232","1931","06","0","0","0","0","0","0","1","0","","0","0","0","19","3","1","00","N","2","40 06:46.347","2","07","75 01:23.478","4","0","0","0","67301","0","0","0","N","0","0","0","2","67301","1","","1","09","2032","N","N","N","1","","0","0","0","0","0","N","1910","1","2","0","0","0","0","0","2","0","2","07","","N","","","","","","","","","","",""
"2022099881","1034","0","0","0","0","0","0","0","0","0","5","0","","67","10","2022","2","39.9185","-75.2081","1034","06","0","0","0","0","0","0","0","0","","0","0","0","21","3","1","00","N","0","39 55:06.751","","00","75 12:29.197","3","0","0","0","67301","0","0","0","N","0","0","0","2","67301","0","","1","99","","N","N","N","1","","1","0","1","0","0","","2147","1","2","0","0","1","0","0","2","0","2","07","","N","","","","","","","","","","",""
"2022100691","1045","0","0","0","0","0","0","0","0","0","4","0","","67","10","2022","3","39.987","-75.1224","1045","06","0","0","0","0","0","0","0","0","","0","0","0","12","8","0","05","","0","39 59:13.332","","00","75 07:20.471","0","0","0","0","67301","0","0","0","N","0","0","0","2","67301","0","","1","01","","N","N","N","1","","0","0","1","3","2","","1205","0","2","0","0","1","0","0","2","0","2","03","03","N","","","","","","","","","","",""
"2022100958","1530","1","0","0","0","0","0","0","0","0","8","0","","67","10","2022","5","39.9594","-75.2453","1523","06","0","0","0","0","0","0","0","0","","0","0","0","14","1","1","01","","0","39 57:33.904","","00","75 14:43.275","3","0","0","0","67301","1","0","0","N","1","0","0","2","67301","0","","1","01","","N","N","N","0","","1","0","0","3","2","","1442","1","2","0","0","0","0","1","2","0","1","03","03","N","","","","","","","","","","",""
"2022098764","2304","1","0","0","0","0","0","0","0","0","4","0","","67","10","2022","2","39.9546","-75.1813","2304","06","0","0","0","0","0","1","0","0","","0","0","0","23","3","1","01","","1","39 57:16.399","4","00","75 10:52.674","8","0","0","0","67301","0","0","0","N","0","0","0","2","67507","0","","1","01","2330","N","N","N","0","","0","0","1","3","2","N","2304","1","2","0","0","0","1","1","2","0","2","03","","N","","","","","","","","","","",""
"2022101614","0837","1","0","0","0","0","0","0","0","0","8","0","","67","10","2022","5","40.0007","-75.0977","0824","06","0","0","0","0","0","0","0","0","","0","0","0","08","1","1","01","","0","40 00:02.442","","00","75 05:51.811","3","0","0","0","67301","1","0","0","N","1","0","0","2","67301","0","","1","01","","N","N","N","0","","1","0","0","3","2","","0820","1","2","0","0","0","0","0","2","0","1","03","03","N","","","","","","","","","","",""
"2022123464","1230","0","0","0","0","0","0","0","0","0","99","0","","67","10","2022","6","39.9649","-75.2261","1200","06","0","0","0","0","0","0","0","0","","0","0","0","09","1","2","01","","0","39 57:53.517","","00","75 13:33.923","3","0","0","0","67301","0","0","0","N","0","0","0","2","67301","0","","1","01","","N","N","N","0","","2","0","1","3","2","","0900","2","2","0","0","0","0","0","2","1","2","03","03","N","","","","","","","","","","",""
"2022103095","0805","1","0","0","0","0","0","1","0","0","1","1","","67","10","2022","6","40.0018","-75.1545","0752","06","0","0","0","0","0","0","0","0","","0","0","0","07","1","2","01","","0","40 00:06.508","","00","75 09:16.363","4","0","0","0","67301","0","0","0","N","0","0","0","3","67508","1","","1","01","","N","N","Y","0","","0","0","0","3","2","","0752","2","2","0","0","1","1","0","2","0","2","03","03","N","","","","","","","","","","",""
"2022101845","0635","0","0","0","0","0","0","0","0","0","7","0","","67","10","2022","5","39.9171","-75.173","0630","06","0","0","0","0","0","0","0","0","","0","0","0","06","5","1","01","N","2","39 55:01.589","6","00","75 10:22.807","3","0","0","0","67301","0","0","0","N","0","0","0","1","67301","0","","3","01","0800","N","N","N","0","","1","0","4","3","2","N","0600","1","4","0","0","0","0","0","2","0","4","03","03","N","","","","","","","","","","",""
"2022100425","0810","0","0","0","0","0","0","0","0","0","3","0","","67","10","2022","5","40.0753","-74.9999","0804","06","0","0","0","0","0","0","0","0","","0","0","0","07","1","1","00","N","0","40 04:31.000","","07","74 59:59.600","3","0","0","0","67301","0","0","0","N","0","0","0","3","67301","0","","1","01","","N","N","N","0","","1","0","2","0","0","","0730","1","2","0","0","1","0","0","2","0","2","03","03","N","","","","","","","","","","",""
"2022098748","2330","2","0","0","0","0","0","0","0","0","5","0","","67","10","2022","1","40.0004","-75.1558","2324","06","0","0","0","0","0","0","0","0","","0","0","0","23","3","0","00","N","0","40 00:01.260","","00","75 09:20.970","9","0","0","0","67301","0","0","0","N","0","0","0","1","67301","0","","6","09","","N","N","N","0","","0","0","1","0","0","","2320","0","3","0","0","0","0","1","2","0","3","07","","N","","","","","","","","","","",""
"2022120123","1625","0","0","0","0","0","0","0","0","0","8","0","","67","12","2022","6","39.9387","-75.2243","1621","06","0","0","0","0","0","0","0","0","","0","0","0","08","1","1","01","","0","39 56:19.388","","00","75 13:27.483","3","0","0","0","67301","1","0","0","N","1","0","0","2","67301","0","","1","99","","N","N","N","0","","1","0","0","9","2","","0815","1","2","0","0","0","0","1","2","1","1","99","","N","","","","","","","","","","",""
"2022119578","0456","0","0","0","0","0","0","0","0","0","4","0","","67","12","2022","6","39.9447","-75.2434","0451","06","0","0","0","0","0","1","1","0","","0","0","0","04","3","2","01","","0","39 56:40.986","","00","75 14:36.268","3","0","0","0","67301","0","0","0","N","0","0","0","2","67301","0","","1","09","","N","N","N","0","","2","0","2","3","3","","0433","2","2","0","0","0","0","0","2","0","2","07","","N","","","","","","","","","","",""
"2022121348","0455","1","0","0","0","0","0","0","0","0","7","0","","67","12","2022","1","40.0601","-75.17","0455","06","0","1","0","0","0","0","0","0","","0","0","0","04","3","1","01","","0","40 03:36.194","","00","75 10:12.086","8","0","0","0","67301","0","0","0","N","0","0","0","1","67301","0","","4","01","","N","N","N","0","","0","0","0","0","0","","0455","1","1","0","0","0","1","0","2","0","1","03","03","N","","","","","","","","","","",""
"2022108275","2122","1","0","0","0","0","0","0","0","0","1","0","","67","11","2022","5","39.9575","-75.2302","2118","06","0","0","0","0","0","0","0","0","","0","0","0","21","3","1","00","N","2","39 57:27.159","4","00","75 13:48.714","3","0","0","0","67301","0","0","0","N","0","0","0","1","67301","0","","6","01","2235","N","N","N","0","","1","0","2","0","0","Y","2117","1","3","0","0","0","0","0","2","0","3","03","03","N","","","","","","","","","","",""
"2022093815","0240","1","0","0","0","0","0","0","0","0","5","0","","67","10","2022","2","40.0199","-75.1502","0229","06","0","0","0","0","0","0","0","0","","0","0","0","02","3","0","00","N","0","40 01:11.689","","01","75 09:00.635","0","0","0","0","67301","0","0","0","N","0","0","0","4","67301","0","","1","01","","N","N","N","0","","0","0","1","0","0","","0220","0","2","0","0","0","0","0","2","0","2","03","03","N","","","","","","","","","","",""
"2022093411","1535","1","0","0","0","0","0","0","0","0","4","0","","67","10","2022","1","40.0625","-75.0094","1530","06","0","0","0","0","0","1","0","0","","0","0","0","15","1","2","01","","0","40 03:45.334","","00","75 00:34.383","3","0","0","0","67301","0","0","0","N","0","0","0","2","67301","0","","1","01","","N","N","N","0","","2","0","1","3","2","","1500","2","2","0","0","0","0","0","2","0","2","03","","N","","","","","","","","","","",""
"2022095007","1540","0","0","0","0","0","0","0","0","0","8","0","","67","10","2022","5","40.0501","-75.0642","1530","06","0","0","0","0","0","0","0","0","","0","0","0","09","1","1","01","","0","40 03:00.407","","00","75 03:51.286","8","0","0","0","67301","1","0","0","N","1","0","0","2","67301","0","","1","01","","N","N","N","0","","0","0","1","3","2","","0900","1","2","0","0","0","1","0","2","0","1","04","","N","","","","","","","","","","",""
"2022094556","0852","1","0","0","0","0","0","0","0","0","7","0","","67","10","2022","1","39.9124","-75.1739","0852","06","0","0","1","0","0","0","0","0","","0","0","0","08","1","0","07","","1","39 54:44.800","1","08","75 10:26.000","0","0","0","0","67301","0","0","0","N","0","0","0","2","67501","0","","4","01","0932","N","N","N","0","","0","0","0","0","0","N","0842","0","1","0","0","0","0","0","2","0","1","03","03","N","","","","","","","","","","",""
"2022099318","2043","2","0","0","0","0","0","0","0","0","5","0","","67","10","2022","2","39.993","-75.1599","2039","06","0","0","0","0","0","1","0","0","","0","0","0","20","3","2","00","N","0","39 59:34.900","","00","75 09:35.800","4","0","0","0","67301","0","0","0","N","0","0","0","3","67301","2","","6","01","","N","N","N","0","","0","0","0","0","0","","2039","2","2","0","0","0","0","1","2","0","2","03","03","N","","","","","","","","","","",""
"2022104147","2020","2","0","0","0","0","0","0","0","0","4","0","","67","10","2022","7","39.9512","-75.2071","2015","06","0","0","0","0","0","1","1","0","","0","0","0","19","3","2","01","","0","39 57:04.183","","00","75 12:25.660","4","0","0","0","67301","0","0","0","N","0","0","0","2","67301","2","","1","01","","N","N","N","0","","0","0","0","3","3","","1915","2","2","0","0","0","0","0","2","0","2","03","98","N","","","","","","","","","","",""
"2022100092","0120","1","0","0","0","0","0","0","0","0","7","0","","67","10","2022","3","40.015","-75.057","0117","06","0","0","0","0","0","0","0","0","","0","0","0","01","3","0","01","","0","40 00:54.129","","00","75 03:25.279","9","0","0","0","67301","0","0","0","N","0","0","0","1","67301","0","","5","09","","N","N","N","0","","0","0","0","3","3","","0100","0","1","0","0","0","0","1","2","0","1","04","05","N","","","","","","","","","","",""
"2022097767","1500","1","0","1","0","0","0","0","0","0","1","0","","67","10","2022","5","39.9935","-75.0847","1455","06","0","0","0","0","0","1","0","0","","0","0","0","14","1","4","00","N","2","39 59:36.464","1","00","75 05:04.758","2","0","0","0","67301","0","0","0","N","0","0","0","5","68K01","1","","1","01","1515","N","N","N","0","","1","1","3","0","0","N","1411","4","4","0","0","0","1","0","2","0","4","03","","N","","","","","","","","","","",""
"2022106877","0853","1","0","0","0","0","0","0","0","0","5","0","","67","10","2022","5","39.9594","-75.1751","0836","06","0","0","1","0","0","0","0","0","","0","0","0","08","1","0","00","N","1","39 57:33.866","3","00","75 10:30.357","9","0","0","0","67301","0","0","0","N","0","0","0","7","68K01","0","","1","01","1000","N","N","N","0","","0","0","2","0","0","N","0832","0","3","0","0","0","0","2","2","0","3","03","","N","","","","","","","","","","",""
"2022100429","0923","0","0","0","0","0","0","0","0","0","1","0","","67","10","2022","4","40.0249","-75.1423","0922","06","0","0","0","0","0","0","0","0","","0","0","0","21","3","1","00","N","0","40 01:29.690","","00","75 08:32.380","8","0","0","1","67301","0","0","0","N","0","0","0","2","67301","0","","1","01","","N","N","N","0","","0","0","1","0","0","","2110","1","2","0","0","0","1","0","2","0","2","03","03","N","","","","","","","","","","",""
"2022118462","1533","3","0","0","0","0","0","0","0","0","1","0","","67","10","2022","1","40.0197","-75.0445","1512","06","0","0","0","1","1","0","0","0","","0","0","0","15","1","0","00","N","0","40 01:11.040","","00","75 02:40.028","0","0","0","0","67301","0","0","0","N","0","0","0","3","68K01","0","","1","09","","N","N","N","0","","0","0","0","0","0","","1508","0","3","0","0","0","0","0","2","0","3","07","07","N","","","","","","","","","","",""
"2022123467","0910","2","0","0","0","0","0","0","0","0","2","0","","67","10","2022","6","39.9733","-75.2311","0904","06","0","0","0","0","0","0","0","0","","0","0","0","07","1","1","00","N","0","39 58:23.790","","00","75 13:52.060","3","0","0","0","67301","0","0","0","N","0","0","0","2","67301","0","","1","01","","N","N","N","0","","1","0","2","0","0","","0718","1","4","0","0","1","0","1","2","0","4","03","03","N","","","","","","","","","","",""
"2022098895","0027","1","0","0","0","0","0","0","0","0","4","0","","67","10","2022","6","40.0362","-75.0642","0051","06","0","0","0","0","0","0","0","0","","0","0","0","22","3","1","01","","0","40 02:10.401","","00","75 03:51.131","3","0","0","0","67301","0","0","0","N","0","0","0","2","67301","0","","1","01","","N","N","N","0","","1","0","0","3","2","","2229","1","2","0","0","0","0","1","2","1","2","03","03","N","","","","","","","","","","",""
"2022100953","0245","1","0","0","0","0","0","0","0","0","4","0","","67","10","2022","5","39.927","-75.2435","0238","06","0","0","0","0","0","0","0","0","","0","0","0","02","3","1","03","","0","39 55:37.155","","00","75 14:36.586","3","0","0","0","67301","0","0","0","N","0","0","0","2","67301","0","","1","01","","N","N","N","0","","1","0","1","0","0","","0230","1","2","0","0","0","0","1","2","0","2","03","","N","","","","","","","","","","",""
"2022109459","2122","0","0","0","0","0","0","0","0","0","4","0","","67","11","2022","6","40.1018","-75.0276","2119","06","0","0","0","0","0","1","0","0","","0","0","0","21","3","1","01","","0","40 06:06.465","","00","75 01:39.190","8","0","0","0","67301","0","0","0","N","0","0","0","5","67301","0","","1","01","","N","N","N","0","","0","0","2","3","2","","2118","1","2","0","0","0","1","0","2","0","2","03","03","N","","","","","","","","","","",""
"2022106286","0935","0","0","0","0","0","0","0","0","0","7","0","","67","11","2022","1","39.9107","-75.1582","0935","06","0","0","0","0","0","1","0","0","","0","0","0","09","1","0","07","","0","39 54:38.500","","08","75 09:29.400","0","0","0","0","67301","0","0","0","N","0","0","0","2","67501","0","","7","01","","N","N","N","0","","0","0","0","0","0","","0935","0","1","0","0","0","0","0","2","1","1","03","03","N","","","","","","","","","","",""
"2022109058","2357","1","0","0","0","0","0","0","0","0","5","0","","67","11","2022","6","39.9865","-75.1575","2356","06","0","0","0","0","0","0","0","0","","0","0","0","23","3","1","00","N","2","39 59:11.300","4","00","75 09:27.100","8","0","0","0","67301","0","0","0","N","0","0","0","2","67505","0","","1","01","0025","N","N","N","0","","0","0","2","0","0","Y","2356","1","3","0","0","0","1","1","2","0","3","03","03","N","","","","","","","","","","",""
"2022114600","2004","2","0","0","0","0","0","0","0","0","4","0","","67","11","2022","7","39.9536","-75.1986","2002","06","0","0","0","0","0","0","0","0","","0","0","0","19","3","0","01","","0","39 57:12.991","","00","75 11:55.051","0","0","0","0","67301","0","0","0","N","0","0","0","2","67504","0","","1","01","","N","N","N","0","","0","0","0","3","2","","1958","0","2","0","0","0","0","0","2","0","2","03","03","N","","","","","","","","","","",""