"CRN","ARRIVAL_TM","AUTOMOBILE_COUNT","BELTED_DEATH_COUNT","BELTED_SUSP_SERIOUS_INJ_COUNT","BICYCLE_COUNT","BICYCLE_DEATH_COUNT","BICYCLE_SUSP_SERIOUS_INJ_COUNT","BUS_COUNT","CHLDPAS_DEATH_COUNT","CHLDPAS_SUSP_SERIOUS_INJ_COUNT","COLLISION_TYPE","COMM_VEH_COUNT","CONS_ZONE_SPD_LIM","COUNTY","CRASH_MONTH","CRASH_YEAR","DAY_OF_WEEK","DEC_LAT","DEC_LONG","DISPATCH_TM","DISTRICT","DRIVER_COUNT_16YR","DRIVER_COUNT_17YR","DRIVER_COUNT_18YR","DRIVER_COUNT_19YR","DRIVER_COUNT_20YR","DRIVER_COUNT_50_64YR","DRIVER_COUNT_65_74YR","DRIVER_COUNT_75PLUS","EST_HRS_CLOSED","FATAL_COUNT","HEAVY_TRUCK_COUNT","HORSE_BUGGY_COUNT","HOUR_OF_DAY","ILLUMINATION","INJURY_COUNT","INTERSECT_TYPE","INTERSECTION_RELATED","LANE_CLOSED","LATITUDE","LN_CLOSE_DIR","LOCATION_TYPE","LONGITUDE","MAX_SEVERITY_LEVEL","MCYCLE_DEATH_COUNT","MCYCLE_SUSP_SERIOUS_INJ_COUNT","MOTORCYCLE_COUNT","MUNICIPALITY","NONMOTR_COUNT","NONMOTR_DEATH_COUNT","NONMOTR_SUSP_SERIOUS_INJ_COUNT","NTFY_HIWY_MAINT","PED_COUNT","PED_DEATH_COUNT","PED_SUSP_SERIOUS_INJ_COUNT","PERSON_COUNT","POLICE_AGCY","POSSIBLE_INJ_COUNT","RDWY_SURF_TYPE_CD","RELATION_TO_ROAD","ROAD_CONDITION","ROADWAY_CLEARED","SCH_BUS_IND","SCH_ZONE_IND","SECONDARY_CRASH","SMALL_TRUCK_COUNT","SPEC_JURIS_CD","SUSP_MINOR_INJ_COUNT","SUSP_SERIOUS_INJ_COUNT","SUV_COUNT","TCD_FUNC_CD","TCD_TYPE","TFC_DETOUR_IND","TIME_OF_DAY","TOT_INJ_COUNT","TOTAL_UNITS","UNB_DEATH_COUNT","UNB_SUSP_SERIOUS_INJ_COUNT","UNBELTED_OCC_COUNT","UNK_INJ_DEG_COUNT","UNK_INJ_PER_COUNT","URBAN_RURAL","VAN_COUNT","VEHICLE_COUNT","WEATHER1","WEATHER2","WORK_ZONE_IND","WORK_ZONE_LOC","WORK_ZONE_TYPE","WORKERS_PRES","WZ_CLOSE_DETOUR","WZ_FLAGGER","WZ_LAW_OFFCR_IND","WZ_LN_CLOSURE","WZ_MOVING","WZ_OTHER","WZ_SHLDER_MDN","WZ_WORKERS_INJ_KILLED"
"2022098378","0120","0","0","0","0","0","0","0","0","0","8","0","","67","10","2022","7","39.9164","-75.1602","0118","06","0","0","0","0","0","0","0","0","","0","0","0","21","3","1","00","N","0","39 54:58.860","","00","75 09:36.670","3","0","0","0","67301","1","0","0","N","1","0","0","2","67301","0","","1","01","","N","N","N","0","","1","0","1","0","0","","2100","1","2","0","0","1","0","0","2","0","1","03","03","N","","","","","","","","","","",""
"2022098379","0335","2","0","0","0","0","0","0","0","0","5","0","","67","10","2022","1","39.9528","-75.2264","0330","06","0","0","0","0","0","1","0","0","","0","0","0","03","3","0","00","N","2","39 57:09.949","2","00","75 13:34.953","9","0","0","0","67301","0","0","0","N","0","0","0","2","67301","0","","6","01","0420","N","N","N","1","","0","0","1","0","0","Y","0330","0","4","0","0","1","0","1","2","0","4","03","03","N","","","","","","","","","","",""
"2022094153","0313","1","0","0","0","0","0","0","0","0","1","0","","67","10","2022","3","40.0325","-75.0808","0308","06","0","0","0","0","0","0","1","0","","0","0","0","03","3","2","01","","2","40 01:57.052","1","00","75 04:50.912","3","0","0","0","67301","0","0","0","N","0","0","0","2","67301","0","","1","01","0400","N","N","N","0","","1","0","1","3","2","Y","0301","2","2","0","0","0","1","0","2","0","2","03","03","N","","","","","","","","","","",""
"2022095730","1220","2","0","0","0","0","0","0","0","0","5","0","","67","10","2022","6","40.0536","-75.0113","1212","06","0","0","0","0","0","1","0","0","","0","0","0","12","1","1","00","N","0","40 03:12.930","","00","75 00:40.650","3","0","0","0","67301","0","0","0","N","0","0","0","1","67301","0","","6","01","","N","N","N","1","","1","0","0","0","0","","1210","1","3","0","0","0","0","0","2","0","3","03","","N","","","","","","","","","","",""
"2022098739","0454","1","0","0","0","0","0","0","0","0","4","0","","67","10","2022","3","40.0189","-75.1472","0454","06","0","0","0","0","0","1","0","0","","0","0","0","04","3","0","01","","0","40 01:08.061","","00","75 08:50.029","0","0","0","0","67301","0","0","0","N","0","0","0","2","67301","0","","1","01","","N","N","N","0","","0","0","1","3","2","","0450","0","2","0","0","0","0","0","2","0","2","03","","N","","","","","","","","","","",""
"2022094517","0615","1","0","0","1","0","0","0","0","0","8","0","","67","10","2022","2","40.0612","-75.0835","0605","06","0","0","0","0","0","0","0","0","","0","0","0","21","3","1","01","","0","40 03:40.575","","00","75 05:00.664","3","0","0","0","67301","1","0","0","N","0","0","0","2","67301","0","","1","01","","N","N","N","0","","1","0","0","2","2","","2100","1","2","0","0","1","0","0","2","0","1","03","03","N","","","","","","","","","","",""
"2022098059","1528","2","0","0","0","0","0","0","0","0","1","0","","67","10","2022","1","39.9975","-75.1818","1521","06","0","0","0","0","0","0","0","0","","0","0","0","15","1","0","02","","0","39 59:50.829","","00","75 10:54.442","9","0","0","0","67301","0","0","0","N","0","0","0","4","67301","0","","1","01","","N","N","N","0","","0","0","0","3","2","","1505","0","2","0","0","3","0","3","2","0","2","03","03","N","","","","","","","","","","",""
"2022094523","1509","0","0","0","0","0","0","0","0","0","4","0","","67","10","2022","2","40.0099","-75.156","1508","06","0","1","0","0","0","0","0","0","","0","0","0","15","1","3","01","","1","40 00:35.524","4","00","75 09:21.688","3","0","0","0","67301","0","0","0","N","0","0","0","4","67301","0","","1","01","1540","N","N","N","0","","3","0","2","3","2","N","1508","3","2","0","0","0","0","0","2","0","2","03","03","N","","","","","","","","","","",""
"2022099315","2132","1","0","0","0","0","0","0","0","0","7","0","","67","10","2022","5","39.9658","-75.2082","2132","06","0","0","0","0","0","0","0","0","","0","0","0","21","3","0","01","","0","39 57:57.045","","00","75 12:29.624","0","0","0","0","67301","0","0","0","N","0","0","0","2","67301","0","","4","09","","N","N","N","0","","0","0","0","3","3","","2131","0","1","0","0","2","0","0","2","0","1","07","07","N","","","","","","","","","","",""
"2022090824","0236","2","0","0","0","0","0","0","0","0","5","0","","67","10","2022","2","40.0495","-75.1339","0231","06","0","0","0","0","0","0","0","0","","0","0","0","02","3","0","00","N","0","40 02:58.040","","00","75 08:02.070","0","0","0","0","67301","0","0","0","N","0","0","0","1","67301","0","","6","09","","N","N","N","0","","0","0","1","0","0","","0225","0","3","0","0","0","0","0","2","0","3","07","","N","","","","","","","","","","",""
"2022091601","0910","1","0","0","0","0","0","0","0","0","8","0","","67","10","2022","3","40.113","-75.023","0905","06","0","0","0","0","0","0","0","0","","0","0","0","09","1","1","01","","0","40 06:46.657","","00","75 01:22.840","3","0","0","0","67301","1","0","0","N","1","0","0","2","67301","0","","1","09","","N","N","N","0","","1","0","0","3","2","","0900","1","2","0","0","0","0","0","2","0","1","07","04","N","","","","","","","","","","",""
"2022122923","2119","1","0","0","0","0","0","0","0","0","4","0","","67","12","2022","6","40.0282","-75.0586","2110","06","0","0","0","0","0","0","0","0","","0","0","0","21","3","0","02","","0","40 01:41.478","","00","75 03:30.821","0","0","0","0","67301","0","0","0","N","0","0","0","2","67301","0","","1","01","","N","N","N","0","","0","0","1","3","3","","2110","0","2","0","0","0","0","0","2","0","2","03","","N","","","","","","","","","","",""
"2022123661","0020","1","0","0","0","0","0","0","0","0","1","0","","67","12","2022","1","39.9476","-75.2324","0016","06","0","0","0","0","0","0","0","0","","0","0","0","00","3","0","00","N","2","39 56:51.529","4","00","75 13:56.670","0","0","0","0","67301","0","0","0","N","0","0","0","1","67301","0","","6","02","0035","N","N","N","0","","0","0","0","0","0","N","0015","0","2","0","0","1","0","0","2","1","2","03","","N","","","","","","","","","","",""
"2022092151","1055","1","0","0","0","0","0","0","0","0","8","0","","67","10","2022","2","39.9574","-75.1978","1040","06","0","0","0","0","0","0","0","0","","0","0","0","10","1","1","01","","0","39 57:26.624","","00","75 11:51.973","4","0","0","0","67301","1","0","0","N","1","0","0","2","67301","1","","1","09","","N","N","N","0","","0","0","0","0","0","","1035","1","2","0","0","0","0","0","2","0","1","07","04","N","","","","","","","","","","",""
"2022124318","0802","2","0","0","0","0","0","1","0","0","4","1","","67","12","2022","6","39.9436","-75.1568","0756","06","0","0","0","0","0","2","0","0","","0","0","0","07","1","0","01","","0","39 56:37.020","","00","75 09:24.594","0","0","0","0","67301","0","0","0","N","0","0","0","3","67301","0","","1","09","","N","N","N","0","","0","0","1","3","2","","0720","0","4","0","0","0","0","0","2","0","4","07","07","N","","","","","","","","","","",""
"2022096740","0940","2","0","0","0","0","0","0","0","0","4","0","","67","10","2022","4","39.9674","-75.2457","0935","06","0","0","0","0","1","0","0","0","","0","0","0","09","1","1","01","","0","39 58:02.410","","00","75 14:45.030","3","0","0","0","67301","0","0","0","N","0","0","0","2","67301","0","","1","09","","N","N","N","1","","1","0","0","3","2","","0923","1","4","0","0","1","0","0","2","1","4","03","03","N","","","","","","","","","","",""
"2022091374","1143","0","0","0","0","0","0","0","0","0","7","0","","67","10","2022","1","39.9958","-75.1542","1136","06","0","0","0","0","0","0","0","0","","0","0","0","10","1","0","00","N","0","39 59:44.761","","00","75 09:15.168","0","0","0","0","67301","0","0","0","N","0","0","0","1","67301","0","","3","09","","N","N","N","0","","0","0","1","0","0","","1046","0","1","0","0","1","0","0","2","0","1","07","","N","","","","","","","","","","",""
"2022124835","0955","1","0","0","0","0","0","0","0","0","7","0","","67","12","2022","5","40.0124","-75.0738","0953","06","0","0","0","0","1","0","0","0","","0","0","0","09","1","1","00","N","0","40 00:44.700","","00","75 04:25.784","3","0","0","0","67301","0","0","0","N","0","0","0","1","67301","0","","5","01","","N","N","N","0","","1","0","0","0","0","","0951","1","1","0","0","1","0","0","2","0","1","03","03","N","","","","","","","","","","",""
"2022124962","1837","1","0","0","0","0","0","0","0","0","1","0","","67","12","2022","5","39.9638","-75.1844","1814","06","0","0","0","0","0","1","0","0","","0","0","0","18","3","0","00","N","1","39 57:49.615","3","00","75 11:03.816","0","0","0","0","67301","0","0","0","N","0","0","0","2","68K01","0","","1","09","1842","N","N","N","0","","0","0","1","0","0","N","1810","0","2","0","0","0","0","0","2","0","2","07","","N","","","","","","","","","","",""
"2022124407","2226","0","0","0","0","0","0","0","0","0","7","1","","67","12","2022","3","40.0309","-75.0215","2214","06","0","0","0","0","0","0","0","0","","0","1","0","21","3","1","00","N","2","40 01:51.149","1","00","75 01:17.579","8","0","0","0","67301","0","0","0","N","0","0","0","5","68K01","0","","3","09","2245","N","N","N","0","","0","0","1","0","0","N","2159","1","2","0","0","0","1","0","2","0","2","07","","N","","","","","","","","","","",""
"2022118348","","1","0","0","0","0","0","0","0","0","4","0","","67","11","2022","3","40.0861","-75.2119","","06","0","0","0","0","0","1","0","0","","0","0","0","22","3","1","01","","0","40 05:09.972","","00","75 12:42.750","8","0","0","0","67301","0","0","0","N","0","0","0","2","00000","0","","1","01","","","","N","0","","0","0","1","3","2","","2225","1","2","0","0","1","1","0","2","0","2","03","","N","","","","","","","","","","",""
"2022091602","1200","1","0","0","0","0","0","0","0","0","1","0","","67","10","2022","3","40.0908","-75.0644","1200","06","0","0","0","0","0","1","0","0","","0","0","0","12","1","1","02","","0","40 05:26.876","","00","75 03:51.699","3","0","0","0","67301","0","0","0","N","0","0","0","3","67301","0","","1","09","","N","N","N","0","","1","0","1","3","3","","1200","1","2","0","0","0","0","0","2","0","2","07","","N","","","","","","","","","","",""
"2022102154","1546","0","0","0","0","0","0","0","0","0","1","0","","67","10","2022","1","39.9572","-75.1567","1527","06","0","0","0","0","0","1","0","0","","0","0","0","15","1","0","00","N","1","39 57:25.850","4","00","75 09:23.952","0","0","0","0","67301","0","0","0","N","0","0","0","4","68K01","0","","1","09","1610","N","N","N","0","","0","0","2","0","0","N","1524","0","2","0","0","0","0","0","2","0","2","07","","N","","","","","","","","","","",""
"2022124790","0815","1","0","0","0","0","0","0","0","0","4","0","","67","12","2022","2","39.9867","-75.2084","0806","06","0","0","0","0","0","1","0","0","","0","0","0","08","1","2","01","","2","39 59:11.940","1","00","75 12:30.186","3","0","0","0","67301","0","0","0","N","0","0","0","3","68K01","0","","1","01","0820","N","N","N","0","","2","0","1","3","3","N","0804","2","2","0","0","0","0","0","2","0","2","03","03","N","","","","","","","","","","",""
"2022095884","1145","1","0","0","0","0","0","0","0","0","7","0","","67","10","2022","3","39.9112","-75.1621","1140","06","0","0","0","0","0","0","0","0","","0","0","0","11","1","0","00","N","0","39 54:40.300","","03","75 09:43.600","0","0","0","0","67301","0","0","0","N","0","0","0","1","67501","0","","2","09","","N","N","N","0","","0","0","0","0","0","","1138","0","1","0","0","0","0","0","2","0","1","07","","N","","","","","","","","","","",""
"2022124495","0137","1","0","0","0","0","0","0","0","0","7","0","","67","12","2022","3","40.0257","-75.0415","0104","06","0","0","0","0","0","0","0","0","","0","0","0","01","3","2","00","N","0","40 01:32.380","","00","75 02:29.480","3","0","0","0","67301","0","0","0","N","0","0","0","2","67301","0","","5","01","","N","N","N","0","","2","0","0","0","0","","0104","2","1","0","0","0","0","0","2","0","1","03","","N","","","","","","","","","","",""
"2022122793","2139","1","0","0","0","0","0","0","0","0","4","0","","67","12","2022","5","39.9853","-75.1788","2139","06","0","0","0","0","0","1","0","0","","0","0","0","21","3","1","01","","0","39 59:06.953","","00","75 10:43.660","4","0","0","0","67301","0","0","0","N","0","0","0","4","67301","1","","1","09","","N","N","N","0","","0","0","1","3","2","","2139","1","2","0","0","0","0","1","2","0","2","07","","N","","","","","","","","","","",""
"2022124513","2202","0","0","0","0","0","0","0","0","0","8","0","","67","12","2022","5","39.9645","-75.1342","2153","06","0","0","0","0","0","0","0","0","","0","0","0","21","3","2","01","","1","39 57:52.138","1","00","75 08:03.150","2","0","0","0","67301","1","0","1","N","1","0","1","2","67301","0","","1","09","2359","N","N","N","0","","1","1","1","3","2","N","2152","2","2","0","0","0","0","0","2","0","1","07","","N","","","","","","","","","","",""
"2022115551","2145","0","0","0","0","0","0","0","0","0","7","0","","67","10","2022","1","39.9618","-75.1823","2133","06","0","0","0","0","0","0","0","0","","0","0","0","21","3","1","00","N","1","39 57:42.446","6","03","75 10:56.357","8","0","0","0","67301","0","0","0","N","0","0","0","1","68K01","0","","4","09","2205","N","N","N","0","","0","0","1","0","0","N","2127","1","1","0","0","0","1","0","2","0","1","07","04","N","","","","","","","","","","",""
"2022095008","2113","1","0","0","1","0","0","0","0","0","8","0","","67","10","2022","4","39.9213","-75.1618","2113","06","0","0","0","0","0","0","0","0","","0","0","0","18","4","1","02","","0","39 55:16.600","","00","75 09:42.307","3","0","0","0","67301","1","0","0","N","0","0","0","2","67301","0","","1","99","","N","N","N","0","","1","0","0","3","3","","1800","1","2","0","0","1","0","0","2","0","1","03","","N","","","","","","","","","","",""
"2022091781","0238","2","0","0","0","0","0","0","0","0","7","0","","67","10","2022","1","39.9792","-75.2039","0228","06","0","0","0","0","1","0","0","0","","0","0","0","02","3","3","00","N","1","39 58:45.298","3","00","75 12:14.088","3","0","0","0","67301","0","0","0","N","0","0","0","3","68K01","0","","3","09","0315","N","N","N","0","","2","0","0","0","0","N","0227","3","2","0","0","0","1","0","2","0","2","07","04","N","","","","","","","","","","",""
"2022095023","0841","2","0","0","0","0","0","0","0","0","4","0","","67","10","2022","4","39.9827","-75.227","0834","06","0","0","0","0","0","0","0","0","","0","0","0","08","1","0","03","","0","39 58:57.545","","00","75 13:37.336","0","0","0","0","67301","0","0","0","N","0","0","0","2","67301","0","","1","09","","N","N","N","0","","0","0","0","3","2","","0825","0","2","0","0","0","0","0","2","0","2","04","04","N","","","","","","","","","","",""
"2022090682","1812","1","0","0","0","0","0","0","0","0","6","0","","67","10","2022","1","39.9585","-75.1935","1808","06","0","0","0","0","1","0","0","0","","0","0","0","18","4","0","05","","0","39 57:30.808","","00","75 11:37.051","0","0","0","0","67301","0","0","0","N","0","0","0","3","67507","0","","1","09","","N","N","N","0","","0","0","1","3","2","","1800","0","2","0","0","1","0","0","2","0","2","07","","N","","","","","","","","","","",""
"2022123006","0428","0","0","0","0","0","0","0","0","0","7","0","","67","11","2022","4","39.9603","-75.1813","0427","06","0","0","0","0","0","0","0","0","","0","0","0","04","3","0","00","N","0","39 57:37.166","","02","75 10:52.553","0","0","0","0","67301","0","0","0","Y","0","0","0","1","68K01","0","","4","09","","N","N","N","1","","0","0","0","0","0","","0425","0","1","0","0","0","0","0","2","0","1","07","","N","","","","","","","","","","",""
"2022093820","0508","0","0","0","0","0","0","0","0","0","7","0","","67","10","2022","2","40.012","-75.1817","0508","06","0","0","0","0","0","0","0","0","","0","0","0","05","3","1","00","N","1","40 00:43.373","2","00","75 10:54.222","3","0","0","0","67301","0","0","0","N","0","0","0","1","67301","0","","3","08","0537","N","N","N","0","","1","0","1","0","0","N","0507","1","1","0","0","0","0","0","2","0","1","07","07","N","","","","","","","","","","",""
"2022124393","1630","0","0","0","0","0","0","1","0","0","5","1","","67","12","2022","2","40.0449","-75.0544","1614","06","0","0","0","0","0","0","1","0","","0","0","0","16","1","3","00","N","1","40 02:41.549","2","00","75 03:15.834","4","0","0","0","67301","0","0","0","N","0","0","0","5","67508","3","","1","01","9999","N","N","N","0","","0","0","1","0","0","N","1614","3","2","0","0","0","0","0","2","0","2","03","03","N","","","","","","","","","","",""
"2022123926","1729","1","0","0","0","0","0","0","0","0","8","0","","67","12","2022","1","40.0541","-75.1555","1723","06","0","0","0","0","0","1","0","0","","0","0","0","17","3","1","03","","0","40 03:14.655","","00","75 09:19.900","3","0","0","0","67301","1","0","0","N","1","0","0","2","67301","0","","1","01","","N","N","N","0","","1","0","0","3","3","","1721","1","2","0","0","0","0","0","2","0","1","03","03","N","","","","","","","","","","",""
"2022122927","0337","1","0","0","0","0","0","0","0","0","4","0","","67","12","2022","1","39.95","-75.2013","0330","06","0","0","0","0","0","0","0","0","","0","0","0","03","3","0","05","","0","39 56:59.938","","00","75 12:04.545","0","0","0","0","67301","0","0","0","N","0","0","0","2","67301","0","","1","01","","N","N","N","0","","0","0","1","3","2","","0320","0","2","0","0","0","0","0","2","0","2","03","03","N","","","","","","","","","","",""
"2022119298","0310","1","0","0","0","0","0","0","0","0","4","0","","67","12","2022","5","39.9762","-75.1336","0302","06","0","0","0","0","0","0","0","0","","0","0","0","02","3","0","00","N","0","39 58:34.370","","00","75 08:01.060","0","0","0","0","67301","0","0","0","N","0","0","0","1","67301","0","","1","01","","N","N","N","0","","0","0","1","0","0","","0250","0","2","0","0","0","0","0","2","0","2","03","03","N","","","","","","","","","","",""
"2022121339","1310","1","0","0","0","0","0","0","0","0","8","0","","67","12","2022","6","39.9534","-75.1547","1302","06","0","0","0","0","0","0","0","0","","0","0","0","12","1","1","01","","0","39 57:12.070","","00","75 09:16.946","8","0","0","0","67301","1","0","0","N","1","0","0","2","67301","0","","1","09","","N","N","N","0","","0","0","0","3","2","","1240","1","2","0","0","0","1","1","2","0","1","04","","N","","","","","","","","","","",""
"2022121937","2129","2","0","0","0","0","0","0","0","0","4","0","","67","12","2022","7","39.9615","-75.1517","2129","06","0","0","0","0","0","1","0","0","","0","0","0","21","3","1","01","","0","39 57:41.278","","00","75 09:06.199","4","0","0","0","67301","0","0","0","N","0","0","0","2","67301","1","","5","01","","N","N","N","0","","0","0","0","3","1","","2129","1","2","0","0","0","0","0","2","0","2","03","03","N","","","","","","","","","","",""
"2022123212","0011","1","0","0","0","0","0","0","0","0","7","0","","67","11","2022","2","39.9998","-75.1951","0008","06","0","0","0","0","0","1","0","0","","0","0","0","00","3","0","00","N","0","39 59:59.143","","00","75 11:42.353","0","0","0","0","67301","0","0","0","N","0","0","0","1","68K01","0","","4","01","","N","N","N","0","","0","0","0","0","0","","0005","0","1","0","0","1","0","0","2","0","1","03","","N","","","","","","","","","","",""
"2022124320","0804","1","0","0","0","0","0","0","0","0","5","1","","67","12","2022","4","39.9361","-75.1671","0801","06","0","0","0","0","0","0","1","0","","0","1","0","07","1","0","00","N","0","39 56:09.881","","00","75 10:01.507","0","0","0","0","67301","0","0","0","N","0","0","0","1","67301","0","","6","01","","N","N","N","0","","0","0","0","0","0","","0745","0","2","0","0","0","0","0","2","0","2","03","","N","","","","","","","","","","",""
"2022124063","1845","1","0","0","0","0","0","0","0","0","4","1","","67","12","2022","7","39.9562","-75.1627","1843","06","0","0","0","0","0","0","1","0","","0","0","0","18","3","3","01","","2","39 57:22.462","1","00","75 09:45.632","3","0","0","0","67301","0","0","0","N","0","0","0","3","67301","0","","1","01","2035","N","N","Y","1","","3","0","0","3","2","Y","1843","3","2","0","0","0","0","0","2","0","2","03","","N","","","","","","","","","","",""
"2022094472","0425","1","0","0","0","0","0","0","0","0","7","0","","67","10","2022","3","39.9851","-75.2082","0420","06","0","0","0","0","0","0","0","0","","0","0","0","04","3","0","07","","0","39 59:04.570","","02","75 12:29.571","0","0","0","0","67301","0","0","0","Y","0","0","0","1","68K01","0","","2","09","","N","N","N","0","","0","0","0","0","0","","0414","0","1","0","0","1","0","0","2","0","1","07","","N","","","","","","","","","","",""
"2022102156","1936","0","0","0","0","0","0","0","0","0","5","0","","67","10","2022","2","40.0362","-75.0163","1920","06","0","0","0","0","0","0","0","0","","0","0","0","19","3","1","00","N","0","40 02:10.345","","00","75 00:58.537","8","0","0","0","67301","0","0","0","N","0","0","0","2","68K01","0","","1","09","","N","N","N","0","","0","0","2","0","0","","1902","1","2","0","0","0","1","0","2","0","2","07","07","N","","","","","","","","","","",""
"2022090928","2112","2","0","0","0","0","0","0","0","0","4","0","","67","10","2022","7","40.0447","-75.0748","2104","06","0","0","0","0","0","2","0","0","","0","0","0","21","3","0","01","","1","40 02:40.743","3","00","75 04:29.305","0","0","0","0","67301","0","0","0","N","0","0","0","2","67301","0","","1","09","2145","N","N","Y","0","","0","0","1","3","3","Y","2104","0","3","0","0","0","0","0","2","0","3","07","","N","","","","","","","","","","",""
"2022091923","0855","1","0","0","0","0","0","0","0","0","4","0","","67","10","2022","4","40.0493","-75.0679","0847","06","0","0","0","0","0","0","0","0","","0","0","0","08","1","1","01","","0","40 02:57.499","","00","75 04:04.337","3","0","0","0","67301","0","0","0","N","0","0","0","2","67301","0","","1","09","","N","N","N","0","","1","0","1","3","2","","0845","1","2","0","0","0","0","0","2","0","2","04","07","N","","","","","","","","","","",""
"2022091357","0608","0","0","0","0","0","0","0","0","0","4","0","","67","10","2022","1","39.9616","-75.175","0605","06","0","0","0","0","0","0","0","0","","0","0","0","06","3","2","01","","0","39 57:41.736","","00","75 10:30.090","4","0","0","0","67301","0","0","0","N","0","0","0","2","67301","1","","1","09","","N","N","N","0","","0","0","2","3","2","","0600","2","2","0","0","0","1","0","2","0","2","07","07","N","","","","","","","","","","",""
"2022124958","2102","2","0","0","0","0","0","0","0","0","1","0","","67","12","2022","4","39.9919","-75.086","2050","06","0","0","0","0","0","0","0","0","","0","0","0","20","3","1","00","N","1","39 59:30.842","2","00","75 05:09.690","8","0","0","0","67301","0","0","0","N","0","0","0","2","68K01","0","","1","01","2120","N","N","N","0","","0","0","0","0","0","N","2047","1","2","0","0","1","1","0","2","0","2","03","","N","","","","","","","","","","",""
"2022124498","0858","0","0","0","0","0","0","0","0","0","8","0","","67","12","2022","4","40.0402","-75.0313","0852","06","0","0","0","0","0","0","0","1","","0","0","0","08","1","1","01","","1","40 02:24.789","4","00","75 01:52.656","3","0","0","0","67301","1","0","0","N","1","0","0","2","67301","0","","1","01","1000","N","N","N","0","","1","0","1","3","3","N","0847","1","2","0","0","0","0","0","2","0","1","03","03","N","","","","","","","","","","",""
"2022124780","1906","1","0","0","0","0","0","0","0","0","7","0","","67","12","2022","1","40.0338","-75.0198","1906","06","0","0","1","0","0","1","0","0","","0","0","0","19","3","2","00","N","1","40 02:01.689","1","00","75 01:11.135","3","0","0","0","67301","0","0","0","N","0","0","0","2","68K01","0","","4","09","1940","N","N","N","0","","1","0","1","0","0","N","1904","2","2","0","0","0","1","0","2","0","2","07","","N","","","","","","","","","","",""
"2022124207","0801","1","0","0","0","0","0","0","0","0","1","0","","67","11","2022","1","40.0263","-75.0274","0754","06","0","0","0","0","0","0","0","0","","0","0","0","07","1","0","00","N","1","40 01:34.561","2","00","75 01:38.664","0","0","0","0","67301","0","0","0","N","0","0","0","6","68K01","0","","1","01","0815","N","N","N","0","","0","0","0","0","0","N","0754","0","2","0","0","5","0","0","2","0","2","03","","N","","","","","","","","","","",""
"2022123653","1835","1","0","0","0","0","0","0","0","0","2","0","","67","12","2022","4","40.0086","-75.0688","1827","06","0","0","0","0","0","0","0","0","","0","0","0","18","4","2","01","","2","40 00:31.249","5","00","75 04:07.877","8","0","0","0","67301","0","0","0","N","0","0","0","2","67301","0","","1","01","1920","N","N","N","0","","0","0","1","3","2","Y","1822","2","2","0","0","0","2","0","2","0","2","03","03","N","","","","","","","","","","",""
"2022092608","0812","0","0","0","0","0","0","0","0","0","8","0","","67","10","2022","2","39.9547","-75.1495","0806","06","0","0","0","0","0","1","0","0","","0","0","0","07","1","1","05","","0","39 57:16.781","","02","75 08:58.276","3","0","0","0","67301","1","0","0","N","1","0","0","2","67301","0","","1","09","","N","N","N","0","","1","0","1","3","2","","0710","1","2","0","0","1","0","1","2","0","1","07","07","N","","","","","","","","","","",""
"2022118347","","0","0","0","0","0","0","0","0","0","1","0","","67","12","2022","6","40.0294","-75.0627","","06","0","0","0","0","0","0","0","0","","0","0","0","14","1","4","05","","0","40 01:45.685","","00","75 03:45.831","8","0","0","0","67301","0","0","0","N","0","0","0","5","00000","0","","1","01","","","","N","0","","0","0","0","0","0","","1400","4","2","0","0","1","4","0","2","2","2","03","","N","","","","","","","","","","",""
"2022091859","0741","0","0","0","0","0","0","0","0","0","1","0","","67","10","2022","2","40.0643","-74.9837","0738","06","1","0","0","0","0","0","0","0","","0","0","0","07","1","1","00","N","0","40 03:51.542","","00","74 59:01.371","8","0","0","0","67301","0","0","0","N","0","0","0","4","67301","0","","1","09","","N","N","N","0","","0","0","3","0","0","","0735","1","3","0","0","0","1","0","2","0","3","07","07","N","","","","","","","","","","",""
"2022124960","1440","1","0","0","0","0","0","0","0","0","1","0","","67","12","2022","5","39.9898","-75.0871","1430","06","0","0","0","0","0","1","0","0","","0","0","0","14","1","0","00","N","0","39 59:23.220","","00","75 05:13.599","0","0","0","0","67301","0","0","0","N","0","0","0","2","68K01","0","","1","09","","N","N","N","0","","0","0","1","0","0","","1426","0","2","0","0","0","0","0","2","0","2","07","04","N","","","","","","","","","","",""
"2022124829","0100","1","0","0","0","0","0","0","0","0","7","0","","67","12","2022","1","40.0421","-75.1953","0050","06","0","0","0","0","0","0","0","0","","0","0","0","00","3","0","00","N","0","40 02:31.660","","00","75 11:42.950","0","0","0","0","67301","0","0","0","N","0","0","0","1","67301","0","","5","01","","N","N","N","0","","0","0","0","0","0","","0035","0","1","0","0","0","0","0","2","0","1","03","","N","","","","","","","","","","",""
"2022123240","1344","1","0","0","0","0","0","0","0","0","7","0","","67","12","2022","6","40.0388","-75.0092","1318","06","0","0","0","0","0","0","0","0","","0","0","0","13","1","0","00","N","0","40 02:19.687","","00","75 00:33.080","0","0","0","0","67301","0","0","0","N","0","0","0","1","68K01","0","","4","09","","N","N","N","0","","0","0","0","0","0","","1308","0","1","0","0","0","0","0","2","0","1","07","","N","","","","","","","","","","",""