"CRN","ARRIVAL_TM","AUTOMOBILE_COUNT","BELTED_DEATH_COUNT","BELTED_SUSP_SERIOUS_INJ_COUNT","BICYCLE_COUNT","BICYCLE_DEATH_COUNT","BICYCLE_SUSP_SERIOUS_INJ_COUNT","BUS_COUNT","CHLDPAS_DEATH_COUNT","CHLDPAS_SUSP_SERIOUS_INJ_COUNT","COLLISION_TYPE","COMM_VEH_COUNT","CONS_ZONE_SPD_LIM","COUNTY","CRASH_MONTH","CRASH_YEAR","DAY_OF_WEEK","DEC_LAT","DEC_LONG","DISPATCH_TM","DISTRICT","DRIVER_COUNT_16YR","DRIVER_COUNT_17YR","DRIVER_COUNT_18YR","DRIVER_COUNT_19YR","DRIVER_COUNT_20YR","DRIVER_COUNT_50_64YR","DRIVER_COUNT_65_74YR","DRIVER_COUNT_75PLUS","EST_HRS_CLOSED","FATAL_COUNT","HEAVY_TRUCK_COUNT","HORSE_BUGGY_COUNT","HOUR_OF_DAY","ILLUMINATION","INJURY_COUNT","INTERSECT_TYPE","INTERSECTION_RELATED","LANE_CLOSED","LATITUDE","LN_CLOSE_DIR","LOCATION_TYPE","LONGITUDE","MAX_SEVERITY_LEVEL","MCYCLE_DEATH_COUNT","MCYCLE_SUSP_SERIOUS_INJ_COUNT","MOTORCYCLE_COUNT","MUNICIPALITY","NONMOTR_COUNT","NONMOTR_DEATH_COUNT","NONMOTR_SUSP_SERIOUS_INJ_COUNT","NTFY_HIWY_MAINT","PED_COUNT","PED_DEATH_COUNT","PED_SUSP_SERIOUS_INJ_COUNT","PERSON_COUNT","POLICE_AGCY","POSSIBLE_INJ_COUNT","RDWY_SURF_TYPE_CD","RELATION_TO_ROAD","ROAD_CONDITION","ROADWAY_CLEARED","SCH_BUS_IND","SCH_ZONE_IND","SECONDARY_CRASH","SMALL_TRUCK_COUNT","SPEC_JURIS_CD","SUSP_MINOR_INJ_COUNT","SUSP_SERIOUS_INJ_COUNT","SUV_COUNT","TCD_FUNC_CD","TCD_TYPE","TFC_DETOUR_IND","TIME_OF_DAY","TOT_INJ_COUNT","TOTAL_UNITS","UNB_DEATH_COUNT","UNB_SUSP_SERIOUS_INJ_COUNT","UNBELTED_OCC_COUNT","UNK_INJ_DEG_COUNT","UNK_INJ_PER_COUNT","URBAN_RURAL","VAN_COUNT","VEHICLE_COUNT","WEATHER1","WEATHER2","WORK_ZONE_IND","WORK_ZONE_LOC","WORK_ZONE_TYPE","WORKERS_PRES","WZ_CLOSE_DETOUR","WZ_FLAGGER","WZ_LAW_OFFCR_IND","WZ_LN_CLOSURE","WZ_MOVING","WZ_OTHER","WZ_SHLDER_MDN","WZ_WORKERS_INJ_KILLED"
"2022076512","1525","3","0","0","0","0","0","0","0","0","7","1","","67","08","2022","1","40.0536","-75.0866","1511","06","0","0","0","0","0","1","0","0","","0","1","0","15","1","1","00","N","1","40 03:12.808","3","00","75 05:11.626","3","0","0","0","67301","0","0","0","N","0","0","0","3","67301","0","","4","01","1700","N","N","N","0","","1","0","0","0","0","Y","1505","1","4","0","0","0","0","0","2","0","4","04","04","N","","","","","","","","","","",""
"2022066389","0047","2","0","0","0","0","0","0","0","0","1","0","","67","07","2022","1","40.0256","-75.1173","0047","06","0","0","0","0","0","0","0","0","","0","0","0","00","3","0","00","N","0","40 01:32.290","","00","75 07:02.130","9","0","0","0","67301","0","0","0","N","0","0","0","1","67301","0","","6","09","","N","N","N","0","","0","0","0","0","0","","0000","0","3","0","0","0","0","1","2","1","3","07","","N","","","","","","","","","","",""
"2022074185","0827","1","0","0","0","0","0","0","0","0","4","0","","67","08","2022","7","39.9625","-75.2162","0824","06","0","0","0","0","0","0","0","0","","0","0","0","08","1","2","01","","0","39 57:44.928","","00","75 12:58.374","3","0","0","0","67301","0","0","0","N","0","0","0","3","67301","0","","1","01","","N","N","N","0","","2","0","1","3","2","","0822","2","2","0","0","0","0","0","2","0","2","03","03","N","","","","","","","","","","",""
"2022072287","1531","1","0","0","0","0","0","0","0","0","4","0","","67","08","2022","2","40.013","-75.1194","1531","06","0","0","0","0","0","1","0","0","","0","0","0","14","1","0","01","","0","40 00:46.715","","00","75 07:09.796","0","0","0","0","67301","0","0","0","N","0","0","0","4","67301","0","","1","01","","N","N","N","0","","0","0","1","3","2","","1407","0","2","0","0","0","0","0","2","0","2","03","03","N","","","","","","","","","","",""
"2022081012","0846","1","0","0","0","0","0","0","0","0","4","0","","67","06","2022","5","39.957","-75.235","0843","06","0","0","0","0","0","0","0","0","","0","0","0","08","1","1","01","","0","39 57:25.074","","00","75 14:06.043","3","0","0","0","67301","0","0","0","N","0","0","0","3","67301","0","","1","01","","N","N","N","0","","1","0","1","3","3","","0830","1","2","0","0","0","0","0","2","0","2","03","","N","","","","","","","","","","",""
"2022070070","1139","1","0","0","0","0","0","0","0","0","5","0","","67","07","2022","6","39.9809","-75.2465","1139","06","0","0","0","0","0","1","0","0","","0","0","0","12","1","1","05","","0","39 58:51.071","","00","75 14:47.820","3","0","0","0","67301","0","0","0","N","0","0","0","2","67301","0","","1","01","","N","N","N","1","","1","0","0","3","2","","1240","1","2","0","0","0","0","0","2","0","2","03","03","N","","","","","","","","","","",""
"2022066978","0006","0","0","0","0","0","0","0","0","0","7","0","","67","07","2022","4","39.9819","-75.2076","2348","06","0","0","0","0","0","0","0","0","","0","0","0","23","2","1","00","N","0","39 58:54.880","","00","75 12:27.530","3","0","0","0","67301","0","0","0","N","0","0","0","1","67301","0","","5","01","","N","N","N","0","","1","0","1","0","0","","2339","1","1","0","0","0","0","0","2","0","1","03","03","N","","","","","","","","","","",""
"2022065455","1642","2","0","0","0","0","0","0","0","0","1","0","","67","07","2022","5","40.0203","-75.0542","1640","06","0","0","0","0","0","0","0","0","","0","0","0","16","1","0","00","Y","1","40 01:12.990","1","00","75 03:15.100","0","0","0","0","67301","0","0","0","N","0","0","0","2","67301","0","","1","01","1940","N","N","N","0","","0","0","1","3","2","N","1640","0","3","0","0","0","0","0","2","0","3","04","","N","","","","","","","","","","",""
"2022075771","1538","1","0","0","0","0","0","1","0","0","1","1","","67","08","2022","2","40.0089","-75.0686","1511","06","0","0","0","0","0","1","0","0","","0","0","0","14","1","0","00","N","0","40 00:31.908","","03","75 04:06.920","9","0","0","0","67301","0","0","0","N","0","0","0","7","67301","0","","1","01","","N","N","N","1","","0","0","1","0","0","","1429","0","4","0","0","0","0","1","2","0","4","03","","N","","","","","","","","","","",""
"2022068568","0718","0","0","0","0","0","0","0","0","0","1","0","","67","07","2022","6","39.8919","-75.2419","0713","06","0","0","0","0","0","0","1","1","","0","0","0","06","1","0","02","","0","39 53:30.990","","00","75 14:30.862","0","0","0","0","67301","0","0","0","N","0","0","0","2","67301","0","","1","01","","N","N","N","1","","0","0","1","3","4","","0620","0","2","0","0","0","0","0","2","0","2","03","03","N","","","","","","","","","","",""
"2022067462","0915","1","0","0","0","0","0","0","0","0","1","0","","67","07","2022","5","39.9793","-75.1087","0910","06","0","0","0","0","1","1","0","0","","0","0","0","09","1","2","00","N","1","39 58:45.469","2","03","75 06:31.375","3","0","0","0","67301","0","0","0","N","0","0","0","3","68K01","0","","1","01","0949","N","N","N","0","","2","0","0","0","0","N","0907","2","2","0","0","2","0","0","2","1","2","03","","N","","","","","","","","","","",""
"2022059985","","2","0","0","0","0","0","0","0","0","4","0","","67","06","2022","7","39.9238","-75.2249","","06","0","0","0","0","0","0","0","0","","0","0","0","16","1","2","01","","0","39 55:25.798","","00","75 13:29.769","8","0","0","0","67301","0","0","0","N","0","0","0","3","00000","0","","1","01","","","","N","0","","0","0","0","3","2","","1645","2","2","0","0","0","2","0","2","0","2","03","","N","","","","","","","","","","",""
"2022075347","2217","0","0","0","0","0","0","0","0","0","7","0","","67","08","2022","2","39.9665","-75.135","2214","06","0","0","0","0","0","0","0","0","","0","0","0","22","3","0","00","N","1","39 57:59.373","1","03","75 08:06.111","0","0","0","0","67301","0","0","0","N","0","0","0","2","68K01","0","","4","01","2250","N","N","N","1","","0","0","0","0","0","N","2210","0","1","0","0","0","0","0","2","0","1","03","03","N","","","","","","","","","","",""
"2022072245","1906","1","0","0","0","0","0","0","0","0","4","0","","67","08","2022","4","40.0202","-75.0414","1905","06","0","0","0","0","0","0","0","1","","0","0","0","19","1","0","03","","0","40 01:12.541","","00","75 02:28.597","0","0","0","0","67301","0","0","0","N","0","0","0","3","67301","0","","1","01","","N","N","N","0","","0","0","1","3","4","","1900","0","2","0","0","0","0","0","2","0","2","03","03","N","","","","","","","","","","",""
"2022072213","1835","1","0","0","0","0","0","0","0","0","8","0","","67","08","2022","5","40.0736","-75.0406","1829","06","0","0","0","0","0","1","0","0","","0","0","0","18","1","1","00","N","0","40 04:25.020","","00","75 02:26.120","8","0","0","0","67301","1","0","0","N","1","0","0","2","67301","0","","1","01","","N","N","N","0","","0","0","0","0","0","","1828","1","2","0","0","0","1","0","2","0","1","03","03","N","","","","","","","","","","",""
"2022081304","1947","1","0","0","0","0","0","0","0","0","2","0","","67","09","2022","1","40.0885","-75.044","1942","06","0","0","1","0","0","0","0","0","","0","0","0","19","4","1","01","","0","40 05:18.426","","00","75 02:38.540","8","0","0","0","67301","0","0","0","N","0","0","0","3","67301","0","","1","01","","N","N","N","0","","0","0","0","3","2","","1941","1","2","0","0","0","1","2","2","1","2","03","","N","","","","","","","","","","",""
"2022070219","1550","0","0","0","0","0","0","0","0","0","4","0","","67","07","2022","4","39.9597","-75.2352","1546","06","0","0","0","0","0","1","0","0","","0","0","0","15","1","1","01","","0","39 57:35.007","","00","75 14:06.670","4","0","0","0","67301","0","0","0","N","0","0","0","2","67301","1","","1","01","","N","N","N","0","","0","0","3","3","2","","1510","1","3","0","0","0","0","1","2","0","3","03","98","N","","","","","","","","","","",""
"2022065470","2010","2","0","0","0","0","0","0","0","0","4","0","","67","07","2022","7","39.9522","-75.2408","2005","06","0","0","0","0","2","0","0","0","","0","0","0","20","1","0","01","","0","39 57:07.862","","00","75 14:26.779","0","0","0","0","67301","0","0","0","N","0","0","0","2","67301","0","","1","01","","N","N","N","0","","0","0","0","3","2","","2005","0","3","0","0","0","0","0","2","1","3","03","03","N","","","","","","","","","","",""
"2022077735","0323","1","0","0","0","0","0","0","0","0","7","0","","67","07","2022","7","39.9452","-75.1418","0323","06","0","0","0","0","0","0","0","0","","0","0","0","03","3","0","02","","1","39 56:42.551","1","00","75 08:30.536","9","0","0","0","67301","0","0","0","N","0","0","0","1","67301","0","","3","09","0356","N","N","N","0","","0","0","0","3","2","N","0323","0","1","0","0","0","0","1","2","0","1","07","07","N","","","","","","","","","","",""
"2022070218","2046","1","0","0","0","0","0","0","0","0","4","0","","67","07","2022","7","39.9492","-75.2353","2043","06","0","0","0","1","0","0","0","0","","0","0","0","20","3","1","01","","0","39 56:57.098","","00","75 14:07.234","3","0","0","0","67301","0","0","0","N","0","0","0","2","67301","0","","1","01","","N","N","N","0","","1","0","0","3","3","","2007","1","2","0","0","0","0","0","2","0","2","03","","N","","","","","","","","","","",""
"2022065352","1530","0","0","0","0","0","0","0","0","0","8","0","","67","07","2022","6","39.9484","-75.2355","1530","06","0","0","0","0","0","0","0","0","","0","0","0","15","1","1","01","","0","39 56:54.369","","00","75 14:07.781","3","0","0","0","67301","1","0","0","N","1","0","0","2","67301","0","","1","01","","N","N","N","1","","1","0","0","3","2","","1530","1","2","0","0","0","0","0","2","0","1","03","03","N","","","","","","","","","","",""
"2022077094","2212","1","0","0","0","0","0","0","0","0","4","0","","67","01","2022","7","40.006","-75.0919","2205","06","0","0","0","0","0","0","0","0","","0","0","0","22","3","2","05","","0","40 00:21.613","","00","75 05:30.664","3","0","0","0","67301","0","0","0","N","0","0","0","3","67301","0","","1","02","","N","N","N","0","","2","0","1","3","2","","2204","2","2","0","0","0","0","0","2","0","2","10","","N","","","","","","","","","","",""
"2022065125","0711","2","0","0","0","0","0","0","0","0","4","0","","67","07","2022","6","40.0418","-75.1921","0648","06","0","0","0","1","0","0","0","0","","0","0","0","05","3","1","01","","2","40 02:30.603","6","00","75 11:31.679","4","0","0","0","67301","0","0","0","N","0","0","0","2","67301","1","","1","01","0300","N","N","N","0","","0","0","0","3","2","Y","0555","1","2","0","0","0","0","0","2","0","2","03","","N","","","","","","","","","","",""
"2022076916","1225","1","0","0","0","0","0","0","0","0","1","1","","67","08","2022","2","39.9434","-75.1655","1222","06","0","0","0","0","0","1","0","0","","0","1","0","12","1","2","00","N","2","39 56:36.078","1","00","75 09:55.834","3","0","0","0","67301","0","0","0","N","0","0","0","2","67301","0","","6","01","1355","N","N","N","0","","2","0","0","0","0","N","1222","2","2","0","0","1","0","0","2","0","2","03","","N","","","","","","","","","","",""
"2022075747","0154","1","0","0","1","0","0","0","0","0","8","0","","67","07","2022","7","39.9485","-75.1573","0151","06","0","0","0","0","0","0","0","0","","0","0","0","01","3","1","01","","0","39 56:54.579","","00","75 09:26.606","3","0","0","0","67301","1","0","0","N","0","0","0","2","67301","0","","1","01","","N","N","N","0","","1","0","0","3","2","","0151","1","2","0","0","1","0","0","2","0","1","03","03","N","","","","","","","","","","",""
"2022077380","1115","0","0","0","0","0","0","0","0","0","8","1","","67","08","2022","2","39.9264","-75.2244","1100","06","0","0","0","0","0","1","0","0","","0","1","0","10","1","1","02","","0","39 55:34.979","","00","75 13:27.763","4","0","0","0","67301","1","0","0","N","1","0","0","2","67508","1","","1","01","","N","N","N","0","","0","0","0","0","0","","1045","1","2","0","0","1","0","1","2","0","1","03","03","N","","","","","","","","","","",""
"2022066145","1120","1","0","0","0","0","0","0","0","0","4","0","","67","07","2022","5","39.9597","-75.1558","1115","06","0","0","0","0","0","0","0","0","","0","0","0","11","1","1","01","","0","39 57:34.905","","00","75 09:21.056","8","0","0","0","67301","0","0","0","N","0","0","0","2","67301","0","","1","01","","N","N","N","0","","0","0","2","3","3","","1113","1","3","0","0","0","1","0","2","0","3","03","03","N","","","","","","","","","","",""
"2022068221","0653","1","0","0","0","0","0","0","0","0","0","0","","67","07","2022","6","39.9723","-75.1937","0641","06","0","0","0","0","0","0","0","0","","0","0","0","06","1","0","00","N","0","39 58:20.397","","00","75 11:37.178","0","0","0","0","67301","0","0","0","N","0","0","0","2","68K01","0","","1","01","","N","N","N","1","","0","0","0","0","0","","0639","0","2","0","0","1","0","0","2","0","2","03","","N","","","","","","","","","","",""
"2022065450","1522","1","0","0","0","0","0","0","0","0","1","0","","67","07","2022","7","40.0352","-75.108","1521","06","0","0","0","0","0","0","0","0","","0","0","0","15","1","2","00","N","0","40 02:06.890","","00","75 06:28.820","4","0","0","0","67301","0","0","0","N","0","0","0","2","67301","1","","6","01","","N","N","N","0","","0","0","1","0","0","","1521","2","2","0","0","1","1","0","2","0","2","03","","N","","","","","","","","","","",""
"2022077868","0803","0","0","0","0","0","0","1","0","0","1","1","","67","08","2022","3","39.9516","-75.1827","0756","06","0","0","0","0","0","2","0","0","","0","0","0","07","1","1","00","N","1","39 57:05.929","3","00","75 10:57.568","3","0","0","0","67301","0","0","0","N","0","0","0","4","68K01","0","","1","01","0820","Y","N","N","0","","1","0","2","0","0","N","0752","1","3","0","0","0","0","0","2","0","3","03","","N","","","","","","","","","","",""
"2022073243","1532","0","0","0","0","0","0","0","0","0","7","0","","67","08","2022","7","39.9235","-75.1473","1519","06","0","0","0","0","0","0","0","0","","0","0","0","15","1","1","00","N","2","39 55:24.553","1","03","75 08:50.414","8","0","0","0","67301","0","0","0","N","0","0","0","1","68K01","0","","3","01","1656","N","N","N","0","","0","0","1","0","0","Y","1517","1","1","0","0","1","1","0","2","0","1","04","03","N","","","","","","","","","","",""
"2022072241","1937","1","0","0","0","0","0","0","0","0","4","0","","67","07","2022","3","40.0403","-75.0584","1935","06","0","0","0","0","0","0","0","0","","0","0","0","19","1","0","01","","1","40 02:24.930","4","00","75 03:30.344","0","0","0","0","67301","0","0","0","N","0","0","0","2","67301","0","","1","01","2001","N","N","N","1","","0","0","0","3","2","N","1925","0","2","0","0","0","0","0","2","0","2","03","03","N","","","","","","","","","","",""
"2022077690","1845","0","0","0","0","0","0","0","0","0","7","1","","67","08","2022","4","40.0001","-75.1891","1822","06","0","0","0","0","0","0","0","0","","0","1","0","18","1","0","00","N","1","40 00:00.270","4","04","75 11:20.886","0","0","0","0","67301","0","0","0","N","0","0","0","1","67301","0","","5","01","2300","N","N","N","0","","0","0","0","3","8","N","1815","0","1","0","0","0","0","0","2","0","1","03","","N","","","","","","","","","","",""
"2022069883","1218","1","0","0","0","0","0","0","0","0","7","0","","67","07","2022","2","40.0062","-75.1277","1217","06","0","0","0","0","0","0","0","0","","0","0","0","12","8","0","00","N","0","40 00:22.350","","00","75 07:39.550","9","0","0","0","67301","0","0","0","N","0","0","0","1","67301","0","","4","01","","N","N","N","0","","0","0","0","0","0","","1216","0","1","0","0","0","0","1","2","0","1","03","03","N","","","","","","","","","","",""
"2022077187","1523","1","0","0","0","0","0","0","0","0","1","1","","67","08","2022","2","39.9847","-75.095","1512","06","0","0","0","0","0","1","0","0","","0","1","0","15","1","0","00","N","0","39 59:04.897","","03","75 05:42.111","0","0","0","0","67301","0","0","0","N","0","0","0","3","68K01","0","","1","01","","N","N","N","1","","0","0","0","0","0","","1508","0","3","0","0","0","0","0","2","0","3","03","03","N","","","","","","","","","","",""
"2022066504","1340","2","0","0","0","0","0","0","0","0","4","0","","67","07","2022","1","39.9723","-75.1658","1325","06","0","0","0","0","0","0","0","0","","0","0","0","12","1","1","01","","0","39 58:20.243","","00","75 09:57.069","4","0","0","0","67301","0","0","0","N","0","0","0","2","67301","1","","1","01","","N","N","N","0","","0","0","0","3","2","","1244","1","2","0","0","0","0","0","2","0","2","03","03","N","","","","","","","","","","",""
"2022075775","0305","2","0","0","0","0","0","0","0","0","4","0","","67","08","2022","1","39.957","-75.2255","0303","06","0","0","0","0","1","0","0","0","","3","0","0","03","3","5","01","","2","39 57:25.065","7","00","75 13:31.843","1","0","0","0","67301","0","0","0","N","0","0","0","8","67301","0","2","1","01","0655","N","N","N","0","0","0","1","0","3","2","Y","0300","5","2","1","0","1","4","0","2","0","2","03","","N","","","","","","","","","","",""
"2022069973","1320","2","0","0","0","0","0","0","0","0","4","0","","67","07","2022","2","39.9424","-75.2287","1316","06","0","0","0","0","0","0","0","0","","0","0","0","13","1","3","01","","0","39 56:32.611","","00","75 13:43.154","8","0","0","0","67301","0","0","0","N","0","0","0","3","67301","0","","1","01","","N","N","N","0","","0","0","0","3","3","","1310","3","2","0","0","2","3","0","2","0","2","03","03","N","","","","","","","","","","",""
"2022065390","1638","1","0","0","0","0","0","0","0","0","4","0","","67","07","2022","6","40.0156","-75.1498","1638","06","0","0","0","0","0","1","0","0","","0","0","0","16","1","1","02","","0","40 00:56.122","","00","75 08:59.111","3","0","0","0","67301","0","0","0","N","0","0","0","2","67301","0","","1","01","","N","N","N","0","","1","0","1","0","0","","1635","1","2","0","0","0","0","0","2","0","2","03","","N","","","","","","","","","","",""
"2022077578","2005","2","0","0","0","0","0","0","0","0","2","0","","67","08","2022","3","40.0337","-75.1458","1959","06","0","0","0","0","0","0","0","0","","0","0","0","16","1","2","01","","0","40 02:01.457","","00","75 08:45.282","3","0","0","0","67301","0","0","0","N","0","0","0","2","67301","1","","1","01","","N","N","N","0","","1","0","0","3","2","","1650","2","2","0","0","0","0","0","2","0","2","03","","N","","","","","","","","","","",""
"2022072615","1040","0","0","0","0","0","0","0","0","0","8","0","","67","07","2022","2","39.9904","-75.1243","1029","06","0","0","0","0","0","0","0","0","","0","0","0","10","1","1","02","","0","39 59:25.612","","01","75 07:27.521","2","0","0","0","67301","1","0","1","N","1","0","1","2","67301","0","","1","01","","N","N","N","0","","0","1","0","3","3","","1028","1","2","0","0","0","0","0","2","0","1","03","","N","","","","","","","","","","",""
"2022076452","1657","1","0","0","1","0","0","0","0","0","8","0","","67","07","2022","3","39.9577","-75.2254","1657","06","0","0","0","0","0","1","0","0","","0","0","0","16","1","1","01","","0","39 57:27.698","","00","75 13:31.277","3","0","0","0","67301","1","0","0","N","0","0","0","2","67301","0","","1","09","","N","N","N","0","","1","0","0","3","3","","1645","1","2","0","0","1","0","0","2","0","1","04","07","N","","","","","","","","","","",""
"2022068600","1616","0","0","0","0","0","0","0","0","0","4","0","","67","07","2022","3","40.0139","-75.1267","1616","06","0","0","0","0","0","1","0","0","","0","0","0","15","1","0","00","N","1","40 00:50.160","4","00","75 07:36.050","0","0","0","0","67301","0","0","0","N","0","0","0","3","67301","0","","1","01","1530","N","N","N","0","","0","0","1","0","0","N","1500","0","2","0","0","0","0","0","2","1","2","03","","N","","","","","","","","","","",""
"2022076741","0422","1","0","0","0","0","0","0","0","0","7","0","","67","08","2022","1","40.0919","-75.0474","0405","06","0","0","0","0","0","0","0","0","","0","0","0","03","3","0","03","","0","40 05:30.666","","00","75 02:50.731","9","0","0","0","67301","0","0","0","N","0","0","0","1","67301","0","","5","01","","N","N","N","0","","0","0","0","3","2","","0359","0","1","0","0","0","0","1","2","0","1","03","03","N","","","","","","","","","","",""
"2022078201","1825","3","0","0","0","0","0","0","0","0","1","0","","67","08","2022","6","40.063","-75.1704","1821","06","0","0","0","0","0","0","0","0","","0","0","0","18","1","1","00","N","0","40 03:46.771","","00","75 10:13.358","3","0","0","0","67301","0","0","0","N","0","0","0","3","67301","0","","1","01","","N","N","N","0","","1","0","0","0","0","","1800","1","3","0","0","0","0","0","2","0","3","03","03","N","","","","","","","","","","",""
"2022066909","1928","1","0","0","0","0","0","0","0","0","1","0","","67","07","2022","3","40.0612","-75.0168","1918","06","0","0","0","0","0","0","0","0","","0","0","0","19","1","1","00","N","2","40 03:40.320","6","00","75 01:00.650","2","0","0","0","67301","1","0","1","N","1","0","1","2","67301","0","","6","01","2000","N","N","N","1","","0","1","0","0","0","N","1913","1","3","0","0","0","0","0","2","0","2","03","03","N","","","","","","","","","","",""
"2022077072","1902","1","0","0","1","0","0","0","0","0","8","0","","67","04","2022","6","39.9528","-75.1921","1859","06","0","0","0","0","0","0","0","0","","0","0","0","09","1","1","01","","0","39 57:10.097","","00","75 11:31.542","8","0","0","0","67301","1","0","0","N","0","0","0","2","67504","0","","1","01","","N","N","N","0","","0","0","0","3","2","","0920","1","2","0","0","0","1","0","2","0","1","03","03","N","","","","","","","","","","",""
"2022070189","2230","3","0","0","0","0","0","0","0","0","6","0","","67","07","2022","3","39.9723","-75.2379","2213","06","0","0","0","0","1","0","0","0","","0","0","0","22","3","1","00","N","2","39 58:20.180","5","00","75 14:16.300","3","0","0","0","67301","0","0","0","N","0","0","0","3","67301","0","","1","01","2230","N","N","Y","0","","1","0","1","0","0","Y","2210","1","4","0","0","0","0","0","2","0","4","03","03","N","","","","","","","","","","",""
"2022073953","0830","0","0","0","0","0","0","0","0","0","8","0","","67","08","2022","6","39.9274","-75.154","0830","06","0","0","0","0","0","0","0","0","","0","0","0","15","1","1","01","","0","39 55:38.461","","00","75 09:14.361","3","0","0","0","67301","1","0","0","N","1","0","0","2","67301","0","","1","01","","N","N","N","0","","1","0","1","3","3","","1530","1","2","0","0","0","0","0","2","0","1","03","03","N","","","","","","","","","","",""
"2022072264","1133","0","0","0","0","0","0","0","0","0","4","0","","67","08","2022","2","39.9808","-75.1855","1133","06","0","0","0","0","0","0","1","0","","0","0","0","11","1","0","05","","0","39 58:50.840","","00","75 11:07.803","0","0","0","1","67301","0","0","0","N","0","0","0","2","67301","0","","1","01","","N","N","N","0","","0","0","1","3","2","","1128","0","2","0","0","0","0","0","2","0","2","04","04","N","","","","","","","","","","",""
"2022072231","2120","2","0","0","0","0","0","0","0","0","1","0","","67","08","2022","7","39.9182","-75.2088","2120","06","0","0","0","0","0","0","0","0","","0","0","0","20","3","2","02","","0","39 55:05.829","","00","75 12:32.558","3","0","0","0","67301","0","0","0","N","0","0","0","5","67301","1","","1","01","","N","N","N","0","","1","0","1","3","2","","2054","2","3","0","0","2","0","0","2","0","3","03","03","N","","","","","","","","","","",""
"2022072477","1936","1","0","0","0","0","0","0","0","0","4","0","","67","08","2022","7","40.0209","-75.1486","1936","06","0","0","0","1","0","0","0","0","","0","0","0","13","1","1","02","","0","40 01:15.173","","00","75 08:54.961","8","0","0","0","67301","0","0","0","N","0","0","0","2","67301","0","","1","01","","N","N","N","0","","0","0","1","0","0","","1300","1","2","0","0","0","1","1","2","0","2","03","03","N","","","","","","","","","","",""
"2022082190","1720","2","0","0","0","0","0","0","0","0","1","0","","67","08","2022","1","39.9454","-75.1905","1700","06","0","0","0","0","0","0","1","0","","0","0","0","16","1","0","00","N","0","39 56:43.397","","00","75 11:25.798","0","0","0","0","67301","0","0","0","N","0","0","0","9","68K01","0","","1","01","","N","N","N","0","","0","0","1","0","0","","1659","0","3","0","0","0","0","0","2","0","3","03","03","N","","","","","","","","","","",""
"2022072297","1320","0","0","0","0","0","0","0","0","0","8","0","","67","08","2022","2","40.0047","-75.1521","1310","06","0","0","0","0","0","0","0","0","","0","0","0","23","3","1","01","","0","40 00:16.847","","00","75 09:07.652","3","0","0","0","67301","1","0","0","N","1","0","0","2","67301","0","","1","01","","N","N","N","0","","1","0","1","3","2","","2300","1","2","0","0","0","0","0","2","0","1","03","03","N","","","","","","","","","","",""
"2022081014","1630","1","0","0","0","0","0","0","0","0","1","0","","67","08","2022","2","39.9596","-75.2342","1629","06","0","0","0","0","1","1","0","0","","0","0","0","16","1","2","00","N","0","39 57:34.565","","07","75 14:03.147","3","0","0","0","67301","0","0","0","N","0","0","0","2","67301","0","","6","01","","N","N","N","0","","2","0","2","0","0","","1622","2","3","0","0","0","0","0","2","0","3","04","03","N","","","","","","","","","","",""
"2022077005","1718","1","0","0","0","0","0","0","0","0","98","0","","67","07","2022","4","39.8917","-75.2376","1647","06","0","0","0","0","0","1","0","0","","0","0","0","16","1","0","00","N","0","39 53:29.970","","00","75 14:15.248","0","0","0","0","67301","0","0","0","N","0","0","0","3","68K01","0","","9","01","","N","N","N","1","","0","0","0","0","0","","1643","0","2","0","0","0","0","0","2","0","2","03","03","N","","","","","","","","","","",""
"2022065506","1323","1","0","0","0","0","0","0","0","0","5","0","","67","07","2022","1","40.0466","-75.1537","1318","06","0","0","0","1","0","0","0","0","","0","0","0","12","1","0","01","","0","40 02:47.655","","00","75 09:13.319","9","0","0","0","67301","0","0","0","N","0","0","0","2","67301","0","","1","01","","N","N","N","0","","0","0","0","3","2","","1237","0","2","0","0","0","0","1","2","1","2","03","","N","","","","","","","","","","",""
"2022076170","0921","1","0","0","0","0","0","0","0","0","8","0","","67","08","2022","4","40.0012","-75.1529","0921","06","0","0","0","0","0","0","0","0","","0","0","0","08","1","1","00","N","0","40 00:04.233","","00","75 09:10.394","3","0","0","0","67301","1","0","0","N","1","0","0","2","67301","0","","6","01","","N","N","N","0","","1","0","0","0","0","","0800","1","2","0","0","0","0","0","2","0","1","03","","N","","","","","","","","","","",""
"2022065357","1145","1","0","0","0","0","0","0","0","0","8","0","","67","07","2022","6","39.9768","-75.1766","1137","06","0","0","0","0","0","0","0","0","","0","0","0","11","1","1","01","","0","39 58:36.455","","00","75 10:35.789","3","0","0","0","67301","1","0","0","N","1","0","0","2","67301","0","","1","01","","N","N","N","0","","1","0","0","3","2","","1127","1","2","0","0","0","0","0","2","0","1","03","03","N","","","","","","","","","","",""
"2022076253","1540","1","0","0","0","0","0","0","0","0","1","0","","67","04","2022","5","40.0092","-75.2048","1519","06","0","0","0","0","0","0","0","0","","0","0","0","14","1","0","07","","0","40 00:33.260","","02","75 12:17.373","0","0","0","0","67301","0","0","0","N","0","0","0","2","68K01","0","","7","01","","N","N","N","0","","0","0","1","0","0","","1456","0","2","0","0","0","0","0","2","0","2","03","03","N","","","","","","","","","","",""