"CRN","ARRIVAL_TM","AUTOMOBILE_COUNT","BELTED_DEATH_COUNT","BELTED_SUSP_SERIOUS_INJ_COUNT","BICYCLE_COUNT","BICYCLE_DEATH_COUNT","BICYCLE_SUSP_SERIOUS_INJ_COUNT","BUS_COUNT","CHLDPAS_DEATH_COUNT","CHLDPAS_SUSP_SERIOUS_INJ_COUNT","COLLISION_TYPE","COMM_VEH_COUNT","CONS_ZONE_SPD_LIM","COUNTY","CRASH_MONTH","CRASH_YEAR","DAY_OF_WEEK","DEC_LAT","DEC_LONG","DISPATCH_TM","DISTRICT","DRIVER_COUNT_16YR","DRIVER_COUNT_17YR","DRIVER_COUNT_18YR","DRIVER_COUNT_19YR","DRIVER_COUNT_20YR","DRIVER_COUNT_50_64YR","DRIVER_COUNT_65_74YR","DRIVER_COUNT_75PLUS","EST_HRS_CLOSED","FATAL_COUNT","HEAVY_TRUCK_COUNT","HORSE_BUGGY_COUNT","HOUR_OF_DAY","ILLUMINATION","INJURY_COUNT","INTERSECT_TYPE","INTERSECTION_RELATED","LANE_CLOSED","LATITUDE","LN_CLOSE_DIR","LOCATION_TYPE","LONGITUDE","MAX_SEVERITY_LEVEL","MCYCLE_DEATH_COUNT","MCYCLE_SUSP_SERIOUS_INJ_COUNT","MOTORCYCLE_COUNT","MUNICIPALITY","NONMOTR_COUNT","NONMOTR_DEATH_COUNT","NONMOTR_SUSP_SERIOUS_INJ_COUNT","NTFY_HIWY_MAINT","PED_COUNT","PED_DEATH_COUNT","PED_SUSP_SERIOUS_INJ_COUNT","PERSON_COUNT","POLICE_AGCY","POSSIBLE_INJ_COUNT","RDWY_SURF_TYPE_CD","RELATION_TO_ROAD","ROAD_CONDITION","ROADWAY_CLEARED","SCH_BUS_IND","SCH_ZONE_IND","SECONDARY_CRASH","SMALL_TRUCK_COUNT","SPEC_JURIS_CD","SUSP_MINOR_INJ_COUNT","SUSP_SERIOUS_INJ_COUNT","SUV_COUNT","TCD_FUNC_CD","TCD_TYPE","TFC_DETOUR_IND","TIME_OF_DAY","TOT_INJ_COUNT","TOTAL_UNITS","UNB_DEATH_COUNT","UNB_SUSP_SERIOUS_INJ_COUNT","UNBELTED_OCC_COUNT","UNK_INJ_DEG_COUNT","UNK_INJ_PER_COUNT","URBAN_RURAL","VAN_COUNT","VEHICLE_COUNT","WEATHER1","WEATHER2","WORK_ZONE_IND","WORK_ZONE_LOC","WORK_ZONE_TYPE","WORKERS_PRES","WZ_CLOSE_DETOUR","WZ_FLAGGER","WZ_LAW_OFFCR_IND","WZ_LN_CLOSURE","WZ_MOVING","WZ_OTHER","WZ_SHLDER_MDN","WZ_WORKERS_INJ_KILLED"
"2022070500","1820","0","0","0","0","0","0","0","0","0","1","0","","67","07","2022","5","39.9572","-75.1566","1803","06","0","0","0","0","0","0","0","0","","0","0","0","18","1","1","00","N","1","39 57:25.842","4","00","75 09:23.898","8","0","0","1","67301","0","0","0","N","0","0","0","2","68K01","0","","1","01","1850","N","N","N","0","","0","0","1","0","0","N","1802","1","2","0","0","0","1","0","2","0","2","03","03","N","","","","","","","","","","",""
"2022065621","1035","0","0","0","1","0","0","0","0","0","8","0","","67","07","2022","5","39.9421","-75.1724","1030","06","0","0","0","0","0","0","0","0","","0","0","0","09","1","1","00","N","0","39 56:31.690","","00","75 10:20.660","8","0","0","0","67301","1","0","0","N","0","0","0","2","67301","0","","1","01","","N","N","N","0","","0","0","1","0","0","","0931","1","2","0","0","0","1","1","2","0","1","03","03","N","","","","","","","","","","",""
"2022065717","2135","1","0","0","0","0","0","0","0","0","5","0","","67","07","2022","1","40.0185","-75.1676","2118","06","0","0","0","0","0","0","0","0","","0","0","0","20","3","0","00","N","0","40 01:06.536","","00","75 10:03.459","0","0","0","0","67301","0","0","0","N","0","0","0","2","67301","0","","1","01","","N","N","N","0","","0","0","1","0","0","","2045","0","2","0","0","0","0","0","2","0","2","03","03","N","","","","","","","","","","",""
"2022064438","1145","0","0","0","0","0","0","0","0","0","4","0","","67","07","2022","4","40.0047","-75.1521","1140","06","0","0","0","0","0","1","0","0","","0","0","0","11","1","2","01","","0","40 00:16.847","","00","75 09:07.652","4","0","0","0","67301","0","0","0","N","0","0","0","2","67505","2","","1","01","","N","N","N","0","","0","0","1","3","2","","1138","2","2","0","0","0","0","0","2","1","2","03","","N","","","","","","","","","","",""
"2022070041","2235","2","0","0","0","0","0","0","0","0","1","0","","67","07","2022","6","39.9098","-75.1492","2232","06","0","0","0","0","0","0","0","0","","0","0","0","22","2","1","00","N","1","39 54:35.167","2","00","75 08:57.206","8","0","0","0","67301","0","0","0","N","0","0","0","2","68K01","0","","1","01","2240","N","N","N","0","","0","0","0","0","0","N","2231","1","2","0","0","0","1","0","2","0","2","03","","N","","","","","","","","","","",""
"2022066507","0024","0","0","0","0","0","0","0","0","0","5","0","","67","07","2022","4","39.9616","-75.1904","0023","06","0","0","0","0","0","0","0","0","","0","0","0","00","3","0","00","N","0","39 57:41.600","","00","75 11:25.400","9","0","0","0","67301","0","0","0","N","0","0","0","2","67507","0","","6","01","","N","N","N","0","","0","0","2","0","0","","0020","0","2","0","0","0","0","1","2","0","2","03","","N","","","","","","","","","","",""
"2022065391","1820","2","0","0","0","0","0","0","0","0","4","0","","67","07","2022","6","40.0122","-75.1505","1811","06","0","0","0","0","0","0","0","0","","0","0","0","18","1","1","01","","0","40 00:44.064","","00","75 09:01.733","3","0","0","0","67301","0","0","0","N","0","0","0","2","67301","0","","1","01","","N","N","N","0","","1","0","0","0","0","","1800","1","2","0","0","0","0","0","2","0","2","03","03","N","","","","","","","","","","",""
"2022077584","0049","0","0","0","1","1","0","0","0","0","8","0","","67","08","2022","2","40.0483","-75.0593","0049","06","0","0","0","0","0","0","0","0","","1","0","0","00","3","0","00","N","2","40 02:53.984","5","00","75 03:33.420","1","0","0","0","67301","1","1","0","N","0","0","0","2","67301","0","2","1","09","0110","N","N","N","0","0","0","0","1","0","0","Y","0048","0","2","0","0","0","0","0","2","0","1","07","","N","","","","","","","","","","",""
"2022065961","0044","0","0","0","0","0","0","0","0","0","1","0","","67","07","2022","6","39.9595","-75.1746","0034","06","0","0","0","0","1","0","0","0","","0","0","0","00","3","2","00","N","2","39 57:34.118","4","00","75 10:28.728","4","0","0","0","67301","0","0","0","N","0","0","0","2","68K01","2","","1","01","0051","N","N","N","0","","0","0","2","0","0","N","0030","2","2","0","0","0","0","0","2","0","2","03","","N","","","","","","","","","","",""
"2022077224","1703","1","0","0","0","0","0","0","0","0","1","0","","67","08","2022","7","39.9483","-75.1417","1700","06","0","0","0","0","0","0","0","0","","0","0","0","16","1","0","00","N","0","39 56:53.882","","00","75 08:30.193","0","0","0","0","67301","0","0","0","N","0","0","0","4","68K01","0","","1","01","","N","N","N","0","","0","0","1","0","0","","1654","0","2","0","0","1","0","0","2","0","2","03","03","N","","","","","","","","","","",""
"2022069455","1610","1","0","0","0","0","0","0","0","0","4","0","","67","07","2022","1","40.0113","-75.1067","1600","06","0","0","0","0","0","1","0","0","","0","0","0","15","1","4","00","N","0","40 00:40.800","","07","75 06:24.200","3","0","0","0","67301","0","0","0","N","0","0","0","4","67301","3","","1","01","","N","N","N","0","","1","0","1","0","0","","1555","4","2","0","0","4","0","0","2","0","2","03","03","N","","","","","","","","","","",""
"2022068550","1630","0","0","0","0","0","0","0","0","0","1","0","","67","07","2022","4","40.0535","-75.0549","1625","06","0","0","0","0","0","0","0","0","","0","0","0","14","1","1","01","","0","40 03:12.544","","00","75 03:17.714","3","0","0","0","67301","0","0","0","N","0","0","0","2","67301","0","","1","01","","N","N","N","0","","1","0","2","3","2","","1425","1","2","0","0","0","0","0","2","0","2","03","","N","","","","","","","","","","",""
"2022065502","1810","1","0","0","0","0","0","0","0","0","1","0","","67","07","2022","7","40.0673","-75.24","1756","06","0","0","0","0","0","1","0","0","","0","0","0","06","1","2","02","","0","40 04:02.389","","00","75 14:24.169","3","0","0","0","67301","0","0","0","N","0","0","0","2","67301","0","","1","01","","N","N","N","0","","2","0","1","0","0","","0606","2","2","0","0","1","0","0","2","0","2","03","03","N","","","","","","","","","","",""
"2022071916","1918","1","0","0","0","0","0","0","0","0","1","0","","67","07","2022","1","39.9912","-75.2039","1916","06","0","0","0","0","0","0","0","0","","0","0","0","19","1","2","00","N","1","39 59:28.316","3","00","75 12:14.081","3","0","0","0","67301","0","0","0","N","0","0","0","3","68K01","0","","1","01","2011","N","N","N","0","","2","0","1","0","0","N","1911","2","2","0","0","0","0","0","2","0","2","03","","N","","","","","","","","","","",""
"2022076294","0507","3","0","0","0","0","0","0","0","0","2","0","","67","08","2022","7","40.0312","-75.0661","0507","06","0","0","0","0","0","0","0","0","","0","0","0","03","3","0","00","N","1","40 01:52.441","3","00","75 03:57.942","0","0","0","0","67301","0","0","0","N","0","0","0","0","67301","0","","1","01","0600","N","N","N","0","","0","0","0","0","0","N","0351","0","3","0","0","0","0","0","2","0","3","03","","N","","","","","","","","","","",""
"2022067132","0004","1","0","0","0","0","0","0","0","0","7","0","","67","07","2022","4","40.0366","-75.0405","0001","06","0","0","0","0","0","0","0","0","","0","0","0","11","8","1","00","N","0","40 02:11.819","","00","75 02:25.790","3","0","0","0","67301","0","0","0","N","0","0","0","1","67301","0","","4","01","","N","N","N","0","","1","0","0","0","0","","1155","1","1","0","0","0","0","0","2","0","1","03","03","N","","","","","","","","","","",""
"2022066910","2355","0","0","0","0","0","0","0","0","0","2","0","","67","07","2022","4","40.0653","-75.1552","2345","06","0","0","0","0","0","0","0","0","","0","0","0","21","3","1","00","N","0","40 03:54.960","","00","75 09:18.670","2","0","1","1","67301","0","0","0","N","0","0","0","2","67301","0","","1","01","","N","N","N","0","","0","1","0","0","0","","2130","1","2","0","0","0","0","0","2","1","2","03","","N","","","","","","","","","","",""
"2022077124","1741","0","0","0","0","0","0","0","0","0","7","0","","67","08","2022","2","40.0687","-75.0673","1735","06","0","0","0","0","0","0","1","0","","0","0","0","17","3","0","00","N","0","40 04:07.233","","07","75 04:02.147","0","0","0","0","67301","0","0","0","N","0","0","0","1","67301","0","","5","01","","N","N","N","0","","0","0","1","0","0","","1733","0","1","0","0","0","0","0","2","0","1","03","03","N","","","","","","","","","","",""
"2022064061","0713","0","0","0","0","0","0","0","0","0","4","0","","67","07","2022","3","40.0184","-75.1491","0712","06","0","0","0","0","1","1","0","0","","0","0","0","07","1","1","01","","0","40 01:06.376","","00","75 08:56.880","3","0","0","1","67301","0","0","0","N","0","0","0","2","67301","0","","1","01","","N","N","N","0","","1","0","1","3","2","","0710","1","2","0","0","0","0","0","2","0","2","03","03","N","","","","","","","","","","",""
"2022077255","1952","3","0","0","0","0","0","0","0","0","1","0","","67","07","2022","5","39.9585","-75.1677","1941","06","0","0","0","0","0","0","0","0","","0","0","0","19","1","1","00","N","1","39 57:30.573","3","00","75 10:03.831","8","0","0","0","67301","0","0","0","N","0","0","0","3","68K01","0","","1","01","2020","N","N","N","0","","0","0","0","0","0","N","1935","1","3","0","0","0","1","0","2","0","3","03","","N","","","","","","","","","","",""
"2022065798","2119","0","0","0","0","0","0","0","0","0","7","0","","67","07","2022","1","40.0757","-75.2337","2114","06","1","0","0","0","0","0","0","0","","0","0","0","21","3","1","00","N","2","40 04:32.400","7","00","75 14:01.360","3","0","0","0","67301","0","0","0","N","0","0","0","1","67301","0","","4","01","2342","N","N","N","0","","1","0","1","0","0","Y","2108","1","1","0","0","0","0","0","2","0","1","03","03","N","","","","","","","","","","",""
"2022076900","0225","3","0","0","0","0","0","0","0","0","4","0","","67","05","2022","7","39.9496","-75.2386","0219","06","0","0","0","0","0","0","0","0","","0","0","0","02","3","0","01","","1","39 56:58.585","4","00","75 14:19.010","0","0","0","0","67301","0","0","0","N","0","0","0","3","67301","0","","1","09","0408","N","N","N","0","","0","0","2","3","3","N","0215","0","5","0","0","0","0","0","2","0","5","07","07","N","","","","","","","","","","",""
"2022073818","2341","1","0","0","0","0","0","0","0","0","4","0","","67","07","2022","7","39.9584","-75.2375","2341","06","0","0","0","0","0","0","0","0","","0","0","0","23","3","2","01","","0","39 57:30.385","","00","75 14:14.802","4","0","0","0","67301","0","0","0","N","0","0","0","3","67301","1","","1","09","","N","N","N","0","","0","0","0","3","2","","2330","2","2","0","0","1","1","0","2","0","2","07","03","N","","","","","","","","","","",""
"2022077007","2200","2","0","0","0","0","0","0","0","0","1","0","","67","07","2022","4","39.9924","-75.2012","2154","06","0","0","0","0","0","0","0","0","","0","0","0","21","3","0","00","N","2","39 59:32.606","4","00","75 12:04.405","0","0","0","0","67301","0","0","0","N","0","0","0","2","68K01","0","","1","01","2205","N","N","N","0","","0","0","0","0","0","N","2129","0","2","0","0","0","0","0","2","0","2","03","03","N","","","","","","","","","","",""
"2022068590","1109","2","0","0","0","0","0","0","0","0","6","0","","67","07","2022","3","39.9483","-75.2375","1022","06","0","0","0","0","0","0","0","0","","0","0","0","10","1","0","00","N","1","39 56:54.030","2","00","75 14:15.070","9","0","0","0","67301","0","0","0","N","0","0","0","1","67301","0","","6","01","1150","N","N","N","0","","0","0","2","0","0","N","1015","0","4","0","0","0","0","1","2","0","4","03","03","N","","","","","","","","","","",""
"2022077484","1549","2","0","0","0","0","0","0","0","0","4","0","","67","08","2022","4","40.0844","-75.0354","1546","06","0","0","0","0","0","0","1","0","","0","0","0","15","1","0","02","","0","40 05:04.108","","00","75 02:07.286","0","0","0","0","67301","0","0","0","N","0","0","0","2","67301","0","","1","01","","N","N","N","0","","0","0","0","0","0","","1528","0","2","0","0","0","0","0","2","0","2","03","03","N","","","","","","","","","","",""
"2022069984","0037","0","0","0","0","0","0","0","0","0","4","0","","67","07","2022","3","39.9427","-75.2364","0037","06","0","0","0","0","0","0","0","0","","0","0","0","23","3","1","01","","0","39 56:33.543","","00","75 14:11.115","3","0","0","1","67301","0","0","0","N","0","0","0","2","67301","0","","1","01","","N","N","N","0","","1","0","0","3","2","","2351","1","2","0","0","0","0","0","2","0","2","03","03","N","","","","","","","","","","",""
"2022075996","1220","0","0","0","0","0","0","0","0","0","1","1","","67","08","2022","2","39.8913","-75.2225","1209","06","0","0","0","0","0","0","0","0","","0","1","0","11","1","0","00","N","1","39 53:28.558","1","03","75 13:20.908","0","0","0","0","67301","0","0","0","N","0","0","0","3","68K01","0","","1","01","1245","N","N","N","1","","0","0","0","0","0","N","1156","0","3","0","0","0","0","0","2","1","3","03","","N","","","","","","","","","","",""
"2022076446","1553","2","0","0","0","0","0","0","0","0","2","0","","67","06","2022","5","39.9501","-75.2494","1551","06","0","0","0","0","0","0","0","0","","0","0","0","15","1","1","01","","0","39 57:00.419","","00","75 14:57.778","3","0","0","0","67301","0","0","0","N","0","0","0","3","67301","0","","1","01","","N","N","N","0","","1","0","0","3","3","","1549","1","2","0","0","0","0","0","2","0","2","03","03","N","","","","","","","","","","",""
"2022066803","0056","0","0","0","0","0","0","0","0","0","7","0","","67","07","2022","2","39.9554","-75.1481","0056","06","0","0","0","0","0","1","0","0","","0","0","0","00","3","0","00","N","0","39 57:19.606","","02","75 08:52.989","0","0","0","0","67301","0","0","0","N","0","0","0","2","67501","0","","4","09","","N","N","N","0","","0","0","1","0","0","","0056","0","1","0","0","0","0","0","2","0","1","07","","N","","","","","","","","","","",""
"2022068817","0402","0","0","0","0","0","0","0","0","0","7","0","","67","07","2022","4","39.9932","-75.1868","0400","06","0","0","0","0","0","0","0","0","","0","0","0","03","3","0","00","N","0","39 59:35.430","","00","75 11:12.630","0","0","0","0","67301","0","0","0","N","0","0","0","1","67301","0","","4","01","","N","N","N","0","","0","0","1","0","0","","0311","0","1","0","0","0","0","0","2","0","1","03","03","N","","","","","","","","","","",""
"2022068552","2345","1","0","0","0","0","0","0","0","0","4","0","","67","07","2022","5","40.0344","-75.0822","2341","06","0","0","0","0","0","0","0","0","","0","0","0","23","3","1","01","","0","40 02:03.886","","00","75 04:55.973","3","0","0","1","67301","0","0","0","N","0","0","0","2","67301","0","","1","01","","N","N","N","0","","1","0","0","3","2","","2330","1","2","0","0","0","0","0","2","0","2","03","","N","","","","","","","","","","",""
"2022065297","0130","2","0","0","0","0","0","0","0","0","1","0","","67","07","2022","7","40.0318","-75.1091","0126","06","0","0","0","0","0","0","0","0","","0","0","0","01","3","1","05","","0","40 01:54.335","","00","75 06:32.601","3","0","0","0","67301","0","0","0","N","0","0","0","2","67301","0","","1","01","","N","N","N","0","","1","0","0","3","2","","0100","1","2","0","0","0","0","0","2","0","2","03","03","N","","","","","","","","","","",""
"2022075808","1010","1","0","0","0","0","0","0","0","0","5","0","","67","08","2022","1","40.0315","-75.1463","1008","06","0","0","0","0","0","0","0","0","","1","0","0","07","1","0","00","N","0","40 01:53.496","","00","75 08:46.571","1","0","0","0","67301","0","0","0","N","0","0","0","1","67301","0","1","6","01","","N","N","N","0","0","0","0","1","3","2","","0732","0","2","0","0","0","0","0","2","0","2","03","03","N","","","","","","","","","","",""
"2022077587","0325","1","0","0","0","0","0","0","0","0","4","0","","67","08","2022","4","40.0446","-75.1194","0325","06","0","0","0","0","0","0","0","0","","0","0","0","02","3","0","00","N","0","40 02:40.550","","00","75 07:09.920","9","0","0","0","67301","0","0","0","N","0","0","0","1","67301","0","","1","01","","N","N","N","0","","0","0","1","0","0","","0242","0","2","0","0","0","0","1","2","0","2","03","03","N","","","","","","","","","","",""
"2022066349","1920","0","0","0","0","0","0","0","0","0","0","0","","67","07","2022","5","39.8974","-75.1755","1900","06","0","0","0","0","0","0","1","0","","0","0","0","18","1","1","01","","0","39 53:50.668","","00","75 10:31.915","3","0","0","1","67301","0","0","0","N","0","0","0","1","67301","0","","1","01","","N","N","N","0","","1","0","0","3","2","","1840","1","1","0","0","0","0","0","2","0","1","03","03","N","","","","","","","","","","",""
"2022070498","0507","0","0","0","0","0","0","0","0","0","1","1","55","67","07","2022","3","39.9346","-75.1451","0457","06","0","0","0","0","0","1","0","0","","0","1","0","04","3","4","00","N","1","39 56:04.684","2","03","75 08:42.368","4","0","0","0","67301","0","0","0","N","0","0","0","4","68K01","1","","1","01","0000","N","N","N","0","","0","0","1","0","0","N","0447","4","2","0","0","4","3","0","2","0","2","03","03","Y","2","2","Y","","","N","","","Y","","Y"
"2022066774","1738","0","0","0","0","0","0","0","0","0","8","0","","67","07","2022","3","40.1135","-75.0226","1735","06","0","0","0","0","0","0","0","0","","0","0","0","17","1","1","00","N","0","40 06:48.600","","00","75 01:21.409","3","0","0","0","67301","1","0","0","N","1","0","0","2","67301","0","","1","01","","N","N","N","0","","1","0","1","0","0","","1730","1","2","0","0","0","0","0","2","0","1","03","03","N","","","","","","","","","","",""
"2022075883","1855","1","0","0","0","0","0","0","0","0","8","0","","67","07","2022","1","39.9525","-75.177","1855","06","0","0","0","0","0","0","0","0","","0","0","0","16","1","1","01","","0","39 57:09.026","","00","75 10:37.226","3","0","0","0","67301","1","0","0","N","1","0","0","2","67301","0","","1","01","","N","N","N","0","","1","0","0","3","1","","1614","1","2","0","0","0","0","0","2","0","1","03","03","N","","","","","","","","","","",""
"2022065451","1615","0","0","0","1","0","0","0","0","0","8","0","","67","07","2022","7","39.915","-75.1574","1610","06","0","0","0","0","0","0","0","0","","0","0","0","14","1","1","02","","0","39 54:54.283","","00","75 09:26.663","3","0","0","0","67301","1","0","0","N","0","0","0","2","67301","0","","1","01","","N","N","N","0","","1","0","0","0","0","","1445","1","2","0","0","0","0","0","2","0","1","03","04","N","","","","","","","","","","",""
"2022064775","1659","1","0","0","0","0","0","0","0","0","1","0","","67","07","2022","4","39.9074","-75.1422","1658","06","0","0","0","0","0","0","1","0","","0","0","0","16","1","2","00","N","2","39 54:26.600","3","03","75 08:32.000","3","0","0","0","67301","0","0","0","N","0","0","0","8","67501","0","","1","01","1730","N","N","N","0","","1","0","2","3","8","N","1653","2","3","0","0","0","1","0","2","0","3","03","03","N","","","","","","","","","","",""
"2022066939","1145","3","0","0","0","0","0","0","0","0","5","0","","67","07","2022","5","39.9771","-75.1544","0000","06","0","0","0","0","0","0","0","0","","0","0","0","11","1","0","00","N","0","39 58:37.400","","00","75 09:15.900","0","0","0","0","67301","0","0","0","N","0","0","0","1","67505","0","","6","01","","N","N","N","0","","0","0","1","0","0","","1130","0","4","0","0","0","0","0","2","0","4","03","03","N","","","","","","","","","","",""
"2022077898","1510","1","0","0","0","0","0","0","0","0","4","1","","67","08","2022","5","39.9231","-75.1596","1505","06","0","0","0","0","0","1","0","0","","0","1","0","15","1","1","01","","0","39 55:23.141","","00","75 09:35.045","3","0","0","0","67301","0","0","0","N","0","0","0","2","67301","0","","1","01","","N","N","N","0","","1","0","0","3","2","","1504","1","2","0","0","0","0","0","2","0","2","03","","N","","","","","","","","","","",""
"2022076899","0010","2","0","0","0","0","0","0","0","0","4","0","","67","05","2022","6","39.9545","-75.2299","0005","06","0","0","0","0","0","0","0","0","","0","0","0","23","3","1","01","","0","39 57:16.261","","00","75 13:47.600","8","0","0","0","67301","0","0","0","N","0","0","0","2","67301","0","","1","09","","N","N","N","0","","0","0","0","3","3","","2330","1","3","0","0","0","1","0","2","0","3","07","07","N","","","","","","","","","","",""
"2022066350","1615","1","0","0","0","0","0","0","0","0","1","0","","67","07","2022","7","39.9211","-75.1938","1609","06","0","0","0","0","0","1","0","0","","0","0","0","15","1","1","01","","0","39 55:16.550","","00","75 11:37.727","3","0","0","0","67301","0","0","0","N","0","0","0","3","67301","0","","1","01","","N","N","N","0","","1","0","1","3","2","","1510","1","2","0","0","0","0","0","2","0","2","04","","N","","","","","","","","","","",""
"2022069298","2304","1","0","0","0","0","0","0","0","0","5","0","","67","07","2022","6","40.0052","-75.1955","2259","06","0","0","0","0","0","0","0","0","","0","0","0","22","3","3","00","N","0","40 00:18.849","","00","75 11:43.734","4","0","0","0","67301","0","0","0","N","0","0","0","4","68K01","3","","1","01","","N","N","N","1","","0","0","0","0","0","","2250","3","2","0","0","0","0","0","2","0","2","03","03","N","","","","","","","","","","",""
"2022076167","1005","0","0","0","1","0","0","0","0","0","8","0","","67","08","2022","7","39.9269","-75.1691","0958","06","0","0","0","0","0","0","0","0","","0","0","0","09","1","1","01","","0","39 55:36.660","","00","75 10:08.677","3","0","0","0","67301","1","0","0","N","0","0","0","2","67301","0","","1","01","","N","N","N","0","","1","0","1","0","0","","0926","1","2","0","0","1","0","0","2","0","1","03","03","N","","","","","","","","","","",""
"2022077408","1245","1","0","0","0","0","0","0","0","0","4","0","","67","08","2022","3","40.1008","-75.0078","1233","06","0","0","0","0","0","0","1","0","","0","0","0","12","1","0","02","","0","40 06:02.907","","00","75 00:27.961","9","0","0","0","67301","0","0","0","N","0","0","0","3","67301","0","","1","01","","N","N","N","0","","0","0","1","3","2","","1220","0","2","0","0","0","0","1","2","0","2","03","","N","","","","","","","","","","",""
"2022065453","0414","2","0","0","0","0","0","0","0","0","4","0","","67","07","2022","1","40.0341","-75.1765","0414","06","0","0","0","0","1","0","0","0","","0","0","0","03","3","0","01","","2","40 02:02.785","6","00","75 10:35.468","0","0","0","0","67301","0","0","0","N","0","0","0","2","67301","0","","1","09","0515","N","N","N","0","","0","0","0","3","2","Y","0355","0","2","0","0","0","0","0","2","0","2","03","03","N","","","","","","","","","","",""
"2022068555","1900","3","0","0","0","0","0","0","0","0","4","0","","67","07","2022","3","39.9179","-75.1593","1855","06","0","0","0","0","0","0","0","0","","0","0","0","18","1","2","01","","0","39 55:04.544","","00","75 09:33.400","3","0","0","0","67301","0","0","0","N","0","0","0","3","67301","0","","1","01","","N","N","N","1","","2","0","2","3","3","","1845","2","6","0","0","1","0","0","2","0","6","03","03","N","","","","","","","","","","",""
"2022065504","2112","2","0","0","0","0","0","0","0","0","5","0","","67","07","2022","7","39.936","-75.175","2112","06","0","0","0","0","0","0","0","0","","0","0","0","18","1","0","00","N","0","39 56:09.710","","00","75 10:30.060","0","0","0","0","67301","0","0","0","N","0","0","0","1","67301","0","","6","01","","N","N","N","0","","0","0","1","0","0","","1847","0","3","0","0","0","0","0","2","0","3","03","","N","","","","","","","","","","",""
"2022077350","2315","0","0","0","0","0","0","1","0","0","5","1","","67","08","2022","1","40.0214","-75.0794","2314","06","0","0","0","0","0","0","0","0","","0","0","0","23","3","1","01","","0","40 01:16.975","","00","75 04:45.778","4","0","0","0","67301","0","0","0","N","0","0","0","3","67508","1","","1","01","","N","N","N","0","","0","0","0","3","3","","2314","1","2","0","0","0","0","0","2","0","2","03","03","N","","","","","","","","","","",""
"2022067144","1147","1","0","0","0","0","0","0","0","0","4","0","","67","07","2022","5","40.0077","-75.1515","1147","06","0","0","0","0","0","0","0","0","","0","0","0","11","1","1","01","","1","40 00:27.648","2","00","75 09:05.687","3","0","0","0","67301","0","0","0","N","0","0","0","2","67301","0","","1","01","1300","N","N","N","0","","1","0","1","3","2","N","1145","1","2","0","0","0","0","0","2","0","2","03","03","N","","","","","","","","","","",""
"2022065461","1952","0","0","0","1","0","0","0","0","0","8","0","","67","07","2022","7","40.0002","-75.1532","1944","06","0","0","0","0","0","0","0","0","","0","0","0","19","4","1","00","N","0","40 00:00.598","","00","75 09:11.651","3","0","0","0","67301","1","0","0","N","0","0","0","2","67301","0","","1","01","","N","N","N","0","","1","0","1","0","0","","1940","1","2","0","0","0","0","0","2","0","1","03","","N","","","","","","","","","","",""
"2022069974","0116","2","0","0","0","0","0","0","0","0","4","0","","67","07","2022","3","39.8946","-75.2367","0114","06","0","0","0","0","0","1","0","0","","0","0","0","01","3","2","01","","0","39 53:40.603","","00","75 14:12.181","3","0","0","0","67301","0","0","0","N","0","0","0","3","67301","0","","1","01","","N","N","N","0","","2","0","1","3","2","","0114","2","3","0","0","0","0","0","2","0","3","03","03","N","","","","","","","","","","",""
"2022077378","0235","0","0","0","0","0","0","0","0","0","8","0","","67","08","2022","1","40.0125","-75.1765","0229","06","0","0","0","0","0","0","0","0","","1","0","0","02","3","0","00","N","2","40 00:45.150","6","00","75 10:35.250","1","0","0","0","67301","1","1","0","N","1","1","0","2","67301","0","2","1","01","0400","N","N","N","0","0","0","0","0","0","0","Y","0213","0","2","0","0","0","0","1","2","0","1","03","03","N","","","","","","","","","","",""
"2022064660","0331","1","0","0","0","0","0","0","0","0","4","0","","67","07","2022","5","40.0595","-75.1785","0325","06","0","0","0","0","0","0","0","0","","0","0","0","03","3","0","03","","0","40 03:34.030","","00","75 10:42.618","0","0","0","0","67301","0","0","0","N","0","0","0","1","67301","0","","1","01","","N","N","N","0","","0","0","0","0","0","","0310","0","2","0","0","0","0","0","2","1","2","03","03","N","","","","","","","","","","",""
"2022069440","1138","0","0","0","0","0","0","0","0","0","7","0","","67","07","2022","6","39.9765","-75.1583","1138","06","0","0","0","0","0","0","0","0","","0","0","0","11","1","0","00","N","1","39 58:35.554","1","07","75 09:29.730","0","0","0","0","67301","0","0","0","N","0","0","0","1","67508","0","","3","01","9999","N","N","N","0","","0","0","1","3","3","N","1135","0","1","0","0","0","0","0","2","0","1","03","03","N","","","","","","","","","","",""
"2022076311","1930","1","0","0","0","0","0","0","0","0","8","0","","67","08","2022","4","39.9487","-75.2443","1915","06","0","0","0","0","0","0","0","0","","0","0","0","18","1","1","00","N","0","39 56:55.490","","00","75 14:39.560","3","0","0","0","67301","1","0","0","N","1","0","0","1","67301","0","","1","01","","N","N","N","0","","1","0","0","0","0","","1840","1","2","0","0","0","0","0","2","0","1","03","03","N","","","","","","","","","","",""
"2022066021","2308","0","0","0","0","0","0","0","0","0","8","0","","67","07","2022","1","39.9645","-75.2045","2308","06","0","0","0","0","0","1","0","0","","0","0","0","23","3","1","02","","1","39 57:52.244","4","00","75 12:16.279","3","0","0","0","67301","1","0","0","N","1","0","0","2","67301","0","","1","01","2345","N","N","N","0","","1","0","0","3","3","N","2300","1","2","0","0","0","0","0","2","1","1","03","","N","","","","","","","","","","",""