"CRN","ARRIVAL_TM","AUTOMOBILE_COUNT","BELTED_DEATH_COUNT","BELTED_SUSP_SERIOUS_INJ_COUNT","BICYCLE_COUNT","BICYCLE_DEATH_COUNT","BICYCLE_SUSP_SERIOUS_INJ_COUNT","BUS_COUNT","CHLDPAS_DEATH_COUNT","CHLDPAS_SUSP_SERIOUS_INJ_COUNT","COLLISION_TYPE","COMM_VEH_COUNT","CONS_ZONE_SPD_LIM","COUNTY","CRASH_MONTH","CRASH_YEAR","DAY_OF_WEEK","DEC_LAT","DEC_LONG","DISPATCH_TM","DISTRICT","DRIVER_COUNT_16YR","DRIVER_COUNT_17YR","DRIVER_COUNT_18YR","DRIVER_COUNT_19YR","DRIVER_COUNT_20YR","DRIVER_COUNT_50_64YR","DRIVER_COUNT_65_74YR","DRIVER_COUNT_75PLUS","EST_HRS_CLOSED","FATAL_COUNT","HEAVY_TRUCK_COUNT","HORSE_BUGGY_COUNT","HOUR_OF_DAY","ILLUMINATION","INJURY_COUNT","INTERSECT_TYPE","INTERSECTION_RELATED","LANE_CLOSED","LATITUDE","LN_CLOSE_DIR","LOCATION_TYPE","LONGITUDE","MAX_SEVERITY_LEVEL","MCYCLE_DEATH_COUNT","MCYCLE_SUSP_SERIOUS_INJ_COUNT","MOTORCYCLE_COUNT","MUNICIPALITY","NONMOTR_COUNT","NONMOTR_DEATH_COUNT","NONMOTR_SUSP_SERIOUS_INJ_COUNT","NTFY_HIWY_MAINT","PED_COUNT","PED_DEATH_COUNT","PED_SUSP_SERIOUS_INJ_COUNT","PERSON_COUNT","POLICE_AGCY","POSSIBLE_INJ_COUNT","RDWY_SURF_TYPE_CD","RELATION_TO_ROAD","ROAD_CONDITION","ROADWAY_CLEARED","SCH_BUS_IND","SCH_ZONE_IND","SECONDARY_CRASH","SMALL_TRUCK_COUNT","SPEC_JURIS_CD","SUSP_MINOR_INJ_COUNT","SUSP_SERIOUS_INJ_COUNT","SUV_COUNT","TCD_FUNC_CD","TCD_TYPE","TFC_DETOUR_IND","TIME_OF_DAY","TOT_INJ_COUNT","TOTAL_UNITS","UNB_DEATH_COUNT","UNB_SUSP_SERIOUS_INJ_COUNT","UNBELTED_OCC_COUNT","UNK_INJ_DEG_COUNT","UNK_INJ_PER_COUNT","URBAN_RURAL","VAN_COUNT","VEHICLE_COUNT","WEATHER1","WEATHER2","WORK_ZONE_IND","WORK_ZONE_LOC","WORK_ZONE_TYPE","WORKERS_PRES","WZ_CLOSE_DETOUR","WZ_FLAGGER","WZ_LAW_OFFCR_IND","WZ_LN_CLOSURE","WZ_MOVING","WZ_OTHER","WZ_SHLDER_MDN","WZ_WORKERS_INJ_KILLED"
"2022068562","0906","0","0","0","1","0","0","0","0","0","8","0","","67","07","2022","6","39.9627","-75.1446","0904","06","0","0","0","0","0","0","0","0","","0","0","0","09","1","1","01","","0","39 57:45.748","","00","75 08:40.671","3","0","0","0","67301","1","0","0","N","0","0","0","2","67301","0","","1","01","","N","N","N","0","","1","0","1","3","3","","0902","1","2","0","0","0","0","0","2","0","1","03","03","N","","","","","","","","","","",""
"2022065643","2350","1","0","0","0","0","0","0","0","0","1","0","35","67","07","2022","7","39.9539","-75.1396","2348","06","0","0","0","0","0","0","0","0","","0","0","0","23","3","1","00","N","1","39 57:14.000","4","03","75 08:22.400","2","0","1","1","67301","0","0","0","N","0","0","0","3","67501","0","","1","01","0425","N","N","N","0","","0","1","0","0","0","N","2346","1","2","0","0","0","0","0","2","0","2","03","","Y","4","1","Y","","","N","Y","","","","N"
"2022072271","1000","1","0","0","0","0","0","0","0","0","2","0","","67","07","2022","3","40.0061","-75.099","0909","06","0","0","0","0","0","0","0","0","","0","0","0","09","1","1","00","N","0","40 00:22.037","","00","75 05:56.289","4","0","0","0","67301","0","0","0","N","0","0","0","1","67301","1","","6","01","","N","N","N","0","","0","0","2","0","0","","0900","1","4","0","0","0","0","0","2","1","4","03","03","N","","","","","","","","","","",""
"2022069983","0156","1","0","0","0","0","0","0","0","0","7","0","","67","07","2022","2","39.927","-75.2435","0154","06","0","0","0","0","0","0","0","0","","0","0","0","01","3","1","03","","0","39 55:37.155","","00","75 14:36.586","2","0","0","0","67301","0","0","0","N","0","0","0","1","67301","0","","5","01","","N","N","N","0","","0","1","0","0","0","","0151","1","1","0","0","0","0","0","2","0","1","03","03","N","","","","","","","","","","",""
"2022066605","1935","1","0","0","0","0","0","0","0","0","4","0","","67","07","2022","2","40.0619","-75.0835","1928","06","0","1","0","0","0","0","0","0","","0","0","0","19","3","0","03","","1","40 03:43.278","5","00","75 05:00.549","0","0","0","0","67301","0","0","0","N","0","0","0","2","67301","0","","1","09","2000","N","N","N","0","","0","0","1","0","0","Y","1920","0","2","0","0","0","0","0","2","0","2","07","","N","","","","","","","","","","",""
"2022072613","0049","1","0","0","0","0","0","0","0","0","5","0","","67","07","2022","7","39.9896","-75.1181","0044","06","0","0","0","0","0","0","0","0","","0","0","0","00","3","0","00","N","0","39 59:22.602","","00","75 07:05.114","0","0","0","0","67301","0","0","0","N","0","0","0","1","67301","0","","4","01","","N","N","N","0","","0","0","0","0","0","","0044","0","2","0","0","0","0","0","2","0","2","03","03","N","","","","","","","","","","",""
"2022064074","0805","1","0","0","0","0","0","0","0","0","4","0","","67","07","2022","3","40.0719","-75.1791","0759","06","0","0","0","0","0","0","0","0","","0","0","0","07","1","1","00","N","2","40 04:19.001","6","07","75 10:44.723","2","0","1","1","67301","0","0","0","N","0","0","0","2","67301","0","","1","01","1040","N","N","N","0","","0","1","0","0","0","N","0757","1","2","0","0","0","0","0","2","0","2","03","03","N","","","","","","","","","","",""
"2022066361","1508","1","0","0","0","0","0","0","0","0","8","0","","67","07","2022","6","39.9947","-75.1403","1508","06","0","0","0","0","0","0","0","0","","0","0","0","20","3","1","00","N","0","39 59:40.970","","00","75 08:25.120","2","0","0","0","67301","1","0","1","N","1","0","1","2","67301","0","","1","01","","N","N","N","0","","0","1","0","0","0","","2026","1","2","0","0","0","0","0","2","0","1","03","03","N","","","","","","","","","","",""
"2022077073","0305","1","0","0","0","0","0","0","0","0","7","0","","67","07","2022","5","39.9527","-75.1908","0301","06","0","0","0","0","0","0","0","0","","0","0","0","03","3","1","00","N","0","39 57:09.544","","00","75 11:26.935","8","0","0","0","67301","0","0","0","N","0","0","0","1","67504","0","","9","01","","N","N","N","0","","0","0","0","3","2","","0300","1","1","0","0","1","1","0","2","0","1","03","03","N","","","","","","","","","","",""
"2022057716","","1","0","0","0","0","0","0","0","0","5","0","","67","06","2022","1","","","","06","0","0","0","0","0","1","0","0","","0","0","0","21","2","2","00","N","0","","","00","","8","0","0","0","67301","0","0","0","N","0","0","0","3","00000","0","","1","01","","","","N","0","","0","0","0","0","0","","2115","2","2","0","0","0","2","0","1","0","2","03","","N","","","","","","","","","","",""
"2022066977","0035","1","0","0","0","0","0","0","0","0","4","0","","67","07","2022","1","39.9738","-75.2064","0022","06","0","0","0","0","0","0","1","0","","0","0","0","00","3","1","01","","0","39 58:25.797","","00","75 12:23.198","8","0","0","0","67301","0","0","0","N","0","0","0","3","67301","0","","1","09","","N","N","N","1","","0","0","1","2","1","","0011","1","3","0","0","0","1","0","2","0","3","07","07","N","","","","","","","","","","",""
"2022066790","1545","0","0","0","0","0","0","0","0","0","1","0","","67","07","2022","6","39.9359","-75.2287","1532","06","0","0","0","0","0","1","0","0","","0","0","0","08","1","1","00","N","0","39 56:09.080","","00","75 13:43.170","8","0","0","0","67301","0","0","0","N","0","0","0","4","67301","0","","1","03","","N","N","N","0","","0","0","2","0","0","","0852","1","2","0","0","4","1","0","2","0","2","03","03","N","","","","","","","","","","",""
"2022065454","0744","0","0","0","0","0","0","0","0","0","2","0","","67","07","2022","5","40.0264","-75.0458","0730","06","0","0","0","0","0","0","0","0","","0","0","0","06","5","0","00","N","0","40 01:34.980","","00","75 02:44.800","0","0","0","0","67301","0","0","0","N","0","0","0","1","67301","0","","6","01","","N","N","N","0","","0","0","3","0","0","","0619","0","3","0","0","0","0","0","2","0","3","03","","N","","","","","","","","","","",""
"2022077258","1451","2","0","0","0","0","0","0","0","0","1","0","","67","07","2022","7","39.9589","-75.1707","1436","06","0","0","0","0","0","0","1","0","","0","0","0","14","1","1","00","N","1","39 57:31.879","3","00","75 10:14.474","8","0","0","0","67301","0","0","0","N","0","0","0","3","68K01","0","","1","01","1510","N","N","N","0","","0","0","0","0","0","N","1431","1","2","0","0","0","1","1","2","0","2","03","","N","","","","","","","","","","",""
"2022065605","0755","0","0","0","0","0","0","0","0","0","1","0","","67","07","2022","6","39.958","-75.1632","0740","06","0","0","0","0","0","0","0","0","","0","0","0","07","1","1","00","N","0","39 57:28.974","","00","75 09:47.596","3","0","0","1","67301","0","0","0","N","0","0","0","2","68K01","0","","1","01","","N","N","N","0","","1","0","1","0","0","","0738","1","2","0","0","0","0","0","2","0","2","03","03","N","","","","","","","","","","",""
"2022066912","2014","1","0","0","0","0","0","0","0","0","4","0","","67","07","2022","1","40.0065","-75.1543","2014","06","0","0","0","0","0","0","0","0","","0","0","0","19","1","1","01","","0","40 00:23.374","","00","75 09:15.616","8","0","0","1","67301","0","0","0","N","0","0","0","4","67301","0","","1","01","","N","Y","N","0","","0","0","0","3","3","","1940","1","2","0","0","0","1","1","2","0","2","04","04","N","","","","","","","","","","",""
"2022069818","1048","2","0","0","0","0","0","0","0","0","5","0","","67","07","2022","1","40.0275","-75.0624","1045","06","0","0","0","0","0","0","0","0","","0","0","0","10","1","0","01","","0","40 01:38.846","","00","75 03:44.583","0","0","0","0","67301","0","0","0","N","0","0","0","3","67301","0","","1","01","","N","N","N","0","","0","0","0","3","2","","1000","0","3","0","0","0","0","0","2","0","3","03","","N","","","","","","","","","","",""
"2022066981","1905","1","0","0","0","0","0","0","0","0","4","0","","67","07","2022","4","40.0038","-75.1397","1900","06","0","0","0","0","0","1","0","0","","0","0","0","18","1","1","01","","0","40 00:13.849","","00","75 08:22.793","8","0","0","0","67301","0","0","0","N","0","0","0","2","67301","0","","1","01","","N","N","N","0","","0","0","0","3","3","","1834","1","2","0","0","0","1","1","2","1","2","03","03","N","","","","","","","","","","",""
"2022063228","1315","1","0","0","0","0","0","0","0","0","1","0","","67","07","2022","5","40.099","-75.0616","1315","06","0","0","0","0","0","0","0","0","","0","0","0","13","1","1","00","N","0","40 05:56.530","","00","75 03:41.600","3","0","0","0","67301","0","0","0","N","0","0","0","1","67301","0","","6","01","","N","N","N","0","","1","0","1","0","0","","1310","1","2","0","0","0","0","0","2","0","2","03","03","N","","","","","","","","","","",""
"2022063485","1808","1","0","0","0","0","0","0","0","0","4","0","","67","07","2022","1","39.9847","-75.1565","1806","06","0","0","0","0","0","0","1","0","","0","0","0","18","1","2","01","","1","39 59:04.910","1","00","75 09:23.867","2","0","0","0","67301","0","0","0","N","0","0","0","2","67505","0","","1","01","1900","N","N","N","0","","1","1","1","3","2","N","1804","2","2","0","0","0","0","0","2","0","2","03","03","N","","","","","","","","","","",""
"2022075336","0703","1","0","0","0","0","0","0","0","0","1","0","","67","07","2022","1","39.9541","-75.1814","0655","06","0","0","0","1","0","1","0","0","","0","0","0","06","3","2","00","N","2","39 57:14.908","3","00","75 10:53.014","3","0","0","0","67301","0","0","0","N","0","0","0","2","68K01","0","","1","01","0746","N","N","N","1","","1","0","0","0","0","N","0650","2","2","0","0","0","1","0","2","0","2","03","","N","","","","","","","","","","",""
"2022069439","1006","1","0","0","0","0","0","0","0","0","1","1","","67","07","2022","2","40.0118","-75.0978","1006","06","0","0","0","0","0","0","0","0","","0","1","0","22","3","1","01","","0","40 00:42.552","","00","75 05:51.907","3","0","0","0","67301","0","0","0","N","0","0","0","2","67301","0","","1","01","","N","N","N","0","","1","0","0","3","2","","2245","1","2","0","0","0","0","0","2","0","2","03","03","N","","","","","","","","","","",""
"2022071245","","0","0","0","0","0","0","0","0","0","5","0","","67","05","2022","7","40.0872","-74.9647","","06","0","0","0","0","0","1","0","0","","0","0","0","13","1","1","00","N","0","40 05:13.800","","07","74 57:52.800","8","0","0","0","67301","0","0","0","N","0","0","0","2","00000","0","","1","01","","","","N","1","","0","0","0","0","0","","1300","1","2","0","0","0","1","0","2","0","2","03","","N","","","","","","","","","","",""
"2022068572","1750","0","0","0","0","0","0","0","0","0","4","0","","67","07","2022","4","40.0432","-75.1672","1737","06","0","0","0","0","0","3","0","0","","0","0","0","17","1","1","01","","0","40 02:35.358","","00","75 10:01.956","2","0","1","1","67301","0","0","0","N","0","0","0","3","67301","0","","1","01","","N","N","N","0","","0","1","1","3","2","","1730","1","3","0","0","0","0","0","2","1","3","03","","N","","","","","","","","","","",""
"2022063890","1250","1","0","0","0","0","0","0","0","0","5","0","","67","07","2022","6","39.9657","-75.2287","1241","06","0","0","0","0","0","0","0","0","","0","0","0","12","1","0","00","N","0","39 57:56.490","","00","75 13:43.420","9","0","0","0","67301","0","0","0","N","0","0","0","2","67301","0","","1","01","","N","N","N","0","","0","0","2","0","0","","1220","0","3","0","0","1","0","2","2","0","3","03","04","N","","","","","","","","","","",""
"2022063788","1512","1","0","0","0","0","0","0","0","0","8","0","","67","07","2022","1","39.9758","-75.1584","1508","06","0","0","0","0","0","0","0","0","","0","0","0","15","1","1","01","","0","39 58:33.126","","00","75 09:30.804","3","0","0","0","67301","1","0","0","N","1","0","0","2","67301","0","","1","01","","N","N","N","0","","1","0","0","3","2","","1508","1","2","0","0","0","0","1","2","0","1","03","03","N","","","","","","","","","","",""
"2022063330","2328","1","0","0","0","0","0","0","0","0","5","0","","67","07","2022","7","39.961","-75.2454","2328","06","0","0","0","0","0","1","0","0","","0","0","0","22","3","1","00","N","1","39 57:39.521","3","00","75 14:43.494","3","0","0","0","67301","0","0","0","N","0","0","0","1","67301","0","","6","01","2334","N","N","N","0","","1","0","1","0","0","N","2242","1","3","0","0","0","0","0","2","1","3","03","03","N","","","","","","","","","","",""
"2022064475","1714","0","0","0","0","0","0","0","0","0","4","0","","67","07","2022","3","40.0331","-75.2225","1707","06","0","0","0","0","0","1","0","0","","0","0","0","17","1","1","02","","0","40 01:58.994","","00","75 13:20.870","8","0","0","0","67301","0","0","0","N","0","0","0","2","67301","0","","1","01","","N","N","N","0","","0","0","2","0","0","","1700","1","2","0","0","2","1","0","2","0","2","03","03","N","","","","","","","","","","",""
"2022063787","1750","0","0","0","0","0","0","0","0","0","8","0","","67","07","2022","5","39.9736","-75.2093","1749","06","0","0","0","0","0","0","0","0","","0","0","0","17","1","1","00","N","0","39 58:25.009","","00","75 12:33.523","2","0","0","0","67301","1","0","1","N","1","0","1","2","67301","0","","1","01","","N","N","N","1","","0","1","0","0","0","","1746","1","2","0","0","0","0","0","2","0","1","03","03","N","","","","","","","","","","",""
"2022074156","1610","1","0","0","0","0","0","0","0","0","2","0","","67","08","2022","7","39.916","-75.236","1605","06","0","0","0","0","0","1","0","0","","0","0","0","15","1","2","01","","9","39 54:57.725","","00","75 14:09.736","3","0","0","0","67301","0","0","0","N","0","0","0","2","67301","0","","1","01","","N","N","N","0","","2","0","1","3","2","","1527","2","2","0","0","0","0","0","2","0","2","03","03","N","","","","","","","","","","",""
"2022075773","1524","2","0","0","0","0","0","0","0","0","4","0","","67","08","2022","3","40.0086","-75.0688","1524","06","0","0","0","0","0","0","1","0","","0","0","0","15","1","2","01","","2","40 00:31.249","7","00","75 04:07.877","4","0","0","0","67301","0","0","0","N","0","0","0","4","67301","2","","1","01","1700","N","N","N","0","","0","0","0","3","2","Y","1520","2","2","0","0","0","0","0","2","0","2","03","","N","","","","","","","","","","",""
"2022072791","0648","0","0","0","0","0","0","0","0","0","7","1","","67","07","2022","5","39.8888","-75.2179","0633","06","0","0","0","0","0","0","0","0","","0","1","0","06","1","1","00","N","0","39 53:19.767","","03","75 13:04.525","3","0","0","0","67301","0","0","0","N","0","0","0","1","68K03","0","","4","08","","N","N","N","0","","1","0","0","0","0","","0615","1","1","0","0","0","0","0","2","0","1","07","07","N","","","","","","","","","","",""
"2022066387","0453","2","0","0","0","0","0","0","0","0","1","0","","67","07","2022","1","40.0189","-75.1472","0446","06","0","0","0","0","0","0","0","0","","0","0","0","04","3","3","01","","0","40 01:08.061","","00","75 08:50.029","3","0","0","0","67301","0","0","0","N","0","0","0","3","67301","0","","1","01","","N","N","N","0","","3","0","0","3","2","","0445","3","2","0","0","0","0","0","2","0","2","03","03","N","","","","","","","","","","",""
"2022061360","2359","2","0","0","0","0","0","0","0","0","6","0","","67","07","2022","7","40.0546","-75.0542","2355","06","0","0","0","0","0","0","0","0","","0","0","0","23","3","1","00","N","1","40 03:16.601","5","00","75 03:14.969","3","0","0","0","67301","0","0","0","N","0","0","0","2","67301","0","","1","01","0130","N","N","N","0","","1","0","1","0","0","Y","2330","1","3","0","0","0","0","0","2","0","3","03","03","N","","","","","","","","","","",""
"2022075984","1531","1","0","0","0","0","0","0","0","0","1","0","","67","08","2022","6","39.9512","-75.141","1520","06","0","0","0","0","0","0","0","0","","0","0","0","15","1","1","00","N","2","39 57:04.435","1","00","75 08:27.685","8","0","0","0","67301","0","0","0","N","0","0","0","3","68K01","0","","1","01","1644","N","N","N","1","","0","0","0","0","0","N","1520","1","2","0","0","0","1","0","2","0","2","03","","N","","","","","","","","","","",""
"2022061564","1912","1","0","0","0","0","0","0","0","0","4","0","","67","07","2022","2","40.064","-75.0596","1900","06","0","0","0","0","0","0","0","0","","0","0","0","18","1","1","01","","0","40 03:50.306","","00","75 03:34.568","3","0","0","0","67301","0","0","0","N","0","0","0","3","67301","0","","1","01","","N","N","N","0","","1","0","1","3","3","","1840","1","2","0","0","0","0","0","2","0","2","03","03","N","","","","","","","","","","",""
"2022074053","1554","1","0","0","0","0","0","0","0","0","4","0","","67","08","2022","7","40.1226","-75.0138","1546","06","0","0","0","0","0","0","0","1","","0","0","0","15","1","1","00","N","0","40 07:21.430","","00","75 00:49.560","3","0","0","0","67301","0","0","0","N","0","0","0","3","67301","0","","1","01","","N","N","N","0","","1","0","1","0","0","","1529","1","2","0","0","0","0","0","2","0","2","03","","N","","","","","","","","","","",""
"2022044076","1208","3","0","0","0","0","0","0","0","0","4","0","","67","05","2022","4","39.9907","-75.1295","1207","06","0","0","0","0","0","0","0","1","","0","0","0","12","1","3","00","N","2","39 59:26.345","6","00","75 07:46.124","2","0","0","0","67301","0","0","0","N","0","0","0","4","67301","0","","1","01","1500","N","N","N","0","","2","1","1","3","2","Y","1206","3","4","0","0","0","0","0","2","0","4","03","03","N","","","","","","","","","","",""
"2022061681","1943","0","0","0","0","0","0","0","0","0","4","0","","67","07","2022","2","39.9485","-75.2293","1930","06","0","0","0","0","0","0","0","0","","0","0","0","19","1","1","01","","0","39 56:54.545","","00","75 13:45.555","3","0","0","0","67301","0","0","0","N","0","0","0","3","67301","0","","1","01","","N","N","N","0","","1","0","1","3","3","","1905","1","2","0","0","0","0","0","2","0","2","03","03","N","","","","","","","","","","",""
"2022061461","0351","1","0","0","0","0","0","0","0","0","5","0","","67","07","2022","7","39.9438","-75.1655","0350","06","0","0","0","0","0","0","0","0","","0","0","0","03","3","0","00","N","0","39 56:37.855","","00","75 09:55.842","0","0","0","0","67301","0","0","0","N","0","0","0","1","67301","0","","6","01","","N","N","N","0","","0","0","1","0","0","","0340","0","2","0","0","0","0","0","2","0","2","03","03","N","","","","","","","","","","",""
"2022063034","1545","3","0","0","0","0","0","0","0","0","5","0","","67","07","2022","2","40.0778","-75.1763","1542","06","0","0","0","0","0","1","0","0","","0","0","0","15","1","1","00","N","0","40 04:40.040","","00","75 10:34.830","8","0","0","0","67301","0","0","0","N","0","0","0","1","67301","0","","6","01","","N","N","N","1","","0","0","3","0","0","","1542","1","8","0","0","1","1","0","2","1","8","03","","N","","","","","","","","","","",""
"2022061362","2353","1","0","0","0","0","0","0","0","0","4","0","","67","07","2022","1","40.049","-75.0947","2346","06","0","0","0","0","0","0","1","0","","0","0","0","23","3","0","01","","1","40 02:56.557","3","00","75 05:40.778","0","0","0","0","67301","0","0","0","N","0","0","0","2","67301","0","","1","01","0050","N","N","Y","1","","0","0","1","3","3","N","2340","0","3","0","0","0","0","0","2","0","3","03","","N","","","","","","","","","","",""
"2022069893","2140","0","0","0","0","0","0","0","0","0","7","0","","67","07","2022","7","39.9375","-75.1985","2125","06","0","0","0","0","0","1","0","0","","0","0","0","21","3","1","00","N","1","39 56:15.035","4","03","75 11:54.721","8","0","0","1","67301","0","0","0","N","0","0","0","1","68K01","0","","2","01","2200","N","N","N","0","","0","0","0","0","0","N","2122","1","1","0","0","0","1","0","2","0","1","03","","N","","","","","","","","","","",""
"2022075752","0438","1","0","0","0","0","0","0","0","0","2","0","","67","07","2022","7","40.066","-74.9881","0437","06","0","0","0","0","0","0","0","0","","0","0","0","04","3","0","00","N","0","40 03:57.500","","07","74 59:16.980","0","0","0","0","67301","0","0","0","N","0","0","0","1","67301","0","","6","01","","N","N","N","0","","0","0","1","0","0","","0400","0","2","0","0","0","0","0","2","0","2","03","03","N","","","","","","","","","","",""
"2022071371","0028","1","0","0","0","0","0","0","0","0","1","0","","67","07","2022","5","39.9619","-75.1828","0018","06","0","0","0","0","0","0","0","0","","0","0","0","00","3","1","00","N","2","39 57:42.745","3","03","75 10:58.197","8","0","0","0","67301","0","0","0","N","0","0","0","3","68K03","0","","1","01","0030","N","N","N","0","","0","0","1","0","0","Y","0017","1","2","0","0","1","1","0","2","0","2","03","03","N","","","","","","","","","","",""
"2022066406","0102","2","0","0","0","0","0","0","0","0","1","0","","67","07","2022","3","39.9043","-75.197","0102","06","0","0","0","0","0","0","0","0","","0","0","0","19","4","0","00","N","0","39 54:15.311","","00","75 11:49.326","0","0","0","0","67301","0","0","0","N","0","0","0","2","67301","0","","1","99","","N","N","N","0","","0","0","0","0","0","","1915","0","2","0","0","0","0","0","2","0","2","04","04","N","","","","","","","","","","",""
"2022063195","1742","2","0","0","0","0","0","0","0","0","4","0","","67","07","2022","4","39.9587","-75.2394","1742","06","0","0","0","0","0","0","0","0","","0","0","0","17","1","1","01","","0","39 57:31.262","","00","75 14:21.875","3","0","0","0","67301","0","0","0","N","0","0","0","2","67301","0","","1","01","","N","N","N","0","","1","0","1","3","2","","1722","1","3","0","0","0","0","0","2","0","3","03","03","N","","","","","","","","","","",""
"2022075605","2125","0","0","0","0","0","0","0","0","0","7","0","","67","08","2022","7","40.0077","-75.0719","2107","06","0","0","0","0","0","1","0","0","","0","0","0","21","3","2","00","N","1","40 00:27.640","1","00","75 04:18.893","4","0","0","0","67301","0","0","0","N","0","0","0","2","68K01","1","","4","01","2220","N","N","N","1","","0","0","1","0","0","N","2106","2","2","0","0","0","1","0","2","0","2","03","","N","","","","","","","","","","",""
"2022069390","0707","3","0","0","0","0","0","0","0","0","1","0","55","67","07","2022","4","40.0182","-75.0475","0652","06","0","0","0","1","0","1","1","0","","0","0","0","06","1","1","00","N","2","40 01:05.667","1","00","75 02:51.081","8","0","0","0","67301","0","0","0","N","0","0","0","5","68K01","0","","1","01","0715","N","N","N","0","","0","0","2","0","0","N","0648","1","5","0","0","0","1","0","2","0","5","03","","Y","4","1","N","","","N","","","","Y","N"
"2022062525","1559","1","0","0","0","0","0","0","0","0","5","0","","67","07","2022","2","39.9721","-75.1936","1559","06","0","0","0","0","0","1","0","0","","0","0","0","15","1","0","00","N","1","39 58:19.389","3","00","75 11:36.865","9","0","0","0","67301","0","0","0","N","0","0","0","4","68K01","0","","1","01","0100","N","N","N","0","","0","0","2","0","0","N","1557","0","3","0","0","1","0","1","2","0","3","03","","N","","","","","","","","","","",""
"2022061457","2002","2","0","0","0","0","0","0","0","0","4","0","","67","07","2022","7","39.9561","-75.183","1938","06","0","0","0","0","0","1","0","0","","0","0","0","18","1","1","03","","0","39 57:22.089","","00","75 10:58.760","4","0","0","0","67301","0","0","0","N","0","0","0","2","67301","1","","1","01","","N","N","N","0","","0","0","0","3","2","","1810","1","2","0","0","0","0","1","2","0","2","03","03","N","","","","","","","","","","",""
"2022065922","0330","1","0","0","0","0","0","0","0","0","5","0","","67","07","2022","3","39.9628","-75.1391","0321","06","0","0","0","0","1","0","0","0","","0","0","0","03","3","3","00","N","1","39 57:46.163","1","00","75 08:20.601","8","0","0","0","67301","0","0","0","Y","0","0","0","5","68K01","0","","1","01","0415","N","N","N","0","","0","0","1","0","0","Y","0316","3","2","0","0","3","3","0","2","0","2","03","03","N","","","","","","","","","","",""
"2022076035","1210","2","0","0","0","0","0","0","0","0","1","0","","67","07","2022","5","39.9282","-75.1963","1147","06","0","0","0","0","0","0","0","0","","0","0","0","11","1","0","00","N","1","39 55:41.447","3","00","75 11:46.606","9","0","0","0","67301","0","0","0","N","0","0","0","3","68K01","0","","4","01","1230","N","N","N","0","","0","0","0","0","0","N","1144","0","2","0","0","0","0","1","2","0","2","03","03","N","","","","","","","","","","",""
"2022074157","1620","0","0","0","0","0","0","0","0","0","7","0","","67","08","2022","7","39.9109","-75.2425","1614","06","0","0","0","0","0","0","0","1","","0","0","0","16","1","1","00","N","0","39 54:39.231","","00","75 14:33.065","3","0","0","0","67301","0","0","0","N","0","0","0","1","67301","0","","5","01","","N","N","N","1","","1","0","0","0","0","","1600","1","1","0","0","1","0","0","2","0","1","03","03","N","","","","","","","","","","",""
"2022074304","0434","2","0","0","0","0","0","0","0","0","1","0","","67","07","2022","6","39.9571","-75.2262","0433","06","0","0","0","0","0","1","0","0","","0","0","0","03","3","2","00","N","0","39 57:25.393","","00","75 13:34.479","2","0","0","0","67301","0","0","0","N","0","0","0","3","67301","0","","1","01","","N","N","N","0","","1","1","0","0","0","","0352","2","2","0","0","0","0","1","2","0","2","03","","N","","","","","","","","","","",""
"2022075795","1232","1","0","0","0","0","0","0","0","0","4","0","","67","08","2022","5","39.9723","-75.1243","1231","06","0","0","0","0","0","1","0","0","","0","0","0","12","1","0","00","N","0","39 58:20.270","","00","75 07:27.387","0","0","0","0","67301","0","0","0","N","0","0","0","3","67301","0","","1","01","","N","N","N","0","","0","0","1","0","0","","1225","0","2","0","0","0","0","0","2","0","2","03","","N","","","","","","","","","","",""
"2022066405","2236","1","0","0","1","0","1","0","0","0","8","0","","67","07","2022","2","39.9183","-75.1722","2233","06","0","0","0","0","0","0","0","0","","0","0","0","21","3","1","01","","0","39 55:05.881","","00","75 10:19.901","2","0","0","0","67301","1","0","1","N","0","0","0","2","67301","0","","1","01","","N","N","N","0","","0","1","0","3","3","","2122","1","2","0","0","0","0","0","2","0","1","03","03","N","","","","","","","","","","",""
"2022074503","1554","0","0","0","0","0","0","0","0","0","8","0","","67","08","2022","2","40.0062","-75.1519","1550","06","0","0","0","0","0","1","0","0","","0","0","0","15","1","1","00","N","1","40 00:22.246","2","00","75 09:06.950","2","0","0","0","67301","1","0","1","N","1","0","1","3","67505","0","","1","01","1620","N","N","N","0","","0","1","1","0","0","N","1550","1","2","0","0","0","0","0","2","0","1","03","03","N","","","","","","","","","","",""
"2022075819","1654","1","0","0","0","0","0","0","0","0","1","0","","67","08","2022","5","40.0415","-75.0578","1644","06","0","0","0","0","0","0","0","1","","0","0","0","16","1","0","00","N","1","40 02:29.287","2","00","75 03:28.203","0","0","0","0","67301","0","0","0","N","0","0","0","4","67301","0","","1","01","1710","N","N","N","0","","0","0","2","0","0","N","1642","0","3","0","0","0","0","0","2","0","3","03","","N","","","","","","","","","","",""
"2022074187","1120","0","0","0","0","0","0","0","0","0","4","1","","67","08","2022","6","40.0021","-75.1203","1051","06","0","0","0","0","0","0","0","0","","0","1","0","10","1","1","02","","0","40 00:07.624","","00","75 07:13.137","4","0","0","0","67301","0","0","0","N","0","0","0","3","67301","1","","1","01","","N","N","N","0","","0","0","1","3","3","","1030","1","3","0","0","0","0","0","2","1","3","03","03","N","","","","","","","","","","",""