"CRN","ARRIVAL_TM","AUTOMOBILE_COUNT","BELTED_DEATH_COUNT","BELTED_SUSP_SERIOUS_INJ_COUNT","BICYCLE_COUNT","BICYCLE_DEATH_COUNT","BICYCLE_SUSP_SERIOUS_INJ_COUNT","BUS_COUNT","CHLDPAS_DEATH_COUNT","CHLDPAS_SUSP_SERIOUS_INJ_COUNT","COLLISION_TYPE","COMM_VEH_COUNT","CONS_ZONE_SPD_LIM","COUNTY","CRASH_MONTH","CRASH_YEAR","DAY_OF_WEEK","DEC_LAT","DEC_LONG","DISPATCH_TM","DISTRICT","DRIVER_COUNT_16YR","DRIVER_COUNT_17YR","DRIVER_COUNT_18YR","DRIVER_COUNT_19YR","DRIVER_COUNT_20YR","DRIVER_COUNT_50_64YR","DRIVER_COUNT_65_74YR","DRIVER_COUNT_75PLUS","EST_HRS_CLOSED","FATAL_COUNT","HEAVY_TRUCK_COUNT","HORSE_BUGGY_COUNT","HOUR_OF_DAY","ILLUMINATION","INJURY_COUNT","INTERSECT_TYPE","INTERSECTION_RELATED","LANE_CLOSED","LATITUDE","LN_CLOSE_DIR","LOCATION_TYPE","LONGITUDE","MAX_SEVERITY_LEVEL","MCYCLE_DEATH_COUNT","MCYCLE_SUSP_SERIOUS_INJ_COUNT","MOTORCYCLE_COUNT","MUNICIPALITY","NONMOTR_COUNT","NONMOTR_DEATH_COUNT","NONMOTR_SUSP_SERIOUS_INJ_COUNT","NTFY_HIWY_MAINT","PED_COUNT","PED_DEATH_COUNT","PED_SUSP_SERIOUS_INJ_COUNT","PERSON_COUNT","POLICE_AGCY","POSSIBLE_INJ_COUNT","RDWY_SURF_TYPE_CD","RELATION_TO_ROAD","ROAD_CONDITION","ROADWAY_CLEARED","SCH_BUS_IND","SCH_ZONE_IND","SECONDARY_CRASH","SMALL_TRUCK_COUNT","SPEC_JURIS_CD","SUSP_MINOR_INJ_COUNT","SUSP_SERIOUS_INJ_COUNT","SUV_COUNT","TCD_FUNC_CD","TCD_TYPE","TFC_DETOUR_IND","TIME_OF_DAY","TOT_INJ_COUNT","TOTAL_UNITS","UNB_DEATH_COUNT","UNB_SUSP_SERIOUS_INJ_COUNT","UNBELTED_OCC_COUNT","UNK_INJ_DEG_COUNT","UNK_INJ_PER_COUNT","URBAN_RURAL","VAN_COUNT","VEHICLE_COUNT","WEATHER1","WEATHER2","WORK_ZONE_IND","WORK_ZONE_LOC","WORK_ZONE_TYPE","WORKERS_PRES","WZ_CLOSE_DETOUR","WZ_FLAGGER","WZ_LAW_OFFCR_IND","WZ_LN_CLOSURE","WZ_MOVING","WZ_OTHER","WZ_SHLDER_MDN","WZ_WORKERS_INJ_KILLED"
"2022078772","1042","0","0","0","0","0","0","0","0","0","5","1","","67","08","2022","2","39.899","-75.1681","1018","06","0","0","0","0","0","1","1","0","","0","1","0","10","1","0","00","N","0","39 53:56.288","","00","75 10:05.052","0","0","0","0","67301","0","0","0","N","0","0","0","2","68K01","0","","1","01","","N","N","N","0","","0","0","0","0","0","","1017","0","2","0","0","0","0","0","2","1","2","04","","N","","","","","","","","","","",""
"2022080044","0755","0","0","0","0","0","0","0","0","0","1","0","","67","08","2022","3","40.0349","-75.0183","0738","06","0","0","0","0","0","0","0","0","","0","0","0","07","1","0","00","N","0","40 02:05.526","","00","75 01:06.029","0","0","0","0","67301","0","0","0","N","0","0","0","4","68K01","0","","1","01","","N","N","N","0","","0","0","3","0","0","","0737","0","3","0","0","0","0","0","2","0","3","03","","N","","","","","","","","","","",""
"2022078804","1448","1","0","0","0","0","0","0","0","0","1","0","","67","07","2022","1","39.9798","-75.2047","1439","06","0","0","0","0","0","1","1","0","","0","0","0","14","1","0","00","N","0","39 58:47.157","","00","75 12:16.961","0","0","0","0","67301","0","0","0","N","0","0","0","9","68K01","0","","1","01","","N","N","N","1","","0","0","2","0","0","","1430","0","4","0","0","0","0","0","2","0","4","03","","N","","","","","","","","","","",""
"2022070888","1145","2","0","0","0","0","0","0","0","0","4","0","","67","07","2022","3","39.9955","-75.1541","1135","06","0","0","0","0","0","0","0","0","","0","0","0","11","1","0","01","","0","39 59:43.871","","00","75 09:14.820","0","0","0","0","67301","0","0","0","N","0","0","0","4","67508","0","","1","01","","N","N","Y","0","","0","0","0","3","2","","1135","0","2","0","0","0","0","0","2","0","2","03","03","N","","","","","","","","","","",""
"2022080537","1014","0","0","0","0","0","0","0","0","0","2","0","","67","08","2022","3","40.0573","-75.1407","1014","06","0","0","0","0","0","0","0","0","","0","0","0","07","1","1","01","","9","40 03:26.402","","00","75 08:26.444","8","0","0","0","67301","0","0","0","N","0","0","0","2","67301","0","","1","01","","N","N","N","0","","0","0","1","3","3","","0724","1","2","0","0","0","1","1","2","1","2","03","","N","","","","","","","","","","",""
"2022064789","","0","0","0","0","0","0","0","0","0","1","0","","67","06","2022","4","","","","06","0","0","0","0","0","1","0","0","","0","0","0","14","1","1","00","N","0","","","00","","8","0","0","0","67301","0","0","0","N","0","0","0","3","00000","0","","1","01","","","","N","0","","0","0","1","0","0","","1400","1","3","0","0","0","1","0","1","0","3","03","","N","","","","","","","","","","",""
"2022068078","0218","1","0","0","0","0","0","0","0","0","7","0","45","67","07","2022","1","40.0092","-75.0677","0159","06","0","0","0","0","1","0","0","0","","0","0","0","01","3","0","00","N","0","40 00:33.045","","03","75 04:03.651","0","0","0","0","67301","0","0","0","N","0","0","0","1","68K01","0","","3","01","","N","N","N","0","","0","0","0","0","0","","0156","0","1","0","0","0","0","0","2","0","1","03","","Y","8","1","N","","","N","","","","Y","N"
"2022062033","0742","1","0","0","0","0","0","0","0","0","7","0","","67","07","2022","1","39.9834","-75.2081","0736","06","0","0","0","0","0","0","0","0","","0","0","0","07","1","1","00","N","0","39 59:00.147","","00","75 12:28.982","3","0","0","0","67301","0","0","0","N","0","0","0","1","68K01","0","","3","09","","N","N","N","0","","1","0","0","0","0","","0735","1","1","0","0","0","0","0","2","0","1","07","","N","","","","","","","","","","",""
"2022066215","1620","1","0","0","0","0","0","0","0","0","5","0","","67","07","2022","3","40.0505","-75.0508","1610","06","0","0","0","0","0","0","0","0","","0","0","0","15","1","0","00","N","0","40 03:01.492","","00","75 03:02.761","0","0","0","0","67301","0","0","0","N","0","0","0","5","67301","0","","1","01","","N","N","Y","0","","0","0","1","0","0","","1536","0","2","0","0","1","0","0","2","0","2","03","","N","","","","","","","","","","",""
"2022074743","1908","1","0","0","0","0","0","1","0","0","5","1","","67","08","2022","3","40.0521","-75.1418","1858","06","0","0","0","0","0","0","0","0","","0","0","0","18","4","1","01","","0","40 03:07.476","","00","75 08:30.412","8","0","0","0","67301","0","0","0","N","0","0","0","2","67508","0","","1","01","","N","N","N","0","","0","0","0","3","2","","1850","1","2","0","0","0","1","1","2","0","2","03","03","N","","","","","","","","","","",""
"2022061702","1105","1","0","0","0","0","0","0","0","0","4","0","","67","07","2022","2","39.9444","-75.2309","1104","06","0","0","0","0","0","0","0","0","","0","0","0","23","3","1","01","","0","39 56:39.619","","00","75 13:51.440","3","0","0","0","67301","0","0","0","N","0","0","0","2","67301","0","","1","01","","N","N","N","1","","1","0","0","3","3","","2300","1","2","0","0","0","0","1","2","0","2","03","03","N","","","","","","","","","","",""
"2022061513","1500","1","0","0","0","0","0","0","0","0","5","0","","67","07","2022","2","40.0876","-75.0584","1435","06","0","0","0","0","0","0","1","1","","0","0","0","14","1","2","00","N","1","40 05:15.205","5","00","75 03:30.370","3","0","0","0","67301","0","0","0","N","0","0","0","2","67301","0","","1","01","1600","N","N","N","0","","2","0","1","0","0","Y","1432","2","2","0","0","0","0","0","2","0","2","03","03","N","","","","","","","","","","",""
"2022079397","1031","0","0","0","0","0","0","0","0","0","4","0","","67","08","2022","7","40.1234","-75.0155","1031","06","0","0","0","0","0","0","1","0","","0","0","0","10","1","1","00","N","0","40 07:24.377","","07","75 00:55.888","8","0","0","0","67301","0","0","0","N","0","0","0","3","67301","0","","1","01","","N","N","Y","0","","0","0","2","0","0","","1030","1","2","0","0","0","1","0","2","0","2","03","","N","","","","","","","","","","",""
"2022069976","2012","2","0","0","0","0","0","0","0","0","3","0","","67","07","2022","4","39.9381","-75.2289","2011","06","0","0","0","0","0","2","0","0","","0","0","0","19","3","1","01","","0","39 56:17.278","","00","75 13:43.878","8","0","0","0","67301","0","0","0","N","0","0","0","3","67301","0","","1","01","","N","N","N","0","","0","0","0","0","0","","1954","1","2","0","0","0","1","0","2","0","2","03","","N","","","","","","","","","","",""
"2022069747","0118","1","0","0","0","0","0","0","0","0","5","0","","67","07","2022","7","39.9423","-75.1539","0115","06","0","0","0","0","0","0","0","0","","0","0","0","01","3","0","00","N","0","39 56:32.360","","00","75 09:14.050","9","0","0","0","67301","0","0","0","N","0","0","0","1","67301","0","","6","01","","N","N","N","0","","0","0","1","0","0","","0105","0","2","0","0","0","0","1","2","0","2","04","04","N","","","","","","","","","","",""
"2022068616","1445","1","0","0","0","0","0","0","0","0","1","0","","67","07","2022","6","40.0035","-75.1689","1435","06","0","0","0","0","0","0","0","0","","0","0","0","14","1","1","00","N","1","40 00:12.700","2","00","75 10:07.870","3","0","0","0","67301","0","0","0","N","0","0","0","3","67301","0","","1","01","0130","N","N","N","0","","1","0","1","0","0","N","1430","1","3","0","0","0","0","0","2","0","3","03","","N","","","","","","","","","","",""
"2022069745","1845","0","0","0","0","0","0","0","0","0","8","0","","67","07","2022","6","39.9391","-75.1421","1842","06","0","0","0","0","0","1","0","0","","0","0","0","17","1","1","00","N","0","39 56:20.821","","07","75 08:31.607","8","0","0","0","67301","1","0","0","N","1","0","0","2","67301","0","","1","09","","N","N","N","0","","0","0","1","0","0","","1758","1","2","0","0","0","1","0","2","0","1","07","07","N","","","","","","","","","","",""
"2022080063","0409","1","0","0","0","0","0","0","0","0","7","0","","67","08","2022","7","39.9878","-75.2076","0405","06","0","0","0","0","0","0","0","0","","0","0","0","04","3","1","00","N","1","39 59:15.905","3","00","75 12:27.201","4","0","0","0","67301","0","0","0","N","0","0","0","2","68K01","1","","3","01","0430","N","N","N","0","","0","0","0","0","0","N","0402","1","1","0","0","0","0","1","2","0","1","03","03","N","","","","","","","","","","",""
"2022062042","1520","2","0","0","0","0","0","0","0","0","5","0","","67","07","2022","3","39.9534","-75.1531","1515","06","0","0","0","0","0","1","0","0","","0","0","0","15","1","2","00","N","0","39 57:12.340","","00","75 09:11.120","4","0","0","0","67301","0","0","0","N","0","0","0","3","67301","2","","1","01","","N","N","N","0","","0","0","0","0","0","","1515","2","2","0","0","0","0","0","2","0","2","04","04","N","","","","","","","","","","",""
"2022061522","0506","1","0","0","0","0","0","0","0","0","5","0","","67","07","2022","3","40.0302","-75.1395","0505","06","0","0","0","0","0","0","0","0","","0","0","0","05","5","0","00","N","0","40 01:48.780","","00","75 08:22.340","9","0","0","0","67301","0","0","0","N","0","0","0","2","67301","0","","6","01","","N","N","N","0","","0","0","1","0","0","","0500","0","2","0","0","0","0","1","2","0","2","03","03","N","","","","","","","","","","",""
"2022063550","1355","1","0","0","0","0","0","0","0","0","1","0","","67","07","2022","7","40.0751","-75.0182","1345","06","0","0","0","0","0","0","0","0","","0","0","0","13","1","1","00","N","1","40 04:30.309","4","00","75 01:05.395","8","0","0","0","67301","0","0","0","N","0","0","0","3","67301","0","","1","01","0020","N","N","N","0","","0","0","1","0","0","N","1341","1","2","0","0","0","1","0","2","0","2","03","03","N","","","","","","","","","","",""
"2022061690","0654","2","0","0","0","0","0","0","0","0","2","0","","67","07","2022","3","40.0441","-75.1626","0651","06","0","0","0","0","0","0","0","0","","0","0","0","06","1","1","00","N","1","40 02:38.760","5","00","75 09:45.335","3","0","0","0","67301","0","0","0","N","0","0","0","2","67301","0","","1","01","0805","N","N","N","0","","1","0","0","0","0","Y","0647","1","2","0","0","0","0","0","2","0","2","03","03","N","","","","","","","","","","",""
"2022075754","0733","2","0","0","0","0","0","0","0","0","2","0","","67","08","2022","3","40.0935","-74.9802","0727","06","0","0","0","0","0","0","0","0","","0","0","0","07","1","1","01","","0","40 05:36.611","","00","74 58:48.600","4","0","0","0","67301","0","0","0","N","0","0","0","2","67301","1","","1","01","","N","N","N","0","","0","0","0","3","2","","0715","1","2","0","0","1","0","0","2","0","2","03","03","N","","","","","","","","","","",""
"2022074208","0137","2","0","0","0","0","0","0","0","0","1","0","","67","08","2022","2","39.9464","-75.242","0134","06","0","0","0","0","0","0","0","0","","0","0","0","01","3","0","00","N","1","39 56:46.990","2","00","75 14:31.210","0","0","0","0","67301","0","0","0","N","0","0","0","1","67301","0","","6","09","0329","N","N","N","0","","0","0","2","0","0","N","0130","0","4","0","0","0","0","0","2","0","4","07","07","N","","","","","","","","","","",""
"2022080246","1831","0","0","0","0","0","0","0","0","0","8","0","","67","08","2022","4","39.9679","-75.1652","1825","06","0","0","0","0","0","0","0","0","","0","0","0","16","1","1","02","","0","39 58:04.432","","00","75 09:54.662","3","0","0","0","67301","1","0","0","N","1","0","0","2","67301","0","","1","01","","N","N","N","0","","1","0","1","0","0","","1600","1","2","0","0","0","0","1","2","0","1","03","03","N","","","","","","","","","","",""
"2022080459","1114","0","0","0","0","0","0","0","0","0","2","0","","67","08","2022","6","39.9884","-75.1854","1114","06","0","0","0","0","0","0","0","0","","0","0","0","02","3","0","02","","0","39 59:18.387","","00","75 11:07.371","9","0","0","0","67301","0","0","0","N","0","0","0","1","67301","0","","1","01","","N","N","N","0","","0","0","1","3","3","","0230","0","2","0","0","0","0","1","2","0","2","03","03","N","","","","","","","","","","",""
"2022072284","2210","2","0","0","0","0","0","0","0","0","4","0","","67","07","2022","1","40.0125","-75.1401","2208","06","0","0","0","0","0","0","0","0","","0","0","0","22","3","1","01","","0","40 00:45.093","","00","75 08:24.381","3","0","0","0","67301","0","0","0","N","0","0","0","2","67301","0","","1","01","","N","N","Y","0","","1","0","2","3","3","","2205","1","4","0","0","0","0","0","2","0","4","03","03","N","","","","","","","","","","",""
"2022078524","1525","1","0","0","0","0","0","1","0","0","1","1","","67","08","2022","6","39.955","-75.1527","1455","06","0","0","0","0","0","0","1","0","","0","0","0","14","1","1","01","","1","39 57:18.170","2","00","75 09:09.818","4","0","0","0","67301","0","0","0","N","0","0","0","2","67508","1","","1","01","9999","N","N","Y","0","","0","0","0","3","2","N","1455","1","2","0","0","0","0","0","2","0","2","03","03","N","","","","","","","","","","",""
"2022079782","1733","2","0","0","0","0","0","0","0","0","4","0","","67","08","2022","3","40.0355","-75.1086","1730","06","1","0","0","0","0","1","0","0","","0","0","0","17","1","0","01","","2","40 02:07.572","4","00","75 06:30.576","0","0","0","0","67301","0","0","0","N","0","0","0","2","67301","0","","1","01","1750","N","N","N","0","","0","0","0","3","2","N","1725","0","2","0","0","0","0","0","2","0","2","03","","N","","","","","","","","","","",""
"2022070023","2044","2","0","0","0","0","0","0","0","0","4","0","","67","07","2022","7","39.991","-75.1561","2034","06","0","0","0","0","0","1","1","0","","0","0","0","20","3","2","01","","0","39 59:27.542","","00","75 09:22.060","4","0","0","0","67301","0","0","0","N","0","0","0","2","67301","2","","1","01","","N","N","N","0","","0","0","0","3","3","","2000","2","2","0","0","0","0","0","2","0","2","03","03","N","","","","","","","","","","",""
"2022073280","0619","0","0","0","0","0","0","0","0","0","7","0","","67","07","2022","6","39.9762","-75.1957","0614","06","0","0","0","0","0","0","0","0","","0","0","0","06","1","1","00","N","0","39 58:34.432","","00","75 11:44.643","8","0","0","1","67301","0","0","0","N","0","0","0","1","68K01","0","","3","01","","N","N","N","0","","0","0","0","0","0","","0611","1","1","0","0","0","1","0","2","0","1","03","03","N","","","","","","","","","","",""
"2022080458","0649","1","0","0","0","0","0","0","0","0","8","0","","67","08","2022","2","40.0855","-74.9695","0640","06","0","0","0","0","0","0","0","0","","0","0","0","06","1","1","07","","1","40 05:07.699","2","02","74 58:10.087","2","0","0","0","67301","1","0","1","N","1","0","1","2","67301","0","","1","01","1027","N","N","N","0","","0","1","0","0","0","N","0638","1","2","0","0","0","0","0","2","0","1","03","03","N","","","","","","","","","","",""
"2022061246","1418","4","0","0","0","0","0","0","0","0","5","0","","67","07","2022","1","40.0054","-75.1521","1418","06","0","0","0","0","0","1","0","0","","0","0","0","14","1","1","00","N","1","40 00:19.489","2","00","75 09:07.531","3","0","0","0","67301","0","0","0","N","0","0","0","5","67505","0","","1","01","1418","N","N","N","0","","1","0","2","0","0","N","1416","1","6","0","0","0","0","0","2","0","6","03","03","N","","","","","","","","","","",""
"2022063038","1858","1","0","0","0","0","0","0","0","0","6","0","","67","07","2022","6","40.0573","-75.1938","1855","06","0","0","0","0","0","0","0","0","","0","0","0","18","1","1","01","","0","40 03:26.153","","00","75 11:37.705","3","0","0","0","67301","0","0","0","N","0","0","0","1","67301","0","","1","01","","N","N","N","0","","1","0","1","3","3","","1850","1","2","0","0","0","0","0","2","0","2","03","03","N","","","","","","","","","","",""
"2022074438","1555","0","0","0","0","0","0","1","0","0","5","1","","67","08","2022","4","40.0159","-75.1538","1545","06","0","0","0","0","0","1","0","0","","0","0","0","15","1","1","01","","0","40 00:57.144","","00","75 09:13.828","8","0","0","0","67301","0","0","0","N","0","0","0","2","67508","0","","1","01","","N","N","Y","0","","0","0","1","3","2","","1545","1","2","0","0","0","1","0","2","0","2","03","03","N","","","","","","","","","","",""
"2022075774","1245","1","0","0","0","0","0","0","0","0","4","1","","67","08","2022","5","40.0061","-75.1935","1238","06","0","0","0","0","0","1","0","0","","0","0","0","12","1","0","05","","1","40 00:22.052","1","03","75 11:36.777","0","0","0","0","67301","0","0","0","N","0","0","0","2","67301","0","","1","01","1400","N","N","N","1","","0","0","0","0","0","Y","1225","0","2","0","0","0","0","0","2","0","2","03","03","N","","","","","","","","","","",""
"2022063716","0025","2","0","0","0","0","0","0","0","0","5","0","","67","07","2022","2","40.0756","-75.0403","0021","06","0","0","0","0","0","0","0","0","","0","0","0","00","3","1","00","N","0","40 04:32.120","","00","75 02:25.060","3","0","0","0","67301","0","0","0","N","0","0","0","1","67301","0","","6","01","","N","N","N","0","","1","0","0","0","0","","0015","1","2","0","0","0","0","0","2","0","2","03","03","N","","","","","","","","","","",""
"2022053359","","1","0","0","0","0","0","0","0","0","1","0","","67","05","2022","5","","","","06","0","0","0","0","0","0","0","0","","0","0","0","09","1","1","00","N","0","","","00","","8","0","0","0","67301","0","0","0","N","0","0","0","2","00000","0","","1","01","","","","N","0","","0","0","0","0","0","","0935","1","2","0","0","0","1","0","1","0","2","03","","N","","","","","","","","","","",""
"2022061187","0140","1","0","0","0","0","0","0","0","0","1","0","","67","07","2022","7","40.0079","-75.0729","0129","06","0","0","0","0","0","0","0","0","","0","0","0","00","3","1","00","N","0","40 00:28.383","","00","75 04:22.561","4","0","0","0","67301","0","0","0","N","0","0","0","2","67301","1","","1","01","","N","N","N","0","","0","0","1","0","0","","0046","1","2","0","0","0","0","0","2","0","2","03","03","N","","","","","","","","","","",""
"2022063099","1500","1","0","0","0","0","0","0","0","0","4","0","","67","07","2022","5","39.9765","-75.1894","1426","06","0","0","0","0","1","0","0","0","","0","0","0","14","1","0","03","","0","39 58:35.259","","00","75 11:21.744","0","0","0","0","67301","0","0","0","N","0","0","0","2","67301","0","","1","01","","N","N","N","0","","0","0","0","3","3","","1426","0","2","0","0","1","0","0","2","1","2","03","03","N","","","","","","","","","","",""
"2022075599","0453","0","0","0","0","0","0","0","0","0","7","0","","67","08","2022","5","39.892","-75.2362","0453","06","0","0","0","0","0","0","0","0","","0","0","0","04","3","0","00","N","0","39 53:31.157","","00","75 14:10.325","0","0","0","0","67301","0","0","0","N","0","0","0","1","68K01","0","","4","09","","N","N","N","0","","0","0","1","0","0","","0452","0","1","0","0","0","0","0","2","0","1","07","07","N","","","","","","","","","","",""
"2022064325","0119","2","0","0","0","0","0","0","0","0","4","0","","67","07","2022","3","40.0436","-75.1032","0118","06","0","0","0","0","0","0","0","0","","0","0","0","01","3","2","02","","2","40 02:37.051","7","00","75 06:11.604","3","0","0","0","67301","0","0","0","N","0","0","0","4","67301","0","","1","01","0203","N","N","N","0","","2","0","0","3","3","Y","0118","2","2","0","0","3","0","0","2","0","2","03","03","N","","","","","","","","","","",""
"2022068673","","1","0","0","0","0","0","0","0","0","1","0","","67","07","2022","6","39.9502","-75.1836","","06","0","0","0","0","0","0","0","0","","0","0","0","00","2","6","00","N","0","39 57:00.692","","00","75 11:00.907","8","0","0","0","67301","0","0","0","N","0","0","0","7","00000","0","","1","01","","","","N","0","","0","0","1","0","0","","0048","6","2","0","0","0","6","0","2","0","2","03","","N","","","","","","","","","","",""
"2022072289","0120","4","0","0","0","0","0","0","0","0","6","0","","67","07","2022","7","39.9795","-75.1173","0118","06","0","0","0","0","0","0","0","0","","0","0","0","00","8","0","00","N","2","39 58:46.270","2","00","75 07:02.200","9","0","0","0","67301","0","0","0","N","0","0","0","1","67301","0","","6","01","0200","N","N","N","0","","0","0","2","0","0","N","0047","0","6","0","0","0","0","1","2","0","6","03","","N","","","","","","","","","","",""
"2022071591","0555","1","0","0","0","0","0","1","0","0","1","1","","67","07","2022","7","40.0351","-75.0695","0531","06","0","0","0","0","0","0","0","0","","0","0","0","05","1","1","01","","1","40 02:06.425","3","00","75 04:10.216","8","0","0","0","67301","0","0","0","N","0","0","0","2","67508","0","","1","01","9999","N","N","Y","0","","0","0","0","2","2","Y","0531","1","2","0","0","0","1","0","2","0","2","03","03","N","","","","","","","","","","",""
"2022068581","1018","2","0","0","0","0","0","0","0","0","1","0","","67","07","2022","1","40.032","-75.0507","1018","06","0","0","0","0","0","0","0","0","","0","0","0","04","3","0","00","N","0","40 01:55.070","","00","75 03:02.360","0","0","0","0","67301","0","0","0","N","0","0","0","1","67301","0","","6","01","","N","N","N","0","","0","0","0","0","0","","0400","0","2","0","0","0","0","0","2","0","2","03","","N","","","","","","","","","","",""
"2022063488","2002","0","0","0","0","0","0","0","0","0","4","0","","67","07","2022","6","39.9804","-75.1709","2000","06","0","0","0","0","0","0","0","0","","0","0","0","19","1","0","01","","0","39 58:49.320","","00","75 10:15.311","0","0","0","0","67301","0","0","0","N","0","0","0","2","67301","0","","1","01","","N","N","N","0","","0","0","2","3","2","","1959","0","2","0","0","0","0","0","2","0","2","03","03","N","","","","","","","","","","",""
"2022075986","0000","1","0","0","0","0","0","0","0","0","7","0","","67","08","2022","6","39.9912","-75.2039","2352","06","0","0","0","0","0","0","0","0","","0","0","0","23","2","0","00","N","0","39 59:28.418","","00","75 12:13.893","0","0","0","0","67301","0","0","0","N","0","0","0","1","68K01","0","","5","01","","N","N","N","0","","0","0","0","0","0","","2352","0","1","0","0","0","0","0","2","0","1","03","","N","","","","","","","","","","",""
"2022075636","1737","1","0","0","0","0","0","0","0","0","5","0","","67","07","2022","7","40.0381","-75.0112","1715","06","0","0","0","0","0","0","0","0","","0","0","0","17","1","2","00","N","0","40 02:17.115","","00","75 00:40.169","3","0","0","0","67301","0","0","0","N","0","0","0","4","68K01","1","","1","01","","N","N","N","0","","1","0","1","0","0","","1712","2","2","0","0","0","0","0","2","0","2","03","","N","","","","","","","","","","",""
"2022079177","1205","1","0","0","0","0","0","0","0","0","4","0","","67","08","2022","2","39.9867","-75.1807","2359","06","0","0","0","0","0","0","0","0","","0","0","0","22","3","0","02","","0","39 59:12.030","","00","75 10:50.375","0","0","0","0","67301","0","0","0","N","0","0","0","1","67301","0","","1","01","","N","N","N","0","","0","0","1","3","3","","2225","0","2","0","0","0","0","0","2","0","2","03","","N","","","","","","","","","","",""
"2022072275","1306","2","0","0","0","0","0","0","0","0","4","0","","67","07","2022","3","39.9955","-75.1089","1305","06","0","0","0","0","0","0","0","0","","0","0","0","13","1","0","01","","0","39 59:43.731","","00","75 06:32.155","9","0","0","0","67301","0","0","0","N","0","0","0","2","67301","0","","1","01","","N","N","N","0","","0","0","0","3","2","","1305","0","3","0","0","0","0","1","2","0","3","03","04","N","","","","","","","","","","",""
"2022065479","2218","2","0","0","0","0","0","0","0","0","4","0","","67","07","2022","2","39.9546","-75.2064","2214","06","0","0","0","1","0","0","0","0","","0","0","0","21","3","1","01","","0","39 57:16.536","","00","75 12:23.138","3","0","0","0","67301","0","0","0","N","0","0","0","5","67301","0","","1","01","","N","N","N","0","","1","0","0","3","2","","2144","1","3","0","0","0","0","1","2","1","3","03","03","N","","","","","","","","","","",""
"2022073604","0852","1","0","0","0","0","0","0","0","0","1","0","","67","07","2022","2","40.0368","-75.0559","0823","06","0","0","0","0","0","0","0","0","","0","0","0","03","3","0","00","N","0","40 02:12.600","","00","75 03:21.100","0","0","0","0","67301","0","0","0","N","0","0","0","1","67301","0","","6","01","","N","N","N","1","","0","0","1","0","0","","0305","0","3","0","0","0","0","0","2","0","3","03","","N","","","","","","","","","","",""
"2022061515","0805","1","0","0","0","0","0","0","0","0","4","0","","67","07","2022","2","40.0515","-75.0091","0759","06","0","0","0","0","0","1","0","0","","0","0","0","07","1","0","02","","0","40 03:05.232","","07","75 00:32.644","9","0","0","0","67301","0","0","0","N","0","0","0","2","67301","0","","1","01","","N","N","N","1","","0","0","0","3","2","","0753","0","2","0","0","0","0","1","2","0","2","03","03","N","","","","","","","","","","",""
"2022075964","0020","2","0","0","0","0","0","0","0","0","2","0","","67","08","2022","5","39.9459","-75.2403","0020","06","0","0","0","0","0","0","0","0","","0","0","0","00","3","1","01","","0","39 56:45.089","","07","75 14:25.018","8","0","0","0","67301","0","0","0","N","0","0","0","1","67301","0","","5","01","","N","N","N","0","","0","0","0","0","0","","0019","1","2","0","0","1","1","0","2","0","2","03","03","N","","","","","","","","","","",""
"2022063576","2350","1","0","0","0","0","0","0","0","0","1","0","","67","07","2022","1","40.0737","-75.1649","2345","06","0","0","0","0","0","0","0","0","","0","0","0","23","3","0","00","N","0","40 04:25.160","","00","75 09:53.480","0","0","0","0","67301","0","0","0","N","0","0","0","2","67301","0","","6","01","","N","N","N","0","","0","0","2","0","0","","2340","0","3","0","0","0","0","0","2","0","3","03","03","N","","","","","","","","","","",""
"2022076021","0945","0","0","0","0","0","0","0","0","0","1","0","","67","08","2022","6","39.9785","-75.2027","0939","06","0","0","0","0","0","0","0","0","","0","0","0","09","1","2","00","N","0","39 58:42.541","","00","75 12:09.872","4","0","0","0","67301","0","0","0","N","0","0","0","4","68K01","1","","1","01","","N","N","N","0","","0","0","2","0","0","","0938","2","2","0","0","0","1","0","2","0","2","03","03","N","","","","","","","","","","",""
"2022063024","1608","1","0","0","0","0","0","0","0","0","4","0","","67","07","2022","5","39.9398","-75.1641","1602","06","0","0","0","0","0","0","0","0","","0","0","0","15","1","3","01","","0","39 56:23.157","","00","75 09:50.911","3","0","0","0","67301","0","0","0","N","0","0","0","3","67301","0","","1","01","","N","N","N","0","","3","0","1","3","3","","1555","3","2","0","0","0","0","0","2","0","2","03","03","N","","","","","","","","","","",""
"2022076003","0557","1","0","0","0","0","0","0","0","0","5","0","","67","08","2022","4","39.9579","-75.1408","0550","06","0","0","0","0","0","0","0","0","","0","0","0","05","1","1","00","N","1","39 57:28.557","1","00","75 08:26.701","4","0","0","0","67301","0","0","0","N","0","0","0","2","68K01","1","","1","01","0610","N","N","N","1","","0","0","0","0","0","N","0540","1","2","0","0","0","0","0","2","0","2","03","03","N","","","","","","","","","","",""
"2022074121","1223","2","0","0","0","0","0","0","0","0","1","0","","67","08","2022","5","39.958","-75.163","1215","06","0","0","0","0","0","1","0","0","","0","0","0","12","1","1","00","N","1","39 57:28.851","4","00","75 09:46.627","3","0","0","0","67301","0","0","0","N","0","0","0","5","68K01","0","","1","01","1400","N","N","N","1","","1","0","0","0","0","N","1214","1","3","0","0","0","0","0","2","0","3","03","03","N","","","","","","","","","","",""