"CRN","ARRIVAL_TM","AUTOMOBILE_COUNT","BELTED_DEATH_COUNT","BELTED_SUSP_SERIOUS_INJ_COUNT","BICYCLE_COUNT","BICYCLE_DEATH_COUNT","BICYCLE_SUSP_SERIOUS_INJ_COUNT","BUS_COUNT","CHLDPAS_DEATH_COUNT","CHLDPAS_SUSP_SERIOUS_INJ_COUNT","COLLISION_TYPE","COMM_VEH_COUNT","CONS_ZONE_SPD_LIM","COUNTY","CRASH_MONTH","CRASH_YEAR","DAY_OF_WEEK","DEC_LAT","DEC_LONG","DISPATCH_TM","DISTRICT","DRIVER_COUNT_16YR","DRIVER_COUNT_17YR","DRIVER_COUNT_18YR","DRIVER_COUNT_19YR","DRIVER_COUNT_20YR","DRIVER_COUNT_50_64YR","DRIVER_COUNT_65_74YR","DRIVER_COUNT_75PLUS","EST_HRS_CLOSED","FATAL_COUNT","HEAVY_TRUCK_COUNT","HORSE_BUGGY_COUNT","HOUR_OF_DAY","ILLUMINATION","INJURY_COUNT","INTERSECT_TYPE","INTERSECTION_RELATED","LANE_CLOSED","LATITUDE","LN_CLOSE_DIR","LOCATION_TYPE","LONGITUDE","MAX_SEVERITY_LEVEL","MCYCLE_DEATH_COUNT","MCYCLE_SUSP_SERIOUS_INJ_COUNT","MOTORCYCLE_COUNT","MUNICIPALITY","NONMOTR_COUNT","NONMOTR_DEATH_COUNT","NONMOTR_SUSP_SERIOUS_INJ_COUNT","NTFY_HIWY_MAINT","PED_COUNT","PED_DEATH_COUNT","PED_SUSP_SERIOUS_INJ_COUNT","PERSON_COUNT","POLICE_AGCY","POSSIBLE_INJ_COUNT","RDWY_SURF_TYPE_CD","RELATION_TO_ROAD","ROAD_CONDITION","ROADWAY_CLEARED","SCH_BUS_IND","SCH_ZONE_IND","SECONDARY_CRASH","SMALL_TRUCK_COUNT","SPEC_JURIS_CD","SUSP_MINOR_INJ_COUNT","SUSP_SERIOUS_INJ_COUNT","SUV_COUNT","TCD_FUNC_CD","TCD_TYPE","TFC_DETOUR_IND","TIME_OF_DAY","TOT_INJ_COUNT","TOTAL_UNITS","UNB_DEATH_COUNT","UNB_SUSP_SERIOUS_INJ_COUNT","UNBELTED_OCC_COUNT","UNK_INJ_DEG_COUNT","UNK_INJ_PER_COUNT","URBAN_RURAL","VAN_COUNT","VEHICLE_COUNT","WEATHER1","WEATHER2","WORK_ZONE_IND","WORK_ZONE_LOC","WORK_ZONE_TYPE","WORKERS_PRES","WZ_CLOSE_DETOUR","WZ_FLAGGER","WZ_LAW_OFFCR_IND","WZ_LN_CLOSURE","WZ_MOVING","WZ_OTHER","WZ_SHLDER_MDN","WZ_WORKERS_INJ_KILLED"
"2022076004","0924","1","0","0","0","0","0","0","0","0","1","0","","67","08","2022","4","39.9441","-75.1919","0908","06","0","0","0","0","1","0","0","0","","0","0","0","09","1","0","00","N","2","39 56:38.813","4","00","75 11:30.669","0","0","0","0","67301","0","0","0","N","0","0","0","2","68K01","0","","3","01","0931","N","N","N","1","","0","0","0","0","0","N","0905","0","2","0","0","0","0","0","2","0","2","03","","N","","","","","","","","","","",""
"2022074724","1941","1","0","0","0","0","0","0","0","0","5","0","","67","05","2022","7","39.9574","-75.1509","1927","06","0","0","0","0","1","0","0","0","","0","0","0","19","1","0","00","N","1","39 57:26.699","3","00","75 09:03.401","9","0","0","0","67301","0","0","0","N","0","0","0","2","68K01","0","","1","01","2000","N","N","N","0","","0","0","0","0","0","N","1924","0","2","0","0","0","0","1","2","0","2","03","","N","","","","","","","","","","",""
"2022075746","1116","0","0","0","1","0","0","0","0","0","8","0","","67","05","2022","3","39.9447","-75.1582","1108","06","0","0","0","0","0","0","0","0","","0","0","0","11","1","1","01","","0","39 56:40.959","","00","75 09:29.607","8","0","0","0","67301","1","0","0","N","0","0","0","2","67301","0","","1","01","","N","N","N","0","","0","0","1","3","2","","1106","1","2","0","0","1","1","0","2","0","1","03","04","N","","","","","","","","","","",""
"2022070063","2145","0","0","0","2","0","0","0","0","0","8","0","","67","07","2022","6","39.9738","-75.2582","2145","06","0","0","0","0","0","1","0","0","","0","0","0","19","1","2","01","","0","39 58:25.593","","00","75 15:29.649","4","0","0","0","67301","2","0","0","N","0","0","0","3","67301","2","","1","99","","N","N","N","0","","0","0","0","3","1","","1945","2","3","0","0","0","0","1","2","1","1","99","","N","","","","","","","","","","",""
"2022064020","0145","2","0","0","0","0","0","0","0","0","1","0","","67","07","2022","1","39.8946","-75.2367","0145","06","0","0","0","0","0","1","0","0","","0","0","0","02","3","1","01","","0","39 53:40.603","","00","75 14:12.181","8","0","0","0","67301","0","0","0","N","0","0","0","3","67301","0","","1","01","","N","N","N","0","","0","0","1","3","2","","0206","1","3","0","0","0","1","1","2","0","3","03","","N","","","","","","","","","","",""
"2022061569","1422","0","0","0","0","0","0","0","0","0","7","0","","67","07","2022","1","40.0111","-75.1641","1421","06","0","0","0","0","0","0","0","0","","0","0","0","14","1","0","02","","0","40 00:40.056","","00","75 09:51.282","0","0","0","0","67301","0","0","0","N","0","0","0","1","67301","0","","4","01","","N","N","N","0","","0","0","1","3","2","","1420","0","1","0","0","0","0","0","2","0","1","03","03","N","","","","","","","","","","",""
"2022063390","0438","0","0","0","0","0","0","0","0","0","4","0","","67","07","2022","4","40.0392","-75.11","0436","06","0","0","0","0","0","0","0","0","","0","0","0","04","5","3","01","","0","40 02:20.942","","00","75 06:36.006","2","0","0","0","67301","0","0","0","N","0","0","0","6","67301","0","","1","01","","N","N","N","0","","2","1","1","3","2","","0426","3","2","0","1","4","0","0","2","1","2","03","03","N","","","","","","","","","","",""
"2022076014","1410","1","0","0","0","0","0","0","0","0","1","0","","67","08","2022","5","39.996","-75.0828","1354","06","0","0","0","0","0","1","0","0","","0","0","0","13","1","0","00","N","0","39 59:45.625","","00","75 04:57.973","0","0","0","0","67301","0","0","0","N","0","0","0","3","68K01","0","","1","01","","N","N","N","0","","0","0","1","0","0","","1346","0","2","0","0","0","0","0","2","0","2","03","03","N","","","","","","","","","","",""
"2022063531","1134","1","0","0","0","0","0","0","0","0","4","0","","67","07","2022","2","39.9561","-75.2063","1132","06","0","0","0","0","0","0","0","0","","0","0","0","11","1","1","01","","0","39 57:22.108","","00","75 12:22.808","3","0","0","0","67301","0","0","0","N","0","0","0","1","67301","0","","1","01","","N","N","Y","0","","1","0","1","3","2","","1120","1","3","0","0","0","0","0","2","0","2","03","03","N","","","","","","","","","","",""
"2022048806","","1","0","0","0","0","0","0","0","0","1","0","","67","05","2022","2","39.8938","-75.2388","","06","0","0","0","0","0","1","0","0","","0","0","0","14","1","1","00","N","0","39 53:37.533","","00","75 14:19.528","8","0","0","0","67301","0","0","0","N","0","0","0","3","00000","0","","1","01","","","","N","0","","0","0","0","0","0","","1430","1","3","0","0","0","1","0","2","0","3","03","","N","","","","","","","","","","",""
"2022074721","0958","0","0","0","0","0","0","0","0","0","1","0","","67","04","2022","2","39.9791","-75.2037","0953","06","0","0","0","0","0","0","0","1","","0","0","0","09","1","0","00","N","0","39 58:44.715","","00","75 12:13.186","0","0","0","0","67301","0","0","0","N","0","0","0","2","68K01","0","","1","01","","N","N","N","1","","0","0","1","0","0","","0952","0","2","0","0","0","0","0","2","0","2","03","","N","","","","","","","","","","",""
"2022073393","1510","1","0","0","0","0","0","0","0","0","5","1","","67","08","2022","5","40.0051","-75.1522","1501","06","0","0","0","0","0","1","0","0","","0","1","0","15","1","1","00","N","0","40 00:18.404","","00","75 09:07.760","3","0","0","0","67301","0","0","0","N","0","0","0","2","67505","0","","1","01","","N","N","N","0","","1","0","0","0","0","","1501","1","2","0","0","0","0","0","2","0","2","03","03","N","","","","","","","","","","",""
"2022062071","0248","1","0","0","0","0","0","0","0","0","7","0","","67","07","2022","3","40.0133","-75.1216","0247","06","0","0","0","0","0","0","0","0","","0","0","0","02","3","1","00","N","2","40 00:47.800","6","00","75 07:17.700","3","0","0","0","67301","0","0","0","N","0","0","0","1","67301","0","","4","01","1200","N","N","N","0","","1","0","0","0","0","Y","0247","1","1","0","0","1","0","0","2","0","1","03","03","N","","","","","","","","","","",""
"2022061213","0035","0","0","0","0","0","0","0","0","0","7","0","","67","07","2022","1","39.9126","-75.1504","0029","06","0","0","0","0","0","0","0","0","","0","0","0","00","3","1","00","N","0","39 54:45.200","","00","75 09:01.360","3","0","0","1","67301","0","0","0","N","0","0","0","1","67301","0","","4","01","","N","N","N","0","","1","0","0","0","0","","0028","1","1","0","0","0","0","0","2","0","1","03","03","N","","","","","","","","","","",""
"2022063551","2034","0","0","0","0","0","0","0","0","0","7","0","","67","07","2022","7","40.082","-74.9664","2034","06","0","0","0","0","0","0","0","0","","0","0","0","19","1","1","00","N","1","40 04:55.075","4","00","74 57:58.961","2","0","1","1","67301","0","0","0","N","0","0","0","1","67301","0","","2","01","2015","N","N","N","0","","0","1","0","0","0","N","1945","1","1","0","0","0","0","0","2","0","1","03","03","N","","","","","","","","","","",""
"2022063098","1158","1","0","0","0","0","0","0","0","0","4","0","","67","07","2022","5","39.9878","-75.1676","1154","06","0","0","0","0","0","0","0","0","","0","0","0","11","1","0","01","","0","39 59:16.004","","00","75 10:03.532","0","0","0","0","67301","0","0","0","N","0","0","0","2","67301","0","","1","01","","N","N","N","0","","0","0","0","3","2","","1143","0","2","0","0","0","0","0","2","1","2","03","03","N","","","","","","","","","","",""
"2022063432","0936","1","0","0","0","0","0","0","0","0","4","0","","67","07","2022","1","39.9233","-75.1612","0935","06","0","0","0","0","0","0","0","0","","0","0","0","09","1","1","01","","1","39 55:23.877","1","00","75 09:40.743","3","0","0","0","67301","0","0","0","N","0","0","0","2","67301","0","","1","01","1000","N","N","N","0","","1","0","1","3","2","N","0933","1","2","0","0","0","0","0","2","0","2","03","03","N","","","","","","","","","","",""
"2022075778","0820","0","0","0","0","0","0","0","0","0","5","0","","67","08","2022","2","39.9562","-75.1983","0815","06","0","0","0","0","0","1","0","0","","0","0","0","08","1","1","00","N","0","39 57:22.152","","00","75 11:53.721","3","0","0","0","67301","0","0","0","N","0","0","0","2","67301","0","","1","01","","N","N","N","0","","1","0","2","0","0","","0800","1","2","0","0","0","0","0","2","0","2","03","","N","","","","","","","","","","",""
"2022061567","0228","0","0","1","0","0","0","0","0","0","5","0","","67","07","2022","1","40.0106","-75.1846","0226","06","0","0","0","0","0","0","0","0","","0","0","0","02","3","4","00","N","2","40 00:38.165","2","00","75 11:04.684","2","0","0","0","67301","0","0","0","N","0","0","0","4","67301","0","","1","01","0427","N","N","Y","0","","3","1","2","0","0","Y","0226","4","2","0","0","0","0","0","2","0","2","04","04","N","","","","","","","","","","",""
"2022075633","0100","1","0","0","0","0","0","0","0","0","7","0","","67","07","2022","1","39.9483","-75.1864","0051","06","0","0","0","0","0","0","0","0","","0","0","0","00","3","0","00","N","1","39 56:53.982","3","00","75 11:11.199","0","0","0","0","67301","0","0","0","N","0","0","0","1","68K01","0","","4","01","0111","N","N","N","0","","0","0","0","0","0","N","0050","0","1","0","0","0","0","0","2","0","1","03","","N","","","","","","","","","","",""
"2022064089","1723","2","0","0","0","0","0","0","0","0","5","0","","67","07","2022","1","39.9242","-75.1491","1722","06","0","0","0","0","0","0","0","0","","0","0","0","17","1","0","00","N","2","39 55:27.060","3","00","75 08:56.790","0","0","0","0","67301","0","0","0","N","0","0","0","1","67301","0","","6","01","1820","N","N","N","0","","0","0","1","0","0","Y","1700","0","3","0","0","0","0","0","2","0","3","03","","N","","","","","","","","","","",""
"2022063040","0438","0","0","0","0","0","0","0","0","0","5","0","","67","07","2022","5","39.9998","-75.0719","0433","06","0","0","0","0","0","0","0","0","","0","0","0","04","3","0","00","N","0","39 59:59.440","","00","75 04:18.920","0","0","0","0","67301","0","0","0","N","0","0","0","1","67301","0","","6","09","","N","N","N","1","","0","0","1","0","0","","0416","0","2","0","0","1","0","0","2","0","2","07","04","N","","","","","","","","","","",""
"2022075804","1946","2","0","0","0","0","0","0","0","0","4","0","","67","08","2022","4","39.9717","-75.1259","1945","06","0","0","0","0","0","0","0","0","","0","0","0","19","4","0","01","","0","39 58:18.550","","00","75 07:33.339","0","0","0","0","67301","0","0","0","N","0","0","0","2","67301","0","","1","01","","N","N","N","0","","0","0","0","3","2","","1941","0","2","0","0","0","0","0","2","0","2","03","03","N","","","","","","","","","","",""
"2022063401","0952","0","0","0","0","0","0","0","0","0","4","0","","67","07","2022","1","39.9541","-75.1897","0950","06","0","0","0","1","0","0","0","0","","0","0","0","09","1","1","01","","1","39 57:14.683","3","00","75 11:23.010","3","0","0","0","67301","0","0","0","N","0","0","0","2","67507","0","","1","01","1015","N","N","N","0","","1","0","1","3","2","Y","0950","1","2","0","0","0","0","0","2","1","2","03","03","N","","","","","","","","","","",""
"2022074610","0204","1","0","0","0","0","0","0","0","0","7","0","","67","07","2022","1","39.9461","-75.1893","0147","06","0","0","0","0","0","0","0","0","","0","0","0","01","3","0","00","N","0","39 56:46.039","","00","75 11:21.403","0","0","0","0","67301","0","0","0","N","0","0","0","1","68K01","0","","4","01","","N","N","N","0","","0","0","0","0","0","","0141","0","1","0","0","0","0","0","2","0","1","03","03","N","","","","","","","","","","",""
"2022076060","1918","1","0","0","0","0","0","0","0","0","7","0","","67","08","2022","4","39.8959","-75.2157","1857","06","0","0","0","0","0","0","0","0","","0","0","0","18","1","0","00","N","1","39 53:45.247","3","03","75 12:56.387","0","0","0","0","67301","0","0","0","N","0","0","0","2","67301","0","","3","01","0100","N","N","N","0","","0","0","0","0","0","N","1850","0","1","0","0","2","0","0","2","0","1","03","03","N","","","","","","","","","","",""
"2022064952","1618","2","0","0","0","0","0","0","0","0","4","0","","67","07","2022","1","39.9576","-75.1457","1612","06","0","0","0","0","1","0","0","0","","0","0","0","14","1","2","01","","1","39 57:27.432","4","00","75 08:44.473","3","0","0","0","67301","0","0","0","N","0","0","0","4","67301","0","","1","01","1630","N","N","N","0","","2","0","0","3","2","N","1456","2","2","0","0","0","0","0","2","0","2","03","03","N","","","","","","","","","","",""
"2022074117","1432","1","0","0","0","0","0","0","0","0","5","0","","67","07","2022","3","40.0267","-75.026","1419","06","0","0","0","1","0","0","0","0","","0","0","0","13","1","0","00","N","0","40 01:36.118","","00","75 01:33.567","0","0","0","0","67301","0","0","0","N","0","0","0","3","68K01","0","","1","01","","N","N","N","0","","0","0","1","0","0","","1358","0","2","0","0","0","0","0","2","0","2","03","03","N","","","","","","","","","","",""
"2022068578","1736","2","0","0","0","0","0","0","0","0","4","0","","67","07","2022","6","40.0265","-75.0422","1734","06","0","0","0","0","0","1","0","0","","0","0","0","16","1","1","01","","0","40 01:35.410","","00","75 02:31.776","4","0","0","0","67301","0","0","0","N","0","0","0","2","67301","1","","1","01","","N","N","N","0","","0","0","0","3","3","","1630","1","2","0","0","2","0","0","2","0","2","03","","N","","","","","","","","","","",""
"2022075276","1804","1","0","0","0","0","0","0","0","0","4","0","","67","08","2022","4","39.9847","-75.1565","1804","06","0","0","0","1","0","0","0","0","","0","0","0","17","1","0","01","N","0","39 59:04.850","","00","75 09:23.377","0","0","0","0","67301","0","0","0","N","0","0","0","4","67505","0","","1","01","","N","N","N","0","","0","0","1","3","2","","1740","0","2","0","0","0","0","0","2","0","2","03","03","N","","","","","","","","","","",""
"2022076057","2021","2","0","0","0","0","0","0","0","0","4","0","","67","08","2022","5","39.904","-75.2401","2016","06","0","0","0","0","0","0","0","0","","0","0","0","20","3","1","01","","0","39 54:14.619","","00","75 14:25.049","3","0","0","0","67301","0","0","0","N","0","0","0","1","67301","0","","1","01","","N","N","N","0","","1","0","0","3","2","","2016","1","2","0","0","1","0","0","2","0","2","03","03","N","","","","","","","","","","",""
"2022057692","","1","0","0","0","0","0","0","0","0","1","0","","67","05","2022","4","39.9239","-75.2221","","06","0","0","0","0","0","1","0","0","","0","0","0","17","1","1","01","","0","39 55:26.137","","00","75 13:19.522","8","0","0","0","67301","0","0","0","N","0","0","0","2","00000","0","","1","01","","","","N","0","","0","0","0","3","2","","1700","1","2","0","0","0","1","0","2","0","2","03","","N","","","","","","","","","","",""
"2022070074","1540","1","0","0","0","0","0","0","0","0","4","0","","67","07","2022","7","39.9937","-75.2306","1533","06","0","0","0","0","0","1","0","0","","0","0","0","15","1","1","01","","0","39 59:37.143","","00","75 13:50.163","3","0","0","0","67301","0","0","0","N","0","0","0","3","67301","0","","1","01","","N","N","N","0","","1","0","1","3","3","","1511","1","2","0","0","0","0","0","2","0","2","03","03","N","","","","","","","","","","",""
"2022068640","1710","0","0","0","0","0","0","0","0","0","8","0","","67","07","2022","3","39.9507","-75.1624","1700","06","0","0","0","0","0","0","0","0","","0","0","0","16","1","1","00","N","0","39 57:02.390","","00","75 09:44.515","3","0","0","0","67301","1","0","0","N","1","0","0","2","67301","0","","1","01","","N","N","N","0","","1","0","1","0","0","","1620","1","2","0","0","1","0","0","2","0","1","03","","N","","","","","","","","","","",""
"2022072283","2105","1","0","0","0","0","0","0","0","0","4","0","","67","07","2022","1","39.999","-75.117","2100","06","0","0","0","0","0","0","0","0","","0","0","0","14","1","1","02","","0","39 59:56.409","","00","75 07:01.044","3","0","0","0","67301","0","0","0","N","0","0","0","2","67301","0","","1","01","","N","N","N","0","","1","0","1","0","0","","1425","1","2","0","0","0","0","1","2","0","2","03","98","N","","","","","","","","","","",""
"2022084685","2026","2","0","0","0","0","0","0","0","0","4","0","","67","09","2022","3","40.0113","-75.1753","2026","06","0","0","0","0","0","0","0","0","","0","0","0","20","3","1","00","N","0","40 00:40.800","","07","75 10:31.250","3","0","0","0","67301","0","0","0","N","0","0","0","1","67301","0","","6","01","","N","N","N","0","","1","0","0","0","0","","2024","1","2","0","0","0","0","0","2","0","2","03","03","N","","","","","","","","","","",""
"2022073708","0951","2","0","0","0","0","0","0","0","0","5","0","","67","08","2022","5","40.0342","-75.1419","2247","06","0","0","0","0","0","1","0","0","","0","0","0","22","3","0","00","N","0","40 02:03.200","","00","75 08:30.850","9","0","0","0","67301","0","0","0","N","0","0","0","1","67301","0","","6","01","","N","N","N","0","","0","0","1","0","0","","2247","0","3","0","0","0","0","1","2","0","3","03","","N","","","","","","","","","","",""
"2022073905","2115","1","0","0","0","0","0","0","0","0","2","0","","67","08","2022","6","40.0646","-75.1722","2110","06","0","0","0","0","0","0","0","0","","0","0","0","20","3","1","00","N","0","40 03:52.470","","00","75 10:19.830","8","0","0","0","67301","0","0","0","N","0","0","0","1","67301","0","","6","01","","N","N","N","0","","0","0","2","0","0","","2042","1","3","0","0","0","1","0","2","0","3","03","","N","","","","","","","","","","",""
"2022083811","0032","0","0","0","0","0","0","0","0","0","7","1","","67","09","2022","2","39.9607","-75.1818","0031","06","0","0","0","0","0","0","0","0","","0","1","0","00","3","0","00","N","0","39 57:38.520","","00","75 10:54.657","0","0","0","0","67301","0","0","0","N","0","0","0","1","68K01","0","","4","09","","N","N","N","0","","0","0","0","0","0","","0023","0","1","0","0","0","0","0","2","0","1","03","03","N","","","","","","","","","","",""
"2022069692","2255","0","0","0","0","0","0","0","0","0","8","0","","67","07","2022","6","40.0342","-75.0476","2251","06","0","0","0","0","0","0","0","0","","0","0","0","22","2","1","00","N","0","40 02:03.090","","00","75 02:51.410","8","0","0","0","67301","1","0","0","N","1","0","0","2","67301","0","","1","01","","N","N","N","0","","0","0","1","0","0","","2225","1","2","0","0","0","1","1","2","0","1","04","","N","","","","","","","","","","",""
"2022071666","0449","1","0","0","0","0","0","0","0","0","7","0","","67","07","2022","2","39.9906","-75.2049","0446","06","0","0","0","0","0","1","0","0","","0","0","0","04","3","0","00","N","2","39 59:26.173","3","00","75 12:17.672","0","0","0","0","67301","0","0","0","N","0","0","0","2","68K01","0","","3","01","0500","N","N","N","0","","0","0","0","0","0","Y","0444","0","1","0","0","0","0","0","2","0","1","03","03","N","","","","","","","","","","",""
"2022069486","1430","1","0","0","0","0","0","0","0","0","8","0","","67","07","2022","6","39.9852","-75.1598","1428","06","0","0","0","0","0","0","0","0","","0","0","0","14","1","1","01","","0","39 59:06.550","","00","75 09:35.335","3","0","0","0","67301","1","0","0","N","1","0","0","2","67505","0","","1","01","","N","N","N","0","","1","0","0","3","2","","1420","1","2","0","0","0","0","0","2","0","1","03","03","N","","","","","","","","","","",""
"2022072620","2020","1","0","0","0","0","0","0","0","0","1","0","","67","07","2022","7","39.9992","-75.1086","2014","06","0","0","0","0","0","0","0","0","","0","0","0","02","3","0","00","N","0","39 59:57.010","","01","75 06:30.840","0","0","0","0","67301","0","0","0","N","0","0","0","1","67301","0","","6","01","","N","N","N","0","","0","0","0","0","0","","0200","0","3","0","0","0","0","0","2","1","3","03","","N","","","","","","","","","","",""
"2022068610","0344","2","0","0","0","0","0","0","0","0","1","0","","67","07","2022","7","40.0315","-75.1283","0338","06","0","0","0","0","0","0","0","0","","0","0","0","03","3","1","00","N","0","40 01:53.270","","00","75 07:41.780","3","0","0","0","67301","0","0","0","N","0","0","0","2","67301","0","","1","01","","N","N","N","0","","1","0","1","0","0","","0334","1","3","0","0","0","0","0","2","0","3","03","03","N","","","","","","","","","","",""
"2022068676","","0","0","0","0","0","0","0","0","0","5","0","","67","05","2022","1","39.9172","-75.2463","","06","0","0","0","0","0","0","0","0","","0","0","0","14","1","2","01","","0","39 55:01.859","","00","75 14:46.691","8","0","0","0","67301","0","0","0","N","0","0","0","3","00000","0","","1","01","","","","N","0","","0","0","1","0","0","","1400","2","2","0","0","0","2","0","2","0","2","03","","N","","","","","","","","","","",""
"2022067814","2236","0","0","0","0","0","0","0","0","0","7","0","","67","07","2022","7","40.0016","-75.1528","2232","06","0","0","0","0","0","0","0","0","","0","0","0","22","3","3","01","","2","40 00:05.705","5","00","75 09:10.074","8","0","0","0","67301","0","0","0","N","0","0","0","4","67505","0","","4","01","1200","N","N","N","0","","0","0","1","3","2","Y","2236","3","1","0","0","2","3","0","2","0","1","03","03","N","","","","","","","","","","",""
"2022079320","1230","2","0","0","0","0","0","0","0","0","4","0","","67","03","2022","7","40.0169","-75.0606","1210","06","0","0","0","0","0","0","0","0","","0","0","0","12","1","1","01","","0","40 01:00.988","","00","75 03:38.322","3","0","0","0","67301","0","0","0","N","0","0","0","3","67301","0","","1","01","","N","N","N","0","","1","0","1","3","2","","1208","1","3","0","0","0","0","0","2","0","3","03","03","N","","","","","","","","","","",""
"2022072250","1228","0","0","0","1","0","0","0","0","0","8","0","","67","07","2022","6","39.943","-75.1674","1224","06","0","0","0","0","0","0","1","0","","0","0","0","12","1","1","01","","0","39 56:34.787","","00","75 10:02.530","8","0","0","0","67301","1","0","0","N","0","0","0","2","67301","0","","1","01","","N","N","N","0","","0","0","0","3","3","","1220","1","2","0","0","0","1","0","2","1","1","03","","N","","","","","","","","","","",""
"2022068560","1750","1","0","0","0","0","0","0","0","0","4","0","","67","07","2022","7","40.0641","-75.2396","1742","06","0","0","0","0","0","1","0","0","","0","0","0","17","1","1","01","","0","40 03:50.433","","00","75 14:22.976","3","0","0","0","67301","0","0","0","N","0","0","0","2","67301","0","","1","01","","N","N","N","0","","1","0","1","3","2","","1715","1","2","0","0","0","0","0","2","0","2","03","03","N","","","","","","","","","","",""
"2022070065","0750","3","0","0","0","0","0","0","0","0","4","0","","67","07","2022","7","39.9636","-75.2411","0749","06","0","0","0","0","0","0","0","0","","0","0","0","07","1","2","01","","2","39 57:49.060","3","00","75 14:27.888","3","0","0","0","67301","0","0","0","N","0","0","0","2","67301","0","","1","01","0919","N","N","N","0","","2","0","0","3","3","Y","0747","2","3","0","0","0","0","0","2","0","3","03","","N","","","","","","","","","","",""
"2022072286","1920","1","0","0","0","0","0","0","0","0","1","0","","67","07","2022","6","40","-75.1405","1914","06","0","0","0","0","0","0","0","0","","0","0","0","19","4","1","01","","0","39 59:59.969","","00","75 08:25.832","2","0","1","1","67301","0","0","0","N","0","0","0","1","67301","0","","4","01","","N","N","N","0","","0","1","0","3","2","","1904","1","2","0","0","0","0","0","2","0","2","03","03","N","","","","","","","","","","",""
"2022080742","1815","1","0","0","0","0","0","0","0","0","6","0","","67","09","2022","5","40.0588","-75.0442","1805","06","0","0","0","0","0","0","0","0","","0","0","0","18","1","0","05","","0","40 03:31.744","","00","75 02:39.016","0","0","0","0","67301","0","0","0","N","0","0","0","2","67301","0","","1","01","","N","N","N","0","","0","0","1","3","1","","1800","0","2","0","0","0","0","0","2","0","2","03","03","N","","","","","","","","","","",""
"2022068602","2234","2","0","0","0","0","0","0","0","0","4","0","","67","07","2022","7","40.0011","-75.1247","2232","06","0","0","0","0","0","0","0","0","","0","0","0","22","3","3","01","","0","40 00:03.985","","00","75 07:29.066","3","0","0","0","67301","0","0","0","N","0","0","0","4","67301","2","","1","01","","N","N","Y","0","","1","0","1","3","2","","2232","3","3","0","0","0","0","0","2","0","3","03","03","N","","","","","","","","","","",""
"2022070460","0145","1","0","0","0","0","0","0","0","0","5","0","","67","07","2022","6","39.9775","-75.1337","0141","06","0","0","0","0","0","0","0","0","","0","0","0","01","3","1","00","N","1","39 58:38.880","5","01","75 08:01.460","8","0","0","0","67301","0","0","0","N","0","0","0","2","67301","0","","6","01","0700","N","N","N","0","","0","0","1","0","0","Y","0141","1","2","0","0","0","1","1","2","0","2","03","07","N","","","","","","","","","","",""
"2022068575","0823","4","0","0","0","0","0","0","0","0","5","0","","67","07","2022","2","40.0419","-75.1887","0817","06","0","0","0","0","0","0","0","0","","0","0","0","08","1","2","00","N","0","40 02:30.670","","00","75 11:19.440","3","0","0","0","67301","0","0","0","N","0","0","0","2","67301","1","","6","01","","N","N","N","0","","1","0","0","0","0","","0805","2","4","0","0","0","0","0","2","0","4","03","","N","","","","","","","","","","",""
"2022070434","1435","1","0","0","0","0","0","0","0","0","4","0","","67","07","2022","7","39.9975","-75.1694","1433","06","0","0","0","0","0","0","1","0","","0","0","0","14","1","1","01","","2","39 59:50.985","3","00","75 10:09.782","3","0","0","0","67301","0","0","0","N","0","0","0","1","67301","0","","1","01","0045","N","N","N","1","","1","0","0","3","3","Y","1430","1","2","0","0","0","0","0","2","0","2","03","","N","","","","","","","","","","",""
"2022080245","1858","1","0","0","0","0","0","0","0","0","5","0","","67","08","2022","4","39.9162","-75.1666","1843","06","0","0","0","0","0","0","0","1","","0","0","0","18","1","1","00","N","0","39 54:58.217","","00","75 09:59.865","8","0","0","0","67301","0","0","0","N","0","0","0","1","67301","0","","6","01","","N","N","N","0","","0","0","0","0","0","","1835","1","2","0","0","0","1","0","2","1","2","03","03","N","","","","","","","","","","",""
"2022073914","2204","1","0","0","0","0","0","0","0","0","4","0","","67","08","2022","6","40.1025","-74.982","2156","06","0","0","0","0","0","0","0","1","","0","0","0","21","3","2","02","","1","40 06:08.933","1","00","74 58:55.279","3","0","0","1","67301","0","0","0","N","0","0","0","4","67301","0","","1","01","0030","N","N","N","0","","1","0","0","3","2","N","2152","2","2","0","0","3","1","0","2","0","2","03","03","N","","","","","","","","","","",""
"2022075781","2140","0","0","0","0","0","0","0","0","0","7","0","","67","08","2022","6","39.9982","-75.0976","2140","06","0","0","0","0","0","0","0","0","","0","0","0","21","3","0","00","N","0","39 59:53.364","","00","75 05:51.529","0","0","0","0","67301","0","0","0","N","0","0","0","1","67301","0","","4","01","","N","N","N","0","","0","0","1","0","0","","2140","0","1","0","0","1","0","0","2","0","1","03","03","N","","","","","","","","","","",""
"2022073023","1427","0","0","0","0","0","0","0","0","0","4","0","","67","08","2022","3","40.0972","-75.0181","1417","06","0","0","0","0","0","0","1","0","","0","0","0","14","1","1","01","","1","40 05:49.760","2","00","75 01:05.283","3","0","0","0","67301","0","0","0","N","0","0","0","3","67301","0","","1","01","1455","N","N","Y","1","","1","0","0","3","2","N","1411","1","2","0","0","0","0","0","2","1","2","03","04","N","","","","","","","","","","",""