"CRN","ARRIVAL_TM","AUTOMOBILE_COUNT","BELTED_DEATH_COUNT","BELTED_SUSP_SERIOUS_INJ_COUNT","BICYCLE_COUNT","BICYCLE_DEATH_COUNT","BICYCLE_SUSP_SERIOUS_INJ_COUNT","BUS_COUNT","CHLDPAS_DEATH_COUNT","CHLDPAS_SUSP_SERIOUS_INJ_COUNT","COLLISION_TYPE","COMM_VEH_COUNT","CONS_ZONE_SPD_LIM","COUNTY","CRASH_MONTH","CRASH_YEAR","DAY_OF_WEEK","DEC_LAT","DEC_LONG","DISPATCH_TM","DISTRICT","DRIVER_COUNT_16YR","DRIVER_COUNT_17YR","DRIVER_COUNT_18YR","DRIVER_COUNT_19YR","DRIVER_COUNT_20YR","DRIVER_COUNT_50_64YR","DRIVER_COUNT_65_74YR","DRIVER_COUNT_75PLUS","EST_HRS_CLOSED","FATAL_COUNT","HEAVY_TRUCK_COUNT","HORSE_BUGGY_COUNT","HOUR_OF_DAY","ILLUMINATION","INJURY_COUNT","INTERSECT_TYPE","INTERSECTION_RELATED","LANE_CLOSED","LATITUDE","LN_CLOSE_DIR","LOCATION_TYPE","LONGITUDE","MAX_SEVERITY_LEVEL","MCYCLE_DEATH_COUNT","MCYCLE_SUSP_SERIOUS_INJ_COUNT","MOTORCYCLE_COUNT","MUNICIPALITY","NONMOTR_COUNT","NONMOTR_DEATH_COUNT","NONMOTR_SUSP_SERIOUS_INJ_COUNT","NTFY_HIWY_MAINT","PED_COUNT","PED_DEATH_COUNT","PED_SUSP_SERIOUS_INJ_COUNT","PERSON_COUNT","POLICE_AGCY","POSSIBLE_INJ_COUNT","RDWY_SURF_TYPE_CD","RELATION_TO_ROAD","ROAD_CONDITION","ROADWAY_CLEARED","SCH_BUS_IND","SCH_ZONE_IND","SECONDARY_CRASH","SMALL_TRUCK_COUNT","SPEC_JURIS_CD","SUSP_MINOR_INJ_COUNT","SUSP_SERIOUS_INJ_COUNT","SUV_COUNT","TCD_FUNC_CD","TCD_TYPE","TFC_DETOUR_IND","TIME_OF_DAY","TOT_INJ_COUNT","TOTAL_UNITS","UNB_DEATH_COUNT","UNB_SUSP_SERIOUS_INJ_COUNT","UNBELTED_OCC_COUNT","UNK_INJ_DEG_COUNT","UNK_INJ_PER_COUNT","URBAN_RURAL","VAN_COUNT","VEHICLE_COUNT","WEATHER1","WEATHER2","WORK_ZONE_IND","WORK_ZONE_LOC","WORK_ZONE_TYPE","WORKERS_PRES","WZ_CLOSE_DETOUR","WZ_FLAGGER","WZ_LAW_OFFCR_IND","WZ_LN_CLOSURE","WZ_MOVING","WZ_OTHER","WZ_SHLDER_MDN","WZ_WORKERS_INJ_KILLED"
"2022079877","1847","2","0","0","0","0","0","0","0","0","4","0","","67","08","2022","2","39.9902","-75.1737","1842","06","0","0","0","0","0","0","0","0","","0","0","0","18","1","0","01","","0","39 59:24.604","","00","75 10:25.157","0","0","0","0","67301","0","0","0","N","0","0","0","2","67301","0","","1","01","","N","N","N","0","","0","0","0","3","2","","1830","0","2","0","0","0","0","0","2","0","2","03","03","N","","","","","","","","","","",""
"2022064393","","1","0","0","0","0","0","0","0","0","4","0","","67","07","2022","4","39.8925","-75.2225","","06","0","0","0","0","0","0","0","0","","0","0","0","07","1","1","01","","0","39 53:33.012","","02","75 13:21.169","8","0","0","0","67301","0","0","0","N","0","0","0","2","00000","0","","1","01","","","","N","0","","0","0","1","3","2","","0750","1","2","0","0","0","1","0","2","0","2","03","","N","","","","","","","","","","",""
"2022070220","1120","0","0","0","0","0","0","0","0","0","4","0","","67","07","2022","7","39.9571","-75.2143","1114","06","0","0","0","0","0","0","0","0","","0","0","0","09","1","1","01","","0","39 57:25.697","","00","75 12:51.620","8","0","0","0","67301","0","0","0","N","0","0","0","2","67301","0","","1","01","","N","N","N","0","","0","0","2","3","2","","0955","1","2","0","0","0","1","0","2","0","2","03","03","N","","","","","","","","","","",""
"2022080650","1154","0","0","0","0","0","0","0","0","0","8","0","","67","09","2022","6","39.9656","-75.2319","1154","06","0","0","0","0","0","0","0","0","","0","2","0","11","1","3","01","","0","39 57:56.127","","00","75 13:54.886","2","0","0","0","67301","3","0","2","N","3","0","2","4","67301","0","","1","01","","N","N","N","0","","0","2","0","3","2","","1154","3","5","0","0","0","1","1","2","0","2","03","03","N","","","","","","","","","","",""
"2022075793","1510","3","0","0","0","0","0","0","0","0","4","0","","67","08","2022","4","39.9702","-75.1451","1506","06","0","0","0","0","0","0","1","0","","0","0","0","14","1","0","01","","0","39 58:12.820","","00","75 08:42.023","0","0","0","0","67301","0","0","0","N","0","0","0","2","67301","0","","1","01","","N","N","N","0","","0","0","1","3","2","","1458","0","4","0","0","0","0","0","2","0","4","03","03","N","","","","","","","","","","",""
"2022073184","1611","1","0","0","0","0","0","0","0","0","4","0","","67","08","2022","4","40.0405","-75.1786","1605","06","0","0","0","0","0","0","0","0","","0","0","0","15","1","1","01","","0","40 02:25.628","","00","75 10:43.047","3","0","0","0","67301","0","0","0","N","0","0","0","4","67301","0","","1","01","","N","N","N","0","","1","0","0","3","2","","1544","1","2","0","0","0","0","0","2","1","2","03","98","N","","","","","","","","","","",""
"2022073032","1245","2","0","0","0","0","0","0","0","0","4","0","","67","08","2022","2","40.0082","-75.0715","1240","06","0","0","0","0","0","0","0","0","","0","0","0","12","1","1","00","N","1","40 00:29.584","5","00","75 04:17.476","4","0","0","0","67301","0","0","0","N","0","0","0","2","67301","1","","1","09","1315","N","N","N","0","","0","0","0","0","0","Y","1237","1","2","0","0","0","0","0","2","0","2","07","07","N","","","","","","","","","","",""
"2022073715","1201","0","0","0","0","0","0","0","0","0","3","0","","67","08","2022","3","40.0266","-75.174","1140","06","0","0","0","0","0","0","0","0","","0","0","0","08","1","1","01","","0","40 01:35.720","","00","75 10:26.443","3","0","0","0","67301","0","0","0","N","0","0","0","3","67301","0","","1","01","","N","N","N","0","","1","0","1","3","3","","0840","1","2","0","0","0","0","0","2","1","2","03","","N","","","","","","","","","","",""
"2022084225","2314","2","0","0","0","0","0","0","0","0","5","0","","67","09","2022","7","39.9959","-75.0828","2301","06","0","0","0","0","0","0","0","0","","0","0","0","22","3","1","00","N","1","39 59:45.307","1","00","75 04:58.208","3","0","0","0","67301","0","0","0","N","0","0","0","4","68K01","0","","1","01","0030","N","N","N","0","","1","0","2","0","0","N","2224","1","4","0","0","1","0","0","2","0","4","03","03","N","","","","","","","","","","",""
"2022084690","0154","0","0","0","0","0","0","0","0","0","1","0","15","67","09","2022","5","40.0177","-75.1722","0145","06","0","0","0","0","0","1","0","0","","0","1","0","01","3","1","05","","1","40 01:03.591","1","00","75 10:20.099","3","0","0","0","67301","0","0","0","N","0","0","0","2","67301","0","","1","01","0600","N","N","N","0","","1","0","1","0","0","Y","0130","1","2","0","0","0","0","0","2","0","2","03","03","Y","4","1","N","N","N","Y","Y","N","N","N","N"
"2022084044","1238","1","0","0","0","0","0","0","0","0","4","0","","67","09","2022","3","40.078","-75.0237","1233","06","0","0","0","0","0","0","0","0","","0","0","0","12","1","2","02","","1","40 04:40.772","1","07","75 01:25.266","3","0","0","0","67301","0","0","0","N","0","0","0","2","67301","0","","1","01","1335","N","N","N","0","","2","0","1","0","0","N","1230","2","2","0","0","0","0","0","2","0","2","03","03","N","","","","","","","","","","",""
"2022082984","0918","1","0","0","0","0","0","0","0","0","5","1","","67","08","2022","4","40.0189","-75.0462","0911","06","0","0","0","1","0","0","0","0","","0","1","0","09","1","0","00","N","0","40 01:08.001","","00","75 02:46.282","0","0","0","0","67301","0","0","0","N","0","0","0","2","68K01","0","","1","01","","N","N","N","0","","0","0","0","0","0","","0910","0","2","0","0","0","0","0","2","0","2","03","03","N","","","","","","","","","","",""
"2022068915","1525","0","0","0","0","0","0","0","0","0","4","0","","67","07","2022","3","40.0509","-75.0571","1521","06","0","0","1","0","0","0","0","0","","0","0","0","15","1","1","02","","1","40 03:03.455","1","00","75 03:25.843","8","0","0","0","67301","0","0","0","N","0","0","0","2","67301","0","","1","01","1700","N","N","N","0","","0","0","1","0","0","N","1520","1","2","0","0","0","1","0","2","1","2","03","","N","","","","","","","","","","",""
"2022072285","1732","0","0","0","1","0","0","0","0","0","8","0","","67","07","2022","3","40.0046","-75.1374","1731","06","0","0","0","0","0","0","0","0","","0","0","0","13","1","1","01","","0","40 00:16.725","","00","75 08:14.809","3","0","0","0","67301","1","0","0","N","0","0","0","2","67301","0","","1","01","","N","N","N","0","","1","0","1","3","3","","1330","1","2","0","0","0","0","0","2","0","1","03","","N","","","","","","","","","","",""
"2022067133","0350","2","0","0","0","0","0","0","0","0","4","0","","67","07","2022","5","40.0432","-75.0523","0348","06","0","1","0","0","0","0","0","0","","0","0","0","03","3","1","01","","0","40 02:35.849","","00","75 03:08.046","3","0","0","0","67301","0","0","0","N","0","0","0","2","67301","0","","1","01","","N","N","N","0","","1","0","0","3","2","","0345","1","2","0","0","0","0","0","2","0","2","03","03","N","","","","","","","","","","",""
"2022070330","1033","2","0","0","0","0","0","0","0","0","5","0","","67","07","2022","3","39.9532","-75.1953","1031","06","0","0","0","0","0","0","0","0","","0","0","0","10","1","1","00","N","0","39 57:11.568","","00","75 11:43.092","4","0","0","0","67301","0","0","0","N","0","0","0","2","67504","1","","1","01","","N","N","N","0","","0","0","0","0","0","","1026","1","2","0","0","0","0","1","2","0","2","03","","N","","","","","","","","","","",""
"2022069564","2005","1","0","0","0","0","0","0","0","0","4","0","","67","07","2022","2","39.957","-75.1572","2004","06","0","1","0","0","0","0","0","0","","0","0","0","20","4","3","01","","2","39 57:26.633","1","03","75 09:25.457","3","0","0","0","67301","0","0","0","N","0","0","0","6","67301","0","","1","01","2100","N","N","N","0","","3","0","1","3","2","Y","2000","3","2","0","0","6","0","0","2","0","2","03","03","N","","","","","","","","","","",""
"2022064332","","0","0","0","0","0","0","0","0","0","4","0","","67","06","2022","7","39.9778","-75.2134","","06","0","0","0","0","0","1","0","0","","0","0","0","23","3","0","01","","0","39 58:39.965","","00","75 12:48.419","0","0","0","0","67301","0","0","0","N","0","0","0","2","00000","0","","1","01","","","","N","0","","0","0","1","3","2","","2345","0","2","0","0","0","0","0","2","0","2","03","","N","","","","","","","","","","",""
"2022085022","1837","0","0","0","0","0","0","0","0","0","4","0","","67","09","2022","6","40.0086","-75.0688","1832","06","0","0","0","0","0","1","0","0","","1","0","0","18","1","1","01","","2","40 00:31.249","7","00","75 04:07.877","1","1","0","1","67301","0","0","0","N","0","0","0","7","67301","0","2","1","01","2220","N","N","N","0","0","0","1","0","3","2","Y","1832","1","2","0","0","0","0","0","2","1","2","03","03","N","","","","","","","","","","",""
"2022075779","1720","1","0","0","0","0","0","0","0","0","1","0","","67","08","2022","5","39.9962","-75.1875","1705","06","0","0","0","0","0","0","0","0","","0","0","0","17","1","1","00","N","1","39 59:46.499","1","00","75 11:15.177","3","0","0","0","67301","0","0","0","N","0","0","0","2","67301","0","","6","99","1900","N","N","N","0","","1","0","1","0","0","Y","1700","1","2","0","0","1","0","0","2","0","2","03","03","N","","","","","","","","","","",""
"2022068620","0010","1","0","0","0","0","0","0","0","0","4","0","","67","07","2022","7","40.0235","-75.1716","0001","06","0","0","0","0","0","0","0","0","","0","0","0","22","3","6","01","","0","40 01:24.661","","00","75 10:17.767","4","0","0","0","67301","0","0","0","N","0","0","0","6","67301","1","","1","01","","N","N","N","0","","0","0","0","3","3","","2235","6","2","0","0","0","5","0","2","1","2","03","","N","","","","","","","","","","",""
"2022070253","2025","3","0","0","0","0","0","0","0","0","5","0","","67","07","2022","1","39.9869","-75.1635","2021","06","0","0","0","0","0","0","0","0","","0","0","0","19","3","0","00","N","0","39 59:12.960","","00","75 09:48.550","0","0","0","0","67301","0","0","0","N","0","0","0","1","67301","0","","6","09","","N","N","N","0","","0","0","0","0","0","","1903","0","3","0","0","0","0","0","2","0","3","07","07","N","","","","","","","","","","",""
"2022079328","1536","1","0","0","0","0","0","0","0","0","4","0","","67","08","2022","3","39.9703","-75.1466","1532","06","0","0","0","0","0","0","0","0","","0","0","0","15","1","3","01","","0","39 58:13.489","","00","75 08:47.550","3","0","0","0","67301","0","0","0","N","0","0","0","5","67301","2","","1","01","","N","N","N","0","","1","0","1","2","2","","1514","3","2","0","0","2","0","0","2","0","2","03","03","N","","","","","","","","","","",""
"2022079569","0924","2","0","0","0","0","0","0","0","0","1","0","","67","07","2022","4","39.9544","-75.1416","0920","06","0","0","0","0","0","0","0","0","","0","0","0","08","1","1","00","N","0","39 57:15.949","","00","75 08:29.783","4","0","0","0","67301","0","0","0","N","0","0","0","2","68K01","1","","1","01","","N","N","N","0","","0","0","0","0","0","","0847","1","2","0","0","1","0","0","2","0","2","03","","N","","","","","","","","","","",""
"2022078365","0636","1","0","1","0","0","0","0","0","0","7","0","","67","08","2022","5","40.0286","-75.1851","0632","06","0","0","0","0","0","0","0","0","","0","0","0","06","5","1","00","N","2","40 01:43.011","5","00","75 11:06.532","2","0","0","0","67301","0","0","0","N","0","0","0","1","67301","0","","2","01","0740","N","N","N","0","","0","1","0","0","0","Y","0615","1","1","0","0","0","0","0","2","0","1","03","03","N","","","","","","","","","","",""
"2022068564","1637","1","0","0","0","0","0","0","0","0","4","0","","67","07","2022","7","40.125","-75.0147","1637","06","0","0","0","0","0","0","0","0","","0","0","0","15","1","1","01","","0","40 07:30.027","","00","75 00:53.365","4","0","0","0","67301","0","0","0","N","0","0","0","2","67301","1","","1","01","","N","N","N","0","","0","0","1","3","2","","1525","1","2","0","0","0","0","0","2","0","2","03","","N","","","","","","","","","","",""
"2022075782","1724","1","0","0","0","0","0","0","0","0","5","0","","67","08","2022","5","39.9915","-75.1223","1724","06","0","0","0","0","0","0","0","0","","0","0","0","22","3","0","00","N","0","39 59:29.500","","01","75 07:20.300","9","0","0","0","67301","0","0","0","N","0","0","0","1","67301","0","","6","99","","N","N","N","0","","0","0","0","0","0","","2200","0","2","0","0","0","0","1","2","0","2","99","","N","","","","","","","","","","",""
"2022074311","2206","3","0","0","0","0","0","0","0","0","4","0","","67","08","2022","7","39.9629","-75.1913","2201","06","0","0","0","0","0","0","0","0","","0","0","0","21","3","0","01","","0","39 57:46.535","","00","75 11:28.992","0","0","0","0","67301","0","0","0","N","0","0","0","2","67507","0","","1","01","","N","N","Y","0","","0","0","1","3","2","","2155","0","4","0","0","0","0","0","2","0","4","03","03","N","","","","","","","","","","",""
"2022083975","1818","0","0","0","0","0","0","0","0","0","7","0","","67","09","2022","7","40.0537","-75.0492","1808","06","0","0","0","0","0","1","0","0","","0","0","0","17","1","7","00","N","0","40 03:13.173","","00","75 02:57.180","3","0","0","0","67301","0","0","0","N","0","0","0","9","67301","0","","5","01","","N","N","N","0","","7","0","1","0","0","","1733","7","1","0","0","0","0","0","2","0","1","03","03","N","","","","","","","","","","",""
"2022084472","0911","1","0","0","0","0","0","0","0","0","1","0","","67","08","2022","4","39.9805","-75.2059","0826","06","0","0","0","0","0","0","0","0","","0","0","0","08","1","1","00","N","0","39 58:49.909","","00","75 12:21.200","4","0","0","0","67301","0","0","0","N","0","0","0","1","68K01","1","","1","01","","N","N","N","0","","0","0","1","0","0","","0820","1","2","0","0","0","0","0","2","0","2","03","","N","","","","","","","","","","",""
"2022073657","1820","1","0","0","0","0","0","0","0","0","4","0","","67","08","2022","5","39.9407","-75.2242","1806","06","0","0","0","0","0","1","0","0","","0","0","0","17","1","1","01","","0","39 56:26.512","","00","75 13:26.950","3","0","0","0","67301","0","0","0","N","0","0","0","2","67301","0","","1","01","","N","N","N","0","","1","0","1","3","1","","1747","1","2","0","0","0","0","0","2","0","2","03","03","N","","","","","","","","","","",""
"2022072490","1615","0","0","0","0","0","0","0","0","0","4","0","","67","08","2022","1","39.9893","-75.1837","1605","06","0","0","1","0","0","0","0","0","","0","0","0","14","1","1","03","","0","39 59:21.319","","00","75 11:01.289","3","0","0","0","67301","0","0","0","N","0","0","0","2","67301","0","","1","01","","N","N","N","0","","1","0","2","3","3","","1433","1","2","0","0","0","0","1","2","0","2","03","03","N","","","","","","","","","","",""
"2022083651","0524","0","0","0","0","0","0","0","0","0","8","0","","67","08","2022","2","40.0177","-75.15","0524","06","0","0","0","0","0","0","0","0","","1","0","0","05","2","0","00","N","0","40 01:03.696","","00","75 09:00.152","1","0","0","0","67301","1","1","0","N","1","1","0","2","67301","0","2","1","01","","N","N","N","0","0","0","0","0","0","0","","0522","0","2","0","0","0","0","0","2","0","1","03","03","N","","","","","","","","","","",""
"2022070329","2350","1","0","0","0","0","0","0","0","0","8","0","","67","07","2022","7","39.9518","-75.2031","2348","06","0","0","0","0","0","0","0","0","","0","0","0","23","3","1","01","","0","39 57:06.318","","00","75 12:11.070","3","0","0","0","67301","1","0","0","N","1","0","0","2","67504","0","","1","01","","N","N","N","0","","1","0","0","3","2","","2347","1","2","0","0","0","0","0","2","0","1","03","03","N","","","","","","","","","","",""
"2022064415","","0","0","0","0","0","0","0","0","0","1","0","","67","06","2022","4","","","","06","0","0","0","0","0","1","0","0","","0","0","0","18","1","1","00","N","0","","","00","","8","0","0","0","67301","0","0","0","N","0","0","0","3","00000","0","","1","01","","","","N","0","","0","0","2","0","0","","1800","1","3","0","0","0","1","0","1","0","3","03","","N","","","","","","","","","","",""
"2022069084","1640","1","0","0","0","0","0","0","0","0","1","0","","67","07","2022","3","40.0093","-75.1516","1638","06","0","0","0","0","0","0","0","0","","0","0","0","16","1","0","00","N","0","40 00:33.482","","00","75 09:05.691","0","0","0","0","67301","0","0","0","N","0","0","0","2","67301","0","","1","01","","N","N","N","0","","0","0","1","0","0","","1630","0","2","0","0","0","0","0","2","0","2","03","03","N","","","","","","","","","","",""
"2022069985","0935","2","0","0","0","0","0","0","0","0","4","0","","67","07","2022","7","39.9037","-75.2433","0925","06","0","0","0","0","0","0","0","0","","0","0","0","09","1","1","01","","0","39 54:13.283","","00","75 14:35.703","3","0","0","0","67301","0","0","0","N","0","0","0","4","67301","0","","1","01","","N","N","N","0","","1","0","1","3","2","","0900","1","3","0","0","0","0","0","2","0","3","03","03","N","","","","","","","","","","",""
"2022069937","1046","1","0","0","0","0","0","0","0","0","1","0","","67","07","2022","7","39.9993","-75.0986","1046","06","0","0","0","1","0","0","0","0","","0","0","0","10","1","0","00","Y","0","39 59:57.430","","00","75 05:55.124","0","0","0","0","67301","0","0","0","N","0","0","0","3","67301","0","","1","01","","N","N","N","0","","0","0","2","3","2","","1046","0","3","0","0","3","0","0","2","0","3","03","03","N","","","","","","","","","","",""
"2022062143","","0","0","0","0","0","0","0","0","0","1","0","","67","06","2022","3","40.0152","-75.1498","","06","0","0","0","0","0","1","0","0","","0","0","0","12","1","3","01","","0","40 00:54.857","","00","75 08:59.386","8","0","0","0","67301","0","0","0","N","0","0","0","6","00000","0","","1","01","","","","N","0","","0","0","2","3","2","","1200","3","2","0","0","0","3","0","2","0","2","03","","N","","","","","","","","","","",""
"2022068574","1450","1","0","0","0","0","0","0","0","0","4","0","","67","07","2022","1","40.0374","-75.1818","1450","06","0","0","0","0","0","0","0","0","","0","0","0","00","3","2","01","","0","40 02:14.686","","00","75 10:54.569","3","0","0","0","67301","0","0","0","N","0","0","0","3","67301","0","","1","01","","N","N","N","0","","2","0","0","3","2","","0034","2","2","0","0","0","0","0","2","1","2","03","","N","","","","","","","","","","",""
"2022078722","1800","2","0","0","0","0","0","0","0","0","4","0","","67","08","2022","1","40.0468","-75.1375","1758","06","0","0","0","0","0","1","0","0","","0","0","0","17","1","1","01","","1","40 02:48.506","1","00","75 08:15.137","3","0","0","0","67301","0","0","0","N","0","0","0","2","67301","0","","1","01","2030","N","N","N","0","","1","0","1","3","2","Y","1750","1","3","0","0","0","0","0","2","0","3","03","","N","","","","","","","","","","",""
"2022075813","1332","1","0","0","0","0","0","0","0","0","4","0","","67","07","2022","6","40.017","-75.1498","1320","06","0","0","0","0","0","0","0","0","","0","0","0","13","1","0","00","Y","0","40 01:01.060","","07","75 08:59.310","0","0","0","0","67301","0","0","0","N","0","0","0","2","67301","0","","1","01","","N","N","N","0","","0","0","1","3","2","","1300","0","2","0","0","0","0","0","2","0","2","04","","N","","","","","","","","","","",""
"2022073946","0230","2","0","0","0","0","0","0","0","0","5","0","","67","08","2022","7","39.9314","-75.2319","0226","06","0","0","0","0","0","0","0","0","","0","0","0","02","3","0","00","N","0","39 55:53.089","","00","75 13:54.699","0","0","0","0","67301","0","0","0","N","0","0","0","1","67301","0","","6","01","","N","N","N","0","","0","0","5","0","0","","0225","0","7","0","0","0","0","0","2","0","7","03","03","N","","","","","","","","","","",""
"2022075761","0432","3","0","0","0","0","0","0","0","0","5","0","","67","08","2022","6","40.0413","-75.187","0430","06","0","0","0","0","0","0","0","0","","0","0","0","22","3","0","00","N","0","40 02:28.580","","00","75 11:13.030","9","0","0","0","67301","0","0","0","N","0","0","0","1","67301","0","","6","01","","N","N","N","0","","0","0","1","0","0","","2250","0","4","0","0","0","0","1","2","0","4","03","","N","","","","","","","","","","",""
"2022083974","1603","1","0","0","0","0","0","0","0","0","4","1","","67","09","2022","6","40.0366","-75.0645","1557","06","0","0","0","0","0","1","0","1","","0","1","0","15","1","0","01","","2","40 02:11.789","3","00","75 03:52.061","0","0","0","0","67301","0","0","0","N","0","0","0","2","67301","0","","1","01","0020","N","N","N","0","","0","0","0","3","2","N","1540","0","2","0","0","0","0","0","2","0","2","03","","N","","","","","","","","","","",""
"2022072841","1420","0","0","0","0","0","0","0","0","0","4","0","","67","08","2022","1","40.0995","-74.9864","1420","06","0","0","0","0","0","1","0","0","","0","0","0","14","1","0","01","","0","40 05:58.296","","02","74 59:10.926","0","0","0","0","67301","0","0","0","N","0","0","0","2","67301","0","","1","01","","N","N","N","0","","0","0","2","3","2","","1415","0","2","0","0","0","0","0","2","0","2","03","03","N","","","","","","","","","","",""
"2022075807","0738","0","0","0","0","0","0","0","0","0","7","0","","67","08","2022","1","40.0307","-75.112","0735","06","0","0","0","0","0","0","0","0","","0","0","0","07","1","0","01","","0","40 01:50.653","","00","75 06:43.207","9","0","0","0","67301","0","0","0","N","0","0","0","1","67301","0","","4","01","","N","N","N","0","","0","0","0","3","2","","0730","0","1","0","0","0","0","1","2","1","1","03","03","N","","","","","","","","","","",""
"2022083823","1816","2","0","0","0","0","0","0","0","0","5","0","","67","09","2022","1","40.0069","-75.1574","1812","06","0","0","0","0","0","1","0","0","","0","0","0","17","1","1","00","N","2","40 00:24.730","3","00","75 09:26.530","4","0","0","0","67301","0","0","0","N","0","0","0","1","67301","1","","1","09","1915","N","N","N","1","","0","0","0","0","0","Y","1750","1","3","0","0","0","0","0","2","0","3","04","07","N","","","","","","","","","","",""
"2022069354","0439","1","0","0","0","0","0","0","0","0","8","0","","67","07","2022","2","40.0387","-75.1098","0435","06","0","0","0","0","0","0","0","0","","0","0","0","04","3","1","00","N","0","40 02:19.143","","00","75 06:35.281","2","0","0","0","67301","1","0","1","N","1","0","1","2","67301","0","","1","01","","N","N","N","0","","0","1","0","0","0","","0430","1","2","0","0","0","0","0","2","0","1","03","","N","","","","","","","","","","",""
"2022070327","1322","0","0","0","0","0","0","0","0","0","8","0","","67","07","2022","3","39.9478","-75.1938","1321","06","0","0","0","0","0","0","0","0","","0","0","0","13","1","1","02","","0","39 56:52.154","","00","75 11:37.578","4","0","0","0","67301","1","0","0","N","1","0","0","2","67504","1","","1","01","","N","N","N","0","","0","0","0","3","2","","1321","1","2","0","0","0","0","0","2","1","1","03","03","N","","","","","","","","","","",""
"2022069920","2106","1","0","0","0","0","0","0","0","0","8","0","","67","07","2022","7","39.9955","-75.1541","2058","06","0","0","0","0","0","0","0","0","","0","0","0","20","3","1","01","","2","39 59:43.943","1","00","75 09:15.350","8","0","0","0","67301","1","0","0","N","1","0","0","2","67301","0","","1","01","2215","N","N","N","0","","0","0","0","3","2","Y","2055","1","2","0","0","0","1","0","2","0","1","03","04","N","","","","","","","","","","",""
"2022080016","0920","1","0","0","0","0","0","0","0","0","1","0","","67","08","2022","6","39.9853","-75.2082","0920","06","0","1","0","0","0","1","0","0","","0","0","0","09","1","2","00","N","0","39 59:07.129","","00","75 12:29.448","3","0","0","0","67301","0","0","0","N","0","0","0","3","68K01","0","","1","01","","N","N","N","0","","2","0","2","0","0","","0909","2","3","0","0","0","0","0","2","0","3","03","","N","","","","","","","","","","",""
"2022069617","1030","1","0","0","0","0","0","0","0","0","1","0","","67","07","2022","4","39.9177","-75.1777","1027","06","0","0","0","0","0","0","0","0","","0","0","0","10","1","1","01","","0","39 55:03.701","","00","75 10:39.781","8","0","0","0","67301","0","0","0","N","0","0","0","2","67301","0","","1","01","","N","N","N","0","","0","0","1","3","2","","1025","1","2","0","0","0","1","0","2","0","2","03","03","N","","","","","","","","","","",""
"2022069738","2135","2","0","0","0","0","0","0","0","0","1","0","","67","07","2022","6","39.9211","-75.1943","2132","06","0","0","0","0","0","0","0","0","","0","0","0","21","3","1","00","Y","1","39 55:15.967","3","00","75 11:39.392","3","0","0","0","67301","0","0","0","N","0","0","0","4","67301","0","","1","01","0100","N","N","N","1","","1","0","0","3","2","N","2130","1","3","0","0","0","0","0","2","0","3","03","03","N","","","","","","","","","","",""
"2022079571","0619","1","0","0","0","0","0","0","0","0","7","0","","67","07","2022","7","39.9936","-75.0849","0547","06","0","0","0","0","0","0","0","0","","0","0","0","05","1","0","00","N","2","39 59:36.798","1","00","75 05:05.527","0","0","0","0","67301","0","0","0","N","0","0","0","1","68K01","0","","4","01","0635","N","N","N","0","","0","0","0","0","0","N","0529","0","1","0","0","0","0","0","2","0","1","03","03","N","","","","","","","","","","",""
"2022069469","1301","0","0","0","0","0","0","0","0","0","5","0","","67","07","2022","4","40.0204","-75.1163","1301","06","0","0","0","0","0","0","0","0","","0","0","0","21","3","1","00","N","0","40 01:13.460","","00","75 06:58.610","3","0","0","0","67301","0","0","0","N","0","0","0","2","67301","0","","1","01","","N","N","N","0","","1","0","2","0","0","","2114","1","2","0","0","1","0","1","2","0","2","03","03","N","","","","","","","","","","",""
"2022078367","0025","0","0","0","0","0","0","0","0","0","8","0","","67","08","2022","6","39.995","-75.1542","0018","06","0","0","0","0","0","0","0","0","","0","0","0","22","3","1","00","N","9","39 59:41.834","","00","75 09:15.263","2","0","0","0","67301","1","0","1","N","1","0","1","2","67301","0","","1","01","","N","N","N","0","","0","1","1","0","0","","2212","1","2","0","0","0","0","0","2","0","1","03","","N","","","","","","","","","","",""
"2022083581","1150","2","0","0","0","0","0","0","0","0","4","0","","67","09","2022","5","40.0553","-75.0786","1145","06","0","0","0","0","0","0","1","0","","0","0","0","11","1","0","01","","0","40 03:19.256","","00","75 04:43.017","0","0","0","0","67301","0","0","0","N","0","0","0","2","67301","0","","1","01","","N","N","N","0","","0","0","0","3","3","","1130","0","2","0","0","0","0","0","2","0","2","03","","N","","","","","","","","","","",""
"2022082985","1242","3","0","0","0","0","0","0","0","0","1","0","","67","08","2022","1","40.0085","-75.07","1230","06","0","0","0","0","0","0","0","0","","0","0","0","12","1","2","00","N","2","40 00:30.477","1","00","75 04:12.054","8","0","0","0","67301","0","0","0","N","0","0","0","5","68K01","0","","1","01","1250","N","N","N","0","","0","0","0","0","0","N","1230","2","3","0","0","0","2","0","2","0","3","03","03","N","","","","","","","","","","",""
"2022083626","0830","1","0","0","0","0","0","0","0","0","4","0","","67","08","2022","2","39.9595","-75.2209","0826","06","0","0","0","0","1","0","0","0","","0","0","0","08","1","1","01","","1","39 57:34.039","3","01","75 13:15.311","3","0","0","0","67301","0","0","0","N","0","0","0","3","67301","0","","1","01","1600","N","N","N","0","","1","0","1","3","2","Y","0814","1","2","0","0","0","0","0","2","0","2","03","","N","","","","","","","","","","",""