"CRN","ARRIVAL_TM","AUTOMOBILE_COUNT","BELTED_DEATH_COUNT","BELTED_SUSP_SERIOUS_INJ_COUNT","BICYCLE_COUNT","BICYCLE_DEATH_COUNT","BICYCLE_SUSP_SERIOUS_INJ_COUNT","BUS_COUNT","CHLDPAS_DEATH_COUNT","CHLDPAS_SUSP_SERIOUS_INJ_COUNT","COLLISION_TYPE","COMM_VEH_COUNT","CONS_ZONE_SPD_LIM","COUNTY","CRASH_MONTH","CRASH_YEAR","DAY_OF_WEEK","DEC_LAT","DEC_LONG","DISPATCH_TM","DISTRICT","DRIVER_COUNT_16YR","DRIVER_COUNT_17YR","DRIVER_COUNT_18YR","DRIVER_COUNT_19YR","DRIVER_COUNT_20YR","DRIVER_COUNT_50_64YR","DRIVER_COUNT_65_74YR","DRIVER_COUNT_75PLUS","EST_HRS_CLOSED","FATAL_COUNT","HEAVY_TRUCK_COUNT","HORSE_BUGGY_COUNT","HOUR_OF_DAY","ILLUMINATION","INJURY_COUNT","INTERSECT_TYPE","INTERSECTION_RELATED","LANE_CLOSED","LATITUDE","LN_CLOSE_DIR","LOCATION_TYPE","LONGITUDE","MAX_SEVERITY_LEVEL","MCYCLE_DEATH_COUNT","MCYCLE_SUSP_SERIOUS_INJ_COUNT","MOTORCYCLE_COUNT","MUNICIPALITY","NONMOTR_COUNT","NONMOTR_DEATH_COUNT","NONMOTR_SUSP_SERIOUS_INJ_COUNT","NTFY_HIWY_MAINT","PED_COUNT","PED_DEATH_COUNT","PED_SUSP_SERIOUS_INJ_COUNT","PERSON_COUNT","POLICE_AGCY","POSSIBLE_INJ_COUNT","RDWY_SURF_TYPE_CD","RELATION_TO_ROAD","ROAD_CONDITION","ROADWAY_CLEARED","SCH_BUS_IND","SCH_ZONE_IND","SECONDARY_CRASH","SMALL_TRUCK_COUNT","SPEC_JURIS_CD","SUSP_MINOR_INJ_COUNT","SUSP_SERIOUS_INJ_COUNT","SUV_COUNT","TCD_FUNC_CD","TCD_TYPE","TFC_DETOUR_IND","TIME_OF_DAY","TOT_INJ_COUNT","TOTAL_UNITS","UNB_DEATH_COUNT","UNB_SUSP_SERIOUS_INJ_COUNT","UNBELTED_OCC_COUNT","UNK_INJ_DEG_COUNT","UNK_INJ_PER_COUNT","URBAN_RURAL","VAN_COUNT","VEHICLE_COUNT","WEATHER1","WEATHER2","WORK_ZONE_IND","WORK_ZONE_LOC","WORK_ZONE_TYPE","WORKERS_PRES","WZ_CLOSE_DETOUR","WZ_FLAGGER","WZ_LAW_OFFCR_IND","WZ_LN_CLOSURE","WZ_MOVING","WZ_OTHER","WZ_SHLDER_MDN","WZ_WORKERS_INJ_KILLED"
"2022069193","1204","0","0","0","0","0","0","0","0","0","4","0","","67","07","2022","3","40.0477","-75.06","1156","06","0","0","0","0","0","0","0","0","","0","0","0","11","1","1","01","","1","40 02:51.396","4","00","75 03:35.506","3","0","0","0","67301","0","0","0","N","0","0","0","4","67301","0","","1","01","1215","N","N","N","0","","1","0","2","3","2","N","1154","1","2","0","0","0","0","2","2","0","2","03","","N","","","","","","","","","","",""
"2022069874","1929","1","0","0","0","0","0","0","0","0","1","0","","67","07","2022","7","40.0482","-75.1834","1927","06","0","0","0","0","0","0","0","0","","0","0","0","19","1","4","01","","0","40 02:53.638","","00","75 11:00.210","4","0","0","0","67301","0","0","0","N","0","0","0","4","67301","4","","1","01","","N","N","N","0","","0","0","2","3","2","","1926","4","3","0","0","0","0","0","2","0","3","03","04","N","","","","","","","","","","",""
"2022079326","1649","1","0","0","0","0","0","0","0","0","4","0","","67","08","2022","1","40.0278","-75.0354","1647","06","0","0","0","0","0","0","0","0","","0","0","0","16","1","1","01","","1","40 01:40.242","3","00","75 02:07.292","4","0","0","0","67301","0","0","0","N","0","0","0","2","67301","1","","1","01","0100","N","N","N","0","","0","0","0","3","3","N","1642","1","2","0","0","2","0","0","2","0","2","04","","N","","","","","","","","","","",""
"2022071414","2323","2","0","0","0","0","0","0","0","0","1","0","","67","07","2022","7","39.9548","-75.1449","2323","06","0","0","0","0","0","1","0","0","","0","0","0","23","3","0","00","N","0","39 57:17.400","","03","75 08:41.600","0","0","0","0","67301","0","0","0","N","0","0","0","6","67501","0","","1","01","","N","N","N","0","","0","0","0","0","0","","2323","0","2","0","0","0","0","0","2","0","2","03","","N","","","","","","","","","","",""
"2022070252","2124","0","0","0","0","0","0","0","0","0","1","0","","67","07","2022","7","40.0114","-75.0769","2119","06","0","0","0","0","0","0","0","0","","0","0","0","21","3","1","01","","2","40 00:41.052","5","00","75 04:36.839","4","0","0","0","67301","0","0","0","N","0","0","0","2","67301","1","","1","01","1022","N","N","Y","1","","0","0","1","3","2","Y","2119","1","2","0","0","1","0","1","2","0","2","03","","N","","","","","","","","","","",""
"2022070073","1622","0","0","0","0","0","0","0","0","0","4","0","","67","07","2022","6","39.9805","-75.2282","1620","06","0","0","0","1","0","0","0","0","","0","0","0","16","1","1","01","","0","39 58:49.670","","00","75 13:41.343","2","0","1","1","67301","0","0","0","N","0","0","0","2","67301","0","","1","01","","N","N","N","0","","0","1","1","3","2","","1618","1","2","0","0","1","0","0","2","0","2","04","04","N","","","","","","","","","","",""
"2022073034","0838","1","0","0","0","0","0","0","0","0","8","0","","67","08","2022","4","40.0103","-75.0897","0835","06","0","0","0","0","0","0","0","0","","0","0","0","07","1","1","00","N","0","40 00:37.170","","00","75 05:22.930","3","0","0","0","67301","1","0","0","N","1","0","0","2","67301","0","","1","01","","N","N","N","0","","1","0","0","0","0","","0731","1","2","0","0","0","0","0","2","0","1","03","03","N","","","","","","","","","","",""
"2022059988","","1","0","0","0","0","0","0","0","0","5","0","","67","06","2022","1","39.9448","-75.159","","06","0","0","0","0","0","0","0","0","","0","0","0","10","1","0","00","N","0","39 56:41.300","","00","75 09:32.500","0","0","0","0","67301","0","0","0","N","0","0","0","2","00000","0","","1","01","","","","N","0","","0","0","0","0","0","","1020","0","2","0","0","0","0","0","2","0","2","03","","N","","","","","","","","","","",""
"2022078198","1240","1","0","0","0","0","0","0","0","0","4","1","","67","08","2022","6","39.9314","-75.2289","1229","06","0","0","0","0","0","0","0","0","","0","1","0","08","1","0","01","","0","39 55:53.155","","00","75 13:43.928","0","0","0","0","67301","0","0","0","N","0","0","0","3","67301","0","","1","01","","N","N","N","0","","0","0","0","3","3","","0827","0","2","0","0","0","0","0","2","0","2","03","03","N","","","","","","","","","","",""
"2022069919","0520","2","0","0","0","0","0","0","0","0","1","0","","67","07","2022","7","39.9982","-75.1269","0515","06","0","0","0","0","1","0","0","0","","0","0","0","05","3","1","00","N","0","39 59:53.498","","00","75 07:36.832","3","0","0","0","67301","0","0","0","N","0","0","0","1","67301","0","","6","01","","N","N","N","1","","1","0","0","0","0","","0510","1","3","0","0","0","0","0","2","0","3","03","03","N","","","","","","","","","","",""
"2022078753","0035","0","0","0","0","0","0","0","0","0","0","0","","67","08","2022","1","39.9698","-75.1315","0030","06","0","0","0","0","0","0","0","0","","0","0","0","00","3","1","00","N","0","39 58:11.137","","00","75 07:53.309","3","0","0","1","67301","0","0","0","N","0","0","0","1","67301","0","","1","01","","N","N","N","0","","1","0","0","3","2","","0008","1","1","0","0","0","0","0","2","0","1","03","03","N","","","","","","","","","","",""
"2022078424","2208","0","0","0","0","0","0","0","0","0","0","0","","67","08","2022","7","40.0051","-75.1279","2207","06","0","0","0","0","0","0","0","0","","0","0","0","22","2","1","00","N","0","40 00:18.350","","03","75 07:40.330","2","0","1","1","67301","0","0","0","N","0","0","0","1","67301","0","","1","01","","N","N","N","0","","0","1","0","0","0","","2207","1","1","0","0","0","0","0","2","0","1","03","03","N","","","","","","","","","","",""
"2022071663","2244","0","0","0","0","0","0","0","0","0","5","0","","67","07","2022","6","39.9102","-75.1489","2232","06","0","0","0","0","0","0","0","0","","0","0","0","22","3","3","00","N","1","39 54:36.808","1","00","75 08:56.150","3","0","0","0","67301","0","0","0","N","0","0","0","3","68K01","0","","2","01","2300","N","N","N","1","","2","0","1","0","0","N","2227","3","2","0","0","1","1","0","2","0","2","03","03","N","","","","","","","","","","",""
"2022079879","0910","1","0","0","0","0","0","0","0","0","4","0","","67","08","2022","5","39.9778","-75.1622","0900","06","0","0","0","0","0","0","0","0","","0","0","0","09","1","0","03","","0","39 58:40.101","","00","75 09:43.997","0","0","0","0","67301","0","0","0","N","0","0","0","2","67301","0","","1","01","","N","N","N","0","","0","0","1","0","0","","0900","0","2","0","0","0","0","0","2","0","2","03","03","N","","","","","","","","","","",""
"2022079875","1231","0","0","0","0","0","0","0","0","0","1","1","","67","08","2022","3","40.0904","-75.0466","1231","06","0","0","0","0","0","1","0","1","","0","1","0","12","1","1","00","N","1","40 05:25.571","6","07","75 02:47.645","3","0","0","0","67301","0","0","0","N","0","0","0","3","67301","0","","1","01","1350","N","N","N","0","","1","0","2","0","0","N","1231","1","3","0","0","0","0","0","2","0","3","03","03","N","","","","","","","","","","",""
"2022069977","1712","1","0","0","0","0","0","0","0","0","8","0","","67","07","2022","5","39.8943","-75.2374","1706","06","0","0","0","0","0","0","0","0","","0","0","0","16","1","1","00","N","0","39 53:39.404","","00","75 14:14.740","3","0","0","0","67301","1","0","0","N","1","0","0","2","67301","0","","1","99","","N","N","N","0","","1","0","0","0","0","","1624","1","2","0","0","1","0","0","2","0","1","03","03","N","","","","","","","","","","",""
"2022083554","0710","1","0","0","0","0","0","0","0","0","4","0","","67","08","2022","4","40.0069","-75.0684","0659","06","0","0","0","0","0","0","0","0","","1","0","0","06","5","1","03","","1","40 00:24.918","6","02","75 04:06.198","1","1","0","1","67301","0","0","0","N","0","0","0","3","67301","0","2","1","01","0850","N","N","N","0","0","0","0","0","0","0","N","0615","1","2","0","0","0","1","0","2","0","2","03","03","N","","","","","","","","","","",""
"2022080299","0845","0","0","0","1","0","0","1","0","0","8","1","","67","09","2022","5","40.0479","-75.1715","0821","06","0","0","0","0","0","1","0","0","","0","0","0","08","1","1","01","","1","40 02:52.385","7","00","75 10:17.540","3","0","0","0","67301","1","0","0","N","0","0","0","8","67301","0","","1","01","0915","Y","N","N","0","","1","0","0","3","3","N","0815","1","2","0","0","0","0","0","2","0","1","03","03","N","","","","","","","","","","",""
"2022070141","1435","1","0","0","0","0","0","0","0","0","2","0","","67","07","2022","7","40.1218","-75.0125","1430","06","0","0","0","0","0","0","0","0","","0","0","0","14","1","0","00","N","0","40 07:18.640","","00","75 00:44.860","0","0","0","0","67301","0","0","0","N","0","0","0","2","67301","0","","1","01","","N","N","N","0","","0","0","1","0","0","","1420","0","2","0","0","0","0","0","2","0","2","03","03","N","","","","","","","","","","",""
"2022072273","1752","0","0","0","0","0","0","0","0","0","4","0","","67","07","2022","6","39.9942","-75.1078","1746","06","0","0","0","0","0","1","0","0","","0","0","0","17","1","2","01","","0","39 59:39.142","","00","75 06:28.047","3","0","0","0","67301","0","0","0","N","0","0","0","2","67301","1","","1","01","","N","N","N","0","","1","0","2","3","2","","1740","2","2","0","0","1","0","0","2","0","2","03","03","N","","","","","","","","","","",""
"2022068627","1622","1","0","0","0","0","0","0","0","0","1","0","","67","07","2022","3","40.0604","-74.9904","1619","06","0","0","0","0","0","0","1","0","","0","0","0","14","1","1","01","","0","40 03:37.434","","00","74 59:25.565","3","0","0","0","67301","0","0","0","N","0","0","0","2","67301","0","","1","01","","N","N","N","0","","1","0","1","3","2","","1457","1","2","0","0","0","0","1","2","0","2","04","04","N","","","","","","","","","","",""
"2022070230","1340","1","0","0","0","0","0","0","0","0","4","0","","67","07","2022","5","39.9512","-75.2267","1338","06","0","0","0","0","0","1","0","0","","0","0","0","13","1","2","02","","1","39 57:04.559","6","00","75 13:36.122","3","0","0","0","67301","0","0","0","N","0","0","0","4","67301","0","","1","01","1700","N","N","N","0","","2","0","0","3","3","N","1335","2","2","0","0","0","0","0","2","1","2","03","03","N","","","","","","","","","","",""
"2022073213","2340","1","0","0","0","0","0","0","0","0","8","0","","67","07","2022","6","39.9864","-75.1803","2340","06","0","0","0","0","0","0","0","0","","0","0","0","22","3","1","01","","0","39 59:10.834","","00","75 10:48.850","2","0","0","0","67301","1","0","1","N","1","0","1","3","67301","0","","1","01","","N","N","N","0","","0","1","0","3","2","","2250","1","2","0","0","0","0","0","2","0","1","03","","N","","","","","","","","","","",""
"2022079371","1005","0","0","0","0","0","0","1","0","0","4","1","","67","08","2022","2","39.99","-75.185","0953","06","0","0","0","0","0","0","1","0","","0","0","0","06","5","0","01","","2","39 59:24.028","2","00","75 11:06.172","0","0","0","0","67301","0","0","0","N","0","0","0","1","67301","0","","1","01","1005","Y","N","N","0","","0","0","1","3","3","Y","0648","0","3","0","0","0","0","0","2","1","3","03","03","N","","","","","","","","","","",""
"2022069694","2150","1","0","0","0","0","0","0","0","0","4","0","","67","07","2022","4","39.9709","-75.2059","2150","06","0","0","0","0","0","0","0","0","","0","0","0","21","3","1","02","","0","39 58:15.077","","00","75 12:21.275","3","0","0","0","67301","0","0","0","N","0","0","0","3","67301","0","","1","01","","N","N","N","0","","1","0","0","3","3","","2150","1","2","0","0","0","0","0","2","0","2","03","03","N","","","","","","","","","","",""
"2022080192","2010","3","0","0","0","0","0","0","0","0","4","0","","67","07","2022","2","39.9583","-75.1658","1919","06","0","0","0","0","0","2","0","0","","0","0","0","19","1","1","07","","0","39 57:29.748","","02","75 09:56.922","3","0","0","0","67301","0","0","0","N","0","0","0","4","68K01","0","","1","01","","N","N","N","0","","1","0","0","3","4","","1910","1","4","0","0","0","0","1","2","0","4","03","03","N","","","","","","","","","","",""
"2022079340","1710","1","0","0","1","0","0","0","0","0","8","0","","67","03","2022","6","40.0064","-75.1536","1654","06","0","0","0","0","0","0","0","0","","0","0","0","16","1","1","01","","0","40 00:22.903","","00","75 09:12.819","4","0","0","0","67301","1","0","0","N","0","0","0","2","67301","1","","1","01","","N","N","N","0","","0","0","0","3","3","","1630","1","2","0","0","0","0","0","2","0","1","03","03","N","","","","","","","","","","",""
"2022068675","","0","0","0","0","0","0","0","0","0","1","0","","67","07","2022","3","39.8987","-75.1797","","06","0","0","0","0","0","1","0","0","","0","0","0","17","1","1","00","N","0","39 53:55.480","","00","75 10:46.799","8","0","0","0","67301","0","0","0","N","0","0","0","2","00000","0","","1","01","","","","N","0","","0","0","1","0","0","","1716","1","2","0","0","0","1","0","2","1","2","03","","N","","","","","","","","","","",""
"2022074173","2355","1","0","0","0","0","0","0","0","0","4","0","","67","07","2022","6","39.9789","-75.2323","2355","06","0","0","0","0","0","0","0","0","","0","0","0","23","3","0","01","","0","39 58:44.097","","00","75 13:56.128","0","0","0","0","67301","0","0","0","N","0","0","0","2","67301","0","","1","01","","N","N","N","0","","0","0","1","3","3","","2345","0","2","0","0","0","0","0","2","0","2","03","03","N","","","","","","","","","","",""
"2022071507","1430","1","0","0","0","0","0","1","0","0","4","1","","67","07","2022","1","40.0881","-74.9656","1400","06","0","0","0","0","0","1","0","0","","0","0","0","14","1","0","01","","0","40 05:17.138","","07","74 57:56.278","0","0","0","0","67301","0","0","0","N","0","0","0","2","67508","0","","1","01","","N","N","Y","0","","0","0","0","3","3","","1400","0","2","0","0","0","0","0","2","0","2","03","03","N","","","","","","","","","","",""
"2022068587","1826","0","0","1","0","0","0","0","0","0","4","0","","67","07","2022","6","40.0299","-75.0878","1825","06","0","0","0","0","0","1","0","0","","0","0","0","18","1","1","01","","0","40 01:47.633","","00","75 05:16.085","2","0","0","0","67301","0","0","0","N","0","0","0","2","67301","0","","1","01","","N","N","N","1","","0","1","1","3","2","","1825","1","2","0","0","0","0","0","2","0","2","03","","N","","","","","","","","","","",""
"2022083608","2323","0","0","0","0","0","0","0","0","0","7","0","","67","09","2022","5","40.032","-75.1731","2323","06","0","0","0","0","0","0","0","0","","1","0","0","23","3","0","00","N","2","40 01:55.100","5","00","75 10:23.300","1","0","0","0","67301","1","1","0","N","1","1","0","3","67301","0","2","4","01","0245","N","N","N","0","0","0","0","1","0","0","Y","2300","0","2","0","0","0","0","0","2","0","1","03","","N","","","","","","","","","","",""
"2022072251","1052","1","0","0","0","0","0","0","0","0","4","0","","67","07","2022","7","39.9383","-75.1986","1052","06","0","0","0","0","0","1","0","0","","0","0","0","10","1","2","01","","1","39 56:17.777","3","00","75 11:54.817","8","0","0","0","67301","0","0","0","N","0","0","0","2","67301","0","","1","01","1200","N","N","N","0","","0","0","1","3","2","N","1052","2","2","0","0","0","2","0","2","0","2","03","03","N","","","","","","","","","","",""
"2022070251","2104","1","0","0","0","0","0","0","0","0","1","0","","67","07","2022","7","40.0014","-75.0816","2032","06","0","0","0","0","0","0","0","0","","0","0","0","17","3","0","03","","0","40 00:05.051","","00","75 04:53.673","0","0","0","0","67301","0","0","0","N","0","0","0","2","67301","0","","1","01","","N","N","N","0","","0","0","0","3","2","","1730","0","2","0","0","0","0","0","2","0","2","03","03","N","","","","","","","","","","",""
"2022068567","1545","1","0","0","0","0","0","0","0","0","4","0","","67","07","2022","7","40.0371","-75.0112","1542","06","0","0","0","0","0","0","1","0","","0","0","0","15","1","1","02","","1","40 02:13.421","1","07","75 00:40.242","8","0","0","0","67301","0","0","0","N","0","0","0","3","67301","0","","1","01","0130","N","N","N","0","","0","0","1","3","2","N","1534","1","2","0","0","0","1","0","2","0","2","03","03","N","","","","","","","","","","",""
"2022080014","1125","0","0","0","0","0","0","0","0","0","1","1","","67","08","2022","5","39.9227","-75.1918","1117","06","0","0","0","0","0","0","0","0","","0","1","0","11","1","0","06","","2","39 55:21.751","3","02","75 11:30.524","0","0","0","0","67301","0","0","0","N","0","0","0","2","68K01","0","","1","01","1300","N","N","N","0","","0","0","1","3","2","N","1117","0","2","0","0","0","0","0","2","0","2","03","","N","","","","","","","","","","",""
"2022080538","1009","2","0","0","0","0","0","0","0","0","4","0","","67","08","2022","4","40.0433","-75.1437","1009","06","0","0","0","0","0","0","1","0","","0","0","0","08","1","1","00","N","9","40 02:35.811","","07","75 08:37.316","4","0","0","0","67301","0","0","0","N","0","0","0","2","67301","1","","1","01","","N","N","N","0","","0","0","0","0","0","","0858","1","2","0","0","0","0","0","2","0","2","03","","N","","","","","","","","","","",""
"2022080190","1915","2","0","0","0","0","0","0","0","0","5","0","","67","07","2022","7","39.9892","-75.0879","1846","06","0","0","0","0","0","0","0","0","","0","0","0","18","1","0","00","N","0","39 59:21.245","","00","75 05:16.348","0","0","0","0","67301","0","0","0","Y","0","0","0","4","68K01","0","","1","01","","N","N","N","0","","0","0","0","0","0","","1846","0","2","0","0","0","0","0","2","0","2","03","03","N","","","","","","","","","","",""
"2022069746","1924","1","0","0","1","0","0","0","0","0","8","0","","67","07","2022","6","39.9189","-75.1569","1918","06","0","0","0","0","0","0","0","0","","0","0","0","19","4","1","02","","0","39 55:08.032","","00","75 09:25.002","3","0","0","0","67301","1","0","0","N","0","0","0","2","67301","0","","1","09","","N","N","N","0","","1","0","0","3","3","","1916","1","2","0","0","0","0","0","2","0","1","07","07","N","","","","","","","","","","",""
"2022070328","1610","0","0","0","0","0","0","0","0","0","8","0","","67","07","2022","5","39.9527","-75.199","1609","06","0","0","0","0","0","0","0","0","","0","0","0","16","1","1","00","N","0","39 57:09.615","","00","75 11:56.286","4","0","0","0","67301","1","0","0","N","1","0","0","3","67504","1","","1","01","","N","N","N","0","","0","0","0","0","0","","1600","1","2","0","0","0","0","0","2","1","1","04","","N","","","","","","","","","","",""
"2022073253","1841","0","0","0","0","0","0","0","0","0","0","0","55","67","08","2022","2","39.9013","-75.1523","1829","06","0","0","0","0","0","0","0","0","","0","0","0","18","1","1","00","N","1","39 54:04.801","1","03","75 09:08.327","3","0","0","1","67301","0","0","0","N","0","0","0","1","68K01","0","","1","01","1910","N","N","N","0","","1","0","0","0","0","N","1827","1","1","0","0","0","0","0","2","0","1","03","","Y","4","1","N","","","N","","","Y","","N"
"2022073576","0622","2","0","0","0","0","0","0","0","0","4","0","","67","08","2022","4","40.0485","-75.1508","0621","06","0","0","0","0","0","1","0","0","","0","0","0","06","1","2","01","","0","40 02:54.643","","00","75 09:02.970","3","0","0","0","67301","0","0","0","N","0","0","0","2","67301","0","","1","01","","N","N","N","0","","1","0","0","3","2","","0620","2","2","0","0","0","1","0","2","0","2","03","03","N","","","","","","","","","","",""
"2022077566","0903","1","0","0","0","0","0","0","0","0","6","0","","67","08","2022","7","39.9821","-75.2245","0855","06","0","0","0","0","0","0","0","0","","0","0","0","08","1","0","00","N","0","39 58:55.500","","00","75 13:28.300","0","0","0","0","67301","0","0","0","N","0","0","0","2","67301","0","","1","01","","N","N","N","0","","0","0","1","0","0","","0816","0","2","0","0","0","0","0","2","0","2","03","03","N","","","","","","","","","","",""
"2022068614","0845","1","0","0","0","0","0","0","0","0","2","0","","67","07","2022","1","40.0394","-75.1241","0835","06","0","0","0","0","0","0","0","0","","0","0","0","07","1","0","00","N","0","40 02:21.870","","00","75 07:26.890","0","0","0","0","67301","0","0","0","N","0","0","0","1","67301","0","","6","01","","N","N","N","0","","0","0","1","0","0","","0745","0","2","0","0","0","0","0","2","0","2","03","","N","","","","","","","","","","",""
"2022070085","0416","1","0","0","0","0","0","0","0","0","7","0","","67","07","2022","1","40.052","-75.0507","0414","06","0","0","0","0","0","0","0","0","","0","0","0","04","3","2","00","N","0","40 03:07.258","","00","75 03:02.561","3","0","0","0","67301","0","0","0","N","0","0","0","2","67301","0","","3","01","","N","N","N","0","","2","0","0","0","0","","0410","2","1","0","0","0","0","0","2","0","1","03","","N","","","","","","","","","","",""
"2022070926","0855","1","0","0","0","0","0","0","0","0","4","0","","67","07","2022","6","39.9968","-75.1538","0850","06","0","0","0","1","0","0","0","0","","0","0","0","08","3","1","01","","0","39 59:48.463","","00","75 09:14.352","4","0","0","1","67301","0","0","0","N","0","0","0","2","67508","1","","1","01","","N","N","Y","0","","0","0","0","3","2","","0850","1","2","0","0","0","0","0","2","0","2","03","03","N","","","","","","","","","","",""
"2022078872","1805","0","0","0","0","0","0","0","0","0","4","0","","67","08","2022","1","40.0875","-74.9711","1801","06","0","0","0","0","0","1","0","0","","0","0","0","17","1","1","01","","0","40 05:15.133","","00","74 58:16.083","3","0","0","0","67301","0","0","0","N","0","0","0","4","67301","0","","1","01","","N","N","N","1","","1","0","1","3","2","","1746","1","2","0","0","0","0","0","2","0","2","03","","N","","","","","","","","","","",""
"2022069844","1728","1","0","0","0","0","0","0","0","0","4","0","","67","07","2022","3","40.067","-75.1583","1726","06","0","0","0","0","0","0","0","0","","0","0","0","17","1","3","05","","1","40 04:01.051","2","00","75 09:29.845","4","0","0","0","67301","0","0","0","N","0","0","0","4","67301","2","","1","01","1840","N","N","N","0","","0","0","1","3","2","N","1725","3","2","0","0","0","1","0","2","0","2","03","03","N","","","","","","","","","","",""
"2022070079","0630","1","0","0","0","0","0","0","0","0","8","0","","67","07","2022","1","39.9978","-75.1242","0630","06","0","0","0","0","0","0","0","0","","0","0","0","06","1","1","00","N","0","39 59:52.210","","00","75 07:26.972","2","0","0","0","67301","1","0","1","N","1","0","1","2","67301","0","","4","01","","N","N","N","0","","0","1","0","0","0","","0625","1","2","0","0","1","0","0","2","0","1","03","03","N","","","","","","","","","","",""
"2022069060","1511","1","0","0","0","0","0","0","0","0","4","0","","67","07","2022","6","40.0568","-75.047","1506","06","0","0","0","0","0","0","0","0","","0","0","0","15","1","1","01","","1","40 03:24.532","2","00","75 02:49.228","8","0","0","0","67301","0","0","0","N","0","0","0","2","67301","0","","1","01","0100","N","N","N","0","","0","0","1","3","2","N","1506","1","2","0","0","0","1","0","2","0","2","03","","N","","","","","","","","","","",""
"2022069159","1506","1","0","0","0","0","0","0","0","0","5","0","","67","07","2022","2","39.9434","-75.1488","1502","06","0","0","0","0","0","0","0","1","","0","0","0","14","1","1","00","N","2","39 56:36.130","2","00","75 08:55.630","3","0","0","0","67301","0","0","0","N","0","0","0","1","67301","0","","6","01","1525","N","N","N","0","","1","0","2","0","0","Y","1458","1","3","0","0","0","0","0","2","0","3","03","03","N","","","","","","","","","","",""
"2022079327","1850","1","0","0","0","0","0","0","0","0","8","0","","67","08","2022","2","39.9564","-75.2084","1845","06","0","0","0","0","0","0","0","0","","0","0","0","18","1","2","01","","0","39 57:23.054","","00","75 12:30.404","3","0","0","0","67301","1","0","0","N","1","0","0","2","67301","0","","1","01","","N","N","N","0","","1","0","0","3","2","","1843","2","2","0","0","0","1","0","2","0","1","03","03","N","","","","","","","","","","",""
"2022079161","0120","0","0","0","0","0","0","0","0","0","1","1","","67","08","2022","6","40.0175","-75.0481","0110","06","0","0","0","0","0","1","0","0","","0","1","0","01","3","0","00","N","0","40 01:03.111","","00","75 02:53.068","0","0","0","0","67301","0","0","0","N","0","0","0","2","67301","0","","1","01","","N","N","N","0","","0","0","1","0","0","","0100","0","2","0","0","0","0","0","2","0","2","03","","N","","","","","","","","","","",""
"2022068558","0735","1","0","0","0","0","0","0","0","0","5","0","","67","07","2022","3","39.9291","-75.1575","0732","06","0","0","0","0","0","0","0","0","","0","0","0","07","1","0","00","N","2","39 55:44.680","4","00","75 09:27.080","0","0","0","0","67301","0","0","0","N","0","0","0","1","67301","0","","6","01","0830","N","N","N","1","","0","0","2","0","0","Y","0721","0","4","0","0","0","0","0","2","0","4","03","","N","","","","","","","","","","",""
"2022069849","1535","2","0","0","0","0","0","0","0","0","4","0","","67","07","2022","5","39.9723","-75.2319","1530","06","0","0","1","0","0","0","1","0","","0","0","0","14","1","1","01","","0","39 58:20.420","","00","75 13:54.962","3","0","0","0","67301","0","0","0","N","0","0","0","2","67301","0","","1","01","","N","N","N","0","","1","0","0","3","3","","1432","1","2","0","0","0","0","0","2","0","2","03","03","N","","","","","","","","","","",""
"2022066442","","2","0","0","0","0","0","0","0","0","1","0","","67","07","2022","6","39.8919","-75.2419","","06","0","0","0","0","0","0","0","0","","0","0","0","11","1","4","02","","0","39 53:30.990","","00","75 14:30.862","8","0","0","0","67301","0","0","0","N","0","0","0","5","00000","0","","1","01","","","","N","0","","0","0","0","3","2","","1100","4","2","0","0","0","4","0","2","0","2","03","","N","","","","","","","","","","",""
"2022079917","0007","1","0","0","0","0","0","0","0","0","5","0","","67","08","2022","7","39.9506","-75.1618","2355","06","0","0","0","0","0","0","0","0","","0","0","0","23","3","1","00","N","0","39 57:02.132","","00","75 09:42.447","4","0","0","0","67301","0","0","0","N","0","0","0","3","67301","1","","1","01","","N","N","N","0","","0","0","1","0","0","","2305","1","2","0","0","0","0","0","2","0","2","03","03","N","","","","","","","","","","",""
"2022079933","2130","0","0","0","0","0","0","1","0","0","8","1","","67","08","2022","4","40.0374","-75.1818","2128","06","0","0","0","0","0","1","0","0","","1","0","0","21","3","0","01","","0","40 02:14.686","","00","75 10:54.569","1","0","0","0","67301","1","1","0","N","1","1","0","2","67301","0","2","1","01","","N","N","Y","0","0","0","0","0","3","2","","2125","0","2","0","0","0","0","0","2","0","1","03","03","N","","","","","","","","","","",""
"2022080020","0931","1","0","0","0","0","0","0","0","0","1","0","","67","08","2022","2","39.979","-75.2035","0929","06","0","0","0","0","0","1","0","0","","0","0","0","09","1","1","00","N","1","39 58:44.223","3","00","75 12:12.435","3","0","0","0","67301","0","0","0","N","0","0","0","2","68K01","0","","1","01","0950","N","N","N","1","","1","0","0","0","0","N","0927","1","2","0","0","0","0","0","2","0","2","03","03","N","","","","","","","","","","",""
"2022072078","2119","1","0","0","0","0","0","0","0","0","4","0","","67","08","2022","1","39.9541","-75.1897","2117","06","0","0","0","0","0","0","1","0","","0","0","0","21","3","1","01","","1","39 57:14.683","3","00","75 11:23.010","4","0","0","0","67301","0","0","0","N","0","0","0","2","67507","1","","1","01","2200","N","N","N","0","","0","0","1","3","2","Y","2115","1","2","0","0","0","0","0","2","0","2","03","","N","","","","","","","","","","",""