"CRN","ARRIVAL_TM","AUTOMOBILE_COUNT","BELTED_DEATH_COUNT","BELTED_SUSP_SERIOUS_INJ_COUNT","BICYCLE_COUNT","BICYCLE_DEATH_COUNT","BICYCLE_SUSP_SERIOUS_INJ_COUNT","BUS_COUNT","CHLDPAS_DEATH_COUNT","CHLDPAS_SUSP_SERIOUS_INJ_COUNT","COLLISION_TYPE","COMM_VEH_COUNT","CONS_ZONE_SPD_LIM","COUNTY","CRASH_MONTH","CRASH_YEAR","DAY_OF_WEEK","DEC_LAT","DEC_LONG","DISPATCH_TM","DISTRICT","DRIVER_COUNT_16YR","DRIVER_COUNT_17YR","DRIVER_COUNT_18YR","DRIVER_COUNT_19YR","DRIVER_COUNT_20YR","DRIVER_COUNT_50_64YR","DRIVER_COUNT_65_74YR","DRIVER_COUNT_75PLUS","EST_HRS_CLOSED","FATAL_COUNT","HEAVY_TRUCK_COUNT","HORSE_BUGGY_COUNT","HOUR_OF_DAY","ILLUMINATION","INJURY_COUNT","INTERSECT_TYPE","INTERSECTION_RELATED","LANE_CLOSED","LATITUDE","LN_CLOSE_DIR","LOCATION_TYPE","LONGITUDE","MAX_SEVERITY_LEVEL","MCYCLE_DEATH_COUNT","MCYCLE_SUSP_SERIOUS_INJ_COUNT","MOTORCYCLE_COUNT","MUNICIPALITY","NONMOTR_COUNT","NONMOTR_DEATH_COUNT","NONMOTR_SUSP_SERIOUS_INJ_COUNT","NTFY_HIWY_MAINT","PED_COUNT","PED_DEATH_COUNT","PED_SUSP_SERIOUS_INJ_COUNT","PERSON_COUNT","POLICE_AGCY","POSSIBLE_INJ_COUNT","RDWY_SURF_TYPE_CD","RELATION_TO_ROAD","ROAD_CONDITION","ROADWAY_CLEARED","SCH_BUS_IND","SCH_ZONE_IND","SECONDARY_CRASH","SMALL_TRUCK_COUNT","SPEC_JURIS_CD","SUSP_MINOR_INJ_COUNT","SUSP_SERIOUS_INJ_COUNT","SUV_COUNT","TCD_FUNC_CD","TCD_TYPE","TFC_DETOUR_IND","TIME_OF_DAY","TOT_INJ_COUNT","TOTAL_UNITS","UNB_DEATH_COUNT","UNB_SUSP_SERIOUS_INJ_COUNT","UNBELTED_OCC_COUNT","UNK_INJ_DEG_COUNT","UNK_INJ_PER_COUNT","URBAN_RURAL","VAN_COUNT","VEHICLE_COUNT","WEATHER1","WEATHER2","WORK_ZONE_IND","WORK_ZONE_LOC","WORK_ZONE_TYPE","WORKERS_PRES","WZ_CLOSE_DETOUR","WZ_FLAGGER","WZ_LAW_OFFCR_IND","WZ_LN_CLOSURE","WZ_MOVING","WZ_OTHER","WZ_SHLDER_MDN","WZ_WORKERS_INJ_KILLED"
"2022083655","1301","2","0","0","0","0","0","0","0","0","4","0","","67","09","2022","5","40.0105","-75.1608","1245","06","0","0","0","0","0","0","0","0","","0","0","0","11","1","0","01","","0","40 00:37.740","","00","75 09:38.779","9","0","0","0","67301","0","0","0","N","0","0","0","2","67301","0","","1","01","","N","N","N","0","","0","0","0","3","3","","1159","0","2","0","0","0","0","1","2","0","2","03","","N","","","","","","","","","","",""
"2022076283","0830","2","0","0","0","0","0","0","0","0","4","0","","67","08","2022","2","39.9965","-75.2288","0830","06","0","0","0","0","0","0","0","0","","0","0","0","10","1","1","01","","0","39 59:47.349","","00","75 13:43.633","4","0","0","0","67301","0","0","0","N","0","0","0","2","67301","1","","1","99","","N","N","N","0","","0","0","0","3","3","","1020","1","2","0","0","0","0","0","2","0","2","99","","N","","","","","","","","","","",""
"2022085006","1734","0","0","0","0","0","0","0","0","0","1","0","","67","09","2022","5","39.9111","-75.149","1719","06","0","0","0","0","0","1","0","0","","0","0","0","17","1","1","00","N","0","39 54:40.074","","00","75 08:56.349","3","0","0","0","67301","0","0","0","N","0","0","0","2","68K01","0","","2","01","","N","N","N","0","","1","0","2","0","0","","1716","1","2","0","0","0","0","0","2","0","2","03","03","N","","","","","","","","","","",""
"2022083462","0031","1","0","0","0","0","0","0","0","0","7","0","","67","09","2022","1","39.9433","-75.1428","0020","06","0","0","0","0","0","0","0","0","","0","0","0","23","3","0","00","N","0","39 56:35.734","","00","75 08:34.007","0","0","0","0","67301","0","0","0","N","0","0","0","1","68K01","0","","4","09","","N","N","N","0","","0","0","0","0","0","","2355","0","1","0","0","0","0","0","2","0","1","07","07","N","","","","","","","","","","",""
"2022075783","1410","2","0","0","0","0","0","0","0","0","4","0","","67","08","2022","4","40.0032","-75.1414","1357","06","0","0","0","0","0","0","0","0","","0","0","0","13","1","0","01","","1","40 00:11.462","4","00","75 08:29.144","0","0","0","0","67301","0","0","0","N","0","0","0","3","67301","0","","1","01","1420","N","N","N","0","","0","0","0","3","3","N","1327","0","2","0","0","0","0","0","2","0","2","03","04","N","","","","","","","","","","",""
"2022073507","1717","1","0","0","0","0","0","0","0","0","4","0","","67","08","2022","3","40.0279","-75.1065","1703","06","0","0","0","0","0","0","1","0","","0","0","0","16","1","2","02","","0","40 01:40.440","","00","75 06:23.314","3","0","0","0","67301","0","0","0","N","0","0","0","3","67301","0","","1","01","","N","N","N","0","","2","0","1","3","2","","1657","2","2","0","0","2","0","0","2","0","2","03","03","N","","","","","","","","","","",""
"2022081170","2234","1","0","0","0","0","0","0","0","0","4","0","","67","09","2022","5","40.0303","-75.0644","1127","06","0","0","0","0","0","1","0","0","","0","0","0","10","1","1","01","","0","40 01:49.158","","00","75 03:52.059","3","0","0","0","67301","0","0","0","N","0","0","0","2","67301","0","","1","01","","N","N","N","1","","1","0","1","0","0","","1050","1","3","0","0","0","0","0","2","0","3","03","","N","","","","","","","","","","",""
"2022096717","0730","2","0","0","0","0","0","0","0","0","2","0","","67","04","2022","3","40.0979","-75.0471","0726","06","0","1","0","0","0","1","0","0","","0","0","0","07","1","0","00","N","2","40 05:52.599","6","00","75 02:49.467","9","0","0","0","67301","0","0","0","N","0","0","0","3","67301","0","","1","09","1030","N","N","Y","0","","0","0","1","0","0","N","0720","0","3","0","0","0","0","2","2","0","3","07","","N","","","","","","","","","","",""
"2022097366","1652","0","0","0","0","0","0","0","0","0","1","0","","67","09","2022","4","40.0076","-75.0725","1613","06","0","0","0","0","0","0","0","0","","0","0","0","15","1","1","00","N","0","40 00:27.206","","00","75 04:20.837","4","0","0","0","67301","0","0","0","N","0","0","0","4","68K01","1","","1","01","","N","N","N","0","","0","0","2","0","0","","1558","1","3","0","0","0","0","3","2","0","3","03","","N","","","","","","","","","","",""
"2022072632","1450","0","0","0","1","0","0","0","0","0","8","0","","67","08","2022","2","39.9179","-75.1593","1445","06","0","0","0","0","0","0","0","0","","0","0","0","14","1","1","01","","0","39 55:04.544","","00","75 09:33.400","4","0","0","0","67301","1","0","0","N","0","0","0","2","67301","1","","1","01","","N","N","N","0","","0","0","0","3","3","","1400","1","2","0","0","0","0","0","2","1","1","03","03","N","","","","","","","","","","",""
"2022073981","1051","1","0","0","0","0","0","0","0","0","2","0","","67","08","2022","2","40.004","-75.1281","1050","06","0","0","0","0","0","0","0","0","","0","0","0","10","1","0","00","N","0","40 00:14.450","","00","75 07:41.110","0","0","0","0","67301","0","0","0","N","0","0","0","2","67301","0","","6","01","","N","N","N","1","","0","0","0","0","0","","1045","0","2","0","0","0","0","0","2","0","2","03","03","N","","","","","","","","","","",""
"2022073744","2238","1","0","0","0","0","0","0","0","0","5","0","","67","08","2022","2","39.9427","-75.1578","2238","06","0","0","0","0","0","1","0","0","","0","0","0","22","3","0","00","N","0","39 56:33.700","","00","75 09:28.200","0","0","0","0","67301","0","0","0","N","0","0","0","1","67301","0","","6","01","","N","N","N","0","","0","0","1","0","0","","2235","0","2","0","0","1","0","0","2","0","2","03","03","N","","","","","","","","","","",""
"2022074309","2121","2","0","0","0","0","0","0","0","0","5","0","","67","08","2022","7","39.9553","-75.1478","2118","06","0","0","0","0","0","0","0","0","","0","0","0","21","3","0","00","N","2","39 57:19.023","4","08","75 08:51.936","0","0","0","0","67301","0","0","0","N","0","0","0","5","67501","0","","1","01","2126","N","N","N","0","","0","0","0","0","0","N","2118","0","2","0","0","0","0","0","2","0","2","03","","N","","","","","","","","","","",""
"2022073714","1251","2","0","0","0","0","0","0","0","0","5","0","","67","08","2022","5","40.0267","-75.1829","1251","06","0","0","0","0","0","0","0","0","","0","0","0","00","3","0","00","N","2","40 01:36.206","1","00","75 10:58.565","0","0","0","0","67301","0","0","0","N","0","0","0","1","67301","0","","6","01","0200","N","N","Y","0","","0","0","1","0","0","N","0050","0","3","0","0","1","0","0","2","0","3","03","03","N","","","","","","","","","","",""
"2022083623","1156","2","0","0","0","0","0","0","0","0","4","1","","67","09","2022","5","39.9732","-75.2122","1110","06","0","0","0","0","0","1","0","0","","0","1","0","10","1","0","01","","1","39 58:23.653","7","00","75 12:44.012","9","0","0","0","67301","0","0","0","N","0","0","0","4","67301","0","","1","01","1330","N","N","N","0","","0","0","0","3","2","N","1056","0","3","0","0","0","0","1","2","0","3","03","03","N","","","","","","","","","","",""
"2022080596","1348","1","0","0","0","0","0","0","0","0","4","0","","67","08","2022","1","39.9711","-75.2287","1347","06","0","0","0","0","0","0","0","0","","0","0","0","05","1","1","01","","0","39 58:15.920","","00","75 13:43.424","3","0","0","0","67301","0","0","0","N","0","0","0","2","67301","0","","1","01","","N","N","N","0","","1","0","1","3","2","","0520","1","2","0","0","0","0","0","2","0","2","03","03","N","","","","","","","","","","",""
"2022084011","0915","2","0","0","0","0","0","0","0","0","4","0","","67","09","2022","3","40.0071","-75.0738","0908","06","0","0","0","0","1","0","0","0","","0","0","0","09","1","1","00","N","0","40 00:25.507","","00","75 04:25.560","8","0","0","0","67301","0","0","0","N","0","0","0","4","67301","0","","1","01","","N","N","N","1","","0","0","0","0","0","","0900","1","3","0","0","0","1","0","2","0","3","03","03","N","","","","","","","","","","",""
"2022096714","0835","1","0","0","0","0","0","0","0","0","1","1","","67","10","2022","1","40.0496","-75.0956","0835","06","0","0","0","0","0","1","0","0","","0","1","0","06","1","0","01","","1","40 02:58.479","1","00","75 05:44.227","0","0","0","0","67301","0","0","0","N","0","0","0","2","67301","0","","1","01","0100","N","N","N","0","","0","0","0","3","2","N","0630","0","2","0","0","1","0","0","2","0","2","03","03","N","","","","","","","","","","",""
"2022081977","0016","0","0","0","1","0","0","0","0","0","8","0","","67","09","2022","1","39.939","-75.2324","0009","06","0","0","0","0","0","0","0","0","","0","0","0","23","3","1","01","","0","39 56:20.464","","00","75 13:56.607","8","0","0","0","67301","1","0","0","N","0","0","0","2","67301","0","","1","01","","N","N","N","0","","0","0","1","3","2","","2303","1","2","0","0","0","1","1","2","0","1","03","03","N","","","","","","","","","","",""
"2022097371","0755","1","0","0","0","0","0","0","0","0","5","1","","67","09","2022","3","39.99","-75.2057","0741","06","0","0","0","0","0","1","0","0","","0","1","0","07","1","1","00","N","1","39 59:24.060","3","00","75 12:20.482","3","0","0","0","67301","0","0","0","N","0","0","0","2","68K01","0","","1","01","0820","N","N","N","0","","1","0","0","0","0","N","0738","1","2","0","0","0","0","0","2","0","2","03","","N","","","","","","","","","","",""
"2022081242","1343","1","0","0","0","0","0","0","0","0","3","0","","67","09","2022","7","40.0129","-75.1188","1340","06","0","0","0","0","1","0","1","0","","0","0","0","13","1","1","00","N","0","40 00:46.510","","07","75 07:07.590","8","0","0","1","67301","0","0","0","N","0","0","0","2","67301","0","","1","01","","N","N","N","0","","0","0","0","0","0","","1330","1","2","0","0","1","1","0","2","0","2","03","03","N","","","","","","","","","","",""
"2022097346","0627","0","0","0","0","0","0","0","0","0","7","0","","67","08","2022","7","39.9717","-75.1933","0621","06","0","0","0","0","0","0","0","0","","0","0","0","06","1","0","07","","0","39 58:18.209","","02","75 11:35.991","0","0","0","0","67301","0","0","0","Y","0","0","0","2","68K01","0","","7","01","","N","N","N","0","","0","0","1","0","0","","0615","0","1","0","0","0","0","0","2","0","1","03","03","N","","","","","","","","","","",""
"2022074094","1740","4","0","0","0","0","0","0","0","0","4","0","","67","08","2022","7","40.0542","-75.0493","1735","06","0","1","0","0","0","0","0","0","","0","0","0","17","1","1","01","","2","40 03:15.244","2","00","75 02:57.569","8","0","0","0","67301","0","0","0","N","0","0","0","5","67301","0","","1","01","0100","N","N","N","0","","0","0","1","3","2","Y","1733","1","5","0","0","0","1","4","2","0","5","03","","N","","","","","","","","","","",""
"2022083567","1852","0","0","0","0","0","0","0","0","0","4","0","","67","09","2022","4","39.9948","-75.1593","1849","06","0","0","0","0","0","0","0","0","","0","0","0","18","1","6","01","","1","39 59:41.262","7","00","75 09:33.551","3","0","0","0","67301","0","0","0","N","0","0","0","6","67301","1","","1","01","1848","N","Y","N","1","","5","0","1","3","2","N","1848","6","2","0","0","0","0","0","2","0","2","03","","N","","","","","","","","","","",""
"2022079019","1009","0","0","0","0","0","0","0","0","0","1","0","","67","08","2022","7","39.9868","-75.2086","0942","06","0","0","0","0","0","1","0","0","","0","0","0","09","1","2","03","","0","39 59:12.400","","02","75 12:30.800","4","0","0","0","67301","0","0","0","N","0","0","0","3","68K01","1","","1","01","","N","N","N","1","","0","0","1","3","3","","0941","2","2","0","0","0","1","1","2","0","2","03","","N","","","","","","","","","","",""
"2022074210","1500","1","0","0","0","0","0","0","0","0","4","0","","67","08","2022","2","40.0241","-75.1332","1500","06","0","0","0","0","0","0","0","0","","0","0","0","17","1","2","01","","0","40 01:26.939","","00","75 07:59.530","3","0","0","0","67301","0","0","0","N","0","0","0","3","67301","0","","1","01","","N","N","N","0","","2","0","0","3","2","","1730","2","2","0","0","0","0","1","2","1","2","03","03","N","","","","","","","","","","",""
"2022083606","0933","0","0","0","0","0","0","0","0","0","7","1","","67","09","2022","7","39.9324","-75.2189","0933","06","0","0","0","0","0","0","0","0","","0","1","0","09","1","0","00","N","0","39 55:56.610","","01","75 13:08.100","0","0","0","0","67301","0","0","0","N","0","0","0","1","67301","0","","1","01","","N","N","N","0","","0","0","0","0","0","","0930","0","1","0","0","0","0","0","2","0","1","03","03","N","","","","","","","","","","",""
"2022060055","2304","2","0","0","0","0","0","0","0","0","8","0","","67","06","2022","4","39.9679","-75.2112","2259","06","0","0","0","0","0","0","0","0","","1","0","0","22","3","2","01","","0","39 58:04.346","","00","75 12:40.460","1","0","0","0","67301","2","1","0","N","2","1","0","3","67301","0","2","1","01","","N","N","N","0","0","2","0","1","3","2","","2255","2","6","0","0","0","0","0","2","1","4","03","","N","","","","","","","","","","",""
"2022075786","1726","0","0","0","0","0","0","0","0","0","8","0","","67","08","2022","2","39.9881","-75.1424","1725","06","0","0","0","0","0","0","0","0","","0","0","0","17","1","1","00","N","0","39 59:16.990","","00","75 08:32.760","3","0","0","0","67301","1","0","0","N","1","0","0","2","67301","0","","1","01","","N","N","N","0","","1","0","1","0","0","","1720","1","2","0","0","1","0","0","2","0","1","03","03","N","","","","","","","","","","",""
"2022097445","0155","1","0","0","0","0","0","0","0","0","4","0","","67","08","2022","7","39.9711","-75.2287","0148","06","0","0","0","0","0","0","0","0","","0","0","0","01","3","0","01","","0","39 58:15.920","","00","75 13:43.424","0","0","0","0","67301","0","0","0","N","0","0","0","4","67301","0","","1","01","","N","N","N","0","","0","0","1","3","2","","0146","0","2","0","0","4","0","0","2","0","2","03","03","N","","","","","","","","","","",""
"2022080970","2347","0","0","0","0","0","0","0","0","0","8","0","","67","09","2022","7","40.0446","-75.0547","2347","06","0","0","0","0","0","0","0","0","","0","0","0","23","3","1","01","","2","40 02:40.636","2","00","75 03:16.819","2","0","0","0","67301","1","0","1","N","1","0","1","2","67301","0","","1","01","0100","N","N","N","0","","0","1","1","3","2","Y","2345","1","2","0","0","0","0","0","2","0","1","03","","N","","","","","","","","","","",""
"2022097390","1952","1","0","0","0","0","0","0","0","0","1","1","","67","10","2022","7","40.0558","-74.9843","1932","06","0","0","0","0","1","1","0","0","","0","1","0","19","3","1","00","N","2","40 03:20.854","2","00","74 59:03.622","8","0","0","0","67301","0","0","0","N","0","0","0","3","68K01","0","","1","01","2100","N","N","N","0","","0","0","1","0","0","Y","1931","1","3","0","0","0","1","0","2","0","3","03","","N","","","","","","","","","","",""
"2022083565","0136","1","0","0","0","0","0","0","0","0","4","0","","67","09","2022","6","39.9843","-75.1248","0134","06","0","0","0","0","0","1","0","0","","0","0","0","01","3","3","01","","0","39 59:03.579","","00","75 07:29.354","8","0","0","0","67301","0","0","0","N","0","0","0","3","67301","0","","1","01","","N","N","N","0","","0","0","1","3","3","","0130","3","2","0","0","0","3","0","2","0","2","03","03","N","","","","","","","","","","",""
"2022097443","0115","0","0","0","0","0","0","0","0","0","8","0","","67","07","2022","1","39.9778","-75.2134","0109","06","0","0","0","0","0","0","0","0","","0","0","0","00","3","1","01","","0","39 58:39.965","","00","75 12:48.419","8","0","0","0","67301","1","0","0","N","1","0","0","2","67301","0","","1","01","","N","N","N","0","","0","0","0","3","2","","0057","1","2","0","0","0","1","0","2","0","1","03","03","N","","","","","","","","","","",""
"2022073702","0730","1","0","0","0","0","0","0","0","0","4","0","","67","08","2022","5","39.9754","-75.19","0721","06","0","0","0","0","0","0","0","0","","0","0","0","06","1","1","03","","1","39 58:31.433","4","00","75 11:23.825","3","0","0","0","67301","0","0","0","N","0","0","0","3","67301","0","","1","09","0921","N","N","N","0","","1","0","0","3","2","Y","0618","1","2","0","0","0","0","2","2","1","2","03","03","N","","","","","","","","","","",""
"2022084477","0116","1","0","0","0","0","0","0","0","0","7","0","","67","09","2022","6","39.9605","-75.1816","0105","06","0","0","0","0","0","0","0","0","","0","0","0","01","3","1","00","N","1","39 57:37.880","3","00","75 10:53.847","3","0","0","0","67301","0","0","0","N","0","0","0","2","68K01","0","","4","01","0135","N","N","N","0","","1","0","0","0","0","N","0102","1","1","0","0","0","0","0","2","0","1","03","","N","","","","","","","","","","",""
"2022080607","1440","0","0","0","1","0","0","0","0","0","8","0","","67","08","2022","4","39.9851","-75.2474","1435","06","0","0","0","0","0","0","0","0","","0","0","0","16","1","1","01","","0","39 59:06.252","","00","75 14:50.560","4","0","0","0","67301","1","0","0","N","0","0","0","2","67301","1","","1","01","","N","N","N","0","","0","0","0","3","2","","1630","1","2","0","0","0","0","0","2","0","1","03","03","N","","","","","","","","","","",""
"2022079137","1638","2","0","0","0","0","0","0","0","0","1","0","","67","08","2022","2","39.9029","-75.2399","1636","06","0","0","0","0","0","0","0","0","","0","0","0","15","1","1","00","N","0","39 54:10.593","","00","75 14:23.806","3","0","0","0","67301","0","0","0","N","0","0","0","2","67301","0","","1","01","","N","N","N","0","","1","0","0","0","0","","1535","1","2","0","0","0","0","0","2","0","2","03","03","N","","","","","","","","","","",""
"2022090862","0144","0","0","0","0","0","0","0","0","0","7","0","","67","10","2022","7","39.9604","-75.181","0144","06","0","0","0","0","0","0","0","0","","0","0","0","01","3","0","00","N","2","39 57:37.301","4","02","75 10:51.637","0","0","0","0","67301","0","0","0","N","0","0","0","3","68K01","0","","2","09","0200","N","N","N","0","","0","0","1","0","0","Y","0144","0","1","0","0","0","0","0","2","0","1","07","","N","","","","","","","","","","",""
"2022097019","0415","1","0","0","0","0","0","0","0","0","5","0","","67","07","2022","7","39.9671","-75.248","0405","06","0","0","0","0","0","0","0","0","","0","0","0","02","3","1","00","N","0","39 58:01.720","","00","75 14:52.640","3","0","0","0","67301","0","0","0","N","0","0","0","2","67301","0","","6","01","","N","N","N","0","","1","0","1","0","0","","0200","1","2","0","0","0","0","1","2","0","2","03","","N","","","","","","","","","","",""
"2022081829","2233","2","0","0","0","0","0","0","0","0","5","0","","67","09","2022","1","40.0266","-75.177","2233","06","0","0","0","0","0","0","0","0","","0","0","0","22","3","0","00","N","0","40 01:35.630","","00","75 10:37.370","9","0","0","0","67301","0","0","0","N","0","0","0","1","67301","0","","6","01","","N","N","N","1","","0","0","1","0","0","","2226","0","4","0","0","0","0","1","2","0","4","03","03","N","","","","","","","","","","",""
"2022096233","0516","1","0","0","0","0","0","0","0","0","7","0","","67","10","2022","2","39.9435","-75.1427","0508","06","0","0","0","0","0","0","0","0","","0","0","0","05","3","0","00","N","0","39 56:36.721","","00","75 08:33.817","0","0","0","0","67301","0","0","0","N","0","0","0","1","68K01","0","","4","09","","N","N","N","0","","0","0","0","0","0","","0505","0","1","0","0","0","0","0","2","0","1","03","","N","","","","","","","","","","",""
"2022081864","2030","1","0","0","0","0","0","0","0","0","8","0","","67","09","2022","7","40.0232","-75.1244","2030","06","0","0","0","0","0","1","0","0","","1","0","0","17","1","0","01","","0","40 01:23.401","","00","75 07:27.865","1","0","0","0","67301","1","1","0","N","1","1","0","2","67301","0","2","1","01","","N","N","N","0","0","0","0","0","0","0","","1758","0","2","0","0","1","0","0","2","0","1","03","","N","","","","","","","","","","",""
"2022096216","2310","0","0","0","0","0","0","0","0","0","7","0","","67","09","2022","6","40.0457","-75.0017","2302","06","0","0","0","0","0","0","1","0","","0","0","0","22","3","2","00","N","1","40 02:44.355","1","00","75 00:06.010","2","0","0","0","67301","0","0","0","N","0","0","0","2","68K01","0","","4","01","0200","N","N","N","0","","0","2","1","0","0","N","2251","2","1","0","0","0","0","0","2","0","1","03","","N","","","","","","","","","","",""
"2022097020","0315","1","0","0","0","0","0","0","0","0","1","0","","67","08","2022","1","39.9619","-75.2265","0305","06","0","0","0","0","0","0","0","0","","0","0","0","02","3","0","00","N","0","39 57:42.760","","00","75 13:35.460","9","0","0","0","67301","0","0","0","N","0","0","0","3","67301","0","","1","01","","N","N","N","0","","0","0","1","0","0","","0234","0","2","0","0","0","0","1","2","0","2","03","03","N","","","","","","","","","","",""
"2022083627","1528","0","0","0","0","0","0","0","0","0","4","0","","67","09","2022","7","39.9789","-75.2323","1518","06","0","0","0","0","0","0","0","0","","0","0","0","14","1","1","01","","0","39 58:44.097","","00","75 13:56.128","3","0","0","0","67301","0","0","0","N","0","0","0","2","67301","0","","1","01","","N","N","N","0","","1","0","1","3","3","","1457","1","2","0","0","0","0","0","2","1","2","03","03","N","","","","","","","","","","",""
"2022096768","1556","2","0","0","0","0","0","0","0","0","4","0","","67","10","2022","6","39.9833","-75.1195","1556","06","0","0","0","0","0","0","0","0","","0","0","0","15","1","0","00","N","9","39 58:59.840","","00","75 07:10.270","0","0","0","0","67301","0","0","0","N","0","0","0","1","67301","0","","6","01","","N","N","N","0","","0","0","0","0","0","","1500","0","2","0","0","0","0","0","2","0","2","03","03","N","","","","","","","","","","",""
"2022083625","0747","1","0","0","0","0","0","0","0","0","4","1","","67","08","2022","7","39.9519","-75.2388","0747","06","0","0","0","0","0","0","0","0","","0","1","0","07","1","1","01","","1","39 57:06.994","4","00","75 14:19.680","3","0","0","0","67301","0","0","0","N","0","0","0","2","67301","0","","1","01","0900","N","N","N","0","","1","0","1","3","2","Y","0746","1","3","0","0","0","0","0","2","0","3","03","","N","","","","","","","","","","",""
"2022072254","2015","1","0","0","1","0","0","0","0","0","8","0","","67","08","2022","1","39.9397","-75.1815","2015","06","0","0","0","0","0","0","0","1","","0","0","0","19","4","1","01","","0","39 56:22.794","","00","75 10:53.366","3","0","0","0","67301","1","0","0","N","0","0","0","2","67301","0","","1","01","","N","N","N","0","","1","0","0","3","2","","1900","1","2","0","0","0","0","1","2","0","1","03","","N","","","","","","","","","","",""
"2022078050","1840","1","0","0","0","0","0","0","0","0","1","0","","67","08","2022","5","39.9865","-75.1561","1839","06","0","0","0","0","0","0","0","0","","0","0","0","18","1","0","00","N","0","39 59:11.293","","00","75 09:21.972","0","0","0","0","67301","0","0","0","N","0","0","0","6","67301","0","","1","01","","N","N","N","0","","0","0","1","0","0","","1838","0","2","0","0","0","0","0","2","0","2","03","03","N","","","","","","","","","","",""
"2022079341","1023","1","0","0","0","0","0","0","0","0","8","0","","67","08","2022","7","40.017","-75.1883","1020","06","0","0","0","0","0","0","0","0","","0","0","0","10","1","1","01","","0","40 01:01.180","","00","75 11:17.957","3","0","0","0","67301","1","0","0","N","1","0","0","2","67301","0","","1","01","","N","N","N","0","","1","0","0","3","2","","1019","1","2","0","0","0","0","0","2","0","1","03","","N","","","","","","","","","","",""
"2022080943","2033","0","0","0","0","0","0","0","0","0","5","0","","67","09","2022","6","39.9693","-75.1599","2033","06","0","0","0","0","0","1","0","0","","0","0","0","20","3","1","00","N","0","39 58:09.355","","00","75 09:35.479","4","0","0","0","67301","0","0","0","N","0","0","0","2","67301","1","","1","01","","N","N","N","0","","0","0","2","0","0","","2032","1","2","0","0","1","0","0","2","0","2","03","03","N","","","","","","","","","","",""
"2022096765","1601","0","0","0","0","0","0","0","0","0","8","0","","67","10","2022","5","39.9976","-75.0888","1604","06","0","0","0","0","0","0","0","0","","0","0","0","20","3","1","00","N","0","39 59:51.438","","07","75 05:19.725","3","0","0","0","67301","1","0","0","N","1","0","0","1","67301","0","","1","01","","N","N","N","0","","1","0","0","0","0","","2027","1","2","0","0","0","0","0","2","0","1","03","03","N","","","","","","","","","","",""
"2022097439","0152","2","0","0","0","0","0","0","0","0","4","0","","67","07","2022","1","39.9891","-75.2272","0150","06","0","0","0","0","0","0","0","0","","0","0","0","01","3","0","00","N","0","39 59:20.800","","07","75 13:38.000","0","0","0","0","67301","0","0","0","N","0","0","0","2","67301","0","","1","01","","N","N","N","0","","0","0","0","0","0","","0140","0","2","0","0","0","0","0","2","0","2","03","03","N","","","","","","","","","","",""
"2022080826","1513","1","0","0","0","0","0","0","0","0","6","0","","67","09","2022","6","40.0647","-75.001","1503","06","0","0","0","0","0","0","0","1","","0","0","0","15","1","2","00","N","1","40 03:52.800","6","00","75 00:03.630","3","0","0","0","67301","0","0","0","N","0","0","0","2","67301","0","","1","01","1540","N","N","N","0","","2","0","1","0","0","N","1500","2","2","0","0","2","0","0","2","0","2","03","03","N","","","","","","","","","","",""
"2022081198","0913","0","0","0","0","0","0","0","0","0","8","0","","67","09","2022","7","40.0566","-75.0282","0908","06","0","0","0","0","0","1","0","0","","0","0","0","09","1","1","01","","0","40 03:23.692","","00","75 01:41.577","3","0","0","0","67301","1","0","0","N","1","0","0","2","67301","0","","1","01","","N","N","N","0","","1","0","1","3","2","","0906","1","2","0","0","0","0","0","2","0","1","03","03","N","","","","","","","","","","",""
"2022088706","0022","1","0","0","0","0","0","0","0","0","7","0","","67","09","2022","1","39.8836","-75.2447","2248","06","0","0","0","0","0","0","0","0","","0","0","0","22","3","0","00","N","0","39 53:01.119","","00","75 14:41.031","9","0","0","0","67301","0","0","0","N","0","0","0","1","68K01","0","","4","01","","N","N","N","0","","0","0","0","0","0","","2245","0","1","0","0","1","0","1","2","0","1","03","","N","","","","","","","","","","",""
"2022081435","1730","2","0","0","0","0","0","0","0","0","4","0","","67","09","2022","2","40.0451","-75.1582","1723","06","0","0","0","0","0","0","0","0","","0","0","0","17","1","2","01","","0","40 02:42.313","","00","75 09:29.577","3","0","0","0","67301","0","0","0","N","0","0","0","3","67301","0","","1","01","","N","N","N","0","","2","0","0","3","2","","1710","2","2","0","0","0","0","0","2","0","2","04","","N","","","","","","","","","","",""
"2022083551","0740","2","0","0","0","0","0","0","0","0","4","0","","67","09","2022","7","39.9182","-75.2088","0737","06","0","0","0","0","0","0","0","0","","0","0","0","07","1","1","01","","1","39 55:05.610","2","00","75 12:31.544","3","0","0","0","67301","0","0","0","N","0","0","0","5","67301","0","","1","01","0750","N","N","N","0","","1","0","0","3","2","N","0733","1","2","0","0","0","0","0","2","0","2","03","","N","","","","","","","","","","",""
"2022091594","1044","3","0","0","0","0","0","0","0","0","1","0","","67","09","2022","7","39.9793","-75.2041","1033","06","0","0","0","0","0","1","0","0","","0","0","0","10","1","0","00","N","1","39 58:45.640","3","00","75 12:14.618","0","0","0","0","67301","0","0","0","N","0","0","0","7","68K01","0","","1","01","1105","N","N","N","1","","0","0","1","0","0","N","1032","0","5","0","0","0","0","0","2","0","5","03","03","N","","","","","","","","","","",""