"CRN","ARRIVAL_TM","AUTOMOBILE_COUNT","BELTED_DEATH_COUNT","BELTED_SUSP_SERIOUS_INJ_COUNT","BICYCLE_COUNT","BICYCLE_DEATH_COUNT","BICYCLE_SUSP_SERIOUS_INJ_COUNT","BUS_COUNT","CHLDPAS_DEATH_COUNT","CHLDPAS_SUSP_SERIOUS_INJ_COUNT","COLLISION_TYPE","COMM_VEH_COUNT","CONS_ZONE_SPD_LIM","COUNTY","CRASH_MONTH","CRASH_YEAR","DAY_OF_WEEK","DEC_LAT","DEC_LONG","DISPATCH_TM","DISTRICT","DRIVER_COUNT_16YR","DRIVER_COUNT_17YR","DRIVER_COUNT_18YR","DRIVER_COUNT_19YR","DRIVER_COUNT_20YR","DRIVER_COUNT_50_64YR","DRIVER_COUNT_65_74YR","DRIVER_COUNT_75PLUS","EST_HRS_CLOSED","FATAL_COUNT","HEAVY_TRUCK_COUNT","HORSE_BUGGY_COUNT","HOUR_OF_DAY","ILLUMINATION","INJURY_COUNT","INTERSECT_TYPE","INTERSECTION_RELATED","LANE_CLOSED","LATITUDE","LN_CLOSE_DIR","LOCATION_TYPE","LONGITUDE","MAX_SEVERITY_LEVEL","MCYCLE_DEATH_COUNT","MCYCLE_SUSP_SERIOUS_INJ_COUNT","MOTORCYCLE_COUNT","MUNICIPALITY","NONMOTR_COUNT","NONMOTR_DEATH_COUNT","NONMOTR_SUSP_SERIOUS_INJ_COUNT","NTFY_HIWY_MAINT","PED_COUNT","PED_DEATH_COUNT","PED_SUSP_SERIOUS_INJ_COUNT","PERSON_COUNT","POLICE_AGCY","POSSIBLE_INJ_COUNT","RDWY_SURF_TYPE_CD","RELATION_TO_ROAD","ROAD_CONDITION","ROADWAY_CLEARED","SCH_BUS_IND","SCH_ZONE_IND","SECONDARY_CRASH","SMALL_TRUCK_COUNT","SPEC_JURIS_CD","SUSP_MINOR_INJ_COUNT","SUSP_SERIOUS_INJ_COUNT","SUV_COUNT","TCD_FUNC_CD","TCD_TYPE","TFC_DETOUR_IND","TIME_OF_DAY","TOT_INJ_COUNT","TOTAL_UNITS","UNB_DEATH_COUNT","UNB_SUSP_SERIOUS_INJ_COUNT","UNBELTED_OCC_COUNT","UNK_INJ_DEG_COUNT","UNK_INJ_PER_COUNT","URBAN_RURAL","VAN_COUNT","VEHICLE_COUNT","WEATHER1","WEATHER2","WORK_ZONE_IND","WORK_ZONE_LOC","WORK_ZONE_TYPE","WORKERS_PRES","WZ_CLOSE_DETOUR","WZ_FLAGGER","WZ_LAW_OFFCR_IND","WZ_LN_CLOSURE","WZ_MOVING","WZ_OTHER","WZ_SHLDER_MDN","WZ_WORKERS_INJ_KILLED"
"2022091629","1606","0","0","0","0","0","0","0","0","0","1","0","","67","09","2022","4","39.9662","-75.1356","1605","06","0","0","0","0","0","1","0","0","","0","0","0","15","1","0","00","N","0","39 57:58.467","","00","75 08:08.014","0","0","0","0","67301","0","0","0","N","0","0","0","2","68K01","0","","1","01","","N","N","N","0","","0","0","2","0","0","","1556","0","2","0","0","0","0","0","2","0","2","03","","N","","","","","","","","","","",""
"2022078329","1153","0","0","0","0","0","0","0","0","0","4","0","","67","08","2022","6","40.0664","-75.1469","1141","06","0","0","0","0","0","0","0","1","","0","0","0","11","1","0","01","","0","40 03:59.090","","00","75 08:48.868","0","0","0","0","67301","0","0","0","N","0","0","0","3","67301","0","","1","01","","N","N","N","0","","0","0","3","3","3","","1139","0","3","0","0","0","0","0","2","0","3","03","03","N","","","","","","","","","","",""
"2022090453","0942","1","0","0","0","0","0","1","0","0","5","1","","67","09","2022","5","40.0282","-75.2253","0927","06","0","0","0","0","0","0","1","0","","0","0","0","09","1","1","00","N","2","40 01:41.610","7","00","75 13:31.220","3","0","0","0","67301","0","0","0","N","0","0","0","10","67301","0","","6","01","1105","Y","N","N","0","","1","0","1","0","0","Y","0918","1","3","0","0","0","0","0","2","0","3","03","03","N","","","","","","","","","","",""
"2022091236","1904","2","0","0","0","0","0","0","0","0","1","0","","67","08","2022","4","39.9944","-75.084","1853","06","0","0","0","0","0","0","0","0","","0","0","0","18","1","0","00","N","0","39 59:39.846","","00","75 05:02.260","0","0","0","0","67301","0","0","0","N","0","0","0","2","68K01","0","","1","01","","N","N","N","0","","0","0","0","0","0","","1848","0","2","0","0","0","0","0","2","0","2","03","","N","","","","","","","","","","",""
"2022091581","1749","1","0","0","0","0","0","0","0","0","1","0","","67","09","2022","7","40.0394","-75.1013","1749","06","0","0","0","0","0","0","0","0","","0","0","0","17","1","0","00","N","1","40 02:21.750","3","00","75 06:04.770","0","0","0","0","67301","0","0","0","N","0","0","0","2","68K01","0","","3","01","1840","N","N","N","1","","0","0","1","0","0","N","1749","0","3","0","0","1","0","0","2","0","3","03","","N","","","","","","","","","","",""
"2022077871","1955","2","0","0","0","0","0","0","0","0","4","0","","67","08","2022","4","39.99","-75.1604","1955","06","0","0","0","0","0","0","1","0","","0","0","0","19","1","2","01","","0","39 59:24.010","","00","75 09:37.328","4","0","0","0","67301","0","0","0","N","0","0","0","2","67301","2","","1","01","","N","N","N","0","","0","0","0","3","2","","1915","2","2","0","0","1","0","0","2","0","2","03","03","N","","","","","","","","","","",""
"2022081089","0955","1","0","0","0","0","0","0","0","0","5","0","","67","09","2022","1","39.9227","-75.1615","0951","06","0","0","0","0","0","0","0","0","","0","0","0","09","1","0","00","N","0","39 55:21.620","","00","75 09:41.240","9","0","0","0","67301","0","0","0","N","0","0","0","1","67301","0","","6","01","","N","N","Y","2","","0","0","0","0","0","","0940","0","4","0","0","0","0","1","2","1","4","03","03","N","","","","","","","","","","",""
"2022081254","1311","4","0","0","0","0","0","0","0","0","5","0","","67","09","2022","5","39.9282","-75.1689","1307","06","0","0","0","0","0","0","0","0","","0","0","0","13","1","1","00","N","0","39 55:41.478","","00","75 10:08.113","4","0","0","0","67301","0","0","0","N","0","0","0","2","67301","1","","4","01","","N","N","N","0","","0","0","0","3","2","","1307","1","4","0","0","0","0","0","2","0","4","03","","N","","","","","","","","","","",""
"2022081865","0031","1","0","0","0","0","0","0","0","0","4","0","","67","09","2022","1","40.0147","-75.1323","0027","06","0","0","0","0","0","0","0","0","","0","0","0","00","3","0","02","","0","40 00:52.826","","00","75 07:56.362","0","0","0","0","67301","0","0","0","N","0","0","0","3","67301","0","","1","01","","N","N","N","1","","0","0","1","3","2","","0027","0","3","0","0","0","0","0","2","0","3","03","03","N","","","","","","","","","","",""
"2022097095","1620","0","0","0","0","0","0","0","0","0","1","0","","67","08","2022","6","39.9525","-75.1898","1616","06","0","0","0","0","0","0","1","0","","0","0","0","16","1","0","00","N","0","39 57:09.099","","00","75 11:23.222","0","0","0","0","67301","0","0","0","N","0","0","0","3","67504","0","","1","01","","N","N","N","0","","0","0","2","2","2","","1610","0","2","0","0","0","0","0","2","0","2","03","03","N","","","","","","","","","","",""
"2022097442","0056","2","0","0","0","0","0","0","0","0","4","0","","67","07","2022","6","39.9848","-75.2372","0055","06","0","0","0","0","0","0","0","0","","0","0","0","00","3","2","05","","0","39 59:05.457","","00","75 14:14.047","8","0","0","0","67301","0","0","0","N","0","0","0","2","67301","0","","1","01","","N","N","N","1","","0","0","0","3","2","","0050","2","3","0","0","0","2","0","2","0","3","03","03","N","","","","","","","","","","",""
"2022075814","1445","1","0","0","0","0","0","0","0","0","4","0","","67","08","2022","5","40.0226","-75.1574","1445","06","0","0","0","0","0","0","0","0","","0","0","0","18","1","1","02","","0","40 01:21.432","","00","75 09:26.593","3","0","0","1","67301","0","0","0","N","0","0","0","2","67301","0","","1","01","","N","N","N","0","","1","0","0","3","3","","1830","1","2","0","0","0","0","0","2","0","2","03","03","N","","","","","","","","","","",""
"2022073806","1845","1","0","0","0","0","0","0","0","0","1","0","","67","08","2022","1","39.9734","-75.2044","1844","06","0","0","0","0","0","0","0","0","","0","0","0","18","1","1","00","N","0","39 58:24.200","","00","75 12:15.900","3","0","0","0","67301","0","0","0","N","0","0","0","2","67301","0","","6","01","","N","N","N","0","","1","0","1","0","0","","1840","1","2","0","0","0","0","1","2","0","2","03","","N","","","","","","","","","","",""
"2022084602","2006","1","0","0","0","0","0","0","0","0","5","1","","67","08","2022","5","39.9487","-75.142","1955","06","0","0","0","0","0","0","1","0","","0","1","0","19","3","0","00","N","0","39 56:55.488","","00","75 08:31.165","0","0","0","0","67301","0","0","0","N","0","0","0","2","68K01","0","","1","01","","N","N","N","0","","0","0","0","0","0","","1953","0","3","0","0","0","0","0","2","0","2","03","","N","","","","","","","","","","",""
"2022081492","0524","1","0","0","0","0","0","0","0","0","5","0","45","67","08","2022","3","40.009","-75.0679","0509","06","0","0","1","0","0","0","0","0","","0","0","0","05","3","2","00","N","1","40 00:32.388","1","03","75 04:04.407","3","0","0","0","67301","0","0","0","Y","0","0","0","2","68K01","0","","1","01","0610","N","N","N","0","","1","0","1","0","0","N","0508","2","2","0","0","1","1","0","2","0","2","03","","Y","2","1","N","","","N","","","","Y","N"
"2022096748","0830","1","0","0","0","0","0","0","0","0","2","0","","67","10","2022","7","39.9813","-75.174","0830","06","0","0","0","0","0","0","0","0","","0","0","0","06","1","0","02","","0","39 58:52.820","","00","75 10:26.399","0","0","0","0","67301","0","0","0","N","0","0","0","2","67301","0","","1","01","","N","N","N","0","","0","0","0","3","3","","0630","0","2","0","0","0","0","0","2","0","2","03","03","N","","","","","","","","","","",""
"2022097356","1922","0","0","0","0","0","0","0","0","0","7","0","","67","09","2022","1","39.89","-75.2199","1922","06","0","0","0","0","0","0","0","0","","0","0","0","19","3","0","00","N","2","39 53:24.124","2","00","75 13:11.550","0","0","0","0","67301","0","0","0","Y","0","0","0","1","68K01","0","","4","09","2030","N","N","N","0","","0","0","1","0","0","Y","1922","0","1","0","0","0","0","0","2","0","1","03","","N","","","","","","","","","","",""
"2022090927","0030","2","0","0","0","0","0","0","0","0","3","0","","67","09","2022","5","40.0427","-75.1046","0025","06","0","0","0","0","0","0","0","0","","0","0","0","22","3","1","00","N","0","40 02:33.785","","00","75 06:16.591","3","0","0","0","67301","0","0","0","N","0","0","0","2","67301","0","","1","09","","N","N","N","0","","1","0","0","0","0","","2230","1","2","0","0","1","0","1","2","0","2","07","07","N","","","","","","","","","","",""
"2022082303","0124","0","0","0","0","0","0","0","0","0","1","0","","67","09","2022","1","39.9554","-75.148","0124","06","0","0","0","0","0","0","0","0","","0","0","0","01","3","1","03","","2","39 57:19.370","4","02","75 08:52.644","2","0","0","0","67301","0","0","0","N","0","0","0","2","67501","0","","1","01","0145","N","N","N","0","","0","1","0","0","0","N","0124","1","2","0","0","0","0","1","2","0","2","03","","N","","","","","","","","","","",""
"2022081217","1125","1","0","0","0","0","0","0","0","0","5","0","","67","09","2022","6","39.9534","-75.1531","1121","06","0","0","0","0","0","0","0","0","","0","0","0","11","1","2","00","N","0","39 57:12.280","","00","75 09:11.130","3","0","0","0","67301","0","0","0","N","0","0","0","3","67301","0","","1","01","","N","N","N","0","","2","0","1","0","0","","1115","2","2","0","0","0","0","0","2","0","2","03","","N","","","","","","","","","","",""
"2022091582","2018","2","0","0","0","0","0","0","0","0","5","0","","67","09","2022","7","39.9246","-75.1471","2016","06","0","0","0","0","1","0","0","0","","0","0","0","20","3","2","00","N","0","39 55:28.409","","03","75 08:49.574","4","0","0","0","67301","0","0","0","N","0","0","0","3","68K01","2","","1","01","","N","N","N","0","","0","0","1","0","0","","2014","2","3","0","0","1","0","0","2","0","3","03","","N","","","","","","","","","","",""
"2022080262","1726","1","0","0","1","0","0","0","0","0","8","0","","67","08","2022","4","39.9536","-75.2182","1722","06","0","0","0","0","0","0","0","0","","0","0","0","15","1","1","01","","0","39 57:13.024","","00","75 13:05.347","8","0","0","0","67301","1","0","0","N","0","0","0","2","67301","0","","1","01","","N","N","N","0","","0","0","0","3","2","","1515","1","2","0","0","0","1","0","2","0","1","03","","N","","","","","","","","","","",""
"2022075760","1922","0","0","0","0","0","0","0","0","0","1","0","","67","08","2022","5","40.0579","-75.1723","1922","06","0","0","0","0","0","1","0","0","","0","0","0","19","1","1","00","N","0","40 03:28.270","","00","75 10:20.160","8","0","0","0","67301","0","0","0","N","0","0","0","1","67301","0","","6","01","","N","N","N","0","","0","0","2","0","0","","1920","1","2","0","0","0","1","0","2","0","2","03","03","N","","","","","","","","","","",""
"2022083642","1331","1","0","0","0","0","0","0","0","0","5","0","","67","09","2022","3","39.9784","-75.1188","1330","06","0","0","0","0","0","0","0","0","","0","0","0","12","1","0","00","N","0","39 58:42.316","","00","75 07:07.620","9","0","0","0","67301","0","0","0","N","0","0","0","2","67301","0","","1","01","","N","N","N","0","","0","0","0","0","0","","1248","0","2","0","0","1","0","1","2","0","2","03","03","N","","","","","","","","","","",""
"2022077172","1515","1","0","0","0","0","0","0","0","0","1","0","","67","08","2022","1","39.9585","-75.1681","1501","06","0","0","0","0","0","0","0","0","","0","0","0","14","1","0","00","N","0","39 57:30.727","","00","75 10:05.126","0","0","0","0","67301","0","0","0","N","0","0","0","3","68K01","0","","1","01","","N","N","N","0","","0","0","1","0","0","","1459","0","2","0","0","0","0","0","2","0","2","03","03","N","","","","","","","","","","",""
"2022075784","1955","2","0","0","0","0","0","0","0","0","4","0","","67","08","2022","5","39.9939","-75.1418","1950","06","0","0","0","0","0","1","0","0","","0","0","0","19","4","2","01","","0","39 59:38.184","","00","75 08:30.587","2","0","0","0","67301","0","0","0","N","0","0","0","2","67301","0","","1","01","","N","N","N","0","","1","1","0","3","2","","1945","2","2","0","0","0","0","0","2","0","2","03","03","N","","","","","","","","","","",""
"2022073963","1706","0","0","0","1","0","0","0","0","0","8","0","","67","08","2022","3","40.0169","-75.1372","1706","06","0","0","0","0","0","0","1","0","","0","0","0","17","1","1","00","N","0","40 01:00.990","","00","75 08:14.020","8","0","0","0","67301","1","0","0","N","0","0","0","2","67301","0","","1","01","","N","N","N","0","","0","0","1","0","0","","1702","1","2","0","0","0","1","0","2","0","1","03","","N","","","","","","","","","","",""
"2022078871","1140","2","0","2","0","0","0","0","0","0","4","0","","67","08","2022","7","40.0673","-75.0088","1138","06","0","0","0","0","0","0","0","0","","0","0","0","11","1","3","01","","1","40 04:02.363","7","00","75 00:31.848","2","0","0","0","67301","0","0","0","N","0","0","0","3","67301","0","","1","01","0100","N","N","N","0","","0","2","0","3","3","N","1135","3","2","0","0","0","1","0","2","0","2","03","03","N","","","","","","","","","","",""
"2022080275","1855","2","0","0","0","0","0","0","0","0","4","0","","67","08","2022","7","39.9942","-75.1317","1846","06","0","0","0","0","0","0","0","0","","0","0","0","17","1","1","01","","0","39 59:39.055","","00","75 07:54.278","3","0","0","0","67301","0","0","0","N","0","0","0","3","67301","0","","1","01","","N","N","N","2","","1","0","1","3","2","","1745","1","6","0","0","0","0","1","2","1","6","03","03","N","","","","","","","","","","",""
"2022090380","1045","1","0","0","0","0","0","0","0","0","8","0","","67","09","2022","4","39.9564","-75.1958","1044","06","0","0","0","0","0","0","0","0","","0","0","0","10","1","1","00","N","1","39 57:22.899","3","00","75 11:45.015","8","0","0","0","67301","1","0","0","N","1","0","0","2","67504","0","","1","01","1104","N","N","N","0","","0","0","0","0","0","N","1042","1","2","0","0","0","1","0","2","0","1","03","","N","","","","","","","","","","",""
"2022091798","1737","0","0","0","0","0","0","0","0","0","1","0","","67","08","2022","2","39.8989","-75.1684","1720","06","0","0","0","0","0","1","0","0","","0","0","0","17","1","3","00","N","0","39 53:56.125","","03","75 10:06.393","8","0","0","0","67301","0","0","0","N","0","0","0","6","68K01","0","","1","01","","N","N","N","1","","0","0","1","0","0","","1715","3","2","0","0","0","3","0","2","0","2","03","","N","","","","","","","","","","",""
"2022097578","1250","1","0","0","0","0","0","0","0","0","4","1","","67","09","2022","2","39.9878","-75.1806","1247","06","0","0","0","0","1","0","0","0","","0","1","0","12","1","2","01","","0","39 59:16.154","","00","75 10:50.102","3","0","0","0","67301","0","0","0","N","0","0","0","3","67301","0","","1","01","","N","N","N","0","","2","0","0","3","2","","1233","2","2","0","0","0","0","1","2","0","2","03","03","N","","","","","","","","","","",""
"2022095567","0708","1","0","0","0","0","0","0","0","0","5","1","","67","10","2022","3","39.9067","-75.1384","0708","06","0","0","0","0","0","0","0","0","","0","1","0","07","1","1","00","N","0","39 54:24.200","","03","75 08:18.400","3","0","0","0","67301","0","0","0","N","0","0","0","2","67501","0","","1","01","","N","N","N","0","","1","0","0","0","0","","0708","1","2","0","0","0","0","0","2","0","2","03","","N","","","","","","","","","","",""
"2022097018","0049","0","0","0","0","0","0","0","0","0","2","0","","67","07","2022","1","39.9651","-75.2404","0049","06","0","0","0","0","0","0","0","0","","0","0","0","00","3","1","00","N","0","39 57:54.310","","00","75 14:25.300","3","0","0","0","67301","0","0","0","N","0","0","0","2","67301","0","","1","01","","N","N","N","0","","1","0","2","0","0","","0015","1","3","0","0","0","0","0","2","0","3","03","03","N","","","","","","","","","","",""
"2022097737","1321","0","0","0","0","0","0","0","0","0","1","0","","67","10","2022","2","39.9574","-75.1585","1314","06","0","0","0","0","1","0","0","0","","0","0","0","13","1","0","00","N","2","39 57:26.720","4","00","75 09:30.495","0","0","0","0","67301","0","0","0","N","0","0","0","3","68K01","0","","1","01","1335","N","N","N","0","","0","0","2","0","0","N","1301","0","2","0","0","0","0","0","2","0","2","03","","N","","","","","","","","","","",""
"2022087228","0055","0","0","0","0","0","0","0","0","0","7","0","","67","09","2022","5","39.9641","-75.1843","0055","06","0","0","0","0","0","0","0","0","","0","0","0","00","3","1","02","","0","39 57:50.764","","08","75 11:03.472","3","0","0","0","67301","0","0","0","N","0","0","0","2","67301","0","","4","01","","N","N","N","0","","1","0","1","3","2","","0055","1","1","0","0","0","0","0","2","0","1","03","03","N","","","","","","","","","","",""
"2022097776","1903","2","0","0","0","0","0","0","0","0","4","0","","67","10","2022","1","40.0219","-75.0691","1902","06","0","0","0","0","0","0","0","0","","0","0","0","19","2","2","01","","2","40 01:18.883","7","00","75 04:08.713","8","0","0","0","67301","0","0","0","N","0","0","0","4","67301","0","","1","01","1940","N","N","N","0","","0","0","0","3","3","Y","1900","2","2","0","0","0","2","0","2","0","2","03","03","N","","","","","","","","","","",""
"2022087884","1852","1","0","0","0","0","0","0","0","0","1","0","","67","09","2022","6","40.0242","-75.0317","1837","06","0","0","0","0","0","0","1","0","","0","0","0","18","1","0","00","N","0","40 01:27.025","","00","75 01:54.002","0","0","0","0","67301","0","0","0","N","0","0","0","7","68K01","0","","1","01","","N","N","N","0","","0","0","2","0","0","","1835","0","3","0","0","0","0","0","2","0","3","03","03","N","","","","","","","","","","",""
"2022080985","0726","0","0","0","0","0","0","0","0","0","4","0","","67","09","2022","1","40.0077","-75.1515","0725","06","0","0","0","0","0","0","0","0","","0","0","0","07","1","1","01","N","2","40 00:27.560","5","00","75 09:05.322","8","0","0","0","67301","0","0","0","N","0","0","0","3","67505","0","","1","01","0843","N","N","N","1","","0","0","2","3","2","Y","0724","1","3","0","0","0","1","2","2","0","3","03","03","N","","","","","","","","","","",""
"2022080859","0959","1","0","0","0","0","0","0","0","0","4","0","","67","09","2022","7","39.9072","-75.228","0958","06","0","0","0","0","0","0","0","0","","0","0","0","09","1","1","02","","0","39 54:26.074","","00","75 13:40.897","4","0","0","0","67301","0","0","0","N","0","0","0","2","67301","1","","1","01","","N","N","N","0","","0","0","1","3","3","","0955","1","2","0","0","0","0","0","2","0","2","03","03","N","","","","","","","","","","",""
"2022097397","2106","0","0","0","0","0","0","0","0","0","1","0","45","67","10","2022","2","39.8991","-75.1758","2055","06","0","0","0","0","0","1","0","0","","0","0","0","20","3","1","00","N","0","39 53:56.890","","00","75 10:32.782","3","0","0","0","67301","0","0","0","N","0","0","0","3","68K01","0","","1","01","","N","N","N","0","","1","0","2","0","0","","2050","1","2","0","0","0","0","0","2","0","2","03","03","Y","3","2","Y","N","N","Y","Y","N","N","N","N"
"2022080555","0842","1","0","0","0","0","0","0","0","0","4","0","","67","09","2022","6","40.0047","-75.1521","0840","06","0","0","0","0","0","1","0","0","","0","0","0","08","1","1","01","","1","40 00:16.847","4","00","75 09:07.652","4","0","0","0","67301","0","0","0","N","0","0","0","3","67505","1","","1","01","0900","N","N","N","0","","0","0","1","3","2","N","0840","1","2","0","0","0","0","1","2","0","2","03","03","N","","","","","","","","","","",""
"2022073947","0902","0","0","0","1","0","0","0","0","0","8","0","","67","08","2022","6","40.0523","-75.1716","0853","06","0","0","0","0","0","0","0","0","","0","0","0","08","1","1","00","N","0","40 03:08.288","","00","75 10:17.719","3","0","0","0","67301","1","0","0","N","0","0","0","2","67301","0","","1","01","","N","N","N","0","","1","0","1","0","0","","0851","1","2","0","0","1","0","1","2","0","1","03","03","N","","","","","","","","","","",""
"2022083553","0225","1","0","0","0","0","0","0","0","0","1","0","","67","09","2022","6","40.0429","-75.1606","0217","06","0","0","0","0","0","0","0","0","","0","0","0","02","3","0","00","N","0","40 02:34.422","","00","75 09:38.297","9","0","0","0","67301","0","0","0","N","0","0","0","7","67301","0","","5","01","","N","N","N","0","","0","0","1","0","0","","0214","0","2","0","0","0","0","7","2","0","2","03","03","N","","","","","","","","","","",""
"2022073983","1220","1","0","0","0","0","0","0","0","0","1","0","","67","08","2022","6","40.0237","-75.1961","1207","06","0","0","0","0","0","0","1","0","","0","0","0","11","1","1","00","N","1","40 01:25.300","2","00","75 11:46.020","3","0","0","1","67301","0","0","0","N","0","0","0","2","67301","0","","1","01","0030","N","N","N","0","","1","0","0","0","0","N","1100","1","2","0","0","0","0","0","2","0","2","03","03","N","","","","","","","","","","",""
"2022084411","0059","1","0","0","0","0","0","0","0","0","2","0","","67","09","2022","1","39.9566","-75.198","0058","06","0","0","0","0","0","0","0","0","","0","0","0","00","3","1","01","","1","39 57:24.202","2","00","75 11:53.285","3","0","0","0","67301","0","0","0","N","0","0","0","3","67504","0","","1","09","0110","N","N","N","0","","1","0","1","3","2","Y","0057","1","2","0","0","0","0","0","2","0","2","07","03","N","","","","","","","","","","",""
"2022078366","2232","0","0","0","0","0","0","0","0","0","1","0","","67","08","2022","5","40.0109","-75.1648","2232","06","0","0","0","0","0","0","0","0","","0","0","0","22","3","1","00","N","0","40 00:39.124","","00","75 09:53.299","2","0","0","0","67301","0","0","0","N","0","0","0","1","67301","0","","6","01","","N","N","N","0","","0","1","3","0","0","","2232","1","3","0","0","0","0","0","2","0","3","03","03","N","","","","","","","","","","",""
"2022092152","2134","0","0","0","0","0","0","0","0","0","8","0","","67","10","2022","3","39.965","-75.2246","2130","06","0","0","0","0","0","0","0","0","","0","0","0","21","3","1","01","","0","39 57:53.852","","00","75 13:28.466","2","0","0","0","67301","1","0","1","N","1","0","1","1","67301","0","","9","09","","N","N","N","0","","0","1","0","3","2","","2120","1","2","0","0","0","0","0","2","0","1","07","04","N","","","","","","","","","","",""
"2022090617","0412","2","0","0","0","0","0","1","0","0","4","1","","67","10","2022","7","40.0152","-75.1552","0410","06","0","0","0","0","1","0","0","0","","0","0","0","04","3","3","02","","0","40 00:55.067","","00","75 09:18.839","3","0","0","0","67301","0","0","0","N","0","0","0","4","67301","0","","1","09","","N","N","N","0","","3","0","0","3","2","","0405","3","3","0","0","3","0","0","2","0","3","07","07","N","","","","","","","","","","",""
"2022084450","0022","1","0","0","0","0","0","0","0","0","7","0","","67","08","2022","2","39.9833","-75.208","0019","06","0","0","0","0","0","0","0","0","","0","0","0","00","3","0","00","N","1","39 58:59.736","4","00","75 12:28.860","9","0","0","0","67301","0","0","0","N","0","0","0","1","68K01","0","","3","09","0106","N","N","N","0","","0","0","0","0","0","N","0018","0","1","0","0","0","0","1","2","0","1","07","07","N","","","","","","","","","","",""
"2022090313","1019","0","0","0","1","0","0","0","0","0","8","1","","67","09","2022","4","39.9571","-75.2019","1010","06","0","0","0","0","0","1","0","0","","0","1","0","10","1","1","01","","0","39 57:25.865","","00","75 12:07.011","8","0","0","0","67301","1","0","0","N","0","0","0","2","67301","0","","1","01","","N","N","N","0","","0","0","0","3","2","","1000","1","2","0","0","0","1","0","2","0","1","03","","N","","","","","","","","","","",""
"2022073206","0040","0","0","0","0","0","0","0","0","0","6","0","","67","08","2022","4","40.0573","-75.001","0032","06","0","0","0","0","0","1","0","0","","0","0","0","00","3","0","00","N","0","40 03:26.265","","00","75 00:03.531","0","0","0","0","67301","0","0","0","N","0","0","0","1","67301","0","","6","01","","N","N","N","0","","0","0","2","0","0","","0020","0","2","0","0","0","0","0","2","0","2","03","03","N","","","","","","","","","","",""
"2022076295","2320","1","0","0","0","0","0","0","0","0","5","0","","67","08","2022","6","39.9565","-75.2315","2320","06","0","0","0","0","0","0","0","0","","0","0","0","23","8","0","00","N","0","39 57:23.500","","00","75 13:53.500","0","0","0","0","67301","0","0","0","N","0","0","0","1","67301","0","","6","01","","N","N","N","1","","0","0","0","0","0","","2318","0","4","0","0","0","0","0","2","2","4","03","03","N","","","","","","","","","","",""
"2022077565","0900","1","0","0","0","0","0","0","0","0","4","0","","67","08","2022","5","39.9618","-75.2265","0857","06","0","0","0","0","0","0","0","0","","0","0","0","08","1","0","01","","0","39 57:42.505","","00","75 13:35.518","0","0","0","0","67301","0","0","0","N","0","0","0","2","67301","0","","1","01","","N","N","N","0","","0","0","2","3","3","","0815","0","3","0","0","0","0","0","2","0","3","04","03","N","","","","","","","","","","",""
"2022083657","1035","1","0","0","0","0","0","0","0","0","8","0","","67","09","2022","6","40.0042","-75.1735","1030","06","0","0","0","0","0","0","0","0","","0","0","0","10","1","1","00","N","0","40 00:15.297","","00","75 10:24.518","3","0","0","0","67301","1","0","0","N","1","0","0","1","67301","0","","1","01","","N","N","N","0","","1","0","0","0","0","","1010","1","2","0","0","0","0","0","2","0","1","03","","N","","","","","","","","","","",""
"2022076943","2255","2","0","0","0","0","0","0","0","0","5","0","","67","08","2022","2","39.9713","-75.1235","2227","06","0","0","0","0","0","0","0","0","","0","0","0","22","3","0","00","N","0","39 58:16.542","","03","75 07:24.617","9","0","0","0","67301","0","0","0","N","0","0","0","4","68K01","0","","1","01","","N","N","N","0","","0","0","0","0","0","","2225","0","2","0","0","0","0","1","2","0","2","03","03","N","","","","","","","","","","",""
"2022075869","1807","2","0","0","0","0","0","0","0","0","5","0","","67","08","2022","7","39.9966","-75.1132","1803","06","0","0","0","0","0","0","0","0","","0","0","0","18","1","1","00","N","0","39 59:47.850","","01","75 06:47.660","3","0","0","0","67301","0","0","0","N","0","0","0","1","67301","0","","6","01","","N","N","N","0","","1","0","0","0","0","","1800","1","2","0","0","0","0","0","2","0","2","03","03","N","","","","","","","","","","",""
"2022078448","2000","1","0","0","0","0","0","0","0","0","4","0","","67","08","2022","7","40.0636","-74.9849","1950","06","0","0","0","0","1","0","0","0","","0","0","0","19","3","2","02","","0","40 03:49.088","","00","74 59:05.678","3","0","0","0","67301","0","0","0","N","0","0","0","2","67301","0","","1","01","","N","N","N","0","","1","0","1","3","3","","1945","2","2","0","0","0","1","0","2","0","2","03","03","N","","","","","","","","","","",""
"2022079781","0040","2","0","0","0","0","0","0","0","0","5","0","","67","08","2022","6","39.9262","-75.1726","0032","06","0","0","0","0","0","0","0","0","","0","0","0","00","3","0","00","N","0","39 55:34.200","","00","75 10:21.490","0","0","0","0","67301","0","0","0","N","0","0","0","1","67301","0","","6","01","","N","N","N","0","","0","0","0","0","0","","0028","0","2","0","0","0","0","0","2","0","2","03","03","N","","","","","","","","","","",""