"CRN","ARRIVAL_TM","AUTOMOBILE_COUNT","BELTED_DEATH_COUNT","BELTED_SUSP_SERIOUS_INJ_COUNT","BICYCLE_COUNT","BICYCLE_DEATH_COUNT","BICYCLE_SUSP_SERIOUS_INJ_COUNT","BUS_COUNT","CHLDPAS_DEATH_COUNT","CHLDPAS_SUSP_SERIOUS_INJ_COUNT","COLLISION_TYPE","COMM_VEH_COUNT","CONS_ZONE_SPD_LIM","COUNTY","CRASH_MONTH","CRASH_YEAR","DAY_OF_WEEK","DEC_LAT","DEC_LONG","DISPATCH_TM","DISTRICT","DRIVER_COUNT_16YR","DRIVER_COUNT_17YR","DRIVER_COUNT_18YR","DRIVER_COUNT_19YR","DRIVER_COUNT_20YR","DRIVER_COUNT_50_64YR","DRIVER_COUNT_65_74YR","DRIVER_COUNT_75PLUS","EST_HRS_CLOSED","FATAL_COUNT","HEAVY_TRUCK_COUNT","HORSE_BUGGY_COUNT","HOUR_OF_DAY","ILLUMINATION","INJURY_COUNT","INTERSECT_TYPE","INTERSECTION_RELATED","LANE_CLOSED","LATITUDE","LN_CLOSE_DIR","LOCATION_TYPE","LONGITUDE","MAX_SEVERITY_LEVEL","MCYCLE_DEATH_COUNT","MCYCLE_SUSP_SERIOUS_INJ_COUNT","MOTORCYCLE_COUNT","MUNICIPALITY","NONMOTR_COUNT","NONMOTR_DEATH_COUNT","NONMOTR_SUSP_SERIOUS_INJ_COUNT","NTFY_HIWY_MAINT","PED_COUNT","PED_DEATH_COUNT","PED_SUSP_SERIOUS_INJ_COUNT","PERSON_COUNT","POLICE_AGCY","POSSIBLE_INJ_COUNT","RDWY_SURF_TYPE_CD","RELATION_TO_ROAD","ROAD_CONDITION","ROADWAY_CLEARED","SCH_BUS_IND","SCH_ZONE_IND","SECONDARY_CRASH","SMALL_TRUCK_COUNT","SPEC_JURIS_CD","SUSP_MINOR_INJ_COUNT","SUSP_SERIOUS_INJ_COUNT","SUV_COUNT","TCD_FUNC_CD","TCD_TYPE","TFC_DETOUR_IND","TIME_OF_DAY","TOT_INJ_COUNT","TOTAL_UNITS","UNB_DEATH_COUNT","UNB_SUSP_SERIOUS_INJ_COUNT","UNBELTED_OCC_COUNT","UNK_INJ_DEG_COUNT","UNK_INJ_PER_COUNT","URBAN_RURAL","VAN_COUNT","VEHICLE_COUNT","WEATHER1","WEATHER2","WORK_ZONE_IND","WORK_ZONE_LOC","WORK_ZONE_TYPE","WORKERS_PRES","WZ_CLOSE_DETOUR","WZ_FLAGGER","WZ_LAW_OFFCR_IND","WZ_LN_CLOSURE","WZ_MOVING","WZ_OTHER","WZ_SHLDER_MDN","WZ_WORKERS_INJ_KILLED"
"2022091726","0656","1","0","0","0","0","0","0","0","0","1","0","","67","08","2022","5","39.9309","-75.1989","0649","06","0","0","0","0","0","0","0","0","","0","0","0","06","1","3","00","N","1","39 55:51.278","4","00","75 11:56.170","3","0","0","0","67301","0","0","0","N","0","0","0","7","68K01","0","","1","09","0808","N","N","N","0","","3","0","4","0","0","N","0648","3","6","0","0","0","0","0","2","1","6","07","","N","","","","","","","","","","",""
"2022091654","0625","0","0","0","0","0","0","0","0","0","7","0","","67","10","2022","2","39.9771","-75.1993","0614","06","0","0","0","0","0","0","0","0","","0","0","0","05","3","0","00","N","0","39 58:37.444","","00","75 11:57.494","0","0","0","0","67301","0","0","0","N","0","0","0","1","68K01","0","","2","09","","N","N","N","0","","0","0","1","0","0","","0519","0","1","0","0","0","0","0","2","0","1","07","","N","","","","","","","","","","",""
"2022092000","0456","0","0","0","0","0","0","0","0","0","7","0","","67","10","2022","3","40.1182","-75.0069","0452","06","0","0","0","0","0","1","0","0","","0","0","0","04","3","1","00","N","0","40 07:05.670","","00","75 00:24.790","3","0","0","0","67301","0","0","0","N","0","0","0","1","67301","0","","5","09","","N","N","N","1","","1","0","0","0","0","","0445","1","1","0","0","0","0","0","2","0","1","07","07","N","","","","","","","","","","",""
"2022097372","0854","2","0","0","0","0","0","0","0","0","1","0","","67","09","2022","4","39.9612","-75.1824","0854","06","0","0","0","0","0","0","0","0","","0","0","0","08","1","0","07","","0","39 57:40.397","","02","75 10:56.651","0","0","0","0","67301","0","0","0","N","0","0","0","2","68K01","0","","1","01","","N","N","N","0","","0","0","0","0","0","","0854","0","2","0","0","0","0","0","2","0","2","03","03","N","","","","","","","","","","",""
"2022097017","0135","0","0","0","0","0","0","0","0","0","4","0","","67","07","2022","5","39.9759","-75.2402","0135","06","0","0","0","0","0","0","0","0","","0","0","0","01","3","0","01","","2","39 58:33.268","6","00","75 14:24.842","0","0","0","0","67301","0","0","0","N","0","0","0","2","67301","0","","1","01","0345","N","N","N","0","","0","0","2","3","2","Y","0134","0","2","0","0","0","0","0","2","0","2","03","03","N","","","","","","","","","","",""
"2022096238","2242","0","0","0","0","0","0","0","0","0","7","0","","67","10","2022","2","40.0391","-75.0085","2227","06","0","0","0","0","0","0","0","0","","0","0","0","22","3","0","00","N","0","40 02:20.646","","00","75 00:30.469","0","0","0","0","67301","0","0","0","N","0","0","0","1","68K01","0","","4","08","","N","N","N","0","","0","0","0","0","0","","2225","0","1","0","0","0","0","0","2","1","1","07","","N","","","","","","","","","","",""
"2022090091","1958","2","0","0","0","0","0","0","0","0","5","0","","67","09","2022","7","39.9897","-75.2508","2235","06","0","0","0","0","0","0","0","0","","0","0","0","22","3","0","02","","0","39 59:23.096","","00","75 15:02.818","0","0","0","0","67301","0","0","0","N","0","0","0","2","67301","0","","1","01","","N","N","N","0","","0","0","0","3","2","","2230","0","2","0","0","0","0","0","2","0","2","03","","N","","","","","","","","","","",""
"2022084658","0832","2","0","0","0","0","0","0","0","0","4","0","","67","09","2022","4","39.9566","-75.1513","0826","06","0","0","0","0","0","0","0","0","","0","0","0","08","1","1","01","","1","39 57:23.624","1","00","75 09:04.788","3","0","0","0","67301","0","0","0","N","0","0","0","2","67301","0","","1","01","0855","N","N","N","0","","1","0","0","3","2","N","0815","1","2","0","0","0","0","0","2","0","2","03","03","N","","","","","","","","","","",""
"2022083027","1502","1","0","0","0","0","0","0","0","0","5","0","","67","08","2022","2","39.8776","-75.2528","1440","06","0","0","0","0","0","0","0","0","","0","0","0","14","1","0","00","N","0","39 52:39.332","","00","75 15:10.181","0","0","0","0","67301","0","0","0","N","0","0","0","2","68K01","0","","1","01","","N","N","N","0","","0","0","0","0","0","","1400","0","2","0","0","0","0","0","2","0","2","03","","N","","","","","","","","","","",""
"2022073906","0030","2","0","0","0","0","0","0","0","0","4","0","","67","08","2022","5","39.9699","-75.1431","0020","06","0","0","0","0","0","0","0","0","","0","0","0","00","3","0","01","","0","39 58:11.965","","00","75 08:35.133","0","0","0","0","67301","0","0","0","N","0","0","0","2","67301","0","","1","01","","N","N","N","0","","0","0","0","3","2","","0000","0","2","0","0","0","0","0","2","0","2","03","03","N","","","","","","","","","","",""
"2022072322","0846","1","0","0","0","0","0","0","0","0","4","0","","67","08","2022","2","40.0368","-75.0692","0846","06","0","0","0","0","0","0","0","0","","0","0","0","08","1","2","01","","0","40 02:12.433","","00","75 04:09.245","3","0","0","0","67301","0","0","0","N","0","0","0","3","67301","0","","1","01","","N","N","N","0","","2","0","0","3","3","","0845","2","2","0","0","0","0","1","2","1","2","03","04","N","","","","","","","","","","",""
"2022075980","0311","1","0","0","0","0","0","0","0","0","5","0","","67","08","2022","5","39.9601","-75.1797","0256","06","0","0","0","0","0","0","0","0","","0","0","0","02","2","2","00","N","1","39 57:36.350","4","03","75 10:46.771","8","0","0","0","67301","0","0","0","N","0","0","0","2","68K01","0","","1","01","0045","N","N","N","0","","0","0","1","0","0","Y","0254","2","2","0","0","0","2","0","2","0","2","03","","N","","","","","","","","","","",""
"2022075918","2217","1","0","0","0","0","0","0","0","0","4","0","","67","08","2022","5","40.0113","-75.1061","2211","06","0","0","0","0","0","1","0","0","","0","0","0","22","3","4","01","","0","40 00:40.660","","00","75 06:21.970","8","0","0","0","67301","0","0","0","N","0","0","0","5","67301","0","","1","01","","N","N","N","0","","0","0","0","3","2","","2204","4","2","0","0","0","4","1","2","1","2","03","03","N","","","","","","","","","","",""
"2022083028","2053","1","0","0","0","0","0","0","0","0","7","0","","67","08","2022","2","39.9436","-75.1427","2049","06","0","1","0","0","0","0","0","0","","0","0","0","20","3","0","00","N","1","39 56:36.919","1","00","75 08:33.779","9","0","0","0","67301","0","0","0","N","0","0","0","1","68K01","0","","4","01","2113","N","N","N","0","","0","0","0","0","0","N","2047","0","1","0","0","0","0","1","2","0","1","03","","N","","","","","","","","","","",""
"2022083637","2138","1","0","0","0","0","0","0","0","0","8","0","","67","09","2022","6","39.9911","-75.1331","2136","06","0","0","0","0","0","0","0","0","","0","0","0","21","3","2","00","N","0","39 59:28.011","","00","75 07:59.013","3","0","0","0","67301","1","0","0","N","1","0","0","2","67301","0","","1","01","","N","N","N","0","","2","0","0","0","0","","2125","2","2","0","0","0","0","0","2","0","1","03","","N","","","","","","","","","","",""
"2022072851","0857","2","0","0","0","0","0","0","0","0","1","0","","67","08","2022","3","40.0604","-75.0094","0844","06","0","0","0","0","0","0","1","0","","0","0","0","08","1","1","00","N","0","40 03:37.260","","00","75 00:33.910","8","0","0","0","67301","0","0","0","N","0","0","0","2","67301","0","","6","01","","N","N","N","0","","0","0","0","0","0","","0840","1","2","0","0","0","1","0","2","0","2","03","03","N","","","","","","","","","","",""
"2022083599","0127","1","0","0","0","0","0","0","0","0","7","0","","67","09","2022","1","40.0986","-75.0473","0125","06","0","0","0","0","0","0","0","0","","0","0","0","01","3","0","00","N","0","40 05:54.892","","07","75 02:50.155","0","0","0","0","67301","0","0","0","N","0","0","0","1","67301","0","","5","01","","N","N","N","0","","0","0","0","0","0","","0120","0","1","0","0","0","0","0","2","0","1","03","03","N","","","","","","","","","","",""
"2022073982","1140","0","0","0","0","0","0","0","0","0","4","0","","67","08","2022","2","40.0008","-75.1434","1135","06","0","0","0","0","0","0","0","0","","0","0","0","11","1","4","01","","0","40 00:02.806","","00","75 08:36.172","2","0","0","0","67301","0","0","0","N","0","0","0","7","67301","0","","1","99","","N","N","N","0","","3","1","4","3","2","","1135","4","4","0","1","1","0","0","2","0","4","03","03","N","","","","","","","","","","",""
"2022078429","1945","2","0","0","0","0","0","0","0","0","4","0","","67","08","2022","7","39.965","-75.2277","1934","06","0","0","0","0","0","0","0","0","","0","0","0","19","4","1","01","","0","39 57:54.165","","00","75 13:39.572","3","0","0","0","67301","0","0","0","N","0","0","0","2","67301","0","","1","01","","N","N","N","0","","1","0","0","3","2","","1930","1","2","0","0","0","0","0","2","0","2","03","","N","","","","","","","","","","",""
"2022077756","1900","2","0","0","0","0","0","0","0","0","4","0","","67","08","2022","4","40.0319","-75.1629","1900","06","0","0","0","0","0","1","0","0","","0","0","0","18","1","0","01","","0","40 01:54.919","","00","75 09:46.508","0","0","0","0","67301","0","0","0","N","0","0","0","2","67301","0","","1","01","","N","N","N","0","","0","0","0","3","3","","1830","0","2","0","0","0","0","0","2","0","2","03","","N","","","","","","","","","","",""
"2022091926","1201","2","0","0","0","0","0","0","0","0","4","0","","67","10","2022","7","40.0224","-75.138","1200","06","0","0","0","0","0","0","0","0","","0","0","0","17","1","0","00","N","0","40 01:20.740","","00","75 08:16.830","0","0","0","0","67301","0","0","0","N","0","0","0","3","67301","0","","1","99","","N","N","N","0","","0","0","0","0","0","","1700","0","2","0","0","0","0","0","2","0","2","99","04","N","","","","","","","","","","",""
"2022082123","1753","0","0","0","0","0","0","0","0","0","8","0","","67","09","2022","6","39.9861","-75.1042","1753","06","0","0","0","0","0","0","0","0","","0","0","0","17","1","1","00","N","0","39 59:10.075","","00","75 06:15.272","3","0","0","0","67301","1","0","0","N","1","0","0","2","67301","0","","1","01","","N","N","N","1","","1","0","0","0","0","","1753","1","2","0","0","1","0","0","2","0","1","03","03","N","","","","","","","","","","",""
"2022097352","0840","0","0","0","0","0","0","0","0","0","7","0","","67","09","2022","4","39.9106","-75.1491","0825","06","0","0","0","0","0","0","0","0","","0","0","0","06","1","1","06","","0","39 54:38.233","","02","75 08:56.679","3","0","0","0","67301","0","0","0","N","0","0","0","1","68K01","0","","2","09","","N","N","N","0","","1","0","1","0","0","","0635","1","1","0","0","0","0","0","2","0","1","07","","N","","","","","","","","","","",""
"2022081471","0537","0","0","0","0","0","0","0","0","0","4","0","","67","09","2022","3","40.0016","-75.1528","0537","06","0","0","0","0","0","0","0","0","","0","0","0","05","3","1","01","","1","40 00:05.705","1","00","75 09:10.074","8","0","0","0","67301","0","0","0","N","0","0","0","2","67505","0","","1","09","0610","N","N","N","0","","0","0","2","3","2","N","0530","1","2","0","0","0","1","0","2","0","2","03","03","N","","","","","","","","","","",""
"2022076944","2257","0","0","0","0","0","0","0","0","0","7","0","","67","08","2022","3","39.886","-75.2133","2244","06","0","0","0","0","0","0","0","0","","0","0","0","22","3","1","00","N","1","39 53:09.497","1","03","75 12:47.433","8","0","0","0","67301","0","0","0","N","0","0","0","1","68K01","0","","2","09","2330","N","N","N","0","","0","0","1","0","0","Y","2237","1","1","0","0","1","1","0","2","0","1","07","07","N","","","","","","","","","","",""
"2022083836","1529","1","0","0","0","0","0","0","0","0","8","0","10","67","09","2022","2","39.9375","-75.1936","1527","06","0","0","0","0","0","0","0","0","","0","0","0","15","1","1","02","","9","39 56:14.971","","00","75 11:36.988","8","0","0","0","67301","1","0","0","N","1","0","0","2","67301","0","","1","01","","N","N","N","0","","0","0","0","3","3","","1520","1","2","0","0","0","1","0","2","0","1","03","","Y","4","1","Y","N","N","N","N","N","Y","N","Y"
"2022079173","0156","2","0","0","0","0","0","0","0","0","1","0","","67","08","2022","7","39.9873","-75.1559","0155","06","0","0","0","0","0","0","0","0","","0","0","0","01","3","0","00","Y","0","39 59:14.422","","00","75 09:21.289","9","0","0","0","67301","0","0","0","N","0","0","0","2","67301","0","","1","01","","N","N","N","0","","0","0","0","3","2","","0155","0","2","0","0","0","0","2","2","0","2","03","03","N","","","","","","","","","","",""
"2022074160","2125","0","0","0","0","0","0","0","0","0","4","0","","67","08","2022","4","39.9567","-75.2175","2122","06","0","0","0","0","0","0","0","0","","0","0","0","21","3","1","01","","0","39 57:24.289","","00","75 13:02.974","3","0","0","1","67301","0","0","0","N","0","0","0","3","67301","0","","1","01","","N","N","N","0","","1","0","1","3","3","","2121","1","2","0","0","0","0","0","2","0","2","03","03","N","","","","","","","","","","",""
"2022073506","0234","1","0","0","0","0","0","0","0","0","1","0","","67","08","2022","5","40.0322","-75.0369","0231","06","0","0","0","0","1","0","0","0","","0","0","0","02","3","0","01","","0","40 01:56.091","","00","75 02:12.611","0","0","0","0","67301","0","0","0","N","0","0","0","2","67301","0","","1","01","","N","N","N","0","","0","0","1","3","2","","0230","0","2","0","0","0","0","0","2","0","2","03","03","N","","","","","","","","","","",""
"2022077755","1940","2","0","0","0","0","0","0","0","0","4","0","","67","08","2022","3","39.9133","-75.1503","1940","06","0","0","0","0","0","0","0","0","","0","0","0","18","4","0","00","N","0","39 54:48.000","","07","75 09:00.900","0","0","0","0","67301","0","0","0","N","0","0","0","2","67301","0","","1","01","","N","N","N","0","","0","0","0","0","0","","1837","0","2","0","0","2","0","0","2","0","2","03","","N","","","","","","","","","","",""
"2022091558","1445","1","0","0","0","0","0","0","0","0","4","0","","67","09","2022","6","39.9764","-75.1197","1445","06","0","0","0","0","0","1","0","0","","0","0","0","20","3","0","01","","0","39 58:35.096","","00","75 07:10.841","0","0","0","0","67301","0","0","0","N","0","0","0","2","67301","0","","1","99","","N","N","N","0","","0","0","1","3","2","","2000","0","2","0","0","0","0","0","2","0","2","99","","N","","","","","","","","","","",""
"2022080560","2101","0","0","0","0","0","0","0","0","0","7","0","","67","09","2022","5","39.9163","-75.1676","2054","06","0","0","0","0","0","1","0","0","","0","0","0","20","3","1","01","","1","39 54:58.650","3","00","75 10:03.268","3","0","0","0","67301","0","0","0","N","0","0","0","1","67301","0","","4","01","2300","N","N","N","0","","1","0","0","3","2","N","2023","1","1","0","0","0","0","0","2","1","1","03","03","N","","","","","","","","","","",""
"2022073505","1611","1","0","0","0","0","0","0","0","0","4","0","","67","08","2022","5","40.113","-75.023","1611","06","0","0","0","0","0","1","0","1","","0","0","0","16","1","2","01","","2","40 06:46.657","1","00","75 01:22.840","8","0","0","0","67301","0","0","0","N","0","0","0","2","67301","0","","1","01","1750","N","Y","N","0","","0","0","1","3","2","Y","1610","2","2","0","0","0","2","0","2","0","2","03","","N","","","","","","","","","","",""
"2022073605","1340","0","0","0","0","0","0","0","0","0","7","0","","67","08","2022","4","40.0229","-75.0872","1335","06","0","0","0","1","0","0","0","0","","0","0","0","13","1","0","01","","0","40 01:22.566","","00","75 05:13.790","0","0","0","0","67301","0","0","0","N","0","0","0","1","67301","0","","5","01","","N","N","Y","0","","0","0","1","0","0","","1333","0","1","0","0","1","0","0","2","0","1","03","","N","","","","","","","","","","",""
"2022073371","1142","2","0","0","0","0","0","0","0","0","4","0","","67","08","2022","5","39.9225","-75.1459","1142","06","0","0","0","0","0","0","0","0","","0","0","0","10","1","1","01","","0","39 55:21.068","","00","75 08:45.172","3","0","0","0","67301","0","0","0","N","0","0","0","2","67301","0","","1","01","","N","N","N","0","","1","0","0","3","3","","1015","1","2","0","0","2","0","0","2","0","2","03","","N","","","","","","","","","","",""
"2022072852","1720","1","0","0","0","0","0","0","0","0","1","0","","67","08","2022","3","40.0814","-74.9818","1712","06","0","0","0","0","0","0","1","0","","0","0","0","17","1","1","00","N","2","40 04:53.190","1","00","74 58:54.440","4","0","0","0","67301","0","0","0","N","0","0","0","1","67301","1","","6","01","0100","N","N","N","0","","0","0","1","0","0","N","1700","1","2","0","0","1","0","0","2","0","2","03","03","N","","","","","","","","","","",""
"2022075970","0739","2","0","0","0","0","0","0","0","0","1","0","","67","08","2022","2","40.0204","-75.0429","0733","06","0","0","0","0","0","0","1","0","","0","0","0","07","1","1","00","N","1","40 01:13.582","1","00","75 02:34.547","8","0","0","0","67301","0","0","0","N","0","0","0","4","68K01","0","","1","01","0745","N","N","N","0","","0","0","1","0","0","N","0733","1","4","0","0","0","1","0","2","1","4","03","03","N","","","","","","","","","","",""
"2022074211","0845","2","0","0","0","0","0","0","0","0","4","0","","67","08","2022","7","40.0318","-75.1425","0845","06","0","0","0","0","1","0","0","0","","0","0","0","16","1","2","01","","0","40 01:54.314","","00","75 08:32.873","3","0","0","0","67301","0","0","0","N","0","0","0","3","67301","0","","1","01","","N","N","N","0","","2","0","0","3","3","","1655","2","2","0","0","0","0","1","2","0","2","03","03","N","","","","","","","","","","",""
"2022077349","1949","2","0","0","0","0","0","0","0","0","4","0","","67","08","2022","7","39.9485","-75.2057","1949","06","0","0","0","0","0","0","0","0","","0","0","0","19","1","2","01","","0","39 56:54.661","","00","75 12:20.448","4","0","0","0","67301","0","0","0","N","0","0","0","5","67504","2","","1","01","","N","N","N","0","","0","0","0","3","3","","1945","2","2","0","0","0","0","0","2","0","2","03","","N","","","","","","","","","","",""
"2022085259","1750","1","0","0","0","0","0","0","0","0","4","0","","67","09","2022","4","39.9268","-75.2436","1747","06","0","0","0","0","0","0","0","0","","0","0","0","17","1","1","00","N","0","39 55:36.515","","00","75 14:36.852","8","0","0","0","67301","0","0","0","N","0","0","0","8","67301","0","","1","01","","N","N","N","0","","0","0","3","0","0","","1747","1","4","0","0","0","1","4","2","0","4","03","","N","","","","","","","","","","",""
"2022073200","0225","1","0","0","0","0","0","0","0","0","7","0","","67","08","2022","3","40.0395","-75.1542","0223","06","0","0","0","0","0","0","0","0","","0","0","0","02","3","0","00","N","0","40 02:22.047","","00","75 09:14.965","0","0","0","0","67301","0","0","0","N","0","0","0","1","67301","0","","5","01","","N","N","N","0","","0","0","0","0","0","","0223","0","1","0","0","0","0","0","2","0","1","03","","N","","","","","","","","","","",""
"2022073022","1647","1","0","0","0","0","0","0","0","0","7","0","","67","08","2022","2","40.1176","-75.0216","1647","06","0","0","0","0","0","0","0","1","","0","0","0","16","1","1","00","N","0","40 07:03.390","","00","75 01:17.920","3","0","0","0","67301","0","0","0","N","0","0","0","1","67301","0","","5","01","","N","N","N","0","","1","0","0","0","0","","1647","1","1","0","0","0","0","0","2","0","1","03","03","N","","","","","","","","","","",""
"2022075796","0400","1","0","0","0","0","0","0","0","0","4","0","","67","08","2022","7","39.9704","-75.15","0349","06","0","0","0","0","0","0","0","0","","0","0","0","02","3","3","01","","0","39 58:14.003","","00","75 08:59.563","3","0","0","0","67301","0","0","0","N","0","0","0","3","67301","2","","1","01","","N","N","N","0","","1","0","1","3","2","","0220","3","2","0","0","0","0","0","2","0","2","03","03","N","","","","","","","","","","",""
"2022083997","2103","0","0","0","0","0","0","0","0","0","7","0","","67","09","2022","2","40.0679","-75.0682","2056","06","0","0","0","0","0","0","0","0","","0","0","0","20","3","1","00","N","2","40 04:04.430","5","00","75 04:05.440","3","0","0","0","67301","0","0","0","N","0","0","0","1","67301","0","","5","09","2103","N","N","N","1","","1","0","0","0","0","N","2054","1","1","0","0","0","0","0","2","0","1","04","07","N","","","","","","","","","","",""
"2022090458","1642","2","0","0","0","0","0","0","0","0","4","0","","67","09","2022","6","39.9447","-75.1658","1642","06","0","0","0","0","0","0","0","0","","0","0","0","16","1","0","00","N","1","39 56:40.950","4","00","75 09:56.850","0","0","0","0","67301","0","0","0","N","0","0","0","2","67301","0","","1","01","1730","N","N","N","0","","0","0","0","0","0","N","1640","0","2","0","0","0","0","0","2","0","2","04","","N","","","","","","","","","","",""
"2022084564","1730","1","0","0","0","0","0","0","0","0","8","0","","67","09","2022","1","40.0016","-75.1528","1717","06","0","0","0","0","0","0","0","0","","0","0","0","12","1","1","01","","0","40 00:05.705","","00","75 09:10.074","4","0","0","0","67301","1","0","0","N","1","0","0","2","67301","1","","1","99","","N","N","N","0","","0","0","0","3","2","","1230","1","2","0","0","0","0","0","2","0","1","03","03","N","","","","","","","","","","",""
"2022081516","0808","0","0","0","0","0","0","0","0","0","4","0","","67","09","2022","7","39.9911","-75.1569","0807","06","0","0","0","0","0","0","0","0","","0","0","0","08","1","2","01","","0","39 59:27.909","","00","75 09:24.865","3","0","0","0","67301","0","0","0","N","0","0","0","4","67301","1","","1","01","","N","N","N","0","","1","0","2","3","2","","0805","2","2","0","0","0","0","0","2","0","2","03","03","N","","","","","","","","","","",""
"2022082077","1849","1","0","0","0","0","0","0","0","0","8","0","","67","09","2022","6","40.0276","-75.0963","1842","06","0","0","0","0","0","0","0","0","","0","0","0","18","1","1","01","","0","40 01:39.408","","00","75 05:46.513","3","0","0","0","67301","1","0","0","N","1","0","0","2","67301","0","","1","01","","N","N","N","0","","1","0","0","0","0","","1814","1","2","0","0","0","0","0","2","0","1","03","","N","","","","","","","","","","",""
"2022095492","0203","1","0","0","0","0","0","0","0","0","5","0","","67","08","2022","3","39.9828","-75.2521","0201","06","0","0","0","0","0","0","0","0","","0","0","0","01","3","0","00","N","2","39 58:58.200","5","00","75 15:07.700","0","0","0","0","67301","0","0","0","N","0","0","0","1","67301","0","","6","01","0030","N","Y","N","1","","0","0","1","0","0","Y","0155","0","3","0","0","0","0","0","2","0","3","03","03","N","","","","","","","","","","",""
"2022082141","2055","1","0","0","0","0","0","0","0","0","4","0","","67","09","2022","5","40.001","-75.1001","2050","06","0","1","0","0","0","0","0","0","","0","0","0","20","3","3","01","","1","40 00:03.453","3","00","75 06:00.194","3","0","0","0","67301","0","0","0","N","0","0","0","5","67301","0","","1","01","1000","N","N","N","0","","3","0","1","3","2","N","2047","3","3","0","0","0","0","0","2","1","3","03","03","N","","","","","","","","","","",""
"2022097034","1742","2","0","0","0","0","0","0","0","0","4","0","","67","10","2022","1","39.9697","-75.1416","1740","06","0","0","0","0","0","0","0","0","","0","0","0","17","1","0","01","","0","39 58:11.255","","00","75 08:29.406","9","0","0","0","67301","0","0","0","N","0","0","0","3","67301","0","","1","01","","N","N","N","0","","0","0","0","3","2","","1738","0","2","0","0","2","0","2","2","0","2","03","03","N","","","","","","","","","","",""
"2022083577","1640","0","0","0","0","0","0","0","0","0","8","0","","67","09","2022","6","39.9289","-75.1822","1635","06","0","0","0","0","0","0","0","0","","0","0","0","15","1","1","00","N","0","39 55:44.190","","00","75 10:55.900","2","0","0","1","67301","1","0","1","N","1","0","1","2","67301","0","","4","01","","N","N","N","0","","0","1","0","0","0","","1530","1","2","0","0","0","0","1","2","0","1","03","03","N","","","","","","","","","","",""
"2022083741","1125","2","0","0","0","0","0","0","0","0","2","0","","67","09","2022","2","39.9042","-75.1646","1121","06","0","0","0","0","0","1","0","0","","0","0","0","11","1","2","01","","0","39 54:15.296","","00","75 09:52.687","4","0","0","0","67301","0","0","0","N","0","0","0","2","67301","2","","1","01","","N","N","N","0","","0","0","0","3","2","","1115","2","2","0","0","0","0","0","2","0","2","03","","N","","","","","","","","","","",""
"2022073968","1058","2","0","0","0","0","0","0","0","0","4","0","","67","08","2022","6","40.0564","-75.0533","1052","06","0","0","0","0","0","0","0","2","","0","0","0","10","1","3","01","","0","40 03:23.116","","00","75 03:12.018","8","0","0","0","67301","0","0","0","N","0","0","0","3","67301","0","","1","01","","N","N","N","0","","0","0","0","3","2","","1050","3","2","0","0","0","3","0","2","0","2","03","","N","","","","","","","","","","",""
"2022083597","0825","1","0","0","0","0","0","0","0","0","4","0","","67","09","2022","6","40.1235","-75.0154","0805","06","0","0","1","0","0","0","1","0","","0","0","0","07","1","1","01","","0","40 07:24.748","","00","75 00:55.269","4","0","0","0","67301","0","0","0","N","0","0","0","2","67301","1","","1","01","","N","N","N","0","","0","0","1","3","2","","0754","1","2","0","0","0","0","0","2","0","2","03","","N","","","","","","","","","","",""
"2022073677","1403","1","0","0","0","0","0","0","0","0","4","0","","67","08","2022","4","39.9195","-75.2117","1357","06","0","0","0","0","0","0","0","0","","0","0","0","13","1","2","00","N","0","39 55:10.320","","00","75 12:41.990","3","0","0","0","67301","0","0","0","N","0","0","0","3","67301","0","","1","01","","N","N","N","0","","2","0","1","0","0","","1356","2","2","0","0","0","0","0","2","0","2","03","03","N","","","","","","","","","","",""
"2022075983","1514","0","0","0","0","0","0","0","0","0","1","0","","67","08","2022","6","39.9433","-75.1927","1458","06","0","0","0","0","0","1","0","0","","0","0","0","14","1","1","00","N","2","39 56:35.895","4","03","75 11:33.663","3","0","0","0","67301","0","0","0","N","0","0","0","3","68K01","0","","1","01","0030","N","N","N","0","","1","0","3","0","0","N","1454","1","3","0","0","0","0","0","2","0","3","03","","N","","","","","","","","","","",""
"2022096267","0019","1","0","0","0","0","0","0","0","0","1","0","","67","10","2022","4","39.9486","-75.186","0011","06","0","0","0","0","0","0","1","0","","0","0","0","00","3","2","00","N","0","39 56:54.851","","00","75 11:09.499","3","0","0","0","67301","0","0","0","N","0","0","0","3","68K01","0","","1","01","","N","N","N","0","","2","0","0","0","0","","0010","2","2","0","0","0","0","1","2","0","2","03","03","N","","","","","","","","","","",""
"2022080184","1235","0","0","0","1","0","0","0","0","0","8","0","","67","08","2022","4","39.9387","-75.2243","1230","06","0","0","0","0","0","0","1","0","","0","0","0","12","1","1","01","","0","39 56:19.388","","00","75 13:27.483","3","0","0","0","67301","1","0","0","N","0","0","0","2","67301","0","","1","01","","N","N","N","0","","1","0","1","3","2","","1220","1","2","0","0","0","0","0","2","0","1","03","","N","","","","","","","","","","",""
"2022097015","0645","0","0","0","0","0","0","0","0","0","4","0","","67","10","2022","4","40.0631","-75.022","0643","06","0","0","0","0","0","0","0","0","","0","0","0","06","1","3","02","","1","40 03:47.229","7","00","75 01:19.196","3","0","0","0","67301","0","0","0","N","0","0","0","3","67301","0","","1","01","0020","N","N","N","0","","3","0","2","3","3","N","0640","3","2","0","0","0","0","0","2","0","2","03","03","N","","","","","","","","","","",""