"CRN","ARRIVAL_TM","AUTOMOBILE_COUNT","BELTED_DEATH_COUNT","BELTED_SUSP_SERIOUS_INJ_COUNT","BICYCLE_COUNT","BICYCLE_DEATH_COUNT","BICYCLE_SUSP_SERIOUS_INJ_COUNT","BUS_COUNT","CHLDPAS_DEATH_COUNT","CHLDPAS_SUSP_SERIOUS_INJ_COUNT","COLLISION_TYPE","COMM_VEH_COUNT","CONS_ZONE_SPD_LIM","COUNTY","CRASH_MONTH","CRASH_YEAR","DAY_OF_WEEK","DEC_LAT","DEC_LONG","DISPATCH_TM","DISTRICT","DRIVER_COUNT_16YR","DRIVER_COUNT_17YR","DRIVER_COUNT_18YR","DRIVER_COUNT_19YR","DRIVER_COUNT_20YR","DRIVER_COUNT_50_64YR","DRIVER_COUNT_65_74YR","DRIVER_COUNT_75PLUS","EST_HRS_CLOSED","FATAL_COUNT","HEAVY_TRUCK_COUNT","HORSE_BUGGY_COUNT","HOUR_OF_DAY","ILLUMINATION","INJURY_COUNT","INTERSECT_TYPE","INTERSECTION_RELATED","LANE_CLOSED","LATITUDE","LN_CLOSE_DIR","LOCATION_TYPE","LONGITUDE","MAX_SEVERITY_LEVEL","MCYCLE_DEATH_COUNT","MCYCLE_SUSP_SERIOUS_INJ_COUNT","MOTORCYCLE_COUNT","MUNICIPALITY","NONMOTR_COUNT","NONMOTR_DEATH_COUNT","NONMOTR_SUSP_SERIOUS_INJ_COUNT","NTFY_HIWY_MAINT","PED_COUNT","PED_DEATH_COUNT","PED_SUSP_SERIOUS_INJ_COUNT","PERSON_COUNT","POLICE_AGCY","POSSIBLE_INJ_COUNT","RDWY_SURF_TYPE_CD","RELATION_TO_ROAD","ROAD_CONDITION","ROADWAY_CLEARED","SCH_BUS_IND","SCH_ZONE_IND","SECONDARY_CRASH","SMALL_TRUCK_COUNT","SPEC_JURIS_CD","SUSP_MINOR_INJ_COUNT","SUSP_SERIOUS_INJ_COUNT","SUV_COUNT","TCD_FUNC_CD","TCD_TYPE","TFC_DETOUR_IND","TIME_OF_DAY","TOT_INJ_COUNT","TOTAL_UNITS","UNB_DEATH_COUNT","UNB_SUSP_SERIOUS_INJ_COUNT","UNBELTED_OCC_COUNT","UNK_INJ_DEG_COUNT","UNK_INJ_PER_COUNT","URBAN_RURAL","VAN_COUNT","VEHICLE_COUNT","WEATHER1","WEATHER2","WORK_ZONE_IND","WORK_ZONE_LOC","WORK_ZONE_TYPE","WORKERS_PRES","WZ_CLOSE_DETOUR","WZ_FLAGGER","WZ_LAW_OFFCR_IND","WZ_LN_CLOSURE","WZ_MOVING","WZ_OTHER","WZ_SHLDER_MDN","WZ_WORKERS_INJ_KILLED"
"2022072193","1101","1","0","0","0","0","0","0","0","0","8","0","","67","08","2022","6","39.924","-75.1866","1100","06","0","0","0","0","0","1","0","0","","0","0","0","10","1","1","01","","0","39 55:26.461","","00","75 11:11.745","4","0","0","0","67301","1","0","0","N","1","0","0","2","67301","1","","1","01","","N","N","N","0","","0","0","0","3","3","","1045","1","2","0","0","0","0","0","2","0","1","03","03","N","","","","","","","","","","",""
"2022076696","1205","0","0","0","1","0","0","0","0","0","8","0","","67","08","2022","6","39.9926","-75.1206","1200","06","0","0","0","0","0","0","0","0","","0","0","0","00","3","1","00","N","0","39 59:33.280","","01","75 07:13.980","3","0","0","0","67301","1","0","0","N","0","0","0","2","67301","0","","1","01","","N","N","N","0","","1","0","0","0","0","","0030","1","2","0","0","0","0","0","2","0","1","03","","N","","","","","","","","","","",""
"2022085594","1002","1","0","0","0","0","0","0","0","0","7","0","","67","09","2022","4","39.9617","-75.2388","0954","06","0","0","0","0","0","0","0","0","","0","0","0","09","1","1","01","","1","39 57:42.283","4","00","75 14:19.644","3","0","0","0","67301","0","0","0","N","0","0","0","1","67301","0","","3","01","1015","N","N","N","0","","1","0","0","3","2","N","0951","1","1","0","0","0","0","0","2","0","1","03","","N","","","","","","","","","","",""
"2022076271","0800","0","0","0","0","0","0","0","0","0","7","0","","67","08","2022","2","39.9995","-75.1466","0754","06","0","0","0","0","0","0","0","0","","0","0","0","07","1","1","00","N","0","39 59:58.360","","00","75 08:47.580","2","0","0","0","67301","0","0","0","N","0","0","0","1","67301","0","","4","01","","N","N","N","0","","0","1","1","0","0","","0749","1","1","0","0","0","0","0","2","0","1","03","03","N","","","","","","","","","","",""
"2022086494","0706","3","0","0","0","0","0","0","0","0","5","1","","67","08","2022","2","39.948","-75.1421","0706","06","0","0","0","0","1","0","1","0","","0","0","0","06","1","2","00","N","0","39 56:52.775","","00","75 08:31.695","3","0","0","0","67301","0","0","0","N","0","0","0","3","68K01","0","","1","01","","N","N","N","0","","2","0","0","0","0","","0629","2","3","0","0","0","0","0","2","0","3","03","03","N","","","","","","","","","","",""
"2022087352","0810","2","0","0","0","0","0","0","0","0","4","0","","67","09","2022","5","40.0444","-75.0305","0751","06","0","0","1","0","0","0","0","0","","0","0","0","07","1","1","01","","0","40 02:39.763","","00","75 01:49.950","8","0","0","0","67301","0","0","0","N","0","0","0","2","67301","0","","1","01","","N","N","N","0","","0","0","0","0","0","","0745","1","2","0","0","1","1","0","2","0","2","03","","N","","","","","","","","","","",""
"2022074312","2243","1","0","0","0","0","0","0","0","0","4","0","","67","08","2022","1","39.9773","-75.1581","2240","06","0","0","0","0","2","0","0","0","","0","0","0","22","3","0","01","","0","39 58:38.118","","00","75 09:29.146","0","0","0","0","67301","0","0","0","N","0","0","0","2","67505","0","","1","01","","N","N","N","0","","0","0","0","3","2","","2238","0","2","0","0","0","0","0","2","1","2","03","03","N","","","","","","","","","","",""
"2022085583","1635","2","0","0","0","0","0","0","0","0","1","0","","67","09","2022","5","40.1148","-74.9887","1615","06","0","0","0","0","0","0","0","0","","0","0","0","14","1","1","00","N","0","40 06:53.420","","00","74 59:19.190","3","0","0","0","67301","0","0","0","N","0","0","0","3","67301","0","","1","01","","N","N","N","0","","1","0","1","0","0","","1451","1","3","0","0","0","0","0","2","0","3","03","","N","","","","","","","","","","",""
"2022075799","1700","0","0","0","0","0","0","0","0","0","1","0","","67","08","2022","2","39.9888","-75.1274","1655","06","0","0","0","0","0","1","1","0","","0","0","0","16","1","2","05","","0","39 59:19.655","","01","75 07:38.503","3","0","0","0","67301","0","0","0","N","0","0","0","3","67301","0","","1","01","","N","N","N","0","","2","0","1","3","2","","1645","2","2","0","0","0","0","0","2","1","2","03","","N","","","","","","","","","","",""
"2022076058","1424","1","0","0","0","0","0","0","0","0","6","0","","67","08","2022","3","39.9159","-75.2394","1422","06","0","0","0","0","0","0","0","0","","0","0","0","13","1","0","00","N","1","39 54:57.071","6","00","75 14:21.665","0","0","0","0","67301","0","0","0","N","0","0","0","2","67301","0","","1","01","0236","N","N","N","0","","0","0","0","0","0","Y","1313","0","2","0","0","0","0","0","2","0","2","03","","N","","","","","","","","","","",""
"2022082271","0954","3","0","0","0","0","0","0","0","0","1","0","","67","07","2022","7","40.0139","-75.0564","0937","06","0","0","0","0","0","0","0","0","","0","0","0","09","1","0","00","N","0","40 00:49.867","","00","75 03:23.092","0","0","0","0","67301","0","0","0","N","0","0","0","8","68K01","0","","1","01","","N","N","N","0","","0","0","0","0","0","","0936","0","3","0","0","0","0","0","2","0","3","03","03","N","","","","","","","","","","",""
"2022082718","0720","0","0","0","0","0","0","0","0","0","7","1","99","67","09","2022","6","39.9588","-75.1888","0718","06","0","0","0","0","1","0","0","0","","0","1","0","07","1","0","00","N","0","39 57:31.800","","00","75 11:19.500","0","0","0","0","67301","0","0","0","N","0","0","0","1","67507","0","","4","01","","N","N","N","0","","0","0","0","3","8","","0715","0","1","0","0","0","0","0","2","0","1","03","","Y","4","1","U","","","U","Y","","","","N"
"2022075640","1828","1","0","0","0","0","0","0","0","0","1","0","","67","08","2022","3","39.9827","-75.1003","1813","06","0","0","0","0","0","0","0","0","","0","0","0","18","1","0","00","N","0","39 58:57.666","","02","75 06:01.015","0","0","0","0","67301","0","0","0","N","0","0","0","3","68K01","0","","1","01","","N","N","N","0","","0","0","1","0","0","","1810","0","3","0","0","0","0","0","2","1","3","03","","N","","","","","","","","","","",""
"2022081501","0840","0","0","0","0","0","0","0","0","0","1","0","","67","08","2022","6","39.9576","-75.1596","0830","06","0","0","0","0","0","1","0","0","","0","0","0","08","1","1","00","N","1","39 57:27.248","4","00","75 09:34.469","8","0","0","0","67301","0","0","0","N","0","0","0","4","68K01","0","","1","01","0920","N","N","N","0","","0","0","2","0","0","N","0826","1","2","0","0","1","1","0","2","0","2","03","03","N","","","","","","","","","","",""
"2022072257","1215","0","0","0","0","0","0","0","0","0","4","0","","67","08","2022","4","39.9524","-75.2428","1208","06","0","0","0","0","0","1","0","0","","0","0","0","11","1","1","01","","0","39 57:08.766","","00","75 14:33.903","8","0","0","0","67301","0","0","0","N","0","0","0","3","67301","0","","1","01","","N","N","N","1","","0","0","1","3","2","","1116","1","2","0","0","0","1","2","2","0","2","03","03","N","","","","","","","","","","",""
"2022072237","1245","2","0","0","0","0","0","0","0","0","4","0","","67","08","2022","5","40.0448","-75.1638","1240","06","0","0","0","0","0","0","0","0","","0","0","0","15","1","3","01","","0","40 02:41.397","","00","75 09:49.614","3","0","0","0","67301","0","0","0","N","0","0","0","5","67301","0","","1","01","","N","N","N","0","","3","0","1","3","3","","1540","3","3","0","0","0","0","0","2","0","3","03","03","N","","","","","","","","","","",""
"2022070092","0015","1","0","0","0","0","0","0","0","0","5","0","","67","08","2022","2","","","0012","06","0","0","0","0","0","0","0","0","","0","0","0","00","3","0","00","N","0","","","03","","0","0","0","0","67301","0","0","0","N","0","0","0","6","67501","0","","1","09","","N","N","N","0","","0","0","1","0","0","","0012","0","2","0","0","0","0","0","1","0","2","07","","N","","","","","","","","","","",""
"2022075765","0554","0","0","0","0","0","0","0","0","0","4","0","","67","08","2022","3","40.0462","-75.1661","0552","06","0","0","0","0","0","1","0","0","","0","0","0","05","5","2","01","","0","40 02:46.469","","00","75 09:57.857","8","0","0","0","67301","0","0","0","N","0","0","0","2","67301","0","","1","01","","N","N","N","0","","0","0","2","3","3","","0547","2","2","0","0","0","2","0","2","0","2","03","","N","","","","","","","","","","",""
"2022075769","0746","2","0","0","0","0","0","0","0","0","1","0","","67","08","2022","2","40.0354","-75.0498","0726","06","0","0","0","0","0","0","0","0","","0","0","0","07","1","2","01","","0","40 02:07.385","","00","75 02:59.150","4","0","0","0","67301","0","0","0","N","0","0","0","4","67301","2","","1","01","","N","N","N","0","","0","0","0","3","2","","0713","2","2","0","0","4","0","0","2","0","2","03","","N","","","","","","","","","","",""
"2022086648","0003","0","0","0","0","0","0","0","0","0","4","0","","67","09","2022","3","39.9998","-75.1533","0000","06","0","0","0","0","0","1","0","0","","1","0","0","22","3","1","00","N","0","39 59:59.370","","07","75 09:11.918","1","1","0","1","67301","0","0","0","N","0","0","0","2","67301","0","2","1","01","","N","N","N","0","0","1","0","0","0","0","","2225","1","2","0","0","0","0","0","2","1","2","03","","N","","","","","","","","","","",""
"2022081857","2249","2","0","0","0","0","0","0","0","0","5","0","","67","08","2022","3","39.9968","-75.1538","2245","06","0","0","1","0","0","0","0","0","","0","0","0","22","3","1","01","","0","39 59:48.618","","00","75 09:13.788","3","0","0","0","67301","0","0","0","N","0","0","0","3","67301","0","","1","01","","N","N","N","0","","1","0","0","3","2","","2240","1","2","0","0","0","0","0","2","0","2","03","03","N","","","","","","","","","","",""
"2022075748","1250","0","0","0","0","0","0","0","0","0","4","0","","67","08","2022","7","39.9501","-75.164","1250","06","0","0","0","0","0","0","0","0","","0","0","0","21","3","0","01","","0","39 57:00.353","","00","75 09:50.402","0","0","0","0","67301","0","0","0","N","0","0","0","2","67301","0","","1","01","","N","N","N","0","","0","0","2","3","2","","2110","0","2","0","0","0","0","0","2","0","2","03","03","N","","","","","","","","","","",""
"2022072246","0400","1","0","0","0","0","0","0","0","0","5","0","","67","08","2022","5","40.0353","-75.0335","0354","06","0","0","0","0","0","0","0","0","","0","0","0","03","3","1","00","N","0","40 02:07.200","","00","75 02:00.600","3","0","0","0","67301","0","0","0","N","0","0","0","1","67301","0","","6","01","","N","N","N","0","","1","0","1","0","0","","0335","1","2","0","0","0","0","0","2","0","2","03","03","N","","","","","","","","","","",""
"2022082641","1524","1","0","0","0","0","0","0","0","0","1","0","","67","08","2022","5","39.9585","-75.1675","1524","06","0","0","0","0","1","1","0","0","","0","0","0","15","1","1","00","N","0","39 57:30.472","","00","75 10:02.989","3","0","0","0","67301","0","0","0","N","0","0","0","5","68K01","0","","1","01","","N","N","N","1","","1","0","0","0","0","","1510","1","3","0","0","0","0","0","2","1","3","03","03","N","","","","","","","","","","",""
"2022075749","2137","0","0","0","0","0","0","0","0","0","4","0","","67","08","2022","3","39.9576","-75.1457","2135","06","0","0","0","0","0","0","0","0","","0","0","0","21","3","1","01","","0","39 57:27.432","","00","75 08:44.473","2","0","1","1","67301","0","0","0","N","0","0","0","2","67301","0","","1","01","","N","N","N","0","","0","1","1","3","2","","2133","1","2","0","0","0","0","0","2","0","2","03","03","N","","","","","","","","","","",""
"2022078521","1101","0","0","0","0","0","0","0","0","0","5","0","","67","08","2022","4","39.9985","-75.1535","1100","06","0","0","0","0","0","1","0","0","","0","0","0","21","3","1","02","","0","39 59:54.553","","00","75 09:12.487","2","0","1","1","67301","0","0","0","N","0","0","0","2","67301","0","","1","01","","N","N","N","0","","0","1","1","3","2","","2130","1","2","0","0","0","0","0","2","0","2","03","","N","","","","","","","","","","",""
"2022076175","1939","2","0","0","0","0","0","0","0","0","4","0","","67","08","2022","3","39.9595","-75.2332","1934","06","0","0","0","0","0","0","0","0","","0","0","0","19","4","3","01","","0","39 57:34.098","","00","75 13:59.434","4","0","0","0","67301","0","0","0","N","0","0","0","5","67301","3","","1","01","","N","N","N","0","","0","0","0","3","2","","1933","3","2","0","0","0","0","0","2","0","2","03","03","N","","","","","","","","","","",""
"2022082618","1004","1","0","0","0","0","0","0","0","0","7","0","","67","09","2022","3","40.0394","-75.0071","0956","06","0","0","0","0","0","1","0","0","","0","0","0","09","1","0","00","N","0","40 02:21.961","","00","75 00:25.559","0","0","0","0","67301","0","0","0","N","0","0","0","1","68K01","0","","4","09","","N","N","N","0","","0","0","0","0","0","","0955","0","1","0","0","0","0","0","2","0","1","07","04","N","","","","","","","","","","",""
"2022081620","0721","2","0","0","0","0","0","0","0","0","4","0","","67","09","2022","3","40.0854","-75.0374","0721","06","0","0","0","0","0","1","0","0","","0","0","0","07","1","2","01","","1","40 05:07.651","3","00","75 02:14.830","8","0","0","0","67301","0","0","0","N","0","0","0","2","67301","0","","1","09","0100","N","N","N","0","","0","0","0","3","2","N","0718","2","2","0","0","0","2","0","2","0","2","07","07","N","","","","","","","","","","",""
"2022081458","1630","1","0","0","0","0","0","0","0","0","2","0","","67","09","2022","2","40.0173","-75.2114","1626","06","0","0","0","0","0","0","0","0","","0","0","0","16","1","0","00","N","0","40 01:02.424","","00","75 12:41.092","0","0","0","0","67301","0","0","0","N","0","0","0","2","67301","0","","1","01","","N","N","N","0","","0","0","1","0","0","","1625","0","2","0","0","0","0","0","2","0","2","03","03","N","","","","","","","","","","",""
"2022082167","2130","1","0","0","0","0","0","0","0","0","7","0","","67","09","2022","2","40.0199","-75.0808","2121","06","0","0","0","0","0","0","0","0","","0","0","0","21","3","1","01","","0","40 01:11.557","","00","75 04:51.126","8","0","0","0","67301","0","0","0","N","0","0","0","1","67301","0","","5","01","","N","N","N","0","","0","0","0","3","2","","2119","1","1","0","0","0","1","0","2","0","1","04","","N","","","","","","","","","","",""
"2022081035","1409","2","0","0","0","0","0","0","0","0","8","0","","67","09","2022","1","39.9847","-75.1565","1405","06","0","0","1","0","0","0","0","0","","0","0","0","14","1","1","01","N","1","39 59:04.910","3","00","75 09:23.867","2","0","0","0","67301","1","0","1","N","1","0","1","4","67505","0","","1","01","1430","N","N","Y","0","","0","1","0","3","2","N","1400","1","3","0","0","0","0","0","2","0","2","03","03","N","","","","","","","","","","",""
"2022073659","1454","1","0","0","0","0","0","0","0","0","1","0","","67","08","2022","5","39.9076","-75.1436","1454","06","0","0","0","0","0","0","0","0","","0","0","0","14","1","0","00","N","0","39 54:27.230","","03","75 08:36.820","0","0","0","0","67301","0","0","0","N","0","0","0","3","67501","0","","1","01","","N","N","N","0","","0","0","1","3","8","","1452","0","2","0","0","1","0","0","2","0","2","03","03","N","","","","","","","","","","",""
"2022082361","0414","0","0","0","0","0","0","0","0","0","1","1","","67","08","2022","1","39.9679","-75.19","0405","06","0","0","0","0","0","0","1","0","","0","1","0","04","3","0","00","N","0","39 58:04.412","","00","75 11:23.869","0","0","0","0","67301","0","0","0","N","0","0","0","2","68K01","0","","1","01","","N","N","N","0","","0","0","1","0","0","","0400","0","2","0","0","0","0","0","2","0","2","03","","N","","","","","","","","","","",""
"2022072622","2300","1","0","0","0","0","0","0","0","0","4","0","","67","08","2022","6","40.0133","-75.0974","2300","06","0","0","0","0","0","1","0","0","","0","0","0","20","3","0","01","","0","40 00:47.892","","00","75 05:50.775","0","0","0","0","67301","0","0","0","N","0","0","0","3","67301","0","","1","01","","N","N","N","1","","0","0","0","3","3","","2030","0","2","0","0","0","0","0","2","0","2","03","03","N","","","","","","","","","","",""
"2022080972","0117","2","0","0","0","0","0","0","0","0","2","0","","67","09","2022","1","40.0613","-75.1721","0112","06","0","0","0","0","0","1","0","0","","0","0","0","00","3","1","01","","0","40 03:40.652","","00","75 10:19.404","3","0","0","0","67301","0","0","0","N","0","0","0","2","67301","0","","1","01","","N","N","N","0","","1","0","0","3","3","","0050","1","2","0","0","0","0","1","2","0","2","03","03","N","","","","","","","","","","",""
"2022080922","0135","2","0","0","0","0","0","0","0","0","4","1","","67","09","2022","7","40.1308","-75.016","0130","06","0","0","0","0","0","0","0","0","","0","1","0","01","3","1","00","N","0","40 07:50.833","","00","75 00:57.425","4","0","0","0","67301","2","0","0","N","2","0","0","5","67301","1","","4","01","","N","N","N","0","","0","0","0","0","0","","0122","1","5","0","0","0","0","1","2","0","3","03","03","N","","","","","","","","","","",""
"2022082336","2354","0","0","0","0","0","0","0","0","0","5","0","","67","08","2022","2","39.8862","-75.2078","2340","06","0","0","0","0","0","0","0","0","","0","0","0","23","3","0","00","N","2","39 53:10.234","2","03","75 12:27.910","9","0","0","0","67301","0","0","0","N","0","0","0","3","68K01","0","","1","01","2350","N","N","N","1","","0","0","1","0","0","N","2316","0","2","0","0","0","0","1","2","0","2","03","","N","","","","","","","","","","",""
"2022081286","2347","2","0","0","0","0","0","0","0","0","5","0","","67","09","2022","7","40.0237","-75.1795","2346","06","0","0","0","0","0","0","0","0","","0","0","0","23","3","1","00","N","0","40 01:25.467","","00","75 10:46.151","2","0","0","0","67301","0","0","0","N","0","0","0","1","67301","0","","1","01","","N","N","N","0","","0","1","2","0","0","","2343","1","4","0","0","0","0","0","2","0","4","03","03","N","","","","","","","","","","",""
"2022075811","1708","1","0","0","0","0","0","0","0","0","8","0","","67","08","2022","3","40.0302","-75.1185","1705","06","0","0","0","0","0","0","0","0","","0","0","0","15","1","1","01","","0","40 01:48.734","","00","75 07:06.449","3","0","0","0","67301","1","0","0","N","1","0","0","2","67301","0","","1","01","","N","N","N","0","","1","0","0","3","2","","1559","1","2","0","0","1","0","0","2","0","1","03","03","N","","","","","","","","","","",""
"2022087872","1228","1","0","0","0","0","0","0","0","0","8","0","","67","09","2022","6","39.9256","-75.1693","1219","06","0","0","0","0","0","0","0","0","","0","0","0","12","1","1","03","","2","39 55:32.012","3","00","75 10:09.901","3","0","0","0","67301","1","0","0","N","1","0","0","1","67301","0","","1","01","1305","N","N","N","0","","1","0","0","3","2","Y","1215","1","2","0","0","0","0","0","2","0","1","03","03","N","","","","","","","","","","",""
"2022072227","0955","0","0","0","0","0","0","0","0","0","2","0","","67","08","2022","3","39.9343","-75.2277","0952","06","0","0","0","0","0","0","0","0","","0","0","0","09","1","1","00","N","0","39 56:03.544","","00","75 13:39.849","8","0","0","0","67301","0","0","0","N","0","0","0","2","67301","0","","1","01","","N","N","N","0","","0","0","1","0","0","","0945","1","2","0","0","0","1","0","2","1","2","03","03","N","","","","","","","","","","",""
"2022078807","0609","1","0","0","0","0","0","0","0","0","7","0","","67","08","2022","2","39.967","-75.1336","0600","06","0","0","0","0","0","0","0","0","","0","0","0","05","1","0","00","N","2","39 58:01.095","1","03","75 08:00.871","0","0","0","0","67301","0","0","0","N","0","0","0","1","68K01","0","","4","09","0615","N","N","N","0","","0","0","0","0","0","N","0555","0","1","0","0","0","0","0","2","0","1","07","","N","","","","","","","","","","",""
"2022081991","1345","4","0","0","0","0","0","0","0","0","6","1","","67","09","2022","3","40.004","-75.0668","1240","06","0","0","0","0","0","1","0","0","","0","1","0","12","1","0","00","N","2","40 00:14.277","3","00","75 04:00.566","0","0","0","0","67301","0","0","0","N","0","0","0","1","67301","0","","6","09","0300","N","N","N","2","","0","0","1","0","0","N","1240","0","8","0","0","0","0","0","2","0","8","07","07","N","","","","","","","","","","",""
"2022072083","0126","0","0","0","0","0","0","0","0","0","7","0","","67","08","2022","4","39.9096","-75.1543","0125","06","0","0","0","0","0","0","0","0","","0","0","0","01","3","0","00","N","1","39 54:34.500","4","05","75 09:15.400","0","0","0","0","67301","0","0","0","N","0","0","0","1","67501","0","","4","01","0201","N","","N","1","","0","0","0","3","8","N","0125","0","1","0","0","0","0","0","2","0","1","03","03","N","","","","","","","","","","",""
"2022072255","2103","1","0","0","0","0","0","0","0","0","4","0","","67","08","2022","2","39.9548","-75.2179","2103","06","0","0","0","0","0","0","0","0","","0","0","0","19","1","3","01","","0","39 57:17.373","","00","75 13:04.418","3","0","0","0","67301","0","0","0","N","0","0","0","3","67301","0","","1","01","","N","N","N","0","","3","0","1","3","2","","1954","3","2","0","0","0","0","0","2","0","2","03","03","N","","","","","","","","","","",""
"2022070255","1521","3","0","0","0","0","0","0","0","0","4","0","","67","08","2022","2","40.003","-75.1513","1511","06","0","0","0","0","0","0","0","0","","0","0","0","15","1","2","01","","1","40 00:10.828","2","00","75 09:04.647","8","0","0","0","67301","0","0","0","N","0","0","0","3","67505","0","","1","01","1108","N","N","Y","0","","0","0","2","3","3","N","1511","2","5","0","0","0","2","0","2","0","5","03","03","N","","","","","","","","","","",""
"2022080945","1900","2","0","0","0","0","0","0","0","0","1","0","","67","09","2022","7","40.0687","-75.1815","1900","06","0","0","0","0","0","0","0","0","","0","0","0","19","1","2","00","N","0","40 04:07.429","","00","75 10:53.291","3","0","0","0","67301","0","0","0","N","0","0","0","5","67301","0","","1","01","","N","N","N","0","","2","0","0","0","0","","1900","2","2","0","0","0","0","0","2","0","2","03","03","N","","","","","","","","","","",""
"2022072288","2335","1","0","0","0","0","0","0","0","0","4","1","","67","08","2022","7","40","-75.1531","2329","06","0","0","0","0","0","0","0","0","","0","1","0","23","3","0","01","","0","39 59:59.964","","00","75 09:11.322","9","0","0","0","67301","0","0","0","N","0","0","0","2","67301","0","","1","01","","N","N","N","0","","0","0","0","3","2","","2311","0","2","0","0","0","0","1","2","0","2","03","","N","","","","","","","","","","",""
"2022085391","0910","0","0","0","0","0","0","0","0","0","7","0","","67","09","2022","7","39.9812","-75.1977","0830","06","0","0","0","0","0","0","0","0","","0","0","0","06","2","0","00","N","0","39 58:52.370","","00","75 11:51.680","9","0","0","0","67301","0","0","0","N","0","0","0","1","67301","0","","3","01","","N","N","N","1","","0","0","0","0","0","","0650","0","1","0","0","1","0","1","2","0","1","03","03","N","","","","","","","","","","",""
"2022077567","1131","1","0","0","0","0","0","0","0","0","4","0","","67","08","2022","1","39.9682","-75.2405","1130","06","0","0","0","0","0","0","0","1","","0","0","0","10","1","0","01","","0","39 58:05.624","","00","75 14:25.774","0","0","0","0","67301","0","0","0","N","0","0","0","2","67301","0","","1","01","","N","N","N","1","","0","0","0","3","3","","1005","0","2","0","0","0","0","0","2","0","2","03","","N","","","","","","","","","","",""
"2022075762","1751","2","0","0","0","0","0","0","0","0","4","0","","67","08","2022","1","40.0409","-75.1873","1742","06","0","0","0","0","1","0","0","1","","0","0","0","17","1","2","01","","0","40 02:27.297","","00","75 11:14.369","3","0","0","0","67301","0","0","0","N","0","0","0","5","67301","1","","1","01","","N","N","N","0","","1","0","0","3","2","","1731","2","2","0","0","0","0","0","2","0","2","03","03","N","","","","","","","","","","",""
"2022085294","2350","2","0","0","0","0","0","0","0","0","4","0","","67","09","2022","7","40.0455","-75.0883","2332","06","0","0","1","0","0","0","0","0","","0","0","0","23","3","1","01","","0","40 02:43.859","","00","75 05:17.937","8","0","0","0","67301","0","0","0","N","0","0","0","2","67301","0","","1","01","","N","N","N","0","","0","0","0","9","2","","2300","1","2","0","0","0","1","0","2","0","2","03","03","N","","","","","","","","","","",""
"2022086345","2229","1","0","0","0","0","0","0","0","0","7","0","","67","09","2022","1","40.0362","-75.0154","2213","06","0","0","0","0","0","0","0","0","","0","0","0","22","3","0","00","N","0","40 02:10.470","","00","75 00:55.500","0","0","0","0","67301","0","0","0","N","0","0","0","1","68K01","0","","4","09","","N","N","N","0","","0","0","0","0","0","","2201","0","1","0","0","0","0","0","2","0","1","07","","N","","","","","","","","","","",""
"2022079174","0245","0","0","0","1","0","0","0","0","0","8","0","","67","08","2022","1","39.9753","-75.1928","0240","06","0","0","0","0","0","0","0","0","","0","0","0","01","3","1","00","N","0","39 58:31.171","","03","75 11:34.255","8","0","0","0","67301","1","0","0","N","0","0","0","2","67301","0","","1","01","","N","N","N","0","","0","0","0","0","0","","0118","1","2","0","0","0","1","0","2","0","1","03","","N","","","","","","","","","","",""
"2022072223","1108","1","0","0","0","0","0","0","0","0","8","0","","67","08","2022","3","39.9538","-75.1751","1108","06","0","0","0","0","0","0","0","0","","0","0","0","10","1","1","01","","0","39 57:13.812","","00","75 10:30.258","8","0","0","0","67301","1","0","0","N","1","0","0","2","67301","0","","1","01","","N","N","N","0","","0","0","0","3","2","","1000","1","2","0","0","0","1","1","2","0","1","03","03","N","","","","","","","","","","",""
"2022072280","0928","1","0","0","0","0","0","0","0","0","5","0","","67","08","2022","5","40.011","-75.1039","0925","06","0","0","0","0","0","1","0","0","","0","0","0","09","1","2","00","N","0","40 00:39.590","","00","75 06:13.930","4","0","0","0","67301","0","0","0","N","0","0","0","2","67301","1","","1","01","","N","N","N","0","","0","0","1","0","0","","0923","2","2","0","0","0","1","0","2","0","2","03","03","N","","","","","","","","","","",""
"2022075743","0035","0","0","0","0","0","0","0","0","0","5","0","","67","08","2022","6","39.9046","-75.1674","0024","06","0","0","0","0","0","0","0","0","","0","0","0","23","3","1","00","N","0","39 54:16.570","","00","75 10:02.650","3","0","0","1","67301","0","0","0","N","0","0","0","2","67301","0","","1","01","","N","N","N","0","","1","0","0","0","0","","2326","1","2","0","0","0","0","0","2","1","2","03","03","N","","","","","","","","","","",""
"2022070465","0004","0","0","0","0","0","0","0","0","0","4","0","","67","08","2022","2","40.0462","-75.1661","2358","06","0","0","0","0","0","0","1","0","","0","0","0","22","3","1","01","","0","40 02:46.469","","00","75 09:57.857","3","0","0","0","67301","0","0","0","N","0","0","0","2","67301","0","","1","01","","N","N","N","0","","1","0","2","3","3","","2235","1","2","0","0","0","0","0","2","0","2","03","03","N","","","","","","","","","","",""