"CRN","ARRIVAL_TM","AUTOMOBILE_COUNT","BELTED_DEATH_COUNT","BELTED_SUSP_SERIOUS_INJ_COUNT","BICYCLE_COUNT","BICYCLE_DEATH_COUNT","BICYCLE_SUSP_SERIOUS_INJ_COUNT","BUS_COUNT","CHLDPAS_DEATH_COUNT","CHLDPAS_SUSP_SERIOUS_INJ_COUNT","COLLISION_TYPE","COMM_VEH_COUNT","CONS_ZONE_SPD_LIM","COUNTY","CRASH_MONTH","CRASH_YEAR","DAY_OF_WEEK","DEC_LAT","DEC_LONG","DISPATCH_TM","DISTRICT","DRIVER_COUNT_16YR","DRIVER_COUNT_17YR","DRIVER_COUNT_18YR","DRIVER_COUNT_19YR","DRIVER_COUNT_20YR","DRIVER_COUNT_50_64YR","DRIVER_COUNT_65_74YR","DRIVER_COUNT_75PLUS","EST_HRS_CLOSED","FATAL_COUNT","HEAVY_TRUCK_COUNT","HORSE_BUGGY_COUNT","HOUR_OF_DAY","ILLUMINATION","INJURY_COUNT","INTERSECT_TYPE","INTERSECTION_RELATED","LANE_CLOSED","LATITUDE","LN_CLOSE_DIR","LOCATION_TYPE","LONGITUDE","MAX_SEVERITY_LEVEL","MCYCLE_DEATH_COUNT","MCYCLE_SUSP_SERIOUS_INJ_COUNT","MOTORCYCLE_COUNT","MUNICIPALITY","NONMOTR_COUNT","NONMOTR_DEATH_COUNT","NONMOTR_SUSP_SERIOUS_INJ_COUNT","NTFY_HIWY_MAINT","PED_COUNT","PED_DEATH_COUNT","PED_SUSP_SERIOUS_INJ_COUNT","PERSON_COUNT","POLICE_AGCY","POSSIBLE_INJ_COUNT","RDWY_SURF_TYPE_CD","RELATION_TO_ROAD","ROAD_CONDITION","ROADWAY_CLEARED","SCH_BUS_IND","SCH_ZONE_IND","SECONDARY_CRASH","SMALL_TRUCK_COUNT","SPEC_JURIS_CD","SUSP_MINOR_INJ_COUNT","SUSP_SERIOUS_INJ_COUNT","SUV_COUNT","TCD_FUNC_CD","TCD_TYPE","TFC_DETOUR_IND","TIME_OF_DAY","TOT_INJ_COUNT","TOTAL_UNITS","UNB_DEATH_COUNT","UNB_SUSP_SERIOUS_INJ_COUNT","UNBELTED_OCC_COUNT","UNK_INJ_DEG_COUNT","UNK_INJ_PER_COUNT","URBAN_RURAL","VAN_COUNT","VEHICLE_COUNT","WEATHER1","WEATHER2","WORK_ZONE_IND","WORK_ZONE_LOC","WORK_ZONE_TYPE","WORKERS_PRES","WZ_CLOSE_DETOUR","WZ_FLAGGER","WZ_LAW_OFFCR_IND","WZ_LN_CLOSURE","WZ_MOVING","WZ_OTHER","WZ_SHLDER_MDN","WZ_WORKERS_INJ_KILLED"
"2022072202","2240","0","0","0","0","0","0","0","0","0","4","0","","67","08","2022","3","39.9199","-75.143","2208","06","0","0","0","0","0","0","0","0","","0","0","0","22","3","0","00","N","0","39 55:11.720","","07","75 08:34.740","0","0","0","0","67301","0","0","0","N","0","0","0","5","67301","0","","1","01","","N","N","N","0","","0","0","2","3","3","","2203","0","2","0","0","0","0","0","2","0","2","03","03","N","","","","","","","","","","",""
"2022072253","2006","0","0","0","0","0","0","0","0","0","8","0","","67","08","2022","2","39.9379","-75.1667","2002","06","0","0","0","0","0","0","0","0","","0","0","0","18","4","1","01","","0","39 56:16.329","","00","75 10:00.536","8","0","0","0","67301","1","0","0","N","1","0","0","5","67301","0","","1","01","","N","N","N","0","","0","0","1","3","2","","1815","1","2","0","0","2","1","0","2","0","1","03","03","N","","","","","","","","","","",""
"2022072219","1058","2","0","0","0","0","0","0","0","0","4","0","","67","08","2022","5","40.0744","-75.002","1058","06","0","0","0","0","0","0","0","0","","0","0","0","10","1","1","02","","0","40 04:27.746","","00","75 00:07.158","4","0","0","0","67301","0","0","0","N","0","0","0","3","67301","1","","1","01","","N","N","N","0","","0","0","0","3","3","","1030","1","2","0","0","0","0","0","2","0","2","03","03","N","","","","","","","","","","",""
"2022072491","2156","0","0","0","1","0","0","0","0","0","8","0","","67","08","2022","6","39.9972","-75.1193","2144","06","0","0","0","0","0","0","0","0","","0","0","0","21","3","1","01","","0","39 59:49.981","","00","75 07:09.644","3","0","0","0","67301","1","0","0","N","0","0","0","2","67301","0","","1","01","","N","N","N","0","","1","0","1","3","2","","2125","1","2","0","0","0","0","0","2","0","1","03","03","N","","","","","","","","","","",""
"2022072221","1959","1","0","0","0","0","0","0","0","0","4","0","","67","08","2022","6","40.0456","-75.0086","1957","06","0","0","0","0","0","0","0","0","","0","0","0","19","1","1","02","","0","40 02:44.181","","00","75 00:30.819","3","0","0","0","67301","0","0","0","N","0","0","0","2","67301","0","","1","01","","N","N","N","0","","1","0","1","3","3","","1955","1","2","0","0","0","0","0","2","0","2","04","04","N","","","","","","","","","","",""
"2022072298","1710","0","0","0","0","0","0","0","0","0","8","0","","67","08","2022","3","40.0097","-75.1747","1705","06","0","0","0","0","0","0","0","0","","0","0","0","13","1","1","00","N","0","40 00:34.990","","07","75 10:28.830","2","0","0","0","67301","1","0","1","N","1","0","1","2","67301","0","","1","01","","N","N","N","0","","0","1","1","0","0","","1347","1","2","0","0","0","0","0","2","0","1","03","03","N","","","","","","","","","","",""
"2022085675","2135","1","0","0","0","0","0","0","0","0","4","0","","67","08","2022","3","39.9548","-75.2362","2131","06","0","0","0","0","0","0","0","0","","0","0","0","21","3","3","01","","0","39 57:17.128","","00","75 14:10.395","4","0","0","0","67301","0","0","0","N","0","0","0","3","67301","3","","1","09","","N","N","N","0","","0","0","3","3","2","","2130","3","4","0","0","0","0","0","2","0","4","07","04","N","","","","","","","","","","",""
"2022086493","1545","1","0","0","0","0","0","0","0","0","1","1","","67","08","2022","3","39.9567","-75.1436","1541","06","0","0","0","0","0","0","0","0","","0","1","0","15","1","1","07","","0","39 57:24.067","","08","75 08:36.830","8","0","0","0","67301","0","0","0","N","0","0","0","2","68K01","0","","7","01","","N","N","N","0","","0","0","0","0","0","","1539","1","2","0","0","0","1","0","2","0","2","03","03","N","","","","","","","","","","",""
"2022085589","0935","1","0","0","0","0","0","0","0","0","5","1","","67","09","2022","1","40.0272","-75.1609","0933","06","0","0","0","0","0","0","0","1","","0","1","0","09","1","1","00","N","1","40 01:37.889","1","00","75 09:39.409","4","0","0","0","67301","0","0","0","N","0","0","0","1","67301","1","","6","01","1044","N","N","N","0","","0","0","0","0","0","N","0927","1","2","0","0","0","0","0","2","0","2","03","03","N","","","","","","","","","","",""
"2022086965","2327","1","0","0","0","0","0","1","0","0","1","1","","67","08","2022","3","39.988","-75.1059","2322","06","0","0","0","0","0","0","0","0","","0","0","0","23","3","1","01","","0","39 59:16.946","","00","75 06:21.283","4","0","0","0","67301","0","0","0","N","0","0","0","2","67508","1","","1","01","","N","N","Y","0","","0","0","0","3","2","","2322","1","2","0","0","0","0","0","2","0","2","03","03","N","","","","","","","","","","",""
"2022085769","1953","2","0","0","0","0","0","0","0","0","4","0","","67","09","2022","7","40.0731","-75.1892","1952","06","0","0","0","0","0","1","1","0","","0","0","0","19","3","2","05","","1","40 04:23.324","4","00","75 11:21.237","3","0","0","0","67301","0","0","0","N","0","0","0","2","67301","1","","1","01","2046","N","N","N","0","","1","0","0","3","2","Y","1952","2","2","0","0","0","0","0","2","0","2","03","03","N","","","","","","","","","","",""
"2022086701","0025","1","0","0","0","0","0","0","0","0","2","0","","67","09","2022","3","40.0248","-75.1331","0025","06","0","0","0","0","0","0","0","0","","0","0","0","00","3","0","00","N","0","40 01:29.100","","00","75 07:59.030","9","0","0","1","67301","0","0","0","N","0","0","0","1","67301","0","","1","99","","N","N","N","0","","0","0","0","3","2","","0015","0","2","0","0","0","0","1","2","0","2","03","03","N","","","","","","","","","","",""
"2022081860","2256","1","0","0","0","0","0","0","0","0","2","0","","67","08","2022","2","40.0137","-75.1251","2256","06","0","0","0","0","0","0","0","0","","0","0","0","22","3","1","00","N","0","40 00:49.420","","00","75 07:30.320","4","0","0","0","67301","0","0","0","N","0","0","0","3","67301","1","","1","09","","N","N","N","0","","0","0","1","0","0","","2230","1","2","0","0","0","0","0","2","0","2","07","","N","","","","","","","","","","",""
"2022072238","0019","1","0","0","0","0","0","0","0","0","5","0","","67","08","2022","7","40.0577","-75.1622","0019","06","0","0","0","0","0","0","0","0","","0","0","0","23","3","1","01","","0","40 03:27.545","","00","75 09:43.786","3","0","0","0","67301","0","0","0","N","0","0","0","2","67301","0","","1","01","","N","N","N","0","","1","0","1","3","2","","2355","1","2","0","0","0","0","1","2","0","2","03","","N","","","","","","","","","","",""
"2022080793","0753","1","0","0","0","0","0","0","0","0","1","0","","67","08","2022","3","39.9804","-75.2057","0748","06","0","0","0","0","0","1","0","0","","0","0","0","07","1","0","00","N","1","39 58:49.464","3","00","75 12:20.515","0","0","0","0","67301","0","0","0","N","0","0","0","3","68K01","0","","1","01","0841","N","N","N","0","","0","0","2","0","0","Y","0742","0","3","0","0","0","0","0","2","0","3","03","03","N","","","","","","","","","","",""
"2022081988","1931","1","0","0","0","0","0","0","0","0","5","1","","67","09","2022","3","39.957","-75.157","1923","06","0","0","0","0","0","0","0","0","","0","1","0","18","3","1","00","N","1","39 57:25.127","3","00","75 09:25.264","3","0","0","0","67301","0","0","0","N","0","0","0","2","67301","0","","1","01","2015","N","N","N","0","","1","0","0","0","0","N","1844","1","2","0","0","0","0","0","2","0","2","03","03","N","","","","","","","","","","",""
"2022073730","1628","1","0","0","0","0","0","0","0","0","8","0","","67","08","2022","4","39.9743","-75.2264","1628","06","0","0","0","0","0","0","0","0","","0","0","0","15","1","1","01","","0","39 58:27.207","","00","75 13:34.879","3","0","0","0","67301","1","0","0","N","1","0","0","2","67301","0","","1","01","","N","N","N","0","","1","0","0","3","2","","1500","1","2","0","0","1","0","0","2","0","1","03","03","N","","","","","","","","","","",""
"2022075764","1503","0","0","0","0","0","0","0","0","0","4","1","","67","08","2022","2","40.061","-75.1901","1457","06","0","0","0","0","0","0","1","0","","0","0","0","14","1","1","02","","0","40 03:39.695","","00","75 11:24.461","3","0","0","0","67301","0","0","0","N","0","0","0","2","67301","0","","1","01","","N","N","N","1","","1","0","1","3","2","","1454","1","2","0","0","0","0","0","2","0","2","03","03","N","","","","","","","","","","",""
"2022080898","2347","0","0","0","0","0","0","0","0","0","8","0","","67","08","2022","2","40.0421","-75.1055","2346","06","0","0","0","0","0","0","0","0","","0","0","0","23","3","1","00","N","2","40 02:31.591","5","00","75 06:19.908","2","0","0","0","67301","1","0","1","N","1","0","1","2","67301","0","","1","01","0128","N","N","N","0","","0","1","0","0","0","Y","2345","1","2","0","0","0","0","0","2","0","1","03","03","N","","","","","","","","","","",""
"2022075809","0856","0","0","0","0","0","0","0","0","0","8","0","","67","08","2022","2","40.0368","-75.1381","0854","06","0","0","0","0","0","0","0","0","","0","0","0","08","1","1","01","","0","40 02:12.346","","00","75 08:17.177","8","0","0","0","67301","1","0","0","N","1","0","0","2","67301","0","","1","01","","N","N","N","0","","0","0","1","3","3","","0830","1","2","0","0","1","1","1","2","0","1","04","","N","","","","","","","","","","",""
"2022072300","1755","1","0","0","0","0","0","0","0","0","4","0","","67","08","2022","7","40.0207","-75.1486","1755","06","0","0","0","0","0","0","1","0","","0","0","0","17","1","0","02","","0","40 01:14.412","","00","75 08:55.127","0","0","0","0","67301","0","0","0","N","0","0","0","2","67301","0","","1","01","","N","N","N","0","","0","0","1","0","0","","1735","0","2","0","0","0","0","0","2","0","2","03","","N","","","","","","","","","","",""
"2022080968","2347","2","0","0","0","0","0","0","0","0","4","0","","67","09","2022","7","40.0501","-75.0642","2345","06","0","0","0","0","0","0","0","0","","0","0","0","23","3","0","01","","0","40 03:00.421","","00","75 03:50.659","0","0","0","0","67301","0","0","0","N","0","0","0","4","67301","0","","1","01","","N","N","N","0","","0","0","0","3","2","","2345","0","2","0","0","0","0","0","2","0","2","03","","N","","","","","","","","","","",""
"2022080768","1752","0","0","0","0","0","0","0","0","0","4","0","","67","09","2022","6","40.0726","-75.158","1752","06","0","0","0","0","0","0","1","0","","0","0","0","17","1","1","00","N","0","40 04:21.510","","07","75 09:28.620","4","0","0","0","67301","0","0","0","N","0","0","0","2","67301","1","","1","01","","N","N","N","0","","0","0","2","0","0","","1731","1","2","0","0","0","0","0","2","0","2","03","","N","","","","","","","","","","",""
"2022081494","1219","1","0","0","0","0","0","0","0","0","7","0","","67","09","2022","2","40.0579","-75.0406","1209","06","0","0","0","0","0","0","0","0","","0","0","0","11","1","0","00","N","0","40 03:28.487","","00","75 02:26.273","0","0","0","0","67301","0","0","0","N","0","0","0","0","67301","0","","3","01","","N","N","N","0","","0","0","0","0","0","","1151","0","1","0","0","0","0","0","2","0","1","03","","N","","","","","","","","","","",""
"2022086865","2015","0","0","0","0","0","0","1","0","0","8","1","","67","09","2022","6","39.9513","-75.155","2015","06","0","0","0","0","0","0","0","0","","0","0","0","20","3","1","00","N","0","39 57:04.801","","00","75 09:17.901","8","0","0","0","67301","1","0","0","N","1","0","0","2","67301","0","","1","01","","N","N","N","0","","0","0","0","0","0","","2000","1","2","0","0","0","1","0","2","0","1","03","","N","","","","","","","","","","",""
"2022075772","0712","0","0","0","0","0","0","0","0","0","4","0","","67","08","2022","3","40.0295","-75.1038","0706","06","0","0","0","0","0","0","0","0","","0","0","0","06","1","0","03","","1","40 01:46.148","1","00","75 06:13.773","0","0","0","0","67301","0","0","0","N","0","0","0","2","67301","0","","1","01","0815","N","N","N","0","","0","0","2","3","2","Y","0647","0","2","0","0","0","0","0","2","0","2","03","03","N","","","","","","","","","","",""
"2022075810","2010","0","0","0","0","0","0","0","0","0","4","0","","67","08","2022","2","40.0514","-75.1243","2008","06","0","0","0","0","0","1","0","0","","0","0","0","17","1","1","01","","0","40 03:04.953","","00","75 07:27.570","3","0","0","0","67301","0","0","0","N","0","0","0","2","67301","0","","1","01","","N","N","N","0","","1","0","2","3","3","","1754","1","2","0","0","0","0","1","2","0","2","03","03","N","","","","","","","","","","",""
"2022086339","2312","2","0","0","0","0","0","0","0","0","1","0","","67","09","2022","7","39.8857","-75.2435","2254","06","0","0","0","0","0","1","0","0","","0","0","0","21","3","2","00","N","0","39 53:08.678","","00","75 14:36.478","4","0","0","0","67301","0","0","0","N","0","0","0","3","68K01","2","","1","01","","N","N","N","0","","0","0","1","0","0","","2158","2","3","0","0","0","0","0","2","0","3","03","","N","","","","","","","","","","",""
"2022077074","0527","1","0","0","0","0","0","0","0","0","8","0","","67","08","2022","4","39.9504","-75.1926","0527","06","0","0","0","0","0","0","0","0","","0","0","0","05","5","1","01","","0","39 57:01.583","","00","75 11:33.306","3","0","0","0","67301","1","0","0","N","1","0","0","2","67504","0","","1","01","","N","N","N","0","","1","0","0","3","2","","0527","1","2","0","0","0","0","0","2","0","1","03","03","N","","","","","","","","","","",""
"2022072267","0450","1","0","0","0","0","0","0","0","0","1","0","","67","08","2022","3","39.9763","-75.1829","0444","06","0","0","0","0","0","0","0","0","","0","0","0","04","3","0","00","N","0","39 58:34.700","","00","75 10:58.600","9","0","0","0","67301","0","0","0","N","0","0","0","1","67301","0","","6","01","","N","N","N","0","","0","0","1","0","0","","0416","0","2","0","0","1","0","1","2","0","2","03","","N","","","","","","","","","","",""
"2022073197","0339","1","0","0","0","0","0","0","0","0","4","0","","67","08","2022","6","40.0417","-75.1221","0331","06","0","0","0","0","0","0","0","0","","0","0","0","01","3","2","01","","0","40 02:29.950","","00","75 07:19.538","3","0","0","0","67301","0","0","0","N","0","0","0","3","67301","0","","1","01","","N","N","N","0","","2","0","1","3","2","","0108","2","2","0","0","0","0","1","2","0","2","03","03","N","","","","","","","","","","",""
"2022072746","1027","1","0","0","0","0","0","0","0","0","4","0","","67","08","2022","5","40.0123","-75.1386","1026","06","0","0","0","0","0","0","0","0","","0","0","0","10","1","1","01","","0","40 00:44.384","","00","75 08:19.139","3","0","0","0","67301","0","0","0","N","0","0","0","2","67301","0","","1","01","","N","N","N","0","","1","0","1","3","3","","1024","1","3","0","0","0","0","0","2","1","3","03","03","N","","","","","","","","","","",""
"2022072249","2139","1","0","0","1","0","0","0","0","0","8","0","","67","08","2022","6","39.9633","-75.1885","2135","06","0","0","0","1","0","0","0","0","","0","0","0","21","3","1","01","","0","39 57:47.719","","00","75 11:18.597","3","0","0","0","67301","1","0","0","N","0","0","0","2","67301","0","","1","01","","N","N","N","0","","1","0","0","3","2","","2130","1","2","0","0","0","0","0","2","0","1","03","","N","","","","","","","","","","",""
"2022075757","1738","1","0","0","0","0","0","0","0","0","4","0","","67","08","2022","2","39.9108","-75.2225","1736","06","0","0","0","0","0","1","0","0","","0","0","0","17","1","3","00","N","2","39 54:38.764","6","06","75 13:21.031","2","0","1","1","67301","0","0","0","N","0","0","0","3","67301","1","","1","01","2010","N","N","N","0","","1","1","0","3","3","N","1736","3","2","0","0","0","0","0","2","0","2","03","03","N","","","","","","","","","","",""
"2022077657","2141","0","0","0","0","0","0","0","0","0","7","0","","67","08","2022","2","39.9737","-75.2581","2139","06","0","0","0","0","0","0","0","0","","0","0","0","21","4","0","00","N","0","39 58:25.387","","00","75 15:29.069","0","0","0","0","67301","0","0","0","N","0","0","0","1","67301","0","","4","01","","N","N","N","1","","0","0","0","0","0","","2135","0","2","0","0","0","0","0","2","0","1","03","","N","","","","","","","","","","",""
"2022070437","0610","1","0","0","0","0","0","0","0","0","6","0","","67","08","2022","2","40.0442","-75.0692","0601","06","0","0","0","0","0","0","0","0","","0","0","0","05","5","0","00","N","1","40 02:39.040","4","00","75 04:09.070","0","0","0","0","67301","0","0","0","N","0","0","0","1","67301","0","","6","09","0707","N","N","N","0","","0","0","4","0","0","N","0552","0","5","0","0","0","0","0","2","0","5","07","","N","","","","","","","","","","",""
"2022081502","2233","1","0","0","0","0","0","0","0","0","1","0","","67","08","2022","7","39.9622","-75.1395","2222","06","0","0","0","0","0","1","0","0","","0","0","0","21","3","0","00","N","0","39 57:43.880","","00","75 08:22.021","9","0","0","0","67301","0","0","0","N","0","0","0","6","68K01","0","","1","01","","N","N","N","0","","0","0","2","0","0","","2124","0","4","0","0","0","0","1","2","0","4","03","","N","","","","","","","","","","",""
"2022072258","0740","1","0","0","0","0","0","0","0","0","4","0","","67","08","2022","7","39.9522","-75.2408","0738","06","0","0","0","0","0","0","0","0","","0","0","0","07","1","1","01","","0","39 57:07.862","","00","75 14:26.779","4","0","0","0","67301","0","0","0","N","0","0","0","2","67301","1","","1","01","","N","N","N","0","","0","0","1","3","2","","0738","1","2","0","0","0","0","0","2","0","2","03","03","N","","","","","","","","","","",""
"2022075868","0915","1","0","0","0","0","0","0","0","0","8","0","","67","08","2022","6","39.993","-75.1198","0913","06","0","0","0","0","0","0","0","0","","0","0","0","09","1","1","00","N","0","39 59:34.720","","01","75 07:11.420","2","0","0","0","67301","1","0","1","N","1","0","1","2","67301","0","","6","01","","N","N","N","0","","0","1","1","0","0","","0905","1","3","0","0","0","0","0","2","0","2","03","03","N","","","","","","","","","","",""
"2022081862","0142","0","0","0","0","0","0","0","0","0","7","0","","67","08","2022","3","40.0021","-75.1223","0142","06","0","0","0","0","0","0","0","0","","0","0","0","00","3","0","00","N","0","40 00:07.490","","00","75 07:20.240","0","0","0","0","67301","0","0","0","N","0","0","0","0","67301","0","","5","01","","N","N","N","0","","0","0","1","0","0","","0005","0","1","0","0","0","0","0","2","0","1","03","","N","","","","","","","","","","",""
"2022081105","1349","1","0","0","0","0","0","0","0","0","1","0","","67","08","2022","5","39.9582","-75.1641","1335","06","0","0","0","0","0","2","2","0","","0","0","0","13","1","0","00","N","0","39 57:29.372","","00","75 09:50.751","0","0","0","0","67301","0","0","0","N","0","0","0","4","68K01","0","","1","01","","N","N","N","1","","0","0","2","0","0","","1330","0","4","0","0","0","0","0","2","0","4","03","03","N","","","","","","","","","","",""
"2022072270","1840","0","0","0","0","0","0","0","0","0","7","0","","67","08","2022","4","39.9895","-75.1554","1835","06","0","0","0","0","0","1","0","0","","0","0","0","18","1","1","00","N","1","39 59:22.199","1","00","75 09:19.580","3","0","0","0","67301","0","0","0","N","0","0","0","3","67301","0","","3","01","1850","N","N","N","0","","1","0","1","0","0","N","1830","1","1","0","0","0","0","0","2","0","1","03","03","N","","","","","","","","","","",""
"2022081453","0507","0","0","0","0","0","0","0","0","0","2","0","","67","09","2022","2","40.0574","-75.0768","0505","06","0","0","0","0","0","1","0","0","","0","0","0","04","3","1","01","","0","40 03:26.479","","00","75 04:36.608","3","0","0","0","67301","0","0","0","N","0","0","0","2","67301","0","","1","01","","N","N","N","0","","1","0","2","3","2","","0438","1","2","0","0","0","0","0","2","0","2","03","","N","","","","","","","","","","",""
"2022082026","2355","3","0","0","0","0","0","0","0","0","4","0","","67","08","2022","1","39.9605","-75.2416","2355","06","0","0","0","0","0","0","0","0","","0","0","0","23","3","0","00","N","0","39 57:37.808","","00","75 14:29.585","9","0","0","0","67301","0","0","0","N","0","0","0","1","67301","0","","4","09","","N","N","N","0","","0","0","0","0","0","","2355","0","3","0","0","1","0","1","2","0","3","07","07","N","","","","","","","","","","",""
"2022081484","2002","1","0","0","0","0","0","0","0","0","7","0","","67","08","2022","4","39.9071","-75.1498","2002","06","0","0","0","0","0","0","0","0","","0","0","0","20","3","2","00","N","0","39 54:25.453","","00","75 08:59.115","3","0","0","0","67301","0","0","0","N","0","0","0","3","68K01","0","","4","01","","N","N","N","0","","2","0","0","0","0","","2000","2","1","0","0","2","0","0","2","0","1","03","","N","","","","","","","","","","",""
"2022081444","0322","2","0","0","0","0","0","0","0","0","6","0","","67","09","2022","7","39.9458","-75.1748","0315","06","0","0","0","0","0","0","0","0","","0","0","0","03","3","1","02","","0","39 56:45.052","","00","75 10:29.418","4","0","0","0","67301","0","0","0","N","0","0","0","2","67301","1","","1","01","","N","N","N","0","","0","0","0","3","2","","0310","1","2","0","0","0","0","0","2","0","2","03","03","N","","","","","","","","","","",""
"2022075750","2155","2","0","0","0","0","0","0","0","0","4","0","","67","08","2022","3","40.0948","-75.0507","2155","06","0","1","0","1","0","0","0","0","","0","0","0","21","3","1","01","","0","40 05:41.329","","00","75 03:02.612","3","0","0","0","67301","0","0","0","N","0","0","0","4","67301","0","","1","01","","N","N","N","0","","1","0","0","3","2","","2155","1","2","0","0","0","0","0","2","0","2","03","03","N","","","","","","","","","","",""
"2022075766","0059","0","0","0","0","0","0","0","0","0","8","0","","67","08","2022","3","40.0599","-75.1501","0059","06","0","0","0","0","0","0","0","0","","0","0","0","21","3","1","01","","0","40 03:35.463","","00","75 09:00.467","3","0","0","0","67301","1","0","0","N","1","0","0","2","67301","0","","1","01","","N","N","N","0","","1","0","0","3","2","","2100","1","2","0","0","0","0","1","2","0","1","03","03","N","","","","","","","","","","",""
"2022072299","2220","2","0","0","0","0","0","0","0","0","1","0","","67","08","2022","6","40.0146","-75.1567","2217","06","0","0","0","0","0","2","0","0","","0","0","0","22","3","1","01","","0","40 00:52.752","","00","75 09:24.063","3","0","0","0","67301","0","0","0","N","0","0","0","3","67301","0","","1","01","","N","N","N","0","","1","0","2","3","2","","2216","1","4","0","0","1","0","0","2","0","4","03","03","N","","","","","","","","","","",""
"2022079765","1331","1","0","0","0","0","0","0","0","0","1","0","","67","08","2022","1","39.9022","-75.2018","1330","06","0","0","0","0","0","0","0","0","","0","0","0","06","5","1","00","N","0","39 54:08.021","","03","75 12:06.330","8","0","0","0","67301","0","0","0","N","0","0","0","2","67301","0","","1","01","","N","N","N","1","","0","0","0","0","0","","0650","1","2","0","0","1","1","0","2","0","2","03","03","N","","","","","","","","","","",""
"2022072233","1730","1","0","0","0","0","0","0","0","0","4","0","","67","08","2022","4","40.0531","-75.1772","1730","06","0","0","0","0","0","0","0","0","","0","0","0","13","1","1","02","","0","40 03:11.079","","00","75 10:37.881","3","0","0","0","67301","0","0","0","N","0","0","0","2","67301","0","","1","01","","N","N","N","0","","1","0","1","3","3","","1300","1","2","0","0","0","0","0","2","0","2","03","","N","","","","","","","","","","",""
"2022070432","0850","1","0","0","0","0","0","0","0","0","8","0","","67","08","2022","2","39.9585","-75.2252","0841","06","0","0","0","0","0","0","0","0","","0","0","0","08","1","1","01","","0","39 57:30.510","","00","75 13:30.663","3","0","0","0","67301","1","0","0","N","1","0","0","2","67301","0","","1","09","","N","N","N","0","","1","0","0","3","2","","0841","1","2","0","0","0","0","0","2","0","1","07","07","N","","","","","","","","","","",""
"2022081070","1635","1","0","0","0","0","0","0","0","0","5","1","","67","09","2022","7","40.0349","-75.1051","1630","06","0","0","0","0","0","0","0","1","","0","1","0","16","1","2","00","N","0","40 02:05.790","","00","75 06:18.410","8","0","0","0","67301","0","0","0","N","0","0","0","2","67301","0","","1","01","","N","N","N","0","","0","0","0","0","0","","1625","2","2","0","0","1","2","0","2","0","2","04","04","N","","","","","","","","","","",""
"2022072244","0004","1","0","0","0","0","0","0","0","0","5","0","","67","08","2022","4","40.0248","-75.0727","0002","06","0","0","0","0","0","0","0","0","","0","0","0","00","3","0","00","N","0","40 01:29.212","","00","75 04:21.691","0","0","0","0","67301","0","0","0","N","0","0","0","2","67301","0","","6","01","","N","N","N","0","","0","0","1","0","0","","0001","0","3","0","0","0","0","0","2","1","3","03","03","N","","","","","","","","","","",""
"2022081486","1902","1","0","0","0","0","0","0","0","0","1","0","","67","08","2022","1","39.9583","-75.1663","1854","06","0","0","0","0","0","1","1","0","","0","0","0","18","1","0","00","N","1","39 57:29.938","3","00","75 09:58.511","0","0","0","0","67301","0","0","0","N","0","0","0","7","68K01","0","","1","01","1910","N","N","N","0","","0","0","3","0","0","N","1847","0","4","0","0","0","0","0","2","0","4","03","","N","","","","","","","","","","",""
"2022082172","0213","0","0","0","0","0","0","0","0","0","7","0","","67","08","2022","2","40.028","-75.0237","0213","06","0","0","0","0","0","0","0","0","","0","0","0","02","3","0","00","N","2","40 01:40.747","1","00","75 01:25.481","0","0","0","0","67301","0","0","0","N","0","0","0","1","68K01","0","","4","09","0230","N","N","N","0","","0","0","1","0","0","N","0205","0","1","0","0","0","0","0","2","0","1","07","","N","","","","","","","","","","",""
"2022081981","1319","2","0","0","0","0","0","0","0","0","5","0","","67","09","2022","2","39.9702","-75.1451","1317","06","0","0","0","0","0","0","0","0","","0","0","0","13","1","1","01","","2","39 58:12.820","3","00","75 08:42.023","8","0","0","0","67301","0","0","0","N","0","0","0","8","67301","0","","1","01","1500","N","N","N","0","","0","0","0","3","2","Y","1312","1","2","0","0","1","1","6","2","0","2","03","03","N","","","","","","","","","","",""
"2022073575","0143","0","0","0","0","0","0","0","0","0","7","0","","67","08","2022","3","39.9756","-75.1912","0135","06","0","0","0","0","0","0","0","0","","0","0","0","01","3","0","00","N","2","39 58:32.182","6","00","75 11:28.419","9","0","0","0","67301","0","0","0","N","0","0","0","1","67301","0","","4","01","0300","N","N","N","0","","0","0","1","0","0","Y","0127","0","1","0","0","0","0","1","2","0","1","03","","N","","","","","","","","","","",""
"2022081247","1753","1","0","0","0","0","0","0","0","0","4","1","","67","09","2022","6","39.9489","-75.1897","1745","06","0","0","0","0","0","1","0","0","","0","1","0","16","1","1","02","","0","39 56:55.978","","00","75 11:22.808","4","0","0","0","67301","0","0","0","N","0","0","0","3","67301","1","","1","01","","N","N","N","0","","0","0","0","3","2","","1640","1","2","0","0","0","0","0","2","0","2","03","03","N","","","","","","","","","","",""
"2022077082","2051","0","0","0","0","0","0","0","0","0","8","0","","67","08","2022","2","40.1193","-75.0177","2041","06","0","0","0","0","0","0","0","0","","0","0","0","20","3","1","00","N","0","40 07:09.382","","00","75 01:03.874","2","0","0","0","67301","1","0","1","N","1","0","1","2","67301","0","","1","09","","N","N","N","0","","0","1","0","0","0","","2037","1","2","0","0","0","0","0","2","1","1","07","07","N","","","","","","","","","","",""