"CRN","ARRIVAL_TM","AUTOMOBILE_COUNT","BELTED_DEATH_COUNT","BELTED_SUSP_SERIOUS_INJ_COUNT","BICYCLE_COUNT","BICYCLE_DEATH_COUNT","BICYCLE_SUSP_SERIOUS_INJ_COUNT","BUS_COUNT","CHLDPAS_DEATH_COUNT","CHLDPAS_SUSP_SERIOUS_INJ_COUNT","COLLISION_TYPE","COMM_VEH_COUNT","CONS_ZONE_SPD_LIM","COUNTY","CRASH_MONTH","CRASH_YEAR","DAY_OF_WEEK","DEC_LAT","DEC_LONG","DISPATCH_TM","DISTRICT","DRIVER_COUNT_16YR","DRIVER_COUNT_17YR","DRIVER_COUNT_18YR","DRIVER_COUNT_19YR","DRIVER_COUNT_20YR","DRIVER_COUNT_50_64YR","DRIVER_COUNT_65_74YR","DRIVER_COUNT_75PLUS","EST_HRS_CLOSED","FATAL_COUNT","HEAVY_TRUCK_COUNT","HORSE_BUGGY_COUNT","HOUR_OF_DAY","ILLUMINATION","INJURY_COUNT","INTERSECT_TYPE","INTERSECTION_RELATED","LANE_CLOSED","LATITUDE","LN_CLOSE_DIR","LOCATION_TYPE","LONGITUDE","MAX_SEVERITY_LEVEL","MCYCLE_DEATH_COUNT","MCYCLE_SUSP_SERIOUS_INJ_COUNT","MOTORCYCLE_COUNT","MUNICIPALITY","NONMOTR_COUNT","NONMOTR_DEATH_COUNT","NONMOTR_SUSP_SERIOUS_INJ_COUNT","NTFY_HIWY_MAINT","PED_COUNT","PED_DEATH_COUNT","PED_SUSP_SERIOUS_INJ_COUNT","PERSON_COUNT","POLICE_AGCY","POSSIBLE_INJ_COUNT","RDWY_SURF_TYPE_CD","RELATION_TO_ROAD","ROAD_CONDITION","ROADWAY_CLEARED","SCH_BUS_IND","SCH_ZONE_IND","SECONDARY_CRASH","SMALL_TRUCK_COUNT","SPEC_JURIS_CD","SUSP_MINOR_INJ_COUNT","SUSP_SERIOUS_INJ_COUNT","SUV_COUNT","TCD_FUNC_CD","TCD_TYPE","TFC_DETOUR_IND","TIME_OF_DAY","TOT_INJ_COUNT","TOTAL_UNITS","UNB_DEATH_COUNT","UNB_SUSP_SERIOUS_INJ_COUNT","UNBELTED_OCC_COUNT","UNK_INJ_DEG_COUNT","UNK_INJ_PER_COUNT","URBAN_RURAL","VAN_COUNT","VEHICLE_COUNT","WEATHER1","WEATHER2","WORK_ZONE_IND","WORK_ZONE_LOC","WORK_ZONE_TYPE","WORKERS_PRES","WZ_CLOSE_DETOUR","WZ_FLAGGER","WZ_LAW_OFFCR_IND","WZ_LN_CLOSURE","WZ_MOVING","WZ_OTHER","WZ_SHLDER_MDN","WZ_WORKERS_INJ_KILLED"
"2022085507","0539","3","0","0","0","0","0","0","0","0","5","0","","67","08","2022","7","39.9496","-75.225","0539","06","0","0","0","0","0","0","0","0","","0","0","0","05","3","0","00","N","0","39 56:58.650","","00","75 13:30.100","0","0","0","0","67301","0","0","0","N","0","0","0","1","67301","0","","6","01","","N","N","N","0","","0","0","1","0","0","","0538","0","4","0","0","1","0","0","2","0","4","03","03","N","","","","","","","","","","",""
"2022090093","1559","1","0","0","0","0","0","0","0","0","4","0","","67","09","2022","6","39.9706","-75.1509","1554","06","0","0","0","0","0","0","0","0","","0","0","0","15","1","1","01","","0","39 58:14.107","","00","75 09:03.108","4","0","0","0","67301","0","0","0","N","0","0","0","3","67301","1","","1","01","","N","N","N","0","","0","0","1","3","3","","1550","1","2","0","0","0","0","0","2","0","2","03","03","N","","","","","","","","","","",""
"2022076697","2055","1","0","0","0","0","0","0","0","0","5","0","","67","08","2022","4","39.9842","-75.0991","2055","06","0","0","0","0","0","0","1","0","","0","0","0","18","1","0","01","","0","39 59:03.192","","00","75 05:56.598","9","0","0","0","67301","0","0","0","N","0","0","0","2","67301","0","","1","01","","N","N","N","0","","0","0","1","3","2","","1830","0","2","0","0","0","0","1","2","0","2","03","","N","","","","","","","","","","",""
"2022089836","0859","1","0","0","0","0","0","0","0","0","4","1","","67","09","2022","5","40.0093","-75.1393","0859","06","0","0","0","0","0","0","0","0","","0","1","0","08","1","2","01","","0","40 00:33.559","","00","75 08:21.573","8","0","0","0","67301","0","0","0","N","0","0","0","3","67301","0","","1","01","","N","N","N","0","","0","0","0","3","3","","0857","2","3","0","0","0","2","1","2","0","3","03","","N","","","","","","","","","","",""
"2022075652","2112","0","0","0","0","0","0","0","0","0","5","0","","67","08","2022","5","39.9846","-75.1567","2111","06","0","0","0","0","0","0","1","0","","0","0","0","21","3","0","00","N","1","39 59:04.404","2","00","75 09:23.977","0","0","0","0","67301","0","0","0","N","0","0","0","2","67505","0","","1","01","2140","N","N","N","0","","0","0","2","0","0","N","2110","0","2","0","0","0","0","0","2","0","2","03","03","N","","","","","","","","","","",""
"2022088158","2310","1","0","0","0","0","0","0","0","0","2","0","","67","09","2022","6","39.916","-75.1653","2310","06","0","0","0","0","0","0","0","0","","0","0","0","22","3","1","00","N","0","39 54:57.613","","00","75 09:55.124","3","0","0","0","67301","0","0","0","N","0","0","0","1","67301","0","","1","01","","N","N","N","0","","1","0","1","0","0","","2223","1","2","0","0","1","0","0","2","0","2","03","","N","","","","","","","","","","",""
"2022091244","1654","2","0","0","0","0","0","0","0","0","1","0","","67","09","2022","6","39.9476","-75.187","1630","06","0","0","0","0","0","1","0","0","","0","0","0","15","1","3","00","N","0","39 56:51.423","","00","75 11:13.271","3","0","0","0","67301","0","0","0","N","0","0","0","4","68K01","0","","1","01","","N","N","N","0","","2","0","0","3","8","","1544","3","2","0","0","0","1","0","2","0","2","03","","N","","","","","","","","","","",""
"2022091322","1008","1","0","0","0","0","0","0","0","0","1","1","","67","10","2022","2","39.9992","-75.1535","0942","06","0","0","0","0","0","1","1","0","","0","1","0","08","1","1","00","N","1","39 59:57.052","2","00","75 09:12.437","3","0","0","0","67301","0","0","0","N","0","0","0","4","67301","0","","1","09","1100","N","N","N","0","","1","0","1","0","0","N","0833","1","3","0","0","0","0","2","2","0","3","07","04","N","","","","","","","","","","",""
"2022079977","1114","1","0","0","0","0","0","0","0","0","4","0","","67","08","2022","7","40.0285","-75.0611","1110","06","0","0","0","0","0","0","0","0","","0","0","0","11","1","2","01","","0","40 01:42.499","","00","75 03:40.118","4","0","0","0","67301","0","0","0","N","0","0","0","2","67301","2","","1","01","","N","N","Y","0","","0","0","1","3","2","","1109","2","3","0","0","1","0","0","2","1","3","03","03","N","","","","","","","","","","",""
"2022092492","1219","1","0","0","0","0","0","0","0","0","7","0","","67","10","2022","4","40.0435","-75.0031","1219","06","0","0","0","0","0","0","0","0","","0","0","0","12","1","0","00","N","0","40 02:36.739","","00","75 00:11.006","0","0","0","0","67301","0","0","0","Y","0","0","0","1","68K01","0","","4","09","","N","N","N","0","","0","0","0","0","0","","1215","0","1","0","0","0","0","0","2","0","1","07","","N","","","","","","","","","","",""
"2022075816","1945","1","0","0","0","0","0","0","0","0","5","0","","67","08","2022","4","40.0154","-75.1764","1940","06","0","0","0","0","0","0","0","0","","0","0","0","19","1","1","00","N","0","40 00:55.300","","06","75 10:35.200","3","0","0","0","67301","0","0","0","N","0","0","0","2","67301","0","","1","01","","N","N","N","0","","1","0","1","3","4","","1920","1","2","0","0","2","0","0","2","0","2","03","03","N","","","","","","","","","","",""
"2022089067","2107","1","0","0","0","0","0","0","0","0","1","0","","67","08","2022","7","39.9684","-75.1296","2045","06","0","0","0","1","0","1","0","0","","0","0","0","20","3","3","00","N","0","39 58:06.140","","00","75 07:46.518","3","0","0","0","67301","0","0","0","N","0","0","0","6","68K01","0","","1","01","","N","N","N","1","","3","0","1","0","0","","2040","3","3","0","0","1","0","2","2","0","3","03","","N","","","","","","","","","","",""
"2022089302","1505","0","0","0","0","0","0","0","0","0","1","0","","67","09","2022","3","40.0942","-75.0308","1457","06","0","0","0","0","0","1","1","0","","0","0","0","14","1","1","02","","2","40 05:39.215","1","00","75 01:50.969","3","0","0","0","67301","0","0","0","N","0","0","0","2","67301","0","","1","01","1530","N","N","N","1","","1","0","1","3","2","N","1455","1","2","0","0","0","0","0","2","0","2","03","","N","","","","","","","","","","",""
"2022089080","0255","2","0","0","0","0","0","0","0","0","1","0","","67","09","2022","1","39.9406","-75.1431","0255","06","0","0","1","0","0","0","0","0","","0","0","0","02","3","0","00","N","1","39 56:26.082","1","00","75 08:35.254","0","0","0","0","67301","0","0","0","N","0","0","0","6","68K01","0","","1","01","0330","N","N","N","0","","0","0","0","0","0","N","0255","0","2","0","0","1","0","0","2","0","2","03","","N","","","","","","","","","","",""
"2022076168","1025","1","0","0","0","0","0","0","0","0","4","0","","67","08","2022","7","39.9386","-75.1421","0200","06","0","0","0","0","0","0","0","0","","0","0","0","02","3","1","01","","0","39 56:19.144","","02","75 08:32.414","3","0","0","0","67301","0","0","0","N","0","0","0","2","67301","0","","1","99","","N","N","N","0","","1","0","1","3","2","","0200","1","2","0","0","0","0","1","2","0","2","99","03","N","","","","","","","","","","",""
"2022075848","1252","2","0","0","0","0","0","0","0","0","1","0","","67","08","2022","4","40.0544","-75.1771","1250","06","0","0","0","0","0","1","0","0","","0","0","0","12","1","1","00","N","0","40 03:15.793","","00","75 10:37.711","8","0","0","0","67301","0","0","0","N","0","0","0","2","67301","0","","1","01","","N","N","Y","0","","0","0","1","0","0","","1206","1","4","0","0","0","1","0","2","0","4","03","03","N","","","","","","","","","","",""
"2022076622","1610","2","0","0","0","0","0","0","0","0","4","0","","67","08","2022","7","40.069","-75.1648","1606","06","0","0","0","0","0","1","1","0","","0","0","0","15","1","2","02","","2","40 04:08.554","2","00","75 09:53.150","3","0","0","0","67301","0","0","0","N","0","0","0","3","67301","0","","1","01","1643","N","N","N","1","","2","0","0","0","0","Y","1539","2","3","0","0","0","0","0","2","0","3","03","03","N","","","","","","","","","","",""
"2022090311","1430","0","0","0","0","0","0","0","0","0","4","0","","67","09","2022","5","40.036","-75.0711","1427","06","0","0","0","0","0","0","0","0","","0","0","0","14","1","0","01","","1","40 02:09.444","6","00","75 04:16.132","0","0","0","0","67301","0","0","0","N","0","0","0","3","67301","0","","1","01","1523","N","N","N","0","","0","0","2","3","3","Y","1427","0","2","0","0","1","0","0","2","0","2","03","","N","","","","","","","","","","",""
"2022078752","0035","1","0","0","0","0","0","0","0","0","4","0","","67","08","2022","6","39.9705","-75.151","0030","06","0","0","0","0","0","0","0","0","","0","0","0","00","3","2","01","","0","39 58:13.623","","01","75 09:03.509","8","0","0","0","67301","0","0","0","N","0","0","0","4","67301","0","","1","01","","N","N","N","0","","0","0","1","3","3","","0015","2","2","0","0","0","2","2","2","0","2","03","03","N","","","","","","","","","","",""
"2022077933","1327","0","0","0","0","0","0","0","0","0","4","0","","67","08","2022","2","39.9965","-75.2288","1321","06","0","0","0","0","0","1","0","0","","0","0","0","13","1","1","01","","0","39 59:47.349","","00","75 13:43.633","8","0","0","0","67301","0","0","0","N","0","0","0","2","67301","0","","1","01","","N","N","N","0","","0","0","2","3","3","","1318","1","2","0","0","0","1","0","2","0","2","03","03","N","","","","","","","","","","",""
"2022077708","0911","0","0","0","0","0","0","0","0","0","8","0","","67","08","2022","3","39.9863","-75.1561","0911","06","0","0","0","0","0","1","0","0","","0","0","0","09","1","1","01","","0","39 59:10.645","","00","75 09:22.609","4","0","0","0","67301","1","0","0","N","1","0","0","3","67301","1","","1","01","","N","N","N","0","","0","0","0","3","2","","0911","1","2","0","0","1","0","0","2","1","1","03","03","N","","","","","","","","","","",""
"2022077154","1950","1","0","0","0","0","0","0","0","0","8","0","","67","08","2022","6","40.0298","-75.0851","1948","06","0","0","0","0","0","0","0","0","","0","0","0","19","1","1","00","N","0","40 01:47.240","","00","75 05:06.430","8","0","0","0","67301","1","0","0","N","1","0","0","2","67301","0","","1","01","","N","N","N","0","","0","0","0","0","0","","1942","1","3","0","0","0","1","0","2","0","2","03","","N","","","","","","","","","","",""
"2022076371","1912","0","0","0","0","0","0","0","0","0","4","0","","67","08","2022","7","40.0074","-75.0781","1908","06","0","0","0","0","0","0","1","0","","0","0","0","19","3","2","02","","0","40 00:26.667","","00","75 04:41.203","3","0","0","0","67301","0","0","0","N","0","0","0","4","67301","0","","1","01","","N","N","N","0","","2","0","1","3","2","","1905","2","2","0","0","0","0","0","2","1","2","03","03","N","","","","","","","","","","",""
"2022087827","0530","2","0","0","0","0","0","1","0","0","5","1","","67","09","2022","2","40.0126","-75.1045","0415","06","0","0","0","0","0","0","1","0","","0","0","0","04","5","1","00","N","0","40 00:45.310","","00","75 06:16.250","3","0","0","0","67301","0","0","0","N","0","0","0","2","67301","0","","6","01","","Y","Y","N","0","","1","0","1","0","0","","0400","1","4","0","0","0","0","0","2","0","4","03","03","N","","","","","","","","","","",""
"2022076881","1846","1","0","0","0","0","0","0","0","0","4","0","","67","08","2022","2","40.0142","-75.1415","1815","06","0","0","0","0","0","0","0","0","","0","0","0","18","1","0","02","","0","40 00:51.170","","00","75 08:29.259","0","0","0","0","67301","0","0","0","N","0","0","0","2","67301","0","","1","01","","N","N","N","2","","0","0","0","3","3","","1810","0","3","0","0","0","0","0","2","0","3","03","03","N","","","","","","","","","","",""
"2022076169","1153","2","0","0","0","0","0","0","0","0","4","0","","67","08","2022","6","40.0376","-75.0502","1152","06","0","0","0","0","0","0","1","0","","0","0","0","11","1","1","01","","0","40 02:15.298","","00","75 03:00.673","3","0","0","0","67301","0","0","0","N","0","0","0","2","67301","0","","1","01","","N","N","N","0","","1","0","0","3","3","","1145","1","2","0","0","0","0","0","2","0","2","03","","N","","","","","","","","","","",""
"2022075965","0115","2","0","0","0","0","0","0","0","0","4","0","","67","08","2022","5","39.917","-75.2347","0114","06","0","0","0","0","0","0","0","0","","0","0","0","00","3","0","01","","0","39 55:01.218","","00","75 14:04.783","9","0","0","0","67301","0","0","0","N","0","0","0","2","67301","0","","1","01","","N","N","N","0","","0","0","0","3","2","","0053","0","2","0","0","0","0","2","2","0","2","03","03","N","","","","","","","","","","",""
"2022078522","1240","1","0","0","0","0","0","0","0","0","5","0","","67","08","2022","2","40.0035","-75.1415","1240","06","0","0","0","0","0","0","0","0","","0","0","0","18","3","0","00","N","0","40 00:12.650","","00","75 08:29.270","0","0","0","0","67301","0","0","0","N","0","0","0","1","67301","0","","6","09","","N","N","N","0","","0","0","0","0","0","","1800","0","2","0","0","0","0","0","2","0","2","07","","N","","","","","","","","","","",""
"2022076174","0955","2","0","0","0","0","0","0","0","0","4","0","","67","08","2022","7","40.03","-75.2113","0955","06","0","0","0","0","0","1","0","0","","0","0","0","09","1","0","01","","0","40 01:47.922","","00","75 12:40.658","9","0","0","0","67301","0","0","0","N","0","0","0","4","67301","0","","1","01","","N","N","N","0","","0","0","0","3","2","","0946","0","2","0","0","0","0","2","2","0","2","03","","N","","","","","","","","","","",""
"2022077714","1500","1","0","0","0","0","0","0","0","0","4","0","","67","08","2022","3","40.0359","-75.1266","1456","06","0","0","0","0","0","1","0","0","","0","0","0","14","1","1","01","","0","40 02:09.352","","00","75 07:35.804","3","0","0","0","67301","0","0","0","N","0","0","0","2","67301","0","","1","01","","N","N","N","0","","1","0","1","3","3","","1453","1","2","0","0","0","0","0","2","0","2","03","03","N","","","","","","","","","","",""
"2022089657","1400","1","0","0","0","0","0","0","0","0","4","0","","67","09","2022","4","40.0146","-75.1567","1349","06","0","0","0","0","0","2","0","0","","1","0","0","13","1","4","01","","2","40 00:52.463","3","00","75 09:23.952","1","0","0","0","67301","0","0","0","N","0","0","0","6","67301","4","2","1","01","1426","N","N","N","0","0","0","0","2","3","2","Y","1348","4","3","0","0","0","0","0","2","0","3","03","","N","","","","","","","","","","",""
"2022092507","2043","0","0","0","0","0","0","0","0","0","4","0","","67","01","2022","5","40.0416","-75.0723","2037","06","0","0","0","0","0","1","0","0","","1","0","0","20","2","0","00","N","2","40 02:29.610","5","00","75 04:20.150","1","0","0","0","67301","0","0","0","N","0","0","0","1","67301","0","2","6","01","2130","N","N","N","0","0","0","0","2","0","0","Y","2031","0","2","0","0","0","0","0","2","0","2","03","03","N","","","","","","","","","","",""
"2022092612","2251","1","0","0","0","0","0","0","0","0","4","0","","67","09","2022","1","39.9752","-75.1882","2250","06","0","0","0","0","0","0","0","0","","0","0","0","22","3","2","05","","1","39 58:30.681","7","00","75 11:17.526","4","0","0","0","67301","0","0","0","N","0","0","0","3","67301","1","","1","01","2325","N","N","N","0","","0","0","1","3","2","N","2250","2","2","0","0","0","1","0","2","0","2","03","","N","","","","","","","","","","",""
"2022080263","0552","1","0","0","0","0","0","0","0","0","1","0","","67","08","2022","2","40.0119","-75.1821","0551","06","0","0","0","0","0","0","0","0","","0","0","0","05","1","1","00","N","2","40 00:42.995","2","00","75 10:55.455","3","0","0","0","67301","0","0","0","N","0","0","0","2","67301","0","","1","01","0700","N","N","N","0","","1","0","0","0","0","N","0549","1","2","0","0","0","0","0","2","1","2","04","04","N","","","","","","","","","","",""
"2022089884","0030","1","0","0","0","0","0","0","0","0","7","0","","67","08","2022","7","39.9916","-75.1847","0023","06","0","0","0","0","0","0","0","0","","0","0","0","21","3","0","01","","0","39 59:29.698","","00","75 11:04.939","0","0","0","0","67301","0","0","0","N","0","0","0","1","67301","0","","4","01","","N","N","N","0","","0","0","0","3","2","","2129","0","1","0","0","0","0","0","2","0","1","03","03","N","","","","","","","","","","",""
"2022089655","2140","2","0","0","0","0","0","0","0","0","8","0","","67","09","2022","6","40.0432","-75.0523","2134","06","0","0","0","0","0","0","0","0","","1","0","0","21","3","0","01","","0","40 02:35.849","","00","75 03:08.046","1","0","0","0","67301","1","1","0","N","1","1","0","2","67301","0","2","1","01","","N","N","Y","0","0","0","0","0","3","2","","2127","0","3","0","0","0","0","1","2","0","2","03","03","N","","","","","","","","","","",""
"2022087330","1750","0","0","0","0","0","0","1","0","0","4","1","","67","09","2022","3","39.9766","-75.1132","1732","06","0","0","0","0","0","0","0","0","","0","0","0","17","1","1","02","","1","39 58:35.702","1","00","75 06:47.416","4","0","0","0","67301","0","0","0","N","0","0","0","2","67508","1","","1","01","9999","N","N","N","0","","0","0","1","3","2","N","1732","1","2","0","0","0","0","0","2","0","2","03","03","N","","","","","","","","","","",""
"2022089234","0004","1","0","0","0","0","0","0","0","0","7","0","","67","09","2022","2","40.0535","-74.9866","2347","06","0","0","0","0","0","0","0","0","","0","0","0","23","3","0","00","N","0","40 03:12.455","","00","74 59:11.629","0","0","0","0","67301","0","0","0","Y","0","0","0","1","68K01","0","","4","01","","N","N","N","0","","0","0","0","0","0","","2341","0","1","0","0","0","0","0","2","0","1","03","","N","","","","","","","","","","",""
"2022076149","0922","1","0","0","0","0","0","0","0","0","4","0","","67","08","2022","5","40.0575","-75.1482","0922","06","0","0","0","0","0","0","0","0","","0","0","0","09","1","1","01","","0","40 03:26.852","","00","75 08:53.408","8","0","0","0","67301","0","0","0","N","0","0","0","2","67301","0","","1","01","","N","N","N","0","","0","0","1","3","3","","0902","1","2","0","0","0","1","0","2","0","2","03","03","N","","","","","","","","","","",""
"2022075767","1807","2","0","0","0","0","0","0","0","0","4","0","","67","08","2022","4","40.0358","-75.1747","1804","06","0","0","0","0","0","0","0","0","","0","0","0","17","1","1","01","","0","40 02:08.965","","00","75 10:29.001","3","0","0","0","67301","0","0","0","N","0","0","0","2","67301","0","","1","01","","N","N","N","0","","1","0","0","3","2","","1758","1","2","0","0","0","0","0","2","0","2","03","03","N","","","","","","","","","","",""
"2022075802","0002","2","0","0","0","0","0","0","0","0","5","0","","67","08","2022","4","39.9851","-75.1424","0002","06","0","0","0","0","0","0","0","0","","0","0","0","00","3","0","00","N","0","39 59:06.280","","00","75 08:32.670","0","0","0","0","67301","0","0","0","N","0","0","0","1","67301","0","","6","01","","N","N","N","0","","0","0","2","0","0","","0000","0","4","0","0","0","0","0","2","0","4","03","","N","","","","","","","","","","",""
"2022075806","0940","1","0","0","0","0","0","0","0","0","0","0","","67","08","2022","5","39.9708","-75.1286","0939","06","0","0","0","0","0","0","0","0","","0","0","0","09","1","1","00","N","0","39 58:14.718","","00","75 07:43.106","3","0","0","0","67301","0","0","0","N","0","0","0","1","67301","0","","1","01","","N","N","N","0","","1","0","0","0","0","","0935","1","2","0","0","1","0","0","2","1","2","03","03","N","","","","","","","","","","",""
"2022090863","0501","1","0","0","0","0","0","0","0","0","7","0","","67","10","2022","7","39.9093","-75.1493","0501","06","0","0","0","0","0","0","0","0","","0","0","0","03","3","1","00","N","0","39 54:33.434","","00","75 08:57.518","3","0","0","0","67301","0","0","0","N","0","0","0","1","68K01","0","","4","09","","N","N","N","0","","1","0","0","0","0","","0300","1","1","0","0","0","0","0","2","0","1","07","","N","","","","","","","","","","",""
"2022090892","1550","0","0","0","0","0","0","0","0","0","4","1","","67","09","2022","2","40.0263","-75.0973","1550","06","0","0","0","0","0","1","0","0","","0","1","0","14","1","4","01","","1","40 01:34.637","3","00","75 05:50.189","4","0","0","0","67301","0","0","0","N","0","0","0","5","67301","4","","1","01","0130","N","N","N","0","","0","0","1","3","2","N","1454","4","2","0","0","0","0","0","2","0","2","03","03","N","","","","","","","","","","",""
"2022078415","0123","1","0","0","0","0","0","0","0","0","8","0","","67","08","2022","7","39.9444","-75.1631","0121","06","0","0","0","0","0","1","0","0","","0","0","0","01","3","1","01","","0","39 56:39.841","","00","75 09:47.288","2","0","0","0","67301","1","0","1","N","1","0","1","2","67301","0","","1","01","","N","N","N","0","","0","1","0","3","1","","0120","1","2","0","0","0","0","0","2","0","1","03","03","N","","","","","","","","","","",""
"2022075967","0230","1","0","0","0","0","0","0","0","0","4","0","","67","08","2022","5","39.928","-75.2193","0224","06","1","0","0","0","0","0","0","0","","0","0","0","01","3","0","01","","1","39 55:40.869","5","00","75 13:09.477","9","0","0","0","67301","0","0","0","N","0","0","0","1","67301","0","","1","01","0407","N","N","N","1","","0","0","1","3","2","Y","0120","0","3","0","0","0","0","1","2","0","3","03","03","N","","","","","","","","","","",""
"2022077585","2132","0","0","0","0","0","0","0","0","0","1","0","","67","08","2022","1","39.9553","-75.1478","2132","06","0","1","0","0","0","0","0","0","","0","0","0","21","3","0","00","N","1","39 57:19.112","4","02","75 08:52.171","0","0","0","0","67301","0","0","0","N","0","0","0","4","67501","0","","1","01","2136","N","N","N","0","","0","0","2","0","0","N","2132","0","3","0","0","0","0","0","2","0","2","03","03","N","","","","","","","","","","",""
"2022076623","0108","1","0","1","0","0","0","0","0","0","1","0","","67","08","2022","1","40.0491","-75.1932","0107","06","0","0","0","0","1","0","0","0","","0","0","0","01","3","2","01","","0","40 02:56.688","","00","75 11:35.443","2","0","0","0","67301","0","0","0","N","0","0","0","2","67301","0","","1","01","","N","N","N","0","","1","1","1","3","2","","0100","2","2","0","0","0","0","0","2","0","2","03","03","N","","","","","","","","","","",""
"2022078423","1740","0","0","0","0","0","0","0","0","0","8","0","","67","08","2022","6","39.9983","-75.1277","1736","06","0","0","0","0","0","0","0","1","","0","0","0","17","1","1","00","N","0","39 59:53.879","","00","75 07:39.717","3","0","0","0","67301","1","0","0","N","1","0","0","2","67301","0","","1","01","","N","N","N","0","","1","0","1","0","0","","1730","1","2","0","0","0","0","0","2","0","1","03","","N","","","","","","","","","","",""
"2022075859","2056","2","0","0","0","0","0","0","0","0","1","0","","67","08","2022","5","40.017","-75.1472","2056","06","0","0","0","0","0","0","0","0","","0","0","0","20","3","1","00","N","0","40 01:01.240","","00","75 08:49.830","8","0","0","0","67301","0","0","0","N","0","0","0","2","67301","0","","1","01","","N","N","N","0","","0","0","0","0","0","","2050","1","2","0","0","0","1","0","2","0","2","03","03","N","","","","","","","","","","",""
"2022081859","0414","2","0","0","0","0","0","0","0","0","5","0","","67","08","2022","7","40.0095","-75.1408","0409","06","0","0","0","0","1","0","0","0","","0","0","0","03","3","0","01","","0","40 00:34.293","","00","75 08:26.847","0","0","0","0","67301","0","0","0","N","0","0","0","3","67301","0","","1","01","","N","N","Y","0","","0","0","2","3","3","","0355","0","4","0","0","3","0","0","2","0","4","03","","N","","","","","","","","","","",""
"2022075870","0830","1","0","0","0","0","0","0","0","0","8","0","","67","08","2022","6","39.9872","-75.1088","0822","06","0","0","0","0","0","0","0","0","","0","0","0","07","1","1","01","","0","39 59:14.052","","00","75 06:31.614","2","0","0","0","67301","1","0","1","N","1","0","1","2","67301","0","","1","01","","N","N","N","0","","0","1","0","3","2","","0745","1","2","0","0","0","0","0","2","0","1","03","","N","","","","","","","","","","",""
"2022077081","0028","1","0","0","0","0","0","0","0","0","7","0","","67","08","2022","5","40.0641","-75.0539","0028","06","0","0","0","0","0","0","0","0","","0","0","0","00","3","0","00","N","0","40 03:50.707","","00","75 03:13.934","0","0","0","0","67301","0","0","0","N","0","0","0","1","67301","0","","4","01","","N","N","N","0","","0","0","0","0","0","","0028","0","1","0","0","0","0","0","2","0","1","03","","N","","","","","","","","","","",""
"2022089218","0220","1","0","0","0","0","0","0","0","0","7","0","","67","09","2022","7","39.9568","-75.1511","0219","06","0","0","0","0","0","0","0","0","","0","0","0","02","3","0","00","N","1","39 57:24.565","3","00","75 09:03.817","0","0","0","0","67301","0","0","0","N","0","0","0","3","68K01","0","","4","01","0300","N","N","N","0","","0","0","0","0","0","N","0219","0","1","0","0","0","0","0","2","0","1","03","","N","","","","","","","","","","",""
"2022085494","0028","2","0","0","0","0","0","0","0","0","4","0","","67","08","2022","7","39.957","-75.2255","0022","06","0","0","0","0","0","0","0","0","","0","0","0","00","3","2","01","","0","39 57:25.065","","00","75 13:31.843","3","0","0","0","67301","0","0","0","N","0","0","0","3","67301","0","","1","01","","N","N","N","0","","2","0","0","3","2","","0015","2","2","0","0","0","0","0","2","0","2","03","03","N","","","","","","","","","","",""
"2022089207","0224","0","0","0","0","0","0","0","0","0","0","0","","67","09","2022","5","39.898","-75.1847","0218","06","0","0","0","0","0","0","0","0","","0","0","0","02","3","2","00","N","2","39 53:52.879","2","00","75 11:04.879","3","0","0","0","67301","0","0","0","N","0","0","0","2","68K01","0","","1","01","0245","N","N","N","0","","2","0","1","0","0","N","0209","2","1","0","0","0","0","0","2","0","1","03","","N","","","","","","","","","","",""
"2022076625","1118","1","0","0","0","0","0","0","0","0","1","0","","67","08","2022","6","39.9753","-75.2539","1113","06","0","0","0","0","0","0","0","0","","0","0","0","11","1","0","00","N","0","39 58:31.200","","00","75 15:14.000","0","0","0","0","67301","0","0","0","N","0","0","0","1","67301","0","","6","01","","N","N","N","0","","0","0","2","0","0","","1111","0","3","0","0","0","0","0","2","0","3","03","03","N","","","","","","","","","","",""
"2022088699","1721","3","0","0","0","0","0","0","0","0","1","0","","67","08","2022","1","39.9507","-75.1411","1713","06","0","0","1","1","0","0","0","0","","0","0","0","17","1","0","00","N","0","39 57:02.571","","00","75 08:27.945","9","0","0","0","67301","0","0","0","N","0","0","0","3","68K01","0","","1","01","","N","N","N","0","","0","0","0","0","0","","1712","0","3","0","0","0","0","1","2","0","3","03","03","N","","","","","","","","","","",""
"2022076877","2100","1","0","0","0","0","0","0","0","0","1","0","","67","08","2022","1","40.0302","-75.0882","2045","06","0","0","0","0","0","0","0","0","","0","0","0","19","3","0","01","","0","40 01:48.794","","00","75 05:17.552","0","0","0","0","67301","0","0","0","N","0","0","0","2","67301","0","","1","01","","N","N","N","0","","0","0","1","3","2","","1900","0","2","0","0","2","0","0","2","0","2","03","03","N","","","","","","","","","","",""
"2022075950","1538","2","0","0","0","0","0","0","0","0","4","0","","67","08","2022","6","40.0689","-75.1818","1538","06","0","1","0","0","0","0","0","0","","0","0","0","15","1","0","01","","0","40 04:08.058","","00","75 10:54.300","0","0","0","0","67301","0","0","0","N","0","0","0","3","67301","0","","1","01","","N","N","N","0","","0","0","1","3","2","","1538","0","3","0","0","1","0","0","2","0","3","03","03","N","","","","","","","","","","",""