"CRN","ARRIVAL_TM","AUTOMOBILE_COUNT","BELTED_DEATH_COUNT","BELTED_SUSP_SERIOUS_INJ_COUNT","BICYCLE_COUNT","BICYCLE_DEATH_COUNT","BICYCLE_SUSP_SERIOUS_INJ_COUNT","BUS_COUNT","CHLDPAS_DEATH_COUNT","CHLDPAS_SUSP_SERIOUS_INJ_COUNT","COLLISION_TYPE","COMM_VEH_COUNT","CONS_ZONE_SPD_LIM","COUNTY","CRASH_MONTH","CRASH_YEAR","DAY_OF_WEEK","DEC_LAT","DEC_LONG","DISPATCH_TM","DISTRICT","DRIVER_COUNT_16YR","DRIVER_COUNT_17YR","DRIVER_COUNT_18YR","DRIVER_COUNT_19YR","DRIVER_COUNT_20YR","DRIVER_COUNT_50_64YR","DRIVER_COUNT_65_74YR","DRIVER_COUNT_75PLUS","EST_HRS_CLOSED","FATAL_COUNT","HEAVY_TRUCK_COUNT","HORSE_BUGGY_COUNT","HOUR_OF_DAY","ILLUMINATION","INJURY_COUNT","INTERSECT_TYPE","INTERSECTION_RELATED","LANE_CLOSED","LATITUDE","LN_CLOSE_DIR","LOCATION_TYPE","LONGITUDE","MAX_SEVERITY_LEVEL","MCYCLE_DEATH_COUNT","MCYCLE_SUSP_SERIOUS_INJ_COUNT","MOTORCYCLE_COUNT","MUNICIPALITY","NONMOTR_COUNT","NONMOTR_DEATH_COUNT","NONMOTR_SUSP_SERIOUS_INJ_COUNT","NTFY_HIWY_MAINT","PED_COUNT","PED_DEATH_COUNT","PED_SUSP_SERIOUS_INJ_COUNT","PERSON_COUNT","POLICE_AGCY","POSSIBLE_INJ_COUNT","RDWY_SURF_TYPE_CD","RELATION_TO_ROAD","ROAD_CONDITION","ROADWAY_CLEARED","SCH_BUS_IND","SCH_ZONE_IND","SECONDARY_CRASH","SMALL_TRUCK_COUNT","SPEC_JURIS_CD","SUSP_MINOR_INJ_COUNT","SUSP_SERIOUS_INJ_COUNT","SUV_COUNT","TCD_FUNC_CD","TCD_TYPE","TFC_DETOUR_IND","TIME_OF_DAY","TOT_INJ_COUNT","TOTAL_UNITS","UNB_DEATH_COUNT","UNB_SUSP_SERIOUS_INJ_COUNT","UNBELTED_OCC_COUNT","UNK_INJ_DEG_COUNT","UNK_INJ_PER_COUNT","URBAN_RURAL","VAN_COUNT","VEHICLE_COUNT","WEATHER1","WEATHER2","WORK_ZONE_IND","WORK_ZONE_LOC","WORK_ZONE_TYPE","WORKERS_PRES","WZ_CLOSE_DETOUR","WZ_FLAGGER","WZ_LAW_OFFCR_IND","WZ_LN_CLOSURE","WZ_MOVING","WZ_OTHER","WZ_SHLDER_MDN","WZ_WORKERS_INJ_KILLED"
"2022080804","1225","1","0","0","0","0","0","0","0","0","4","0","","67","08","2022","2","39.9815","-75.1173","1217","06","0","0","0","0","0","0","0","0","","0","0","0","00","3","2","01","","1","39 58:53.612","3","00","75 07:02.654","2","0","0","0","67301","0","0","0","N","0","0","0","4","67301","0","","1","01","0200","N","N","N","0","","1","1","2","3","2","N","0015","2","3","0","0","0","0","0","2","0","3","03","03","N","","","","","","","","","","",""
"2022090285","1035","0","0","0","0","0","0","0","0","0","1","1","","67","09","2022","6","40.0537","-75.0483","1026","06","0","0","0","0","0","0","0","0","","0","1","0","08","1","2","00","N","0","40 03:13.250","","00","75 02:53.760","3","0","0","0","67301","0","0","0","N","0","0","0","3","67301","0","","1","01","","N","N","N","0","","2","0","1","0","0","","0852","2","2","0","0","0","0","0","2","0","2","03","03","N","","","","","","","","","","",""
"2022089411","0846","2","0","0","0","0","0","0","0","0","5","0","","67","09","2022","4","39.9559","-75.2044","0845","06","0","0","0","0","0","0","0","0","","0","0","0","08","1","0","00","N","1","39 57:21.231","3","00","75 12:15.770","0","0","0","0","67301","0","0","0","N","0","0","0","2","67504","0","","1","01","1016","N","N","Y","0","","0","0","0","0","0","N","0842","0","2","0","0","0","0","0","2","0","2","03","","N","","","","","","","","","","",""
"2022088793","0323","0","0","0","0","0","0","0","0","0","8","0","","67","09","2022","1","40.1317","-75.0122","0318","06","0","0","0","0","0","0","0","0","","0","0","0","03","3","1","01","","0","40 07:53.962","","07","75 00:43.919","3","0","0","0","67301","1","0","0","N","1","0","0","1","67301","0","","5","01","","N","N","N","0","","1","0","0","0","0","","0310","1","2","0","0","0","0","0","2","0","1","03","","N","","","","","","","","","","",""
"2022087402","0856","1","0","0","0","0","0","0","0","0","5","1","","67","09","2022","3","40.0362","-75.0647","0845","06","0","1","0","0","0","0","0","0","","0","1","0","08","1","1","00","N","0","40 02:10.411","","00","75 03:52.869","4","0","0","0","67301","0","0","0","N","0","0","0","2","67301","1","","1","01","","N","N","N","0","","0","0","0","0","0","","0805","1","2","0","0","2","0","0","2","0","2","03","03","N","","","","","","","","","","",""
"2022090021","0455","2","0","0","0","0","0","0","0","0","4","0","","67","09","2022","5","40.0298","-75.1046","0451","06","0","0","0","0","0","0","0","0","","0","0","0","04","3","1","02","","2","40 01:47.196","4","00","75 06:16.616","3","0","0","0","67301","0","0","0","N","0","0","0","2","67301","0","","1","01","0520","N","N","N","0","","1","0","0","3","2","Y","0448","1","2","0","0","0","0","1","2","0","2","03","03","N","","","","","","","","","","",""
"2022084440","0942","0","0","0","0","0","0","0","0","0","1","0","","67","08","2022","4","40.0185","-75.047","0919","06","0","0","0","1","0","0","0","0","","0","0","0","09","1","0","00","N","0","40 01:06.616","","00","75 02:49.153","0","0","0","0","67301","0","0","0","N","0","0","0","1","68K01","0","","2","01","","N","N","N","1","","0","0","1","0","0","","0914","0","2","0","0","0","0","0","2","0","2","03","03","N","","","","","","","","","","",""
"2022089162","1535","0","0","0","0","0","0","0","0","0","4","0","","67","09","2022","3","40.0134","-75.1841","1535","06","0","0","0","0","0","0","0","0","","0","0","0","13","1","0","02","","9","40 00:48.207","","00","75 11:02.845","9","0","0","0","67301","0","0","0","N","0","0","0","2","67301","0","","1","01","","N","N","N","0","","0","0","2","3","3","","1325","0","2","0","0","0","0","1","2","0","2","03","","N","","","","","","","","","","",""
"2022077568","1712","0","0","0","0","0","0","0","0","0","5","0","","67","08","2022","1","39.9925","-75.2266","1701","06","0","0","0","0","0","0","0","0","","0","0","0","15","1","2","00","N","2","39 59:32.860","3","00","75 13:35.640","4","0","0","0","67301","0","0","0","N","0","0","0","3","67301","2","","1","01","1848","N","N","N","0","","0","0","2","0","0","N","1545","2","2","0","0","0","0","0","2","0","2","03","03","N","","","","","","","","","","",""
"2022075689","1816","2","0","0","0","0","0","0","0","0","4","0","","67","08","2022","5","39.979","-75.1602","1815","06","0","0","0","0","0","0","0","0","","0","0","0","18","1","3","01","","0","39 58:44.355","","00","75 09:36.809","3","0","0","0","67301","0","0","0","N","0","0","0","3","67505","0","","1","01","","N","N","N","0","","3","0","0","3","3","","1814","3","2","0","0","0","0","0","2","0","2","03","03","N","","","","","","","","","","",""
"2022078206","2237","3","0","0","0","0","0","0","0","0","1","0","","67","08","2022","6","39.9823","-75.1604","2237","06","0","0","0","0","0","0","0","0","","0","0","0","22","3","1","00","N","2","39 58:56.441","1","00","75 09:37.545","8","0","0","0","67301","0","0","0","N","0","0","0","1","67505","0","","6","01","2320","N","N","N","0","","0","0","2","0","0","Y","2237","1","5","0","0","1","1","0","2","0","5","03","","N","","","","","","","","","","",""
"2022077695","1923","0","0","0","0","0","0","0","0","0","4","0","","67","08","2022","2","39.965","-75.2246","1912","06","0","0","0","0","0","0","0","0","","0","0","0","19","1","2","01","","0","39 57:53.852","","00","75 13:28.466","3","0","0","1","67301","0","0","0","N","0","0","0","3","67301","0","","1","01","","N","N","N","1","","2","0","0","3","2","","1907","2","2","0","0","0","0","1","2","0","2","04","03","N","","","","","","","","","","",""
"2022076739","0055","2","0","0","0","0","0","0","0","0","5","0","","67","08","2022","7","39.9411","-75.1524","0050","06","0","0","0","0","0","1","0","0","","0","0","0","00","3","0","00","N","0","39 56:28.050","","00","75 09:08.500","0","0","0","0","67301","0","0","0","N","0","0","0","1","67301","0","","6","01","","N","N","Y","0","","0","0","1","0","0","","0040","0","3","0","0","0","0","0","2","0","3","03","03","N","","","","","","","","","","",""
"2022087687","0059","1","0","0","0","0","0","0","0","0","7","0","","67","08","2022","4","39.9933","-75.0845","0056","06","0","0","0","0","0","0","0","0","","0","0","0","00","3","0","03","","0","39 59:39.700","","02","75 05:00.200","0","0","0","0","67301","0","0","0","Y","0","0","0","1","68K01","0","","4","01","","N","N","N","0","","0","0","0","0","0","","0042","0","1","0","0","0","0","0","2","0","1","03","03","N","","","","","","","","","","",""
"2022076626","2115","1","0","0","0","0","0","0","0","0","4","0","","67","08","2022","7","40.0107","-75.1627","2111","06","0","0","0","0","0","2","0","0","","0","0","0","21","3","1","01","","0","40 00:38.603","","00","75 09:45.439","8","0","0","0","67301","0","0","0","N","0","0","0","2","67301","0","","1","01","","N","N","N","0","","0","0","1","3","3","","2109","1","2","0","0","0","1","0","2","0","2","03","","N","","","","","","","","","","",""
"2022078571","1612","2","0","0","0","0","0","0","0","0","4","0","","67","08","2022","7","39.9678","-75.1636","1608","06","0","0","0","0","0","1","0","0","","0","0","0","15","1","0","01","","0","39 58:04.029","","00","75 09:48.934","0","0","0","0","67301","0","0","0","N","0","0","0","2","67301","0","","1","01","","N","N","N","0","","0","0","0","3","3","","1550","0","2","0","0","0","0","0","2","0","2","03","03","N","","","","","","","","","","",""
"2022077602","2330","1","0","0","0","0","0","0","0","0","4","0","","67","08","2022","2","40.0736","-75.194","2330","06","0","0","0","0","1","1","0","0","","0","0","0","17","1","1","00","N","0","40 04:24.800","","07","75 11:38.560","3","0","0","0","67301","0","0","0","N","0","0","0","2","67301","0","","1","99","","N","N","N","0","","1","0","1","0","0","","1745","1","2","0","0","0","0","1","2","0","2","03","03","N","","","","","","","","","","",""
"2022079650","2335","1","0","0","0","0","0","0","0","0","5","0","","67","08","2022","1","39.9287","-75.1786","2330","06","0","0","0","0","0","1","0","0","","0","0","0","23","3","0","00","N","0","39 55:43.300","","00","75 10:42.900","0","0","0","0","67301","0","0","0","N","0","0","0","1","67301","0","","6","01","","N","N","N","0","","0","0","1","0","0","","2323","0","2","0","0","0","0","0","2","0","2","03","03","N","","","","","","","","","","",""
"2022077450","1830","0","0","0","0","0","0","0","0","0","4","0","","67","08","2022","3","40.0465","-75.0901","1803","06","0","1","0","0","0","1","0","0","","0","0","0","17","1","1","01","","0","40 02:47.384","","00","75 05:24.289","4","0","0","0","67301","0","0","0","N","0","0","0","2","67301","1","","1","01","","N","N","N","0","","0","0","2","0","0","","1730","1","2","0","0","0","0","0","2","0","2","03","03","N","","","","","","","","","","",""
"2022091240","1438","1","0","0","0","0","0","0","0","0","1","0","","67","09","2022","7","40.0303","-75.0221","1428","06","0","0","0","0","0","0","0","0","","0","0","0","14","1","0","00","N","0","40 01:49.124","","00","75 01:19.399","0","0","0","0","67301","0","0","0","N","0","0","0","2","68K01","0","","1","01","","N","N","N","1","","0","0","0","0","0","","1419","0","2","0","0","0","0","0","2","0","2","03","","N","","","","","","","","","","",""
"2022089256","1157","0","0","0","0","0","0","0","0","0","5","1","","67","09","2022","2","39.9493","-75.1995","1137","06","0","0","0","1","0","1","0","0","","0","1","0","11","1","0","02","","1","39 56:57.404","1","00","75 11:58.259","0","0","0","0","67301","0","0","0","N","0","0","0","2","67301","0","","1","01","1342","N","N","N","0","","0","0","1","3","2","N","1137","0","2","0","0","0","0","0","2","0","2","03","03","N","","","","","","","","","","",""
"2022077713","0845","1","0","0","0","0","0","0","0","0","5","0","","67","08","2022","1","40.0381","-75.1315","0838","06","0","0","0","0","0","1","0","0","","0","0","0","06","5","0","00","N","1","40 02:17.300","4","00","75 07:53.360","0","0","0","0","67301","0","0","0","N","0","0","0","1","67301","0","","6","01","1023","N","N","N","0","","0","0","1","0","0","N","0600","0","2","0","0","0","0","0","2","0","2","03","","N","","","","","","","","","","",""
"2022080288","1714","0","0","0","0","0","0","0","0","0","1","0","","67","08","2022","4","40.0812","-75.0285","1709","06","0","0","0","0","0","0","0","0","","0","0","0","17","1","1","00","Y","0","40 04:52.256","","00","75 01:42.423","3","0","0","0","67301","0","0","0","N","0","0","0","1","67301","0","","1","01","","N","N","N","0","","1","0","1","3","2","","1700","1","2","0","0","1","0","0","2","0","2","03","03","N","","","","","","","","","","",""
"2022081861","0212","2","0","0","0","0","0","0","0","0","4","0","","67","08","2022","1","40.0186","-75.1381","0209","06","0","0","0","0","0","0","0","0","","0","0","0","02","3","1","01","","0","40 01:07.017","","00","75 08:17.308","4","0","0","0","67301","0","0","0","N","0","0","0","2","67301","1","","1","09","","N","N","N","1","","0","0","0","3","3","","0205","1","3","0","0","2","0","1","2","0","3","07","04","N","","","","","","","","","","",""
"2022078695","0122","1","0","0","0","0","0","0","0","0","7","0","35","67","08","2022","7","39.9554","-75.148","0122","06","0","0","0","0","0","0","0","0","","0","0","0","01","3","0","00","N","2","39 57:19.558","4","02","75 08:52.921","0","0","0","0","67301","0","0","0","N","0","0","0","2","67501","0","","4","01","0430","N","N","N","0","","0","0","0","0","0","N","0122","0","1","0","0","0","0","0","2","0","1","03","03","Y","5","1","U","","","N","Y","Y","","","N"
"2022091579","1936","1","0","0","0","0","0","0","0","0","5","1","","67","09","2022","6","39.893","-75.2278","1922","06","0","0","0","0","0","0","0","0","","0","1","0","19","3","0","00","N","0","39 53:34.630","","00","75 13:39.944","0","0","0","0","67301","0","0","0","N","0","0","0","3","68K01","0","","1","01","","N","N","N","0","","0","0","0","0","0","","1914","0","2","0","0","0","0","0","2","0","2","03","","N","","","","","","","","","","",""
"2022090257","2032","1","0","0","0","0","0","0","0","0","4","1","","67","09","2022","1","39.9206","-75.1704","2032","06","0","0","0","0","0","0","0","0","","0","1","0","20","3","0","01","","0","39 55:14.358","","00","75 10:14.006","0","0","0","0","67301","0","0","0","N","0","0","0","3","67301","0","","1","01","","N","N","Y","0","","0","0","0","3","2","","2030","0","2","0","0","3","0","0","2","0","2","03","03","N","","","","","","","","","","",""
"2022092119","2221","0","0","0","0","0","0","0","0","0","7","1","","67","10","2022","2","39.9826","-75.2078","2214","06","0","0","0","0","0","0","0","0","","0","1","0","22","3","1","00","N","2","39 58:57.409","4","00","75 12:27.950","3","0","0","0","67301","0","0","0","Y","0","0","0","1","68K01","0","","4","08","0008","N","N","N","0","","1","0","0","0","0","Y","2201","1","1","0","0","0","0","0","2","0","1","07","","N","","","","","","","","","","",""
"2022092511","1225","0","0","0","0","0","0","0","0","0","4","1","","67","09","2022","6","40.0239","-75.0354","1210","06","0","0","0","0","0","0","0","0","","0","1","0","11","1","0","01","","2","40 01:26.136","1","02","75 02:07.607","0","0","0","0","67301","0","0","0","N","0","0","0","2","67301","0","","1","01","1415","N","N","N","0","","0","0","0","3","2","Y","1130","0","2","0","0","0","0","0","2","1","2","03","03","N","","","","","","","","","","",""
"2022088129","1959","0","1","0","0","0","0","0","0","0","1","0","","67","08","2022","7","39.9274","-75.1465","1959","06","0","0","0","0","0","0","0","0","","1","0","0","19","1","0","00","N","1","39 55:38.655","1","03","75 08:47.344","1","0","0","0","67301","0","0","0","N","0","0","0","1","68K01","0","1","2","01","2300","N","N","N","0","0","0","0","0","0","0","Y","1952","0","2","0","0","0","0","0","2","2","2","03","","N","","","","","","","","","","",""
"2022089255","1040","0","0","0","0","0","0","0","0","0","4","1","","67","09","2022","6","39.938","-75.1977","1030","06","0","0","0","1","0","0","0","0","","0","1","0","10","1","0","01","","0","39 56:16.868","","00","75 11:51.705","9","0","0","0","67301","0","0","0","N","0","0","0","2","67301","0","","1","01","","N","N","N","0","","0","0","1","3","3","","1000","0","2","0","0","0","0","1","2","0","2","03","03","N","","","","","","","","","","",""
"2022075803","0922","1","0","0","0","0","0","0","0","0","4","0","","67","08","2022","4","39.9694","-75.1391","0922","06","0","0","0","0","0","1","0","0","","0","0","0","09","1","1","02","","0","39 58:09.743","","00","75 08:20.593","8","0","0","0","67301","0","0","0","N","0","0","0","2","67301","0","","1","01","","N","N","N","0","","0","0","1","0","0","","0908","1","2","0","0","0","1","0","2","0","2","03","","N","","","","","","","","","","",""
"2022089240","0004","0","0","0","0","0","0","0","0","0","5","0","","67","09","2022","3","39.9741","-75.1183","2339","06","0","0","0","0","0","0","0","0","","0","0","0","23","3","1","00","N","0","39 58:26.695","","00","75 07:06.000","3","0","0","0","67301","0","0","0","N","0","0","0","3","68K01","0","","1","01","","N","N","N","0","","1","0","1","0","0","","2337","1","2","0","0","0","0","1","2","0","2","03","","N","","","","","","","","","","",""
"2022075751","0309","0","0","0","0","0","0","0","0","0","6","0","","67","08","2022","4","40.0772","-75.0819","0308","06","0","0","0","0","0","0","0","0","","0","0","0","03","3","0","00","N","0","40 04:37.870","","00","75 04:54.970","9","0","0","0","67301","0","0","0","N","0","0","0","2","67301","0","","6","01","","N","N","Y","1","","0","0","1","0","0","","0308","0","2","0","0","0","0","2","2","0","2","03","03","N","","","","","","","","","","",""
"2022088196","0337","2","0","0","0","0","0","0","0","0","4","0","","67","09","2022","7","40.0414","-75.1472","0334","06","0","0","0","0","0","0","0","0","","0","0","0","03","3","1","00","N","0","40 02:29.120","","00","75 08:50.010","3","0","0","0","67301","0","0","0","N","0","0","0","1","67301","0","","1","01","","N","N","N","0","","1","0","1","0","0","","0329","1","3","0","0","0","0","0","2","0","3","03","03","N","","","","","","","","","","",""
"2022076522","0418","1","0","0","0","0","0","0","0","0","4","0","","67","08","2022","1","39.9428","-75.2392","0418","06","0","0","0","0","0","0","0","0","","0","0","0","04","3","2","03","","0","39 56:34.091","","00","75 14:21.087","3","0","0","0","67301","0","0","0","N","0","0","0","2","67301","1","","1","01","","N","N","N","0","","1","0","1","0","0","","0417","2","2","0","0","1","0","0","2","0","2","03","","N","","","","","","","","","","",""
"2022080070","0310","2","0","0","0","0","0","0","0","0","1","0","","67","08","2022","1","39.9511","-75.1828","0305","06","0","0","0","0","0","0","0","0","","0","0","0","03","3","0","00","N","1","39 57:03.952","4","03","75 10:58.156","9","0","0","0","67301","0","0","0","N","0","0","0","3","68K01","0","","1","01","0315","N","N","N","0","","0","0","0","0","0","N","0305","0","2","0","0","0","0","1","2","0","2","03","03","N","","","","","","","","","","",""
"2022078285","0245","0","0","0","0","0","0","0","0","0","4","0","","67","08","2022","7","39.9589","-75.2414","0240","06","0","0","0","0","0","0","0","0","","0","0","0","02","3","1","01","","0","39 57:32.142","","00","75 14:29.013","3","0","0","0","67301","0","0","0","N","0","0","0","3","67301","0","","1","01","","N","N","N","0","","1","0","2","3","2","","0230","1","2","0","0","0","0","1","2","0","2","03","03","N","","","","","","","","","","",""
"2022077726","2017","1","0","0","0","0","0","0","0","0","8","0","","67","08","2022","1","40.0702","-75.0313","2016","06","0","0","0","0","0","0","0","0","","0","0","0","20","3","1","02","","0","40 04:12.683","","00","75 01:52.611","2","0","0","0","67301","1","0","1","N","1","0","1","2","67301","0","","1","01","","N","N","N","0","","0","1","0","3","2","","2015","1","2","0","0","0","0","0","2","0","1","03","03","N","","","","","","","","","","",""
"2022089518","1220","0","0","0","0","0","0","0","0","0","8","0","","67","08","2022","3","39.9367","-75.1669","1215","06","0","0","0","0","0","0","0","0","","0","0","0","20","3","1","01","","0","39 56:12.323","","00","75 10:01.469","3","0","0","0","67301","1","0","0","N","1","0","0","2","67301","0","","1","01","","N","N","N","0","","1","0","0","3","2","","2030","1","2","0","0","0","0","0","2","0","1","03","03","N","","","","","","","","","","",""
"2022089081","2302","0","0","0","0","0","0","0","0","0","1","0","","67","09","2022","2","39.9598","-75.1771","2301","06","0","0","0","0","0","0","0","0","","0","0","0","22","3","1","00","N","1","39 57:35.205","4","00","75 10:37.412","8","0","0","0","67301","0","0","0","N","0","0","0","2","68K01","0","","1","01","2321","N","N","N","0","","0","0","2","0","0","N","2250","1","2","0","0","1","1","0","2","0","2","03","03","N","","","","","","","","","","",""
"2022077688","1232","2","0","0","0","0","0","0","0","0","4","0","","67","08","2022","1","40.0265","-75.0422","1228","06","0","0","0","0","0","0","0","0","","0","0","0","12","1","1","01","","1","40 01:35.410","3","00","75 02:31.776","3","0","0","0","67301","0","0","0","N","0","0","0","3","67301","0","","1","01","1250","N","N","N","0","","1","0","0","3","3","N","1226","1","2","0","0","0","0","0","2","0","2","03","","N","","","","","","","","","","",""
"2022088169","1738","1","0","0","0","0","0","0","0","0","8","0","","67","08","2022","3","39.9597","-75.2474","1737","06","0","0","0","0","0","0","0","0","","0","0","0","17","1","1","02","","0","39 57:34.816","","00","75 14:50.653","3","0","0","0","67301","1","0","0","N","1","0","0","2","67301","0","","1","01","","N","N","N","0","","1","0","0","3","2","","1736","1","2","0","0","1","0","0","2","0","1","03","03","N","","","","","","","","","","",""
"2022089586","0643","1","0","0","0","0","0","0","0","0","5","1","","67","09","2022","2","39.9671","-75.1882","0628","06","0","0","0","0","0","0","0","0","","0","1","0","06","5","0","00","N","1","39 58:01.645","4","00","75 11:17.430","0","0","0","0","67301","0","0","0","N","0","0","0","2","68K01","0","","1","01","0705","N","N","N","0","","0","0","0","0","0","N","0613","0","2","0","0","0","0","0","2","0","2","03","","N","","","","","","","","","","",""
"2022076572","1345","1","0","0","0","0","0","0","0","0","4","0","","67","08","2022","1","40.0641","-75.2396","1342","06","0","0","0","0","0","0","0","1","","0","0","0","13","1","0","01","","0","40 03:50.433","","00","75 14:22.976","0","0","0","0","67301","0","0","0","N","0","0","0","3","67301","0","","1","01","","N","N","N","0","","0","0","1","3","2","","1342","0","2","0","0","0","0","0","2","0","2","03","03","N","","","","","","","","","","",""
"2022086782","1725","0","0","0","0","0","0","0","0","0","4","0","","67","08","2022","1","39.9568","-75.1556","1725","06","0","0","0","0","0","0","0","0","","0","0","0","23","3","1","01","","0","39 57:24.468","","00","75 09:20.068","3","0","0","0","67301","0","0","0","N","0","0","0","2","67301","0","","1","01","","N","N","N","1","","1","0","2","3","2","","2315","1","3","0","0","2","0","0","2","0","3","03","03","N","","","","","","","","","","",""
"2022075866","1620","1","0","0","0","0","0","0","0","0","5","0","","67","08","2022","5","39.9674","-75.1786","1607","06","0","0","0","0","0","0","1","0","","0","0","0","16","1","0","01","","0","39 58:02.671","","00","75 10:43.078","0","0","0","0","67301","0","0","0","N","0","0","0","3","67301","0","","1","01","","N","N","Y","0","","0","0","2","3","2","","1600","0","3","0","0","0","0","0","2","0","3","03","03","N","","","","","","","","","","",""
"2022079322","1545","1","0","0","0","0","0","0","0","0","4","0","","67","08","2022","2","40.0363","-75.0258","1526","06","0","0","0","0","0","0","0","0","","0","0","0","14","1","0","01","","0","40 02:10.516","","00","75 01:32.995","0","0","0","0","67301","0","0","0","N","0","0","0","1","67301","0","","1","01","","N","N","N","1","","0","0","0","3","3","","1454","0","2","0","0","0","0","0","2","0","2","03","","N","","","","","","","","","","",""
"2022093797","2324","1","0","0","0","0","0","0","0","0","8","0","","67","10","2022","7","39.9221","-75.1616","2324","06","0","0","0","0","0","0","0","0","","0","0","0","20","6","1","01","","0","39 55:19.419","","00","75 09:41.738","2","0","0","0","67301","1","0","1","N","1","0","1","1","67301","0","","1","01","","N","N","N","0","","0","1","0","9","3","","2045","1","2","0","0","0","0","0","2","0","1","03","98","N","","","","","","","","","","",""
"2022079813","1350","0","0","0","0","0","0","0","0","0","1","0","","67","08","2022","3","40.0417","-75.0883","1345","06","0","0","0","0","0","1","0","0","","0","0","0","13","1","1","03","","0","40 02:30.045","","00","75 05:17.959","3","0","0","0","67301","0","0","0","N","0","0","0","7","67301","0","","1","01","","N","N","N","0","","1","0","3","3","2","","1344","1","3","0","0","0","0","1","2","0","3","03","","N","","","","","","","","","","",""
"2022093134","1930","0","0","0","0","0","0","0","0","0","1","0","","67","10","2022","2","40.0396","-75.0458","1922","06","0","0","0","0","0","1","0","0","","0","0","0","17","1","1","01","","0","40 02:22.384","","00","75 02:44.945","3","0","0","0","67301","0","0","0","N","0","0","0","2","67301","0","","1","09","","N","N","N","0","","1","0","2","0","0","","1735","1","2","0","0","0","0","1","2","0","2","07","","N","","","","","","","","","","",""
"2022081091","1217","1","0","0","0","0","0","0","0","0","8","0","","67","09","2022","7","39.9177","-75.1674","1217","06","0","0","0","0","0","0","0","0","","0","0","0","14","1","1","01","","0","39 55:03.622","","00","75 10:02.621","3","0","0","0","67301","1","0","0","N","1","0","0","2","67301","0","","1","01","","N","N","N","0","","1","0","0","3","3","","1442","1","2","0","0","0","0","0","2","0","1","03","03","N","","","","","","","","","","",""
"2022083611","2051","0","0","0","0","0","0","0","0","0","4","0","","67","09","2022","7","40.052","-75.1796","2051","06","0","0","0","0","0","0","1","0","","0","0","0","10","1","1","01","","0","40 03:07.021","","00","75 10:46.660","3","0","0","0","67301","0","0","0","N","0","0","0","2","67301","0","","1","01","","N","N","N","0","","1","0","1","9","3","","1058","1","2","0","0","0","0","1","2","0","2","03","03","N","","","","","","","","","","",""
"2022079639","1250","2","0","0","0","0","0","0","0","0","4","0","","67","08","2022","3","40.0737","-74.9802","1243","06","0","0","0","0","0","0","0","0","","0","0","0","12","1","1","02","","1","40 04:25.251","1","00","74 58:48.825","3","0","0","0","67301","0","0","0","N","0","0","0","3","67301","0","","1","01","0020","N","N","N","0","","1","0","0","3","3","N","1231","1","2","0","0","0","0","0","2","0","2","03","03","N","","","","","","","","","","",""
"2022081072","0740","2","0","0","0","0","0","0","0","0","4","0","","67","09","2022","1","40.0322","-75.0841","0735","06","0","0","0","0","0","0","0","0","","0","0","0","07","1","3","05","","0","40 01:55.951","","00","75 05:02.822","3","0","0","0","67301","0","0","0","N","0","0","0","6","67301","0","","1","01","","N","N","N","0","","1","0","1","3","2","","0735","3","3","0","0","1","2","1","2","0","3","03","04","N","","","","","","","","","","",""
"2022081224","1621","0","0","0","0","0","0","0","0","0","4","0","","67","09","2022","7","40.062","-75.1599","1621","06","0","0","0","0","0","0","0","0","","0","0","0","16","1","3","01","","0","40 03:43.106","","06","75 09:35.596","3","0","0","0","67301","0","0","0","N","0","0","0","3","67301","0","","1","01","","N","N","N","0","","3","0","2","3","3","","1611","3","2","0","0","0","0","0","2","0","2","03","03","N","","","","","","","","","","",""
"2022081000","2320","0","0","0","0","0","0","0","0","0","8","0","","67","09","2022","7","39.9076","-75.1698","2312","06","0","0","0","0","0","0","0","0","","0","0","0","23","3","1","00","N","0","39 54:27.230","","07","75 10:11.200","8","0","0","0","67301","1","0","0","N","1","0","0","2","67301","0","","1","01","","N","N","N","1","","0","0","0","3","3","","2300","1","2","0","0","0","1","0","2","0","1","03","","N","","","","","","","","","","",""
"2022083622","2225","2","0","0","0","0","0","0","0","0","5","0","","67","09","2022","2","39.9746","-75.1992","2222","06","0","0","0","0","0","0","0","0","","0","0","0","22","3","0","01","","1","39 58:28.663","3","02","75 11:57.118","0","0","0","0","67301","0","0","0","N","0","0","0","2","67301","0","","1","01","2345","N","N","N","0","","0","0","0","3","2","N","2221","0","2","0","0","0","0","0","2","0","2","03","03","N","","","","","","","","","","",""
"2022080561","0757","2","0","0","0","0","0","0","0","0","5","0","","67","09","2022","5","40.0248","-75.1369","0747","06","0","0","0","0","0","0","0","0","","0","0","0","14","1","0","00","N","0","40 01:29.180","","00","75 08:12.950","0","0","0","0","67301","0","0","0","N","0","0","0","1","67301","0","","6","01","","N","N","N","0","","0","0","0","0","0","","1400","0","2","0","0","0","0","0","2","0","2","03","","N","","","","","","","","","","",""