"CRN","ARRIVAL_TM","AUTOMOBILE_COUNT","BELTED_DEATH_COUNT","BELTED_SUSP_SERIOUS_INJ_COUNT","BICYCLE_COUNT","BICYCLE_DEATH_COUNT","BICYCLE_SUSP_SERIOUS_INJ_COUNT","BUS_COUNT","CHLDPAS_DEATH_COUNT","CHLDPAS_SUSP_SERIOUS_INJ_COUNT","COLLISION_TYPE","COMM_VEH_COUNT","CONS_ZONE_SPD_LIM","COUNTY","CRASH_MONTH","CRASH_YEAR","DAY_OF_WEEK","DEC_LAT","DEC_LONG","DISPATCH_TM","DISTRICT","DRIVER_COUNT_16YR","DRIVER_COUNT_17YR","DRIVER_COUNT_18YR","DRIVER_COUNT_19YR","DRIVER_COUNT_20YR","DRIVER_COUNT_50_64YR","DRIVER_COUNT_65_74YR","DRIVER_COUNT_75PLUS","EST_HRS_CLOSED","FATAL_COUNT","HEAVY_TRUCK_COUNT","HORSE_BUGGY_COUNT","HOUR_OF_DAY","ILLUMINATION","INJURY_COUNT","INTERSECT_TYPE","INTERSECTION_RELATED","LANE_CLOSED","LATITUDE","LN_CLOSE_DIR","LOCATION_TYPE","LONGITUDE","MAX_SEVERITY_LEVEL","MCYCLE_DEATH_COUNT","MCYCLE_SUSP_SERIOUS_INJ_COUNT","MOTORCYCLE_COUNT","MUNICIPALITY","NONMOTR_COUNT","NONMOTR_DEATH_COUNT","NONMOTR_SUSP_SERIOUS_INJ_COUNT","NTFY_HIWY_MAINT","PED_COUNT","PED_DEATH_COUNT","PED_SUSP_SERIOUS_INJ_COUNT","PERSON_COUNT","POLICE_AGCY","POSSIBLE_INJ_COUNT","RDWY_SURF_TYPE_CD","RELATION_TO_ROAD","ROAD_CONDITION","ROADWAY_CLEARED","SCH_BUS_IND","SCH_ZONE_IND","SECONDARY_CRASH","SMALL_TRUCK_COUNT","SPEC_JURIS_CD","SUSP_MINOR_INJ_COUNT","SUSP_SERIOUS_INJ_COUNT","SUV_COUNT","TCD_FUNC_CD","TCD_TYPE","TFC_DETOUR_IND","TIME_OF_DAY","TOT_INJ_COUNT","TOTAL_UNITS","UNB_DEATH_COUNT","UNB_SUSP_SERIOUS_INJ_COUNT","UNBELTED_OCC_COUNT","UNK_INJ_DEG_COUNT","UNK_INJ_PER_COUNT","URBAN_RURAL","VAN_COUNT","VEHICLE_COUNT","WEATHER1","WEATHER2","WORK_ZONE_IND","WORK_ZONE_LOC","WORK_ZONE_TYPE","WORKERS_PRES","WZ_CLOSE_DETOUR","WZ_FLAGGER","WZ_LAW_OFFCR_IND","WZ_LN_CLOSURE","WZ_MOVING","WZ_OTHER","WZ_SHLDER_MDN","WZ_WORKERS_INJ_KILLED"
"2022092945","0840","2","0","0","0","0","0","1","0","0","5","1","","67","09","2022","4","40.0261","-75.209","0745","06","0","0","0","0","0","1","0","0","","0","0","0","07","1","2","00","N","0","40 01:33.989","","00","75 12:32.323","8","0","0","0","67301","0","0","0","N","0","0","0","3","67508","0","","6","01","","N","N","Y","0","","0","0","0","0","0","","0745","2","3","0","0","0","2","0","2","0","3","03","03","N","","","","","","","","","","",""
"2022081117","1744","1","0","0","0","0","0","0","0","0","5","0","","67","08","2022","4","39.945","-75.1424","1733","06","0","0","0","0","0","1","1","0","","0","0","0","17","1","1","00","N","1","39 56:41.911","1","00","75 08:32.811","3","0","0","0","67301","0","0","0","N","0","0","0","3","68K01","0","","1","01","1813","N","N","N","0","","1","0","1","0","0","N","1731","1","2","0","0","0","0","0","2","0","2","03","03","N","","","","","","","","","","",""
"2022095214","1646","0","0","0","0","0","0","0","0","0","1","0","","67","10","2022","5","40.0241","-75.0319","1617","06","0","0","0","0","0","1","0","0","","0","1","0","16","1","1","00","N","0","40 01:26.774","","00","75 01:54.766","4","0","0","0","67301","0","0","0","N","0","0","0","4","68K01","1","","1","09","","N","N","N","0","","0","0","2","0","0","","1609","1","3","0","0","0","0","0","2","0","3","07","","N","","","","","","","","","","",""
"2022084268","1640","0","0","0","0","0","0","1","0","0","4","1","","67","09","2022","5","40.0652","-75.1681","1610","06","0","0","0","0","0","0","0","0","","0","0","0","15","1","2","01","","0","40 03:54.789","","00","75 10:05.159","4","0","0","0","67301","0","0","0","N","0","0","0","6","67508","2","","1","01","","N","N","N","0","","0","0","1","3","2","","1542","2","2","0","0","0","0","3","2","0","2","03","03","N","","","","","","","","","","",""
"2022080736","1655","0","0","0","1","0","0","0","0","0","8","0","","67","09","2022","6","39.9402","-75.1662","1650","06","0","0","0","0","0","1","0","0","","0","0","0","16","1","1","00","N","0","39 56:24.711","","00","75 09:58.298","3","0","0","0","67301","1","0","0","N","0","0","0","2","67301","0","","1","01","","N","N","N","0","","1","0","1","0","0","","1645","1","2","0","0","0","0","0","2","0","1","03","","N","","","","","","","","","","",""
"2022080191","1717","1","0","0","0","0","0","0","0","0","2","0","","67","08","2022","4","40.0395","-75.1741","1716","06","0","0","1","0","0","0","0","0","","0","0","0","17","1","1","00","N","0","40 02:22.040","","00","75 10:26.890","3","0","0","0","67301","0","0","0","N","0","0","0","1","67301","0","","6","01","","N","N","N","1","","1","0","1","0","0","","1715","1","3","0","0","1","0","0","2","0","3","03","","N","","","","","","","","","","",""
"2022093066","0741","0","0","0","0","0","0","0","0","0","7","0","","67","10","2022","7","40.0529","-75.0083","0737","06","0","0","0","1","0","0","0","0","","0","0","0","07","1","0","00","N","0","40 03:10.385","","00","75 00:29.997","0","0","0","0","67301","0","0","0","N","0","0","0","1","67301","0","","5","01","","N","N","N","0","","0","0","1","0","0","","0715","0","1","0","0","0","0","0","2","0","1","03","03","N","","","","","","","","","","",""
"2022071237","","2","0","0","0","0","0","0","0","0","4","0","","67","07","2022","6","","","","06","0","0","0","0","0","0","0","0","","0","0","0","17","1","2","00","N","0","","","07","","8","0","0","0","67301","0","0","0","N","0","0","0","3","00000","0","","1","01","","","","N","0","","0","0","0","0","0","","1755","2","2","0","0","1","2","0","1","0","2","03","","N","","","","","","","","","","",""
"2022094637","1320","0","0","0","0","0","0","1","0","0","1","1","","67","10","2022","4","40.0022","-75.1576","1310","06","0","0","0","0","0","1","0","0","","0","0","0","13","1","4","01","","0","40 00:07.957","","00","75 09:27.721","4","0","0","0","67301","0","0","0","N","0","0","0","5","67508","2","","1","01","","N","N","N","1","","0","0","0","2","2","N","1300","4","2","0","0","1","2","0","2","0","2","03","03","N","","","","","","","","","","",""
"2022094857","2331","2","0","0","0","0","0","0","0","0","7","0","","67","10","2022","7","39.9322","-75.2001","2321","06","0","0","0","0","0","0","0","0","","0","0","0","23","3","0","00","N","0","39 55:55.853","","00","75 12:00.312","0","0","0","0","67301","0","0","0","N","0","0","0","2","68K01","0","","4","01","","N","N","N","0","","0","0","0","0","0","","2304","0","2","0","0","0","0","0","2","0","2","03","03","N","","","","","","","","","","",""
"2022079273","1458","0","0","0","0","0","0","0","0","0","4","0","","67","08","2022","2","40.0449","-75.233","1457","06","0","0","0","0","0","0","0","0","","0","0","0","14","1","1","00","N","2","40 02:41.660","6","07","75 13:58.940","8","0","0","0","67301","0","0","0","N","0","0","0","2","67301","0","","1","01","1606","N","N","N","0","","0","0","2","3","3","Y","1457","1","2","0","0","0","1","0","2","0","2","03","03","N","","","","","","","","","","",""
"2022093801","1625","0","0","0","0","0","0","0","0","0","8","0","","67","10","2022","2","40.0709","-74.9857","1621","06","0","0","0","0","0","0","0","1","","0","0","0","16","1","1","00","N","0","40 04:15.070","","00","74 59:08.630","8","0","0","0","67301","1","0","0","N","1","0","0","2","67301","0","","1","01","","N","N","N","0","","0","0","0","0","0","","1605","1","2","0","0","0","1","0","2","1","1","03","03","N","","","","","","","","","","",""
"2022093657","1717","1","0","0","0","0","0","0","0","0","4","1","","67","10","2022","1","39.9669","-75.2096","1630","06","0","0","0","0","0","0","0","0","","0","1","0","16","1","1","01","","0","39 58:00.724","","00","75 12:34.682","8","0","0","0","67301","0","0","0","N","0","0","0","2","67301","0","","1","01","","N","N","N","0","","0","0","0","3","3","","1617","1","2","0","0","0","1","1","2","0","2","03","03","N","","","","","","","","","","",""
"2022094159","0735","0","0","0","0","0","0","0","0","0","6","2","","67","10","2022","1","40.0184","-75.1405","0732","06","0","0","0","0","0","0","0","0","","0","2","0","20","3","0","00","N","0","40 01:06.340","","00","75 08:25.940","0","0","0","0","67301","0","0","0","N","0","0","0","1","67301","0","","6","01","","N","N","Y","1","","0","0","1","0","0","","2030","0","4","0","0","1","0","0","2","0","4","03","03","N","","","","","","","","","","",""
"2022095021","1100","0","0","0","0","0","0","0","0","0","4","0","","67","10","2022","7","39.9694","-75.2453","1100","06","1","0","0","0","0","0","0","0","","0","0","0","10","1","0","00","N","1","39 58:09.959","2","07","75 14:43.102","0","0","0","0","67301","0","0","0","N","0","0","0","3","67301","0","","1","09","1200","N","N","N","0","","0","0","2","3","2","N","1015","0","2","0","0","0","0","0","2","0","2","07","","N","","","","","","","","","","",""
"2022090276","1606","1","0","0","0","0","0","0","0","0","4","0","","67","08","2022","2","39.9921","-75.0993","1556","06","0","0","0","0","0","1","0","0","","0","0","0","15","1","1","01","","1","39 59:32.047","2","00","75 05:57.585","8","0","0","0","67301","0","0","0","N","0","0","0","4","67301","0","","1","01","1620","N","N","N","0","","0","0","1","3","2","N","1553","1","2","0","0","0","1","3","2","0","2","03","03","N","","","","","","","","","","",""
"2022094440","1713","0","0","0","0","0","0","0","0","0","7","0","","67","08","2022","6","40.0365","-75.0157","1704","06","0","0","0","0","0","1","0","0","","0","0","0","17","1","0","00","N","0","40 02:11.228","","00","75 00:56.367","0","0","0","0","67301","0","0","0","N","0","0","0","1","68K01","0","","4","01","","N","N","N","0","","0","0","1","0","0","","1702","0","1","0","0","0","0","0","2","0","1","03","03","N","","","","","","","","","","",""
"2022081285","2006","0","0","0","0","0","0","0","0","0","8","0","","67","08","2022","4","39.997","-75.1174","2006","06","0","0","0","0","0","0","0","0","","0","0","0","20","3","1","01","","0","39 59:49.080","","00","75 07:02.645","3","0","0","0","67301","1","0","0","N","1","0","0","2","67301","0","","1","01","","N","N","N","0","","1","0","0","3","2","","2000","1","2","0","0","0","0","0","2","0","1","03","03","N","","","","","","","","","","",""
"2022095013","1740","1","0","0","0","0","0","0","0","0","5","0","","67","10","2022","5","39.9169","-75.2378","1740","06","0","0","0","0","0","0","0","0","","0","0","0","17","4","1","00","N","0","39 55:00.987","","00","75 14:16.090","4","0","0","0","67301","0","0","0","N","0","0","0","2","67301","1","","1","09","","N","N","N","0","","0","0","1","0","0","","1738","1","3","0","0","1","0","0","2","0","3","04","03","N","","","","","","","","","","",""
"2022081679","1845","1","0","0","0","0","0","0","0","0","4","0","","67","09","2022","2","40.0626","-75.043","1835","06","0","0","0","0","0","1","0","0","","0","0","0","18","1","1","01","","0","40 03:45.528","","00","75 02:34.801","3","0","0","0","67301","0","0","0","N","0","0","0","3","67301","0","","1","01","","N","N","Y","0","","1","0","1","3","2","","1830","1","3","0","0","0","0","0","2","0","3","03","","N","","","","","","","","","","",""
"2022081838","1835","0","0","0","0","0","0","0","0","0","8","0","","67","09","2022","6","39.954","-75.1682","1830","06","0","0","0","0","0","0","0","0","","0","0","0","18","1","1","01","","0","39 57:14.411","","00","75 10:05.557","3","0","0","0","67301","1","0","0","N","1","0","0","2","67301","0","","1","01","","N","N","N","0","","1","0","0","3","2","","1820","1","2","0","0","0","0","0","2","0","1","03","03","N","","","","","","","","","","",""
"2022097381","1956","0","0","0","0","0","0","0","0","0","1","0","","67","10","2022","1","39.9706","-75.1244","1954","06","0","0","0","0","0","0","0","0","","0","0","0","19","3","2","00","N","1","39 58:14.277","1","02","75 07:27.951","3","0","0","0","67301","0","0","0","N","0","0","0","3","68K01","1","","2","09","2050","N","N","N","0","","1","0","1","0","0","N","1942","2","2","0","0","1","0","0","2","1","2","07","","N","","","","","","","","","","",""
"2022081241","2217","2","0","0","0","0","0","0","0","0","5","0","","67","08","2022","3","40.0026","-75.1244","2214","06","0","0","0","0","0","0","0","0","","0","0","0","22","3","1","01","","1","40 00:09.455","4","00","75 07:27.886","4","0","0","0","67301","0","0","0","N","0","0","0","2","67301","1","","1","01","2245","N","N","N","0","","0","0","0","3","2","Y","2213","1","2","0","0","0","0","0","2","0","2","03","03","N","","","","","","","","","","",""
"2022094265","0559","3","0","0","0","0","0","0","0","0","4","0","","67","10","2022","1","40.0269","-75.0788","0555","06","0","0","0","1","0","0","0","0","","0","0","0","05","3","1","01","","1","40 01:36.706","2","00","75 04:43.852","3","0","0","0","67301","0","0","0","N","0","0","0","2","67301","0","","1","09","0625","N","N","N","0","","1","0","1","3","3","N","0551","1","4","0","0","2","0","0","2","0","4","07","","N","","","","","","","","","","",""
"2022095026","0855","1","0","0","0","0","0","0","0","0","2","0","","67","10","2022","3","40.0437","-75.1382","0850","06","0","0","0","0","0","1","1","0","","0","0","0","08","1","0","01","","0","40 02:37.449","","00","75 08:17.556","0","0","0","0","67301","0","0","0","N","0","0","0","2","67301","0","","1","01","","N","N","N","0","","0","0","1","3","3","","0825","0","2","0","0","0","0","0","2","0","2","03","","N","","","","","","","","","","",""
"2022093809","0045","2","0","0","0","0","0","0","0","0","2","0","","67","10","2022","2","39.893","-75.2402","0040","06","0","0","1","0","0","0","0","0","","0","0","0","00","3","3","00","N","2","39 53:34.646","3","00","75 14:24.698","3","0","0","0","67301","0","0","0","N","0","0","0","4","67301","0","","1","01","0330","N","N","N","0","","3","0","0","3","2","Y","0017","3","2","0","0","0","0","0","2","0","2","03","03","N","","","","","","","","","","",""
"2022096724","1105","1","0","0","0","0","0","0","0","0","4","0","","67","10","2022","1","39.9356","-75.2259","1100","06","0","0","0","0","0","1","0","0","","0","0","0","10","1","1","01","","1","39 56:08.274","4","00","75 13:33.131","3","0","0","0","67301","0","0","0","N","0","0","0","2","67301","0","","1","01","1130","N","N","N","0","","1","0","2","3","2","N","1058","1","3","0","0","0","0","0","2","0","3","03","03","N","","","","","","","","","","",""
"2022081287","2233","1","0","0","0","0","0","0","0","0","5","0","","67","09","2022","1","40.0258","-75.1758","2233","06","0","0","0","0","0","1","0","0","","0","0","0","22","3","0","00","N","0","40 01:32.930","","00","75 10:32.930","0","0","0","0","67301","0","0","0","N","0","0","0","1","67301","0","","6","01","","N","N","N","1","","0","0","0","0","0","","2230","0","2","0","0","0","0","0","2","0","2","03","","N","","","","","","","","","","",""
"2022083558","1920","1","0","0","0","0","0","0","0","0","4","0","","67","09","2022","2","39.9705","-75.2342","1916","06","0","0","0","0","0","1","0","0","","0","0","0","19","1","3","01","","2","39 58:13.825","7","00","75 14:03.137","8","0","0","0","67301","0","0","0","N","0","0","0","3","67301","0","","1","01","2044","N","N","N","0","","0","0","1","3","2","Y","1915","3","2","0","0","2","3","0","2","0","2","03","","N","","","","","","","","","","",""
"2022083621","1711","2","0","0","0","0","0","0","0","0","4","0","","67","09","2022","6","39.9686","-75.2021","1710","06","0","0","0","0","0","0","0","0","","0","0","0","17","1","0","01","","0","39 58:06.801","","00","75 12:07.678","9","0","0","0","67301","0","0","0","N","0","0","0","3","67301","0","","1","01","","N","N","N","0","","0","0","0","3","3","","1705","0","2","0","0","0","0","1","2","0","2","03","03","N","","","","","","","","","","",""
"2022083639","2310","0","0","0","0","0","0","0","0","0","4","0","","67","09","2022","7","39.9764","-75.1197","2301","06","0","0","0","0","0","0","0","0","","0","0","0","22","3","0","01","","0","39 58:34.901","","00","75 07:11.326","0","0","0","0","67301","0","0","0","N","0","0","0","2","67301","0","","1","01","","N","N","N","0","","0","0","2","3","2","","2249","0","2","0","0","0","0","0","2","0","2","03","03","N","","","","","","","","","","",""
"2022081301","1210","1","0","0","0","0","0","0","0","0","1","0","","67","09","2022","6","40.0826","-75.0318","1208","06","0","0","0","0","0","0","0","0","","0","0","0","00","2","1","00","Y","0","40 04:57.528","","00","75 01:54.580","4","0","0","0","67301","0","0","0","N","0","0","0","3","67301","1","","1","01","","N","N","N","0","","0","0","0","3","2","","0005","1","2","0","0","1","0","0","2","1","2","03","","N","","","","","","","","","","",""
"2022080290","1135","2","0","0","0","0","0","0","0","0","5","0","","67","08","2022","3","39.9479","-75.207","1135","06","0","0","0","0","0","0","0","0","","0","0","0","09","1","0","00","N","0","39 56:52.290","","00","75 12:25.340","0","0","0","0","67301","0","0","0","N","0","0","0","3","67301","0","","1","01","","N","N","N","0","","0","0","0","0","0","","0935","0","2","0","0","0","0","0","2","0","2","03","03","N","","","","","","","","","","",""
"2022080289","0730","0","0","0","0","0","0","0","0","0","5","0","","67","08","2022","3","39.9518","-75.2266","0730","06","0","0","0","0","0","0","0","0","","0","0","0","07","1","0","00","N","1","39 57:06.577","1","00","75 13:35.655","0","0","0","0","67301","0","0","0","N","0","0","0","2","67301","0","","6","01","0845","N","N","N","0","","0","0","2","0","0","N","0728","0","2","0","0","0","0","0","2","0","2","03","03","N","","","","","","","","","","",""
"2022094157","1335","2","0","0","0","0","0","0","0","0","4","0","","67","10","2022","5","39.977","-75.156","1330","06","0","0","0","0","0","0","0","0","","0","0","0","18","4","1","01","","0","39 58:37.164","","00","75 09:21.596","3","0","0","0","67301","0","0","0","N","0","0","0","2","67301","0","","1","99","","N","N","N","0","","1","0","0","3","2","","1830","1","2","0","0","0","0","0","2","0","2","03","03","N","","","","","","","","","","",""
"2022095012","1452","1","0","0","0","0","0","0","0","0","8","0","","67","10","2022","5","39.9204","-75.2329","1452","06","0","0","0","0","0","0","0","0","","0","0","0","14","1","1","01","","0","39 55:13.451","","00","75 13:58.387","3","0","0","0","67301","1","0","0","N","1","0","0","1","67301","0","","4","09","","N","N","N","0","","1","0","0","3","2","","1447","1","2","0","0","0","0","0","2","0","1","07","07","N","","","","","","","","","","",""
"2022092141","1249","1","0","0","0","0","0","0","0","0","8","0","","67","09","2022","6","39.9985","-75.1293","1249","06","0","0","0","0","0","0","0","0","","0","0","0","20","3","1","01","","0","39 59:54.633","","00","75 07:45.412","2","0","0","0","67301","1","0","1","N","1","0","1","2","67301","0","","1","01","","N","N","Y","0","","0","1","0","3","2","","2030","1","2","0","0","0","0","1","2","0","1","03","","N","","","","","","","","","","",""
"2022096298","0532","1","0","0","0","0","0","0","0","0","7","0","","67","10","2022","2","39.9974","-75.1964","0523","06","0","0","0","0","1","0","0","0","","0","0","0","05","3","1","00","N","1","39 59:50.628","3","00","75 11:46.937","3","0","0","0","67301","0","0","0","N","0","0","0","1","68K01","0","","4","01","0550","N","N","N","0","","1","0","0","0","0","N","0513","1","1","0","0","0","0","0","2","0","1","03","","N","","","","","","","","","","",""
"2022093636","0333","1","0","0","0","0","0","0","0","0","1","0","","67","10","2022","1","39.957","-75.1524","0326","06","0","0","1","0","0","0","0","0","","0","0","0","03","3","0","00","N","2","39 57:25.337","3","00","75 09:08.526","9","0","0","0","67301","0","0","0","N","0","0","0","5","68K01","0","","1","01","0435","N","N","N","0","","0","0","1","0","0","N","0321","0","2","0","0","0","0","1","2","0","2","03","03","N","","","","","","","","","","",""
"2022093417","0353","0","0","0","0","0","0","0","0","0","4","0","","67","10","2022","1","40.0241","-75.1332","0350","06","0","0","0","0","0","0","0","0","","0","0","0","03","3","1","02","","2","40 01:26.931","3","00","75 07:59.528","3","0","0","0","67301","0","0","0","N","0","0","0","2","67301","0","","1","01","0415","N","N","N","0","","1","0","1","3","2","Y","0349","1","2","0","0","0","0","0","2","0","2","03","03","N","","","","","","","","","","",""
"2022083593","0915","1","0","0","0","0","0","0","0","0","1","0","","67","09","2022","5","39.9581","-75.1505","0910","06","0","0","0","0","0","0","0","0","","0","0","0","09","1","1","01","","0","39 57:29.275","","00","75 09:01.648","3","0","0","0","67301","0","0","0","N","0","0","0","3","67301","0","","1","01","","N","N","N","0","","1","0","0","3","2","","0905","1","2","0","0","0","0","0","2","1","2","04","04","N","","","","","","","","","","",""
"2022094289","0103","0","0","0","0","0","0","1","0","0","1","1","","67","10","2022","6","40.0186","-75.1831","0020","06","0","0","0","0","0","0","0","0","","0","0","0","00","3","2","01","","0","40 01:06.988","","00","75 10:59.131","8","0","0","0","67301","0","0","0","N","0","0","0","2","67508","0","","1","01","","N","N","N","0","","0","0","1","3","3","","0020","2","2","0","0","1","2","0","2","0","2","03","03","N","","","","","","","","","","",""
"2022096716","1840","1","0","0","0","0","0","0","0","0","8","0","","67","10","2022","1","39.9054","-75.1735","1837","06","0","0","0","0","0","0","0","0","","0","0","0","18","3","1","02","","0","39 54:19.500","","07","75 10:24.761","3","0","0","0","67301","1","0","0","N","1","0","0","4","67301","0","","1","01","","N","N","N","0","","1","0","0","3","7","","1837","1","2","0","0","0","0","0","2","0","1","03","03","N","","","","","","","","","","",""
"2022097441","0019","1","0","0","0","0","0","0","0","0","1","0","","67","07","2022","4","40.0084","-75.211","0019","06","0","0","0","0","0","0","0","0","","0","0","0","23","3","0","00","Y","0","40 00:30.203","","00","75 12:39.649","0","0","0","0","67301","0","0","0","N","0","0","0","2","67301","0","","1","01","","N","N","N","1","","0","0","0","3","2","","2345","0","2","0","0","0","0","0","2","0","2","03","03","N","","","","","","","","","","",""
"2022095011","1107","0","0","0","0","0","0","0","0","0","6","1","","67","10","2022","5","39.9181","-75.2099","1103","06","0","0","0","0","0","1","0","0","","0","1","0","11","1","0","00","N","0","39 55:05.177","","00","75 12:35.729","9","0","0","0","67301","0","0","0","N","0","0","0","2","67301","0","","1","09","","N","N","N","0","","0","0","1","0","0","","1101","0","2","0","0","0","0","1","2","0","2","07","07","N","","","","","","","","","","",""
"2022096753","0145","0","0","0","0","0","0","0","0","0","5","0","","67","08","2022","2","40.0102","-75.0981","0114","06","0","0","0","0","0","0","0","0","","0","0","0","01","6","1","01","","0","40 00:36.863","","00","75 05:53.112","8","0","0","1","67301","0","0","0","N","0","0","0","2","67301","0","","1","01","","N","N","N","0","","0","0","1","3","2","","0110","1","2","0","0","0","1","0","2","0","2","99","03","N","","","","","","","","","","",""
"2022084300","2022","2","0","0","0","0","0","0","0","0","1","0","","67","09","2022","2","40.0584","-75.0785","2022","06","0","0","0","1","0","1","0","0","","0","0","0","20","3","1","00","Y","1","40 03:30.234","4","00","75 04:42.673","8","0","0","0","67301","0","0","0","N","0","0","0","5","67301","0","","1","01","2200","N","N","N","0","","0","0","1","3","2","N","2015","1","3","0","0","0","1","0","2","0","3","03","03","N","","","","","","","","","","",""
"2022093469","1627","0","0","0","1","0","0","1","0","0","8","1","","67","09","2022","2","39.9511","-75.1785","1622","06","0","0","0","0","0","1","0","0","","0","0","0","16","1","1","01","","0","39 57:04.026","","00","75 10:42.601","3","0","0","0","67301","1","0","0","N","0","0","0","2","67508","0","","1","01","","N","N","N","0","","1","0","0","3","2","N","1620","1","2","0","0","0","0","0","2","0","1","03","03","N","","","","","","","","","","",""
"2022093598","1157","0","0","0","0","0","0","0","0","0","1","1","","67","10","2022","3","40.0032","-75.0776","1157","06","0","0","0","0","0","0","0","0","","0","1","0","11","1","1","00","N","1","40 00:11.616","2","03","75 04:39.497","8","0","0","0","67301","0","0","0","N","0","0","0","2","68K01","0","","1","09","1222","N","N","N","0","","0","0","1","0","0","N","1140","1","2","0","0","1","1","0","2","0","2","07","","N","","","","","","","","","","",""
"2022080473","2020","2","0","0","0","0","0","0","0","0","5","0","","67","08","2022","3","39.9429","-75.1722","2006","06","0","0","0","0","0","0","0","0","","0","0","0","19","3","0","00","N","0","39 56:34.510","","00","75 10:20.040","0","0","0","0","67301","0","0","0","N","0","0","0","1","67301","0","","6","09","","N","N","N","0","","0","0","0","0","0","","1927","0","2","0","0","0","0","0","2","0","2","07","04","N","","","","","","","","","","",""
"2022083645","1138","0","0","0","0","0","0","0","0","0","8","0","","67","09","2022","7","39.9828","-75.1422","1138","06","0","0","0","0","0","0","0","0","","0","0","0","13","1","1","01","","0","39 58:58.231","","00","75 08:31.970","3","0","0","0","67301","1","0","0","N","1","0","0","2","67301","0","","1","99","","N","N","N","0","","1","0","0","3","2","","1300","1","2","0","0","0","0","0","2","0","1","99","98","N","","","","","","","","","","",""
"2022096786","0920","0","0","0","0","0","0","1","0","0","5","1","","67","10","2022","4","40.0595","-75.1382","0852","06","0","0","0","0","0","1","0","0","","0","0","0","08","1","4","02","","0","40 03:34.091","","00","75 08:17.465","3","0","0","0","67301","0","0","0","N","0","0","0","6","67508","3","","1","01","","N","N","Y","0","","1","0","1","0","0","","0852","4","2","0","0","0","0","0","2","0","2","03","03","N","","","","","","","","","","",""
"2022097448","2030","2","0","0","0","0","0","0","0","0","2","0","","67","10","2022","6","39.9935","-75.2266","2028","06","0","0","0","0","0","0","0","0","","0","0","0","20","3","1","00","N","0","39 59:36.740","","00","75 13:35.650","8","0","0","0","67301","0","0","0","N","0","0","0","1","67301","0","","6","01","","N","N","N","0","","0","0","0","0","0","","2000","1","2","0","0","0","1","0","2","0","2","03","03","N","","","","","","","","","","",""
"2022095045","1010","0","0","0","0","0","0","0","0","0","4","1","","67","10","2022","6","39.9858","-75.1563","1005","06","0","0","0","0","0","1","0","0","","0","1","0","10","1","1","00","N","1","39 59:08.788","1","07","75 09:22.518","8","0","0","0","67301","0","0","0","N","0","0","0","3","67505","0","","1","01","1030","N","N","N","0","","0","0","1","0","0","N","1000","1","2","0","0","0","1","0","2","0","2","03","03","N","","","","","","","","","","",""
"2022094127","0034","2","0","0","0","0","0","0","0","0","5","0","","67","10","2022","1","39.9929","-75.0851","0026","06","0","0","0","0","1","0","0","0","","0","0","0","00","3","1","00","N","1","39 59:34.443","1","00","75 05:06.239","3","0","0","0","67301","0","0","0","N","0","0","0","3","68K01","0","","1","01","0100","N","N","N","0","","1","0","0","0","0","N","0014","1","2","0","0","0","0","1","2","0","2","03","03","N","","","","","","","","","","",""
"2022094031","1639","0","0","0","0","0","0","0","0","0","1","0","","67","08","2022","3","40.0078","-75.2013","1627","06","0","0","0","0","0","0","0","0","","0","0","0","16","1","1","00","N","1","40 00:28.182","4","00","75 12:04.541","3","0","0","0","67301","0","0","0","N","0","0","0","3","68K01","0","","1","01","1645","N","N","N","0","","1","0","0","0","0","N","1624","1","2","0","0","0","0","0","2","2","2","03","","N","","","","","","","","","","",""
"2022080272","2036","0","0","0","0","0","0","0","0","0","8","0","","67","08","2022","4","40.114","-75.0247","2030","06","0","0","0","0","0","0","0","1","","0","0","0","20","3","1","02","","0","40 06:50.274","","00","75 01:28.927","3","0","0","0","67301","1","0","0","N","1","0","0","2","67301","0","","1","01","","N","N","N","0","","1","0","0","3","3","","2015","1","2","0","0","0","0","0","2","1","1","03","","N","","","","","","","","","","",""
"2022081433","1337","0","0","0","1","0","0","0","0","0","8","0","","67","08","2022","4","40.0321","-75.1461","1337","06","0","0","0","0","0","1","0","0","","0","0","0","13","1","1","01","","0","40 01:55.692","","00","75 08:46.089","3","0","0","0","67301","1","0","0","N","0","0","0","2","67301","0","","1","01","","N","N","N","0","","1","0","1","3","2","","1336","1","2","0","0","0","0","0","2","0","1","03","03","N","","","","","","","","","","",""
"2022093361","0115","3","0","1","0","0","0","0","0","0","1","0","","67","08","2022","1","40.0058","-75.0751","0102","06","0","0","0","0","0","2","0","0","","0","0","0","00","2","1","00","N","2","40 00:21.057","2","00","75 04:30.212","2","0","0","0","67301","0","0","0","N","0","0","0","4","68K01","0","","1","01","0400","N","N","N","0","","0","1","1","0","0","Y","0053","1","4","0","0","0","0","0","2","0","4","03","03","N","","","","","","","","","","",""
"2022087022","1540","1","0","0","0","0","0","1","0","0","4","1","","67","09","2022","6","39.9619","-75.2407","1525","06","0","0","0","0","0","1","0","0","","0","0","0","15","1","1","01","","0","39 57:43.192","","01","75 14:26.610","4","0","0","0","67301","0","0","0","N","0","0","0","2","67508","1","","1","01","","N","N","Y","0","","0","0","0","3","2","","1525","1","2","0","0","0","0","0","2","0","2","03","03","N","","","","","","","","","","",""