"CRN","ARRIVAL_TM","AUTOMOBILE_COUNT","BELTED_DEATH_COUNT","BELTED_SUSP_SERIOUS_INJ_COUNT","BICYCLE_COUNT","BICYCLE_DEATH_COUNT","BICYCLE_SUSP_SERIOUS_INJ_COUNT","BUS_COUNT","CHLDPAS_DEATH_COUNT","CHLDPAS_SUSP_SERIOUS_INJ_COUNT","COLLISION_TYPE","COMM_VEH_COUNT","CONS_ZONE_SPD_LIM","COUNTY","CRASH_MONTH","CRASH_YEAR","DAY_OF_WEEK","DEC_LAT","DEC_LONG","DISPATCH_TM","DISTRICT","DRIVER_COUNT_16YR","DRIVER_COUNT_17YR","DRIVER_COUNT_18YR","DRIVER_COUNT_19YR","DRIVER_COUNT_20YR","DRIVER_COUNT_50_64YR","DRIVER_COUNT_65_74YR","DRIVER_COUNT_75PLUS","EST_HRS_CLOSED","FATAL_COUNT","HEAVY_TRUCK_COUNT","HORSE_BUGGY_COUNT","HOUR_OF_DAY","ILLUMINATION","INJURY_COUNT","INTERSECT_TYPE","INTERSECTION_RELATED","LANE_CLOSED","LATITUDE","LN_CLOSE_DIR","LOCATION_TYPE","LONGITUDE","MAX_SEVERITY_LEVEL","MCYCLE_DEATH_COUNT","MCYCLE_SUSP_SERIOUS_INJ_COUNT","MOTORCYCLE_COUNT","MUNICIPALITY","NONMOTR_COUNT","NONMOTR_DEATH_COUNT","NONMOTR_SUSP_SERIOUS_INJ_COUNT","NTFY_HIWY_MAINT","PED_COUNT","PED_DEATH_COUNT","PED_SUSP_SERIOUS_INJ_COUNT","PERSON_COUNT","POLICE_AGCY","POSSIBLE_INJ_COUNT","RDWY_SURF_TYPE_CD","RELATION_TO_ROAD","ROAD_CONDITION","ROADWAY_CLEARED","SCH_BUS_IND","SCH_ZONE_IND","SECONDARY_CRASH","SMALL_TRUCK_COUNT","SPEC_JURIS_CD","SUSP_MINOR_INJ_COUNT","SUSP_SERIOUS_INJ_COUNT","SUV_COUNT","TCD_FUNC_CD","TCD_TYPE","TFC_DETOUR_IND","TIME_OF_DAY","TOT_INJ_COUNT","TOTAL_UNITS","UNB_DEATH_COUNT","UNB_SUSP_SERIOUS_INJ_COUNT","UNBELTED_OCC_COUNT","UNK_INJ_DEG_COUNT","UNK_INJ_PER_COUNT","URBAN_RURAL","VAN_COUNT","VEHICLE_COUNT","WEATHER1","WEATHER2","WORK_ZONE_IND","WORK_ZONE_LOC","WORK_ZONE_TYPE","WORKERS_PRES","WZ_CLOSE_DETOUR","WZ_FLAGGER","WZ_LAW_OFFCR_IND","WZ_LN_CLOSURE","WZ_MOVING","WZ_OTHER","WZ_SHLDER_MDN","WZ_WORKERS_INJ_KILLED"
"2022091580","1506","1","0","0","0","0","0","0","0","0","1","0","","67","09","2022","7","40.0495","-74.9957","1500","06","0","0","0","0","1","0","0","0","","0","0","0","14","1","2","00","N","0","40 02:58.334","","00","74 59:44.689","4","0","0","0","67301","0","0","0","N","0","0","0","4","68K01","2","","1","01","","N","N","N","0","","0","0","1","0","0","","1453","2","2","0","0","2","0","0","2","0","2","03","","N","","","","","","","","","","",""
"2022092112","0641","0","0","0","0","0","0","0","0","0","7","0","","67","10","2022","2","40.0311","-75.0217","0620","06","0","0","0","0","0","0","0","0","","0","0","0","05","3","0","00","N","0","40 01:51.974","","00","75 01:18.158","0","0","0","0","67301","0","0","0","N","0","0","0","1","68K01","0","","2","09","","N","N","N","1","","0","0","0","0","0","","0548","0","1","0","0","0","0","0","2","0","1","07","","N","","","","","","","","","","",""
"2022077266","0232","1","0","0","0","0","0","0","0","0","7","0","","67","08","2022","2","40.0175","-75.2022","0222","06","0","0","0","0","0","0","0","0","","0","0","0","02","3","0","00","N","0","40 01:03.010","","00","75 12:07.790","0","0","0","0","67301","0","0","0","N","0","0","0","1","67301","0","","3","09","","N","N","N","0","","0","0","0","0","0","","0218","0","1","0","0","0","0","0","2","0","1","07","03","N","","","","","","","","","","",""
"2022092102","0307","1","0","0","0","0","0","0","0","0","7","0","","67","10","2022","1","40.0301","-75.0221","0256","06","0","0","0","0","0","0","0","0","","0","0","0","02","3","1","00","N","1","40 01:48.399","2","00","75 01:19.738","3","0","0","0","67301","0","0","0","N","0","0","0","1","68K01","0","","4","09","0316","N","N","N","0","","1","0","0","0","0","N","0252","1","1","0","0","0","0","0","2","0","1","07","","N","","","","","","","","","","",""
"2022077971","1642","2","0","0","0","0","0","0","0","0","1","0","","67","08","2022","5","40.0256","-75.1254","1642","06","0","0","0","0","0","0","0","0","","0","0","0","16","1","1","01","","1","40 01:32.303","2","00","75 07:31.314","3","0","0","0","67301","0","0","0","N","0","0","0","2","67301","0","","1","01","1655","N","N","N","0","","1","0","0","3","2","Y","1642","1","2","0","0","0","0","0","2","0","2","03","03","N","","","","","","","","","","",""
"2022091276","1544","1","0","0","0","0","0","0","0","0","1","0","","67","09","2022","5","39.9588","-75.1689","1529","06","0","0","0","0","0","0","0","0","","0","0","0","14","1","0","00","N","1","39 57:31.547","4","00","75 10:07.994","0","0","0","0","67301","0","0","0","N","0","0","0","2","68K01","0","","1","01","1529","N","N","N","0","","0","0","0","0","0","N","1416","0","2","0","0","0","0","0","2","1","2","03","03","N","","","","","","","","","","",""
"2022078936","0105","2","0","0","0","0","0","0","0","0","4","0","","67","08","2022","1","39.9387","-75.2243","0105","06","0","0","0","0","0","0","0","0","","0","0","0","23","3","3","01","","0","39 56:19.388","","00","75 13:27.483","3","0","0","0","67301","0","0","0","N","0","0","0","3","67301","0","","1","01","","N","N","N","0","","3","0","0","3","2","","2330","3","2","0","0","0","0","0","2","0","2","03","03","N","","","","","","","","","","",""
"2022072917","0335","1","0","0","0","0","0","0","0","0","5","0","","67","07","2022","5","39.8904","-75.2205","0322","06","0","0","0","0","0","1","0","0","","0","0","0","03","3","0","00","N","0","39 53:25.469","","00","75 13:13.750","9","0","0","0","67301","0","0","0","N","0","0","0","2","68K01","0","","1","01","","N","N","N","0","","0","0","1","0","0","","0311","0","2","0","0","0","0","1","2","0","2","03","03","N","","","","","","","","","","",""
"2022060047","1035","1","0","0","0","0","0","0","0","0","4","0","","67","06","2022","5","40.0228","-75.0479","1035","06","0","0","0","0","0","0","0","0","","0","0","0","10","1","0","01","","0","40 01:22.040","","00","75 02:52.558","0","0","0","0","67301","0","0","0","N","0","0","0","2","67301","0","","1","09","","N","N","N","0","","0","0","1","3","3","","1005","0","2","0","0","0","0","0","2","0","2","07","07","N","","","","","","","","","","",""
"2022072611","0543","2","0","0","0","0","0","0","0","0","1","0","","67","07","2022","7","40.0062","-75.099","0534","06","0","0","0","0","0","0","0","0","","0","0","0","05","5","1","00","N","0","40 00:22.317","","00","75 05:56.229","2","0","0","0","67301","1","0","1","N","1","0","1","3","67301","0","","1","01","","N","N","N","0","","0","1","0","0","0","","0530","1","3","0","0","1","0","1","2","0","2","03","03","N","","","","","","","","","","",""
"2022060069","2200","3","0","0","0","0","0","0","0","0","5","0","","67","06","2022","6","39.978","-75.1811","2145","06","0","0","0","0","0","1","0","0","","0","0","0","21","3","1","00","N","2","39 58:40.890","2","00","75 10:51.780","4","0","0","0","67301","0","0","0","N","0","0","0","1","67301","1","","6","01","2215","N","N","N","0","","0","0","2","0","0","Y","2139","1","5","0","0","0","0","0","2","0","5","03","03","N","","","","","","","","","","",""
"2022072586","2103","1","0","0","0","0","0","0","0","0","4","0","","67","08","2022","2","40.0431","-75.0554","2059","06","0","0","0","0","0","0","0","0","","1","0","0","20","3","0","00","N","2","40 02:35.015","1","00","75 03:19.560","1","1","0","1","67301","0","0","0","N","0","0","0","2","67301","0","2","1","01","2359","N","N","N","0","0","0","0","0","3","2","Y","2056","0","2","0","0","0","0","0","2","0","2","03","03","N","","","","","","","","","","",""
"2022085448","0805","1","0","0","0","0","0","0","0","0","2","0","","67","09","2022","7","40.07","-75.1572","0737","06","0","0","0","0","0","1","0","0","","0","0","0","07","1","1","01","","0","40 04:11.899","","00","75 09:25.794","8","0","0","0","67301","0","0","0","N","0","0","0","2","67301","0","","1","01","","N","N","N","0","","0","0","0","3","2","","0720","1","2","0","0","0","1","1","2","0","2","03","03","N","","","","","","","","","","",""
"2022086911","0643","1","0","0","0","0","0","0","0","0","1","0","","67","09","2022","4","40.0232","-75.0356","0643","06","0","0","0","0","0","1","0","0","","0","0","0","06","1","0","00","N","0","40 01:23.448","","00","75 02:08.016","0","0","0","0","67301","0","0","0","N","0","0","0","2","68K01","0","","1","01","","N","N","N","1","","0","0","0","0","0","","0622","0","2","0","0","0","0","0","2","0","2","03","","N","","","","","","","","","","",""
"2022086889","2225","0","0","0","0","0","0","0","0","0","8","0","","67","09","2022","3","40.0713","-75.1615","2223","06","0","0","0","0","0","0","0","0","","0","0","0","22","3","1","00","N","0","40 04:16.521","","00","75 09:41.230","8","0","0","0","67301","1","0","0","N","1","0","0","1","67301","0","","1","01","","N","N","N","0","","0","0","0","0","0","","2216","1","2","0","0","0","1","0","2","0","1","03","","N","","","","","","","","","","",""
"2022075758","1926","0","0","0","0","0","0","0","0","0","8","0","","67","08","2022","2","39.9296","-75.2212","1925","06","0","0","0","0","0","1","0","0","","0","0","0","19","1","1","00","N","0","39 55:46.490","","00","75 13:16.410","8","0","0","0","67301","1","0","0","N","1","0","0","2","67301","0","","1","01","","N","N","N","0","","0","0","1","0","0","","1924","1","2","0","0","0","1","0","2","0","1","03","03","N","","","","","","","","","","",""
"2022061024","1737","2","0","0","0","0","0","0","0","0","1","0","","67","06","2022","7","40.0252","-75.0293","1730","06","0","0","0","0","0","0","0","0","","0","0","0","17","1","0","00","N","1","40 01:30.894","2","00","75 01:45.347","0","0","0","0","67301","0","0","0","N","0","0","0","2","68K01","0","","1","01","1806","N","N","N","0","","0","0","0","0","0","N","1728","0","2","0","0","0","0","0","2","0","2","03","","N","","","","","","","","","","",""
"2022060785","2240","1","0","0","0","0","0","0","0","0","4","0","","67","06","2022","6","39.9643","-75.2132","2230","06","0","0","0","0","1","0","0","0","","0","0","0","22","3","0","01","","0","39 57:51.591","","00","75 12:47.602","0","0","0","0","67301","0","0","0","N","0","0","0","4","67301","0","","1","01","","N","N","N","0","","0","0","1","3","2","","2225","0","2","0","0","0","0","0","2","0","2","03","03","N","","","","","","","","","","",""
"2022073521","2331","1","0","0","0","0","0","0","0","0","2","0","","67","08","2022","6","39.9909","-75.1553","2330","06","0","0","0","0","0","0","0","0","","0","0","0","21","3","1","01","","9","39 59:27.145","","00","75 09:19.010","8","0","0","0","67301","0","0","0","N","0","0","0","2","67301","0","","1","99","","N","N","N","0","","0","0","1","9","2","","2120","1","2","0","0","0","1","1","2","0","2","99","","N","","","","","","","","","","",""
"2022061400","1000","1","0","0","0","0","0","0","0","0","1","0","","67","07","2022","6","39.9935","-75.1872","0954","06","0","0","0","0","0","0","0","0","","0","0","0","09","1","1","03","","0","39 59:36.653","","00","75 11:13.941","3","0","0","0","67301","0","0","0","N","0","0","0","2","67301","0","","1","01","","N","N","N","0","","1","0","0","3","3","","0930","1","2","0","0","0","0","1","2","0","2","03","03","N","","","","","","","","","","",""
"2022073701","1508","1","0","0","0","0","0","0","0","0","4","0","","67","08","2022","5","40.0808","-75.0286","1450","06","0","0","0","0","1","1","0","0","","0","0","0","14","1","1","01","","2","40 04:50.725","1","00","75 01:42.964","2","0","0","0","67301","0","0","0","N","0","0","0","3","67301","0","","1","01","1515","N","N","N","0","","0","1","1","3","2","N","1405","1","2","0","0","0","0","0","2","0","2","03","03","N","","","","","","","","","","",""
"2022060552","1505","0","0","0","0","0","0","0","0","0","4","0","","67","06","2022","4","39.905","-75.1703","1501","06","0","0","0","0","0","0","0","0","","0","0","0","14","1","2","00","N","1","39 54:18.030","4","00","75 10:13.070","3","0","0","0","67301","0","0","0","N","0","0","0","4","67301","0","","1","01","1600","N","N","N","0","","2","0","2","0","0","N","1459","2","2","0","0","0","0","0","2","0","2","03","03","N","","","","","","","","","","",""
"2022072217","1110","2","0","0","0","0","0","0","0","0","4","0","","67","08","2022","4","40.059","-75.0441","1056","06","0","0","0","0","1","0","0","0","","0","0","0","10","1","1","01","","2","40 03:32.389","1","00","75 02:38.685","3","0","0","0","67301","0","0","0","N","0","0","0","2","67301","0","","1","01","1120","N","N","N","0","","1","0","0","3","2","Y","1045","1","2","0","0","0","0","0","2","0","2","03","03","N","","","","","","","","","","",""
"2022061315","1705","1","0","0","0","0","0","0","0","0","4","0","","67","06","2022","2","40.0845","-75.0384","1700","06","0","0","0","0","0","0","0","0","","0","0","0","16","1","1","01","","1","40 05:04.029","1","00","75 02:18.148","3","0","0","0","67301","0","0","0","N","0","0","0","2","67301","0","","1","09","1600","N","N","N","0","","1","0","1","3","2","N","1630","1","2","0","0","1","0","0","2","0","2","07","","N","","","","","","","","","","",""
"2022060022","0805","0","0","0","0","0","0","0","0","0","4","0","","67","06","2022","6","40.0573","-75.0142","0757","06","0","0","0","0","0","0","0","0","","0","0","0","07","1","0","00","N","0","40 03:26.101","","07","75 00:51.097","9","0","0","0","67301","0","0","0","N","0","0","0","2","67301","0","","1","01","","N","N","N","0","","0","0","1","0","0","","0750","0","2","0","0","0","0","1","2","1","2","04","04","N","","","","","","","","","","",""
"2022072256","0540","2","0","0","0","0","0","0","0","0","4","0","","67","08","2022","4","39.9497","-75.227","0539","06","0","0","0","0","0","0","0","0","","0","0","0","05","1","0","01","","0","39 56:58.861","","00","75 13:37.260","0","0","0","0","67301","0","0","0","N","0","0","0","2","67301","0","","1","01","","N","N","N","0","","0","0","0","0","0","","0539","0","2","0","0","0","0","0","2","0","2","03","03","N","","","","","","","","","","",""
"2022085582","1015","2","0","0","0","0","0","0","0","0","1","0","","67","09","2022","5","40.0837","-75.026","1004","06","0","0","0","0","0","0","0","0","","0","0","0","10","1","1","00","N","0","40 05:01.448","","00","75 01:33.570","3","0","0","0","67301","0","0","0","N","0","0","0","3","67301","0","","1","01","","N","N","N","0","","1","0","0","3","2","","1002","1","2","0","0","0","0","0","2","0","2","03","03","N","","","","","","","","","","",""
"2022075801","1331","1","0","0","0","0","0","0","0","0","1","0","","67","08","2022","3","39.9715","-75.1234","1331","06","0","0","0","0","0","2","0","0","","0","0","0","13","1","0","00","N","0","39 58:17.323","","01","75 07:24.178","0","0","0","0","67301","0","0","0","N","0","0","0","2","67301","0","","1","01","","N","N","N","0","","0","0","1","0","0","","1331","0","2","0","0","2","0","0","2","0","2","03","","N","","","","","","","","","","",""
"2022077362","1759","0","0","0","0","0","0","0","0","0","4","0","","67","08","2022","3","40.064","-75.0596","1755","06","0","0","0","0","0","1","0","0","","0","0","0","17","1","0","01","","0","40 03:50.306","","00","75 03:34.568","0","0","0","0","67301","0","0","0","N","0","0","0","3","67301","0","","1","01","","N","N","N","1","","0","0","2","3","3","","1732","0","3","0","0","0","0","0","2","0","3","03","03","N","","","","","","","","","","",""
"2022091863","0225","0","0","0","0","0","0","0","0","0","8","0","","67","10","2022","7","40.0212","-75.0543","0220","06","0","0","0","0","0","0","0","0","","1","0","0","02","3","0","00","N","0","40 01:16.326","","00","75 03:15.564","1","0","0","0","67301","1","1","0","N","1","1","0","2","67301","0","2","1","09","","N","N","N","0","0","0","0","1","0","0","","0200","0","2","0","0","0","0","1","2","0","1","07","07","N","","","","","","","","","","",""
"2022076890","1930","0","0","0","0","0","0","0","0","0","4","0","","67","08","2022","2","40.0517","-75.194","1930","06","0","0","0","0","0","0","0","1","","0","0","0","18","1","1","02","","0","40 03:06.120","","00","75 11:38.513","3","0","0","0","67301","0","0","0","N","0","0","0","2","67301","0","","1","01","","N","N","N","0","","1","0","1","3","2","","1800","1","2","0","0","0","0","0","2","1","2","03","","N","","","","","","","","","","",""
"2022090212","0938","0","0","0","0","0","0","0","0","0","5","1","","67","09","2022","4","40.0564","-75.0262","0918","06","0","0","0","0","0","1","0","0","","0","1","0","09","1","0","00","N","2","40 03:22.959","3","00","75 01:34.471","0","0","0","0","67301","0","0","0","N","0","0","0","3","67301","0","","1","01","1030","N","N","N","0","","0","0","0","0","0","Y","0906","0","3","0","0","0","0","0","2","2","3","03","03","N","","","","","","","","","","",""
"2022090864","0506","1","0","0","0","0","0","0","0","0","7","0","","67","10","2022","7","39.9672","-75.1329","0458","06","0","0","0","0","0","0","0","0","","0","0","0","04","3","0","00","N","0","39 58:01.763","","00","75 07:58.281","0","0","0","0","67301","0","0","0","N","0","0","0","1","68K01","0","","4","09","","N","N","N","0","","0","0","0","0","0","","0458","0","1","0","0","0","0","0","2","0","1","07","","N","","","","","","","","","","",""
"2022078523","1128","1","0","0","0","0","0","0","0","0","4","0","","67","08","2022","6","40.0019","-75.1401","1128","06","0","0","0","0","0","1","0","0","","0","0","0","11","1","1","01","","0","40 00:06.983","","00","75 08:24.269","3","0","0","1","67301","0","0","0","N","0","0","0","2","67301","0","","1","01","","N","N","N","0","","1","0","0","3","3","","1120","1","2","0","0","1","0","0","2","0","2","03","04","N","","","","","","","","","","",""
"2022060370","0238","1","0","0","0","0","0","0","0","0","5","0","","67","06","2022","4","39.9479","-75.1425","0234","06","0","0","0","0","0","0","0","0","","0","0","0","02","3","1","00","N","1","39 56:52.370","1","00","75 08:33.100","3","0","0","0","67301","0","0","0","N","0","0","0","1","67301","0","","6","01","0339","N","N","N","0","","1","0","1","0","0","N","0233","1","2","0","0","0","0","0","2","0","2","03","03","N","","","","","","","","","","",""
"2022073238","1752","1","0","0","0","0","0","0","0","0","7","0","","67","08","2022","6","39.8769","-75.2542","1752","06","0","0","0","0","0","0","0","0","","0","0","0","17","1","0","00","N","0","39 52:36.854","","00","75 15:15.033","0","0","0","0","67301","0","0","0","N","0","0","0","1","68K01","0","","1","01","","N","N","Y","0","","0","0","0","0","0","","1735","0","1","0","0","0","0","0","2","0","1","03","03","N","","","","","","","","","","",""
"2022058746","1336","3","0","0","0","0","0","0","0","0","1","0","","67","06","2022","6","39.908","-75.1453","1334","06","0","0","0","1","0","0","0","0","","0","0","0","13","1","1","00","N","2","39 54:28.900","4","03","75 08:43.100","3","0","0","0","67301","0","0","0","N","0","0","0","5","67501","0","","1","01","1409","N","N","N","0","","1","0","0","3","8","N","1334","1","3","0","0","0","0","0","2","0","3","03","03","N","","","","","","","","","","",""
"2022060004","0103","0","0","0","1","0","0","0","0","0","8","0","","67","06","2022","6","39.9355","-75.1554","0103","06","0","0","0","0","0","0","0","0","","0","0","0","01","3","1","01","","0","39 56:07.979","","00","75 09:19.392","3","0","0","1","67301","1","0","0","N","0","0","0","2","67301","0","","1","01","","N","N","N","0","","1","0","0","3","2","","0103","1","2","0","0","0","0","0","2","0","1","03","03","N","","","","","","","","","","",""
"2022060336","1635","0","0","0","0","0","0","0","0","0","8","0","","67","06","2022","3","39.9531","-75.1612","1625","06","0","0","0","0","0","0","0","0","","0","0","0","16","1","1","01","","0","39 57:11.332","","00","75 09:40.440","8","0","0","0","67301","1","0","0","N","1","0","0","2","67301","0","","1","01","","N","N","N","0","","0","0","1","3","2","","1615","1","2","0","0","0","1","0","2","0","1","03","03","N","","","","","","","","","","",""
"2022072778","0727","1","0","0","0","0","0","0","0","0","7","0","","67","05","2022","2","39.8991","-75.1725","0648","06","0","0","0","0","0","0","0","0","","0","0","0","06","1","0","00","N","0","39 53:56.669","","08","75 10:21.099","9","0","0","0","67301","0","0","0","N","0","0","0","1","68K01","0","","4","01","","N","N","N","0","","0","0","0","0","0","","0647","0","1","0","0","0","0","1","2","0","1","03","","N","","","","","","","","","","",""
"2022060185","2114","1","0","0","0","0","0","0","0","0","8","0","","67","06","2022","3","40.025","-75.168","2112","06","0","0","0","0","0","0","0","0","","0","0","0","21","3","1","00","N","0","40 01:29.880","","00","75 10:04.970","3","0","0","0","67301","1","0","0","N","1","0","0","2","67301","0","","1","01","","N","N","N","0","","1","0","0","0","0","","2110","1","2","0","0","1","0","0","2","0","1","03","03","N","","","","","","","","","","",""
"2022072240","1330","1","0","1","0","0","0","0","0","0","4","1","","67","04","2022","3","40.0201","-75.0431","1246","06","0","0","0","0","1","0","0","0","","0","1","0","12","1","1","01","","2","40 01:12.306","6","00","75 02:35.209","2","0","0","0","67301","0","0","0","N","0","0","0","2","67301","0","","1","01","1445","N","N","N","0","","0","1","0","3","2","Y","1245","1","2","0","0","0","0","0","2","0","2","04","04","N","","","","","","","","","","",""
"2022075777","1702","2","0","0","0","0","0","0","0","0","5","0","","67","08","2022","1","39.9601","-75.2381","1700","06","0","0","0","0","0","0","0","0","","0","0","0","16","1","1","00","N","0","39 57:36.271","","00","75 14:17.096","8","0","0","0","67301","0","0","0","N","0","0","0","1","67301","0","","6","01","","N","N","N","0","","0","0","2","0","0","","1655","1","5","0","0","0","1","0","2","1","5","03","04","N","","","","","","","","","","",""
"2022091591","0923","0","0","0","0","0","0","0","0","0","1","1","","67","09","2022","5","39.8991","-75.1739","0918","06","0","0","0","0","0","0","0","0","","0","1","0","09","1","1","00","N","0","39 53:56.619","","00","75 10:26.150","4","0","0","0","67301","0","0","0","N","0","0","0","2","68K01","1","","1","01","","N","N","N","0","","0","0","1","0","0","","0914","1","2","0","0","0","0","0","2","0","2","03","","N","","","","","","","","","","",""
"2022080342","1140","0","0","0","0","0","0","0","0","0","7","0","","67","09","2022","5","40.0367","-75.1584","1140","06","0","0","0","0","0","0","0","0","","0","0","0","11","1","2","03","","0","40 02:12.120","","00","75 09:30.184","3","0","0","0","67301","0","0","0","N","0","0","0","2","67301","0","","3","01","","N","N","N","0","","2","0","1","0","0","","1140","2","1","0","0","0","0","0","2","0","1","03","","N","","","","","","","","","","",""
"2022091853","1035","1","0","0","0","0","0","0","0","0","1","1","","67","10","2022","4","39.9802","-75.1575","1030","06","0","0","0","0","0","0","0","0","","0","1","0","10","1","0","00","N","1","39 58:48.816","2","00","75 09:26.874","0","0","0","0","67301","0","0","0","N","0","0","0","2","67505","0","","1","01","1045","","","N","0","","0","0","0","0","0","N","1025","0","2","0","0","0","0","0","2","0","2","04","04","N","","","","","","","","","","",""
"2022078430","1812","1","0","0","0","0","0","0","0","0","5","0","","67","08","2022","7","39.9929","-75.1677","1802","06","0","0","0","0","0","0","0","1","","0","0","0","17","1","1","00","N","0","39 59:34.580","","00","75 10:03.550","3","0","0","0","67301","0","0","0","N","0","0","0","2","67301","0","","1","01","","N","N","N","0","","1","0","0","0","0","","1724","1","2","0","0","0","0","0","2","0","2","03","03","N","","","","","","","","","","",""
"2022078203","2315","0","0","0","0","0","0","0","0","0","4","0","","67","08","2022","6","39.9851","-75.1564","2311","06","0","0","0","0","0","0","0","0","","0","0","0","22","3","1","00","N","2","39 59:06.391","5","00","75 09:23.041","3","0","0","0","67301","0","0","0","N","0","0","0","2","67505","0","","1","01","2345","N","N","N","0","","1","0","2","0","0","Y","2245","1","2","0","0","0","0","1","2","0","2","03","03","N","","","","","","","","","","",""
"2022072987","2155","1","0","0","0","0","0","0","0","0","8","0","","67","08","2022","7","40.0763","-75.0204","2152","06","0","0","0","1","0","0","0","0","","1","0","0","21","3","0","00","N","2","40 04:34.768","6","00","75 01:13.264","1","0","0","0","67301","1","1","0","N","1","1","0","2","67301","0","2","1","01","2155","N","N","N","0","0","0","0","0","0","0","Y","2151","0","2","0","0","0","0","0","2","0","1","03","","N","","","","","","","","","","",""
"2022072302","1215","0","0","0","0","0","0","1","0","0","8","1","","67","07","2022","1","39.8767","-75.2425","1209","06","0","0","0","0","0","1","0","0","","0","0","0","12","1","2","00","N","0","39 52:35.940","","00","75 14:32.920","3","0","0","0","67301","2","0","0","N","2","0","0","3","67301","0","","6","01","","N","N","N","0","","2","0","1","0","0","","1205","2","4","0","0","0","0","0","2","0","2","03","","N","","","","","","","","","","",""
"2022063088","1000","0","0","0","0","0","0","0","0","0","7","0","","67","06","2022","5","39.9798","-75.2252","0954","06","0","0","0","0","0","0","1","0","","0","0","0","09","1","1","00","N","0","39 58:47.191","","00","75 13:30.682","3","0","0","0","67301","0","0","0","N","0","0","0","1","67301","0","","4","09","","N","N","N","0","","1","0","0","0","0","","0949","1","1","0","0","0","0","0","2","1","1","07","04","N","","","","","","","","","","",""
"2022078992","1950","1","0","0","0","0","0","0","0","0","4","0","","67","08","2022","1","39.9547","-75.1495","1945","06","0","0","0","0","0","0","1","0","","0","0","0","19","4","2","05","","0","39 57:16.781","","02","75 08:58.276","4","0","0","0","67301","0","0","0","N","0","0","0","2","67301","2","","1","01","","N","N","N","0","","0","0","1","3","2","","1930","2","2","0","0","0","0","0","2","0","2","04","04","N","","","","","","","","","","",""
"2022077730","1358","1","0","0","0","0","0","0","0","0","1","0","","67","08","2022","4","39.9059","-75.1339","1358","06","0","0","0","0","0","1","0","0","","0","0","0","13","1","0","00","N","1","39 54:21.200","3","03","75 08:02.210","0","0","0","0","67301","0","0","0","N","0","0","0","2","67501","0","","1","01","1425","N","N","N","0","","0","0","1","0","0","N","1358","0","2","0","0","0","0","0","2","0","2","03","03","N","","","","","","","","","","",""
"2022080264","2337","0","0","0","0","0","0","0","0","0","4","0","","67","08","2022","3","40.0047","-75.1769","2333","06","0","0","0","0","0","0","0","0","","0","0","0","22","3","2","01","","0","40 00:16.889","","00","75 10:36.864","2","0","0","0","67301","0","0","0","N","0","0","0","3","67301","0","","1","01","","N","N","N","0","","0","1","2","3","2","","2250","2","2","0","1","1","1","0","2","0","2","03","03","N","","","","","","","","","","",""
"2022092044","0109","1","0","0","0","0","0","0","0","0","7","0","","67","09","2022","4","39.9553","-75.181","0102","06","0","0","0","0","0","0","0","0","","0","0","0","01","3","0","00","N","0","39 57:18.981","","00","75 10:51.450","0","0","0","0","67301","0","0","0","N","0","0","0","1","68K01","0","","4","03","","N","N","N","0","","0","0","0","0","0","","0100","0","1","0","0","0","0","0","2","0","1","03","","N","","","","","","","","","","",""
"2022084915","2300","0","0","0","1","0","1","0","0","0","8","0","","67","08","2022","1","40.028","-75.11","2253","06","0","0","0","0","0","0","0","0","","0","0","0","01","3","1","01","","0","40 01:40.967","","00","75 06:36.138","2","0","0","0","67301","1","0","1","N","0","0","0","2","67301","0","","1","99","","N","N","N","0","","0","1","0","3","2","","0120","1","2","0","0","0","0","1","2","0","1","99","98","N","","","","","","","","","","",""
"2022091873","0829","0","0","0","0","0","0","0","0","0","2","0","","67","10","2022","3","39.9166","-75.2458","0829","06","0","0","0","0","0","0","0","0","","0","0","0","08","1","0","02","","0","39 54:59.618","","00","75 14:44.793","0","0","0","0","67301","0","0","0","N","0","0","0","2","67301","0","","1","09","","N","N","N","0","","0","0","2","3","3","","0829","0","2","0","0","2","0","0","2","0","2","07","07","N","","","","","","","","","","",""
"2022090291","0651","0","0","0","0","0","0","1","0","0","4","1","","67","09","2022","1","39.9449","-75.1484","0645","06","0","0","0","0","0","1","0","0","","0","0","0","06","1","2","01","","0","39 56:41.782","","00","75 08:54.322","4","0","0","0","67301","0","0","0","N","0","0","0","4","67508","2","","1","09","","N","N","N","0","","0","0","1","3","2","","0643","2","2","0","0","0","0","2","2","0","2","07","07","N","","","","","","","","","","",""
"2022079325","2035","0","0","0","0","0","0","0","0","0","4","0","","67","08","2022","7","40.006","-75.0919","2030","06","0","0","0","0","0","0","0","0","","0","0","0","20","3","0","05","","0","40 00:21.613","","00","75 05:30.664","0","0","0","0","67301","0","0","0","N","0","0","0","3","67301","0","","1","01","","N","N","Y","0","","0","0","2","3","2","","2019","0","2","0","0","0","0","0","2","0","2","03","","N","","","","","","","","","","",""