"CRN","ARRIVAL_TM","AUTOMOBILE_COUNT","BELTED_DEATH_COUNT","BELTED_SUSP_SERIOUS_INJ_COUNT","BICYCLE_COUNT","BICYCLE_DEATH_COUNT","BICYCLE_SUSP_SERIOUS_INJ_COUNT","BUS_COUNT","CHLDPAS_DEATH_COUNT","CHLDPAS_SUSP_SERIOUS_INJ_COUNT","COLLISION_TYPE","COMM_VEH_COUNT","CONS_ZONE_SPD_LIM","COUNTY","CRASH_MONTH","CRASH_YEAR","DAY_OF_WEEK","DEC_LAT","DEC_LONG","DISPATCH_TM","DISTRICT","DRIVER_COUNT_16YR","DRIVER_COUNT_17YR","DRIVER_COUNT_18YR","DRIVER_COUNT_19YR","DRIVER_COUNT_20YR","DRIVER_COUNT_50_64YR","DRIVER_COUNT_65_74YR","DRIVER_COUNT_75PLUS","EST_HRS_CLOSED","FATAL_COUNT","HEAVY_TRUCK_COUNT","HORSE_BUGGY_COUNT","HOUR_OF_DAY","ILLUMINATION","INJURY_COUNT","INTERSECT_TYPE","INTERSECTION_RELATED","LANE_CLOSED","LATITUDE","LN_CLOSE_DIR","LOCATION_TYPE","LONGITUDE","MAX_SEVERITY_LEVEL","MCYCLE_DEATH_COUNT","MCYCLE_SUSP_SERIOUS_INJ_COUNT","MOTORCYCLE_COUNT","MUNICIPALITY","NONMOTR_COUNT","NONMOTR_DEATH_COUNT","NONMOTR_SUSP_SERIOUS_INJ_COUNT","NTFY_HIWY_MAINT","PED_COUNT","PED_DEATH_COUNT","PED_SUSP_SERIOUS_INJ_COUNT","PERSON_COUNT","POLICE_AGCY","POSSIBLE_INJ_COUNT","RDWY_SURF_TYPE_CD","RELATION_TO_ROAD","ROAD_CONDITION","ROADWAY_CLEARED","SCH_BUS_IND","SCH_ZONE_IND","SECONDARY_CRASH","SMALL_TRUCK_COUNT","SPEC_JURIS_CD","SUSP_MINOR_INJ_COUNT","SUSP_SERIOUS_INJ_COUNT","SUV_COUNT","TCD_FUNC_CD","TCD_TYPE","TFC_DETOUR_IND","TIME_OF_DAY","TOT_INJ_COUNT","TOTAL_UNITS","UNB_DEATH_COUNT","UNB_SUSP_SERIOUS_INJ_COUNT","UNBELTED_OCC_COUNT","UNK_INJ_DEG_COUNT","UNK_INJ_PER_COUNT","URBAN_RURAL","VAN_COUNT","VEHICLE_COUNT","WEATHER1","WEATHER2","WORK_ZONE_IND","WORK_ZONE_LOC","WORK_ZONE_TYPE","WORKERS_PRES","WZ_CLOSE_DETOUR","WZ_FLAGGER","WZ_LAW_OFFCR_IND","WZ_LN_CLOSURE","WZ_MOVING","WZ_OTHER","WZ_SHLDER_MDN","WZ_WORKERS_INJ_KILLED"
"2022079159","2251","0","0","0","0","0","0","0","0","0","5","0","35","67","08","2022","2","39.9535","-75.1379","2249","06","0","0","0","0","0","0","0","0","","0","0","0","22","3","0","00","N","2","39 57:12.600","3","03","75 08:16.400","0","0","0","0","67301","0","0","0","N","0","0","0","3","67501","0","","1","01","9999","N","N","N","0","","0","0","2","3","8","N","2249","0","2","0","0","0","0","0","2","0","2","03","","Y","4","1","N","","","N","Y","","","","N"
"2022073215","1838","1","0","0","0","0","0","0","0","0","7","0","","67","08","2022","4","40.1103","-75.0445","1824","06","0","0","0","0","0","0","0","0","","0","0","0","18","1","1","00","N","0","40 06:36.920","","00","75 02:40.150","3","0","0","0","67301","0","0","0","N","0","0","0","1","67301","0","","5","01","","N","N","N","0","","1","0","0","0","0","","1820","1","1","0","0","0","0","0","2","0","1","03","","N","","","","","","","","","","",""
"2022060126","1804","2","0","0","0","0","0","0","0","0","1","0","","67","06","2022","1","40.024","-75.1596","1804","06","0","0","0","0","0","0","0","0","","0","0","0","17","1","1","01","","0","40 01:26.350","","00","75 09:34.481","3","0","0","0","67301","0","0","0","N","0","0","0","3","67301","0","","1","01","","N","N","N","0","","1","0","0","3","2","","1750","1","2","0","0","0","0","0","2","0","2","03","98","N","","","","","","","","","","",""
"2022072495","1705","1","0","0","1","0","0","0","0","0","8","0","","67","08","2022","2","39.9316","-75.2258","1654","06","0","0","0","0","0","0","0","0","","0","0","0","16","1","1","00","N","0","39 55:53.670","","00","75 13:32.880","4","0","0","0","67301","1","0","0","N","0","0","0","1","67301","1","","1","01","","N","N","N","0","","0","0","0","0","0","","1651","1","2","0","0","0","0","0","2","0","1","03","","N","","","","","","","","","","",""
"2022068809","0123","3","0","0","0","0","0","0","0","0","1","0","","67","06","2022","2","39.9877","-75.1549","0123","06","0","0","0","0","0","0","0","0","","0","0","0","01","3","1","00","N","0","39 59:15.864","","00","75 09:17.633","3","0","0","0","67301","0","0","0","N","0","0","0","1","67301","0","","6","01","","N","N","N","0","","1","0","1","0","0","","0120","1","4","0","0","0","0","0","2","0","4","03","03","N","","","","","","","","","","",""
"2022077719","1400","1","0","0","0","0","0","0","0","0","5","0","","67","08","2022","4","39.9153","-75.1596","1400","06","0","0","0","0","0","0","1","0","","0","0","0","13","1","0","00","N","1","39 54:55.015","3","00","75 09:34.731","0","0","0","0","67301","0","0","0","N","0","0","0","1","67301","0","","6","01","1450","N","N","N","0","","0","0","1","0","0","N","1345","0","3","0","0","0","0","0","2","1","3","03","","N","","","","","","","","","","",""
"2022091566","1730","3","0","0","0","0","0","0","0","0","1","0","","67","08","2022","4","39.9421","-75.1939","1709","06","0","0","1","0","0","3","0","0","","0","0","0","16","1","3","00","N","2","39 56:31.418","4","03","75 11:38.084","8","0","0","0","67301","0","0","0","N","0","0","0","9","68K01","0","","1","01","1740","N","N","N","0","","0","0","1","0","0","N","1659","3","4","0","0","0","3","0","2","0","4","03","","N","","","","","","","","","","",""
"2022078699","2027","2","0","0","0","0","0","0","0","0","5","0","","67","08","2022","7","39.9664","-75.1916","2024","06","0","0","0","0","0","1","0","0","","0","0","0","20","3","0","00","N","0","39 57:59.060","","00","75 11:29.810","0","0","0","0","67301","0","0","0","N","0","0","0","1","67301","0","","6","01","","N","N","N","1","","0","0","1","0","0","","2023","0","5","0","0","0","0","0","2","0","4","03","03","N","","","","","","","","","","",""
"2022091369","0319","1","0","0","0","0","0","0","0","0","8","0","","67","09","2022","6","39.9563","-75.2399","0318","06","0","0","0","0","0","0","0","0","","0","0","0","01","3","1","01","","0","39 57:22.730","","00","75 14:23.658","8","0","0","0","67301","1","0","0","N","1","0","0","2","67301","0","","1","01","","N","N","N","0","","0","0","0","3","2","","0107","1","2","0","0","0","1","1","2","0","1","03","03","N","","","","","","","","","","",""
"2022091247","1805","2","0","0","0","0","0","0","0","0","1","0","","67","09","2022","7","39.9568","-75.1497","1805","06","0","0","0","0","0","1","0","0","","0","0","0","17","1","1","06","","0","39 57:24.355","","02","75 08:58.925","8","0","0","0","67301","0","0","0","N","0","0","0","5","68K01","0","","1","01","","N","N","N","0","","0","0","0","3","4","","1732","1","2","0","0","0","1","0","2","0","2","03","","N","","","","","","","","","","",""
"2022091235","0841","1","0","0","0","0","0","0","0","0","0","1","","67","08","2022","2","39.9438","-75.1427","0841","06","0","0","0","0","0","1","0","0","","0","1","0","08","1","1","00","N","0","39 56:37.719","","00","75 08:33.628","8","0","0","0","67301","0","0","0","N","0","0","0","3","68K01","0","","1","01","","N","N","N","0","","0","0","0","0","0","","0838","1","2","0","0","0","1","0","2","0","2","03","03","N","","","","","","","","","","",""
"2022079323","1626","0","0","0","0","0","0","0","0","0","4","0","","67","08","2022","7","40.0089","-75.0719","1625","06","0","0","0","0","0","0","0","0","","0","0","0","16","1","2","05","","0","40 00:31.996","","00","75 04:18.728","3","0","0","0","67301","0","0","0","N","0","0","0","3","67301","0","","1","01","","N","N","N","0","","2","0","2","0","0","","1610","2","2","0","0","0","0","0","2","0","2","03","03","N","","","","","","","","","","",""
"2022080681","0340","1","0","0","0","0","0","0","0","0","4","0","","67","08","2022","1","39.9556","-75.2023","0338","06","0","0","0","0","0","1","0","0","","0","0","0","03","3","1","01","","2","39 57:20.290","3","00","75 12:08.213","3","0","0","0","67301","0","0","0","N","0","0","0","2","67504","0","","1","01","1000","N","N","N","0","","1","0","1","3","2","Y","0335","1","2","0","0","0","0","0","2","0","2","03","03","N","","","","","","","","","","",""
"2022076925","0138","2","0","0","0","0","0","0","0","0","4","0","","67","08","2022","3","40.0515","-75.1501","0125","06","0","0","0","1","0","0","0","0","","0","0","0","00","3","1","01","","0","40 03:05.564","","00","75 09:00.360","4","0","0","0","67301","0","0","0","N","0","0","0","2","67301","1","","1","01","","N","N","N","0","","0","0","0","3","2","","0045","1","2","0","0","0","0","0","2","0","2","03","","N","","","","","","","","","","",""
"2022078555","0830","0","0","0","0","0","0","0","0","0","5","0","","67","08","2022","7","39.9149","-75.1668","0726","06","0","0","0","0","0","0","0","0","","0","0","0","07","1","0","00","N","2","39 54:53.590","3","00","75 10:00.620","0","0","0","0","67301","0","0","0","N","0","0","0","1","67301","0","","6","01","0940","N","N","N","0","","0","0","2","0","0","N","0710","0","2","0","0","0","0","0","2","0","2","03","03","N","","","","","","","","","","",""
"2022086973","1208","2","0","0","0","0","0","0","0","0","1","0","","67","08","2022","5","40.0145","-75.1061","1208","06","0","0","0","0","0","0","0","0","","0","0","0","12","1","1","02","","1","40 00:52.131","3","00","75 06:21.970","3","0","0","0","67301","0","0","0","N","0","0","0","2","67301","0","","1","01","1230","N","N","N","0","","1","0","0","3","3","N","1208","1","2","0","0","0","0","0","2","0","2","03","03","N","","","","","","","","","","",""
"2022072607","2127","0","0","0","0","0","0","0","0","0","8","0","","67","06","2022","5","39.9959","-75.1146","2127","06","0","0","0","0","0","0","0","0","","0","0","0","21","3","1","00","N","0","39 59:45.130","","01","75 06:52.430","2","0","0","0","67301","1","0","1","N","1","0","1","2","67301","0","","1","01","","N","N","N","0","","0","1","0","0","0","","2127","1","2","0","0","0","0","1","2","0","1","03","03","N","","","","","","","","","","",""
"2022072200","1000","2","0","0","0","0","0","0","0","0","4","1","","67","04","2022","4","39.9029","-75.174","0916","06","0","0","0","0","0","0","0","0","","0","0","0","09","1","1","02","","1","39 54:10.595","1","00","75 10:26.386","3","0","0","0","67301","0","0","0","N","0","0","0","2","67301","0","","1","01","1030","N","N","N","0","","1","0","0","3","2","N","0915","1","2","0","0","0","0","0","2","0","2","03","03","N","","","","","","","","","","",""
"2022060333","1414","3","0","0","0","0","0","0","0","0","4","0","","67","06","2022","3","39.9252","-75.2291","1414","06","0","0","0","0","0","0","0","0","","0","0","0","14","1","4","01","","2","39 55:30.817","7","00","75 13:44.792","3","0","0","0","67301","0","0","0","N","0","0","0","4","67301","0","","1","01","1649","N","N","N","0","","4","0","1","3","2","Y","1414","4","4","0","0","0","0","0","2","0","4","03","03","N","","","","","","","","","","",""
"2022064043","1330","0","0","0","0","0","0","0","0","0","1","0","","67","06","2022","5","39.9992","-75.1474","1330","06","0","0","0","0","0","1","0","0","","0","0","0","15","1","3","05","","0","39 59:57.217","","00","75 08:50.570","8","0","0","0","67301","0","0","0","N","0","0","0","5","67301","0","","1","01","","N","N","N","1","","0","0","1","3","2","","1530","3","2","0","0","2","3","2","2","0","2","03","","N","","","","","","","","","","",""
"2022061185","0120","1","0","0","0","0","0","0","0","0","7","0","","67","06","2022","5","39.9439","-75.1593","0104","06","0","0","0","0","0","0","0","0","","0","0","0","00","2","0","00","N","0","39 56:38.110","","00","75 09:33.380","0","0","0","0","67301","0","0","0","N","0","0","0","1","67301","0","","4","01","","N","N","N","0","","0","0","0","0","0","","0045","0","1","0","0","1","0","0","2","0","1","03","03","N","","","","","","","","","","",""
"2022091261","0837","0","0","0","0","0","0","0","0","0","1","0","","67","09","2022","7","40.0082","-75.0712","0837","06","0","0","0","0","0","0","0","0","","0","0","0","08","1","0","00","N","0","40 00:29.388","","00","75 04:16.211","0","0","0","0","67301","0","0","0","N","0","0","0","2","68K01","0","","1","01","","N","N","N","0","","0","0","1","0","0","","0813","0","2","0","0","0","0","0","2","1","2","03","","N","","","","","","","","","","",""
"2022090306","1532","1","0","0","0","0","0","0","0","0","8","0","","67","08","2022","6","39.992","-75.0999","1525","06","0","0","0","0","0","1","0","0","","0","0","0","15","1","1","00","N","0","39 59:31.030","","00","75 05:59.536","3","0","0","0","67301","1","0","0","N","1","0","0","2","67301","0","","1","01","","N","N","N","0","","1","0","0","0","0","","1521","1","2","0","0","0","0","0","2","0","1","03","03","N","","","","","","","","","","",""
"2022091725","0806","0","0","0","0","0","0","0","0","0","1","0","","67","08","2022","4","40.0358","-75.0171","0806","06","0","0","0","0","0","1","0","0","","0","0","0","07","1","7","00","N","0","40 02:08.959","","00","75 01:01.589","3","0","0","0","67301","0","0","0","N","0","0","0","7","68K01","0","","1","01","","N","N","N","0","","7","0","1","0","0","","0743","7","2","0","0","0","0","0","2","1","2","03","","N","","","","","","","","","","",""
"2022091114","1314","2","0","0","0","0","0","0","0","0","1","0","","67","09","2022","7","39.9675","-75.1325","1314","06","0","1","0","0","0","0","1","0","","0","0","0","13","1","0","00","N","1","39 58:03.026","2","00","75 07:57.045","0","0","0","0","67301","0","0","0","N","0","0","0","3","68K01","0","","1","01","1320","N","N","N","0","","0","0","0","0","0","N","1313","0","3","0","0","0","0","0","2","1","3","03","03","N","","","","","","","","","","",""
"2022092067","2317","1","0","0","0","0","0","0","0","0","4","0","","67","09","2022","1","39.9903","-75.205","2314","06","0","0","0","0","0","0","0","0","","0","0","0","23","3","2","00","N","1","39 59:25.200","4","00","75 12:18.141","3","0","0","0","67301","0","0","0","N","0","0","0","2","68K01","0","","1","09","2330","N","N","N","0","","2","0","1","0","0","N","2305","2","2","0","0","0","0","0","2","0","2","07","07","N","","","","","","","","","","",""
"2022086932","0828","1","0","0","0","0","0","0","0","0","1","1","","67","07","2022","7","40.0363","-75.0152","0811","06","0","0","0","0","0","1","0","0","","0","1","0","08","1","1","00","N","1","40 02:10.722","1","00","75 00:54.849","8","0","0","0","67301","0","0","0","N","0","0","0","5","68K01","0","","1","01","0945","N","N","Y","0","","0","0","2","0","0","N","0807","1","4","0","0","0","1","0","2","0","4","03","","N","","","","","","","","","","",""
"2022079811","1445","1","0","0","1","0","0","0","0","0","8","0","","67","08","2022","2","39.9228","-75.1842","1445","06","0","0","0","0","0","0","0","0","","0","0","0","14","1","1","03","","0","39 55:22.227","","00","75 11:02.562","8","0","0","0","67301","1","0","0","N","0","0","0","2","67301","0","","1","01","","N","N","N","0","","0","0","0","0","0","","1440","1","2","0","0","0","1","0","2","0","1","03","03","N","","","","","","","","","","",""
"2022078425","1930","1","0","0","0","0","0","0","0","0","8","0","","67","08","2022","4","40.0127","-75.1418","1930","06","0","0","0","0","0","0","0","0","","0","0","0","18","1","1","05","","0","40 00:45.777","","00","75 08:30.436","3","0","0","0","67301","1","0","0","N","1","0","0","2","67301","0","","1","01","","N","N","N","0","","1","0","0","3","2","","1800","1","2","0","0","0","0","0","2","0","1","03","03","N","","","","","","","","","","",""
"2022078942","1654","0","0","0","0","0","0","0","0","0","4","0","","67","08","2022","1","39.9655","-75.2001","1652","06","0","0","0","0","0","0","0","0","","0","0","0","14","1","1","01","","0","39 57:55.637","","00","75 12:00.277","3","0","0","0","67301","0","0","0","N","0","0","0","2","67301","0","","1","01","","N","N","N","0","","1","0","1","3","3","","1440","1","2","0","0","0","0","1","2","0","2","03","","N","","","","","","","","","","",""
"2022077351","0745","0","0","0","0","0","0","0","0","0","7","0","","67","08","2022","2","39.9825","-75.0838","0731","06","0","0","0","0","0","1","0","0","","0","0","0","07","1","0","02","","0","39 58:56.857","","00","75 05:01.541","0","0","0","0","67301","0","0","0","N","0","0","0","1","67301","0","","4","09","","N","N","N","1","","0","0","0","3","2","","0725","0","1","0","0","0","0","0","2","0","1","07","","N","","","","","","","","","","",""
"2022060120","1013","1","0","0","0","0","0","0","0","0","4","0","","67","06","2022","5","40.0243","-75.1613","1012","06","0","0","0","0","0","1","0","0","","0","0","0","10","1","4","01","","0","40 01:27.530","","00","75 09:40.561","3","0","0","0","67301","0","0","0","N","0","0","0","4","67301","2","","1","09","","N","N","N","0","","2","0","1","3","3","","1001","4","2","0","0","0","0","0","2","0","2","07","04","N","","","","","","","","","","",""
"2022072248","1146","1","0","0","0","0","0","0","0","0","7","0","","67","08","2022","6","40.0121","-75.0693","1146","06","0","0","0","0","0","0","0","0","","0","0","0","11","1","1","00","N","1","40 00:43.570","1","00","75 04:09.639","4","0","0","0","67301","0","0","0","N","0","0","0","1","67301","1","","5","01","1237","N","N","N","0","","0","0","0","0","0","Y","1145","1","1","0","0","0","0","0","2","0","1","04","","N","","","","","","","","","","",""
"2022041911","","1","0","0","0","0","0","0","0","0","5","0","","67","04","2022","1","39.9598","-75.1783","","06","0","0","0","0","0","0","0","0","","0","0","0","11","1","0","07","","0","39 57:35.303","","08","75 10:41.724","0","0","0","0","67301","0","0","0","N","0","0","0","2","00000","0","","7","01","","","","N","0","","0","0","1","0","0","","1159","0","2","0","0","0","0","0","2","0","2","03","","N","","","","","","","","","","",""
"2022072589","1240","1","0","0","0","0","0","0","0","0","1","0","","67","06","2022","4","39.989","-75.1188","1235","06","0","0","0","0","0","0","0","0","","0","0","0","12","1","1","00","N","0","39 59:20.440","","00","75 07:07.500","4","0","0","0","67301","0","0","0","N","0","0","0","1","67301","1","","6","01","","N","N","N","0","","0","0","2","0","0","","1230","1","3","0","0","0","0","0","2","0","3","03","03","N","","","","","","","","","","",""
"2022073203","0054","2","0","0","0","0","0","0","0","0","2","0","","67","08","2022","5","39.9791","-75.1611","0053","06","0","0","0","0","0","0","0","0","","0","0","0","00","3","0","01","N","2","39 58:44.778","1","00","75 09:40.084","9","0","0","0","67301","0","0","0","N","0","0","0","3","67505","0","","1","01","0130","N","N","N","0","","0","0","0","3","2","N","0052","0","2","0","0","0","0","2","2","0","2","03","03","N","","","","","","","","","","",""
"2022072476","1535","2","0","0","0","0","0","0","0","0","2","0","","67","08","2022","6","40.0462","-75.1356","1530","06","0","0","0","0","0","0","0","1","","0","0","0","15","1","1","00","N","0","40 02:46.246","","07","75 08:07.995","3","0","0","0","67301","0","0","0","N","0","0","0","2","67301","0","","1","01","","N","N","N","0","","1","0","0","0","0","","1506","1","2","0","0","0","0","0","2","0","2","03","","N","","","","","","","","","","",""
"2022085495","0311","2","0","0","0","0","0","0","0","0","4","0","","67","09","2022","7","39.9548","-75.2084","0311","06","0","0","0","0","0","0","0","0","","0","0","0","03","3","1","00","N","0","39 57:17.429","","00","75 12:30.123","3","0","0","0","67301","0","0","0","N","0","0","0","4","67301","0","","1","01","","N","N","N","0","","1","0","0","3","2","","0311","1","2","0","0","0","0","0","2","0","2","03","","N","","","","","","","","","","",""
"2022081240","1558","5","0","0","0","0","0","0","0","0","4","0","","67","08","2022","7","40.0002","-75.1422","1557","06","0","0","0","0","1","0","1","0","","0","0","0","15","1","3","01","","0","40 00:00.797","","00","75 08:31.824","3","0","0","0","67301","0","0","0","N","0","0","0","4","67301","0","","1","01","","N","N","N","0","","1","0","4","3","2","","1557","3","9","0","0","0","2","1","2","0","9","03","03","N","","","","","","","","","","",""
"2022077709","1041","1","0","0","0","0","0","0","0","0","4","0","","67","08","2022","3","39.9765","-75.1894","1029","06","0","0","0","0","0","0","0","0","","0","0","0","10","1","0","03","","1","39 58:35.259","1","00","75 11:21.744","0","0","0","0","67301","0","0","0","N","0","0","0","2","67301","0","","1","01","1130","N","N","N","0","","0","0","1","3","3","N","1024","0","2","0","0","0","0","0","2","0","2","03","","N","","","","","","","","","","",""
"2022072295","1829","1","0","0","0","0","0","0","0","0","4","0","","67","07","2022","4","40.0299","-75.146","1829","06","0","0","0","0","0","0","0","0","","0","0","0","22","6","1","01","","0","40 01:47.668","","00","75 08:45.636","8","0","0","0","67301","0","0","0","N","0","0","0","2","67301","0","","1","99","","N","N","N","0","","0","0","0","3","2","","2200","1","2","0","0","1","1","1","2","0","2","99","","N","","","","","","","","","","",""
"2022072205","0430","2","0","0","0","0","0","0","0","0","7","1","","67","04","2022","5","39.9449","-75.1484","0409","06","0","0","0","0","0","1","0","0","","0","1","0","03","3","0","01","","2","39 56:41.782","7","00","75 08:54.322","0","0","0","0","67301","0","0","0","N","0","0","0","1","67301","0","","4","01","0545","N","N","Y","0","","0","0","1","3","2","Y","0333","0","4","0","0","0","0","0","2","0","4","04","04","N","","","","","","","","","","",""
"2022061697","2029","0","0","0","0","0","0","0","0","0","4","0","","67","06","2022","5","39.9376","-75.2231","2027","06","0","0","0","0","0","1","0","0","","0","0","0","20","1","1","01","","2","39 56:15.501","5","00","75 13:22.863","2","0","1","1","67301","0","0","0","N","0","0","0","2","67301","0","","1","01","2130","N","N","N","0","","0","1","1","3","2","N","2025","1","2","0","0","0","0","0","2","0","2","03","03","N","","","","","","","","","","",""
"2022086452","0150","1","0","0","0","0","0","0","0","0","8","0","","67","09","2022","3","40.0336","-75.1458","0150","06","0","0","0","0","0","0","0","0","","0","0","0","01","3","1","00","N","0","40 02:01.098","","00","75 08:44.904","3","0","0","0","67301","1","0","0","N","1","0","0","2","67301","0","","1","01","","N","N","N","0","","1","0","0","3","2","","0148","1","2","0","0","0","0","0","2","0","1","03","03","N","","","","","","","","","","",""
"2022075755","1705","1","0","0","0","0","0","0","0","0","1","0","","67","08","2022","3","40.0723","-74.981","1653","06","0","0","0","0","1","1","0","0","","0","0","0","16","1","1","00","Y","1","40 04:20.198","2","00","74 58:51.626","4","0","0","0","67301","0","0","0","N","0","0","0","3","67301","1","","1","01","0030","N","N","N","1","","0","0","1","3","2","Y","1652","1","3","0","0","0","0","0","2","0","3","03","03","N","","","","","","","","","","",""
"2022077195","1802","2","0","0","0","0","0","0","0","0","1","0","","67","08","2022","3","39.9714","-75.1233","1747","06","0","0","0","0","0","0","0","0","","0","0","0","17","1","0","00","N","0","39 58:17.132","","03","75 07:23.712","0","0","0","0","67301","0","0","0","N","0","0","0","3","68K01","0","","1","01","","N","N","N","0","","0","0","1","0","0","","1744","0","3","0","0","0","0","0","2","0","3","03","03","N","","","","","","","","","","",""
"2022086645","1151","1","0","0","1","0","0","0","0","0","8","0","","67","09","2022","2","39.941","-75.1743","1150","06","0","0","0","0","0","0","0","0","","0","0","0","08","1","1","01","","0","39 56:27.718","","00","75 10:27.372","8","0","0","0","67301","1","0","0","N","0","0","0","2","67301","0","","1","01","","N","N","N","0","","0","0","0","3","2","","0845","1","2","0","0","0","1","0","2","0","1","03","","N","","","","","","","","","","",""
"2022086950","0728","0","0","1","0","0","0","1","0","0","4","1","","67","09","2022","3","39.9546","-75.226","0649","06","0","0","0","0","0","2","0","0","","0","0","0","06","3","5","01","","1","39 57:16.492","7","00","75 13:33.613","2","0","0","0","67301","0","0","0","N","0","0","0","6","67301","0","","1","01","1000","Y","N","N","0","","4","1","1","3","2","N","0604","5","2","0","0","0","0","0","2","0","2","03","03","N","","","","","","","","","","",""
"2022091724","1125","0","0","0","0","0","0","0","0","0","1","0","","67","08","2022","3","40.027","-75.0265","1049","06","0","0","0","0","0","1","1","0","","0","0","0","10","1","4","00","N","0","40 01:37.156","","02","75 01:35.573","3","0","0","0","67301","0","0","0","N","0","0","0","4","68K01","0","","1","01","","N","N","N","0","","2","0","3","0","0","","1041","4","3","0","0","0","2","0","2","0","3","03","","N","","","","","","","","","","",""
"2022091987","0225","2","0","0","0","0","0","0","0","0","1","0","","67","04","2022","5","40.0064","-75.194","0200","06","0","0","0","1","0","0","0","0","","0","0","0","02","3","1","03","","0","40 00:22.992","","00","75 11:38.316","8","0","0","0","67301","0","0","0","N","0","0","0","2","67301","0","","2","01","","N","N","N","0","","0","0","0","0","0","","0200","1","2","0","0","0","1","0","2","0","2","03","03","N","","","","","","","","","","",""
"2022090619","2101","0","0","0","0","0","0","0","0","0","8","1","","67","10","2022","7","39.9968","-75.1538","2101","06","0","0","0","0","0","0","0","0","","0","1","0","20","3","1","01","","0","39 59:48.463","","00","75 09:14.352","3","0","0","0","67301","1","0","0","N","1","0","0","2","67301","0","","1","01","","N","N","N","0","","1","0","0","3","2","","2035","1","2","0","0","1","0","0","2","0","1","03","03","N","","","","","","","","","","",""
"2022068821","2214","1","0","0","0","0","0","0","0","0","8","0","","67","06","2022","2","39.9977","-75.1232","2214","06","0","0","0","0","0","0","0","0","","0","0","0","22","3","1","01","","0","39 59:51.782","","00","75 07:23.643","3","0","0","0","67301","1","0","0","N","1","0","0","2","67301","0","","1","01","","N","N","N","0","","1","0","0","3","2","","2214","1","2","0","0","1","0","0","2","0","1","03","03","N","","","","","","","","","","",""
"2022072648","1120","0","0","0","0","0","0","0","0","0","4","1","","67","08","2022","3","40.0721","-75.1928","1120","06","0","0","0","0","0","0","1","0","","0","1","0","10","1","1","01","","0","40 04:19.649","","00","75 11:34.162","3","0","0","0","67301","0","0","0","N","0","0","0","2","67301","0","","1","01","","N","N","N","0","","1","0","1","3","3","","1035","1","2","0","0","0","0","0","2","0","2","03","","N","","","","","","","","","","",""
"2022063042","2335","2","0","0","0","0","0","0","0","0","5","0","","67","07","2022","6","39.9704","-75.214","2333","06","0","0","0","0","0","0","0","0","","0","0","0","20","4","1","00","N","0","39 58:13.317","","00","75 12:50.490","4","0","0","0","67301","0","0","0","N","0","0","0","2","67301","1","","6","01","","N","N","N","0","","0","0","0","0","0","","2030","1","2","0","0","0","0","0","2","0","2","03","","N","","","","","","","","","","",""
"2022086667","0848","0","0","0","1","0","0","0","0","0","8","0","","67","09","2022","4","39.9565","-75.1761","0843","06","0","0","0","0","0","0","0","0","","0","0","0","08","1","1","00","N","1","39 57:23.250","1","07","75 10:34.130","3","0","0","0","67301","1","0","0","N","0","0","0","2","67301","0","","1","09","0905","N","N","N","0","","1","0","1","0","0","N","0835","1","2","0","0","0","0","0","2","0","1","07","","N","","","","","","","","","","",""
"2022085768","1702","1","0","1","0","0","0","0","0","0","4","0","","67","09","2022","1","40.1017","-75.0062","1701","06","0","0","0","0","1","0","0","0","","0","0","0","16","1","1","01","","1","40 06:06.519","6","00","75 00:22.762","2","0","0","0","67301","0","0","0","N","0","0","0","3","67301","0","","3","01","0100","N","N","N","0","","0","1","1","3","2","Y","1657","1","2","0","0","0","0","0","2","0","2","03","","N","","","","","","","","","","",""
"2022087566","0012","1","0","0","0","0","0","0","0","0","5","0","","67","09","2022","2","40.0382","-75.0107","0011","06","0","0","0","0","1","1","0","0","","0","0","0","00","3","2","00","N","0","40 02:17.676","","00","75 00:38.625","4","0","0","0","67301","0","0","0","N","0","0","0","3","68K01","1","","1","09","","N","N","N","0","","0","0","1","0","0","","0005","2","2","0","0","0","1","0","2","0","2","07","","N","","","","","","","","","","",""
"2022075763","2107","2","0","0","0","0","0","0","0","0","5","0","","67","08","2022","1","40.0486","-75.1831","2103","06","0","0","0","0","0","0","0","0","","0","0","0","21","3","1","00","N","0","40 02:54.892","","00","75 10:58.987","8","0","0","0","67301","0","0","0","N","0","0","0","1","67301","0","","6","01","","N","N","Y","0","","0","0","1","0","0","","2100","1","3","0","0","0","1","0","2","0","3","03","03","N","","","","","","","","","","",""
"2022086996","0253","0","0","0","0","0","0","0","0","0","0","0","","67","09","2022","7","40.0522","-75.0507","0251","06","0","0","0","0","0","0","0","0","","1","0","0","02","3","0","00","N","1","40 03:07.746","1","00","75 03:02.362","1","1","0","1","67301","0","0","0","N","0","0","0","1","67301","0","2","1","01","0536","N","N","N","0","0","0","0","0","0","0","Y","0245","0","1","0","0","0","0","0","2","0","1","03","03","N","","","","","","","","","","",""
"2022080486","1035","0","0","0","1","0","0","0","0","0","8","0","","67","08","2022","6","39.9544","-75.1481","1035","06","0","0","0","0","0","0","0","0","","0","0","0","21","3","1","01","","0","39 57:15.887","","02","75 08:53.056","8","0","0","0","67301","1","0","0","N","0","0","0","2","67301","0","","1","01","","N","N","N","0","","0","0","1","3","3","","2130","1","2","0","0","0","1","0","2","0","1","03","","N","","","","","","","","","","",""