"CRN","ARRIVAL_TM","AUTOMOBILE_COUNT","BELTED_DEATH_COUNT","BELTED_SUSP_SERIOUS_INJ_COUNT","BICYCLE_COUNT","BICYCLE_DEATH_COUNT","BICYCLE_SUSP_SERIOUS_INJ_COUNT","BUS_COUNT","CHLDPAS_DEATH_COUNT","CHLDPAS_SUSP_SERIOUS_INJ_COUNT","COLLISION_TYPE","COMM_VEH_COUNT","CONS_ZONE_SPD_LIM","COUNTY","CRASH_MONTH","CRASH_YEAR","DAY_OF_WEEK","DEC_LAT","DEC_LONG","DISPATCH_TM","DISTRICT","DRIVER_COUNT_16YR","DRIVER_COUNT_17YR","DRIVER_COUNT_18YR","DRIVER_COUNT_19YR","DRIVER_COUNT_20YR","DRIVER_COUNT_50_64YR","DRIVER_COUNT_65_74YR","DRIVER_COUNT_75PLUS","EST_HRS_CLOSED","FATAL_COUNT","HEAVY_TRUCK_COUNT","HORSE_BUGGY_COUNT","HOUR_OF_DAY","ILLUMINATION","INJURY_COUNT","INTERSECT_TYPE","INTERSECTION_RELATED","LANE_CLOSED","LATITUDE","LN_CLOSE_DIR","LOCATION_TYPE","LONGITUDE","MAX_SEVERITY_LEVEL","MCYCLE_DEATH_COUNT","MCYCLE_SUSP_SERIOUS_INJ_COUNT","MOTORCYCLE_COUNT","MUNICIPALITY","NONMOTR_COUNT","NONMOTR_DEATH_COUNT","NONMOTR_SUSP_SERIOUS_INJ_COUNT","NTFY_HIWY_MAINT","PED_COUNT","PED_DEATH_COUNT","PED_SUSP_SERIOUS_INJ_COUNT","PERSON_COUNT","POLICE_AGCY","POSSIBLE_INJ_COUNT","RDWY_SURF_TYPE_CD","RELATION_TO_ROAD","ROAD_CONDITION","ROADWAY_CLEARED","SCH_BUS_IND","SCH_ZONE_IND","SECONDARY_CRASH","SMALL_TRUCK_COUNT","SPEC_JURIS_CD","SUSP_MINOR_INJ_COUNT","SUSP_SERIOUS_INJ_COUNT","SUV_COUNT","TCD_FUNC_CD","TCD_TYPE","TFC_DETOUR_IND","TIME_OF_DAY","TOT_INJ_COUNT","TOTAL_UNITS","UNB_DEATH_COUNT","UNB_SUSP_SERIOUS_INJ_COUNT","UNBELTED_OCC_COUNT","UNK_INJ_DEG_COUNT","UNK_INJ_PER_COUNT","URBAN_RURAL","VAN_COUNT","VEHICLE_COUNT","WEATHER1","WEATHER2","WORK_ZONE_IND","WORK_ZONE_LOC","WORK_ZONE_TYPE","WORKERS_PRES","WZ_CLOSE_DETOUR","WZ_FLAGGER","WZ_LAW_OFFCR_IND","WZ_LN_CLOSURE","WZ_MOVING","WZ_OTHER","WZ_SHLDER_MDN","WZ_WORKERS_INJ_KILLED"
"2022056500","1516","2","0","0","0","0","0","0","0","0","1","0","","67","05","2022","6","39.904","-75.1504","1508","06","0","0","1","0","0","1","0","0","","0","0","0","15","1","4","00","N","1","39 54:14.430","2","00","75 09:01.358","4","0","0","0","67301","0","0","0","N","0","0","0","4","68K01","3","","1","01","1550","N","N","N","0","","0","0","0","0","0","N","1503","4","2","0","0","0","1","0","2","0","2","04","04","N","","","","","","","","","","",""
"2022043883","1737","1","0","0","0","0","0","0","0","0","8","0","","67","05","2022","2","39.9195","-75.2318","1733","06","0","0","0","0","0","0","0","0","","0","0","0","17","1","1","00","N","0","39 55:10.130","","00","75 13:54.630","3","0","0","0","67301","1","0","0","N","1","0","0","2","67301","0","","1","01","","N","N","N","0","","1","0","0","0","0","","1731","1","2","0","0","0","0","0","2","0","1","03","03","N","","","","","","","","","","",""
"2022043939","2208","1","0","0","0","0","0","0","0","0","4","0","","67","05","2022","1","40.0094","-75.0786","2208","06","0","0","0","0","0","0","0","0","","0","0","0","22","3","1","01","","0","40 00:33.728","","00","75 04:42.985","3","0","0","1","67301","0","0","0","N","0","0","0","4","67301","0","","1","01","","N","N","N","0","","1","0","0","3","3","","2200","1","2","0","0","0","0","0","2","0","2","03","03","N","","","","","","","","","","",""
"2022017626","","0","0","0","0","0","0","0","0","0","4","0","","67","02","2022","1","39.9351","-75.1571","","06","0","0","0","0","0","0","0","0","","0","0","0","03","3","1","01","","0","39 56:06.363","","00","75 09:25.491","8","0","0","0","67301","0","0","0","N","0","0","0","2","00000","0","","1","01","","","","N","0","","0","0","1","3","2","","0300","1","2","0","0","0","1","0","2","0","2","03","","N","","","","","","","","","","",""
"2022027439","2322","1","0","0","0","0","0","0","0","0","4","0","","67","02","2022","5","39.9513","-75.1991","2322","06","0","0","0","0","0","0","0","0","","0","0","0","23","3","1","01","","1","39 57:04.584","2","00","75 11:56.878","3","0","0","0","67301","0","0","0","N","0","0","0","2","67504","0","","1","09","2345","N","N","N","0","","1","0","1","3","2","N","2322","1","2","0","0","0","0","0","2","0","2","07","","N","","","","","","","","","","",""
"2022038100","0957","1","0","0","0","0","0","0","0","0","1","0","","67","04","2022","5","39.9585","-75.1677","0950","06","0","0","0","0","0","0","0","0","","0","0","0","09","1","0","00","N","0","39 57:30.567","","00","75 10:03.782","0","0","0","0","67301","0","0","0","N","0","0","0","2","68K01","0","","1","01","","N","N","N","0","","0","0","1","0","0","","0947","0","2","0","0","0","0","0","2","0","2","03","03","N","","","","","","","","","","",""
"2022041519","1848","1","0","0","0","0","0","0","0","0","1","0","","67","04","2022","1","39.9372","-75.1988","1831","06","0","0","0","0","0","0","0","0","","0","0","0","18","1","1","06","","1","39 56:14.042","4","08","75 11:55.702","3","0","0","0","67301","0","0","0","N","0","0","0","3","68K01","0","","1","01","0045","N","N","N","0","","1","0","0","0","0","N","1822","1","2","0","0","0","0","0","2","1","2","03","","N","","","","","","","","","","",""
"2022032929","0303","4","0","0","0","0","0","0","0","0","4","0","","67","04","2022","6","39.9834","-75.1294","0303","06","0","0","0","0","0","0","0","0","","0","0","0","03","3","0","01","","0","39 59:00.236","","00","75 07:45.663","0","0","0","0","67301","0","0","0","N","0","0","0","2","67301","0","","1","09","","N","N","N","0","","0","0","3","3","3","","0303","0","7","0","0","0","0","0","2","0","7","07","07","N","","","","","","","","","","",""
"2022043987","1815","2","0","0","0","0","0","0","0","0","5","0","","67","04","2022","6","39.9922","-75.2337","1804","06","0","0","0","0","0","1","0","0","","0","0","0","18","1","1","01","","1","39 59:31.848","1","00","75 14:01.341","3","0","0","0","67301","0","0","0","N","0","0","0","3","67301","0","","1","01","1928","N","N","N","0","","1","0","1","3","2","Y","1800","1","3","0","0","0","0","0","2","0","3","03","03","N","","","","","","","","","","",""
"2022055688","0515","1","0","0","0","0","0","0","0","0","7","0","","67","06","2022","1","40.0156","-75.1767","0456","06","0","0","0","0","0","0","0","0","","0","0","0","04","3","1","00","N","0","40 00:55.991","","00","75 10:36.214","2","0","0","0","67301","0","0","0","N","0","0","0","1","67301","0","","4","09","","N","N","N","0","","0","1","0","0","0","","0453","1","1","0","0","0","0","0","2","0","1","07","03","N","","","","","","","","","","",""
"2022044079","2304","1","0","0","0","0","0","0","0","0","5","0","","67","05","2022","4","39.966","-75.1317","2301","06","0","0","0","0","0","1","0","0","","0","0","0","22","3","1","00","N","0","39 57:58.318","","07","75 07:52.150","4","0","0","0","67301","0","0","0","N","0","0","0","2","67301","1","","1","01","","N","N","N","0","","0","0","1","3","2","","2258","1","2","0","0","0","0","1","2","0","2","03","","N","","","","","","","","","","",""
"2022056509","1048","1","0","0","0","0","0","0","0","0","7","0","","67","05","2022","4","39.8991","-75.1673","1048","06","0","0","1","0","0","0","0","0","","0","0","0","10","1","0","00","N","1","39 53:56.644","1","00","75 10:02.129","0","0","0","0","67301","0","0","0","N","0","0","0","1","68K01","0","","4","01","1123","N","N","Y","0","","0","0","0","0","0","N","1048","0","1","0","0","0","0","0","2","0","1","03","","N","","","","","","","","","","",""
"2022055633","0800","0","0","0","0","0","0","1","0","0","4","1","","67","06","2022","3","39.9529","-75.2467","0747","06","0","0","0","0","0","0","0","1","","0","0","0","07","1","2","01","","1","39 57:10.530","3","00","75 14:48.130","3","0","0","0","67301","0","0","0","N","0","0","0","10","67301","0","","1","01","1000","Y","N","N","0","","2","0","2","3","2","N","0715","2","3","0","0","0","0","0","2","0","3","03","03","N","","","","","","","","","","",""
"2022043880","1820","1","0","0","0","0","0","0","0","0","5","0","","67","05","2022","1","39.94","-75.2196","1749","06","0","0","0","0","0","2","0","0","","0","0","0","17","1","1","00","N","0","39 56:24.078","","00","75 13:10.678","3","0","0","0","67301","0","0","0","N","0","0","0","2","67301","0","","1","09","","N","N","N","1","","1","0","0","0","0","","1737","1","2","0","0","0","0","0","2","0","2","07","07","N","","","","","","","","","","",""
"2022055650","0745","1","0","0","0","0","0","0","0","0","1","1","","67","06","2022","3","39.9855","-75.1001","0730","06","0","0","0","0","1","0","0","0","","0","1","0","07","1","1","01","","0","39 59:07.668","","00","75 06:00.282","3","0","0","0","67301","0","0","0","N","0","0","0","2","67301","0","","1","01","","N","N","N","0","","1","0","0","3","3","","0706","1","2","0","0","1","0","0","2","0","2","04","","N","","","","","","","","","","",""
"2022055873","2210","1","0","0","0","0","0","0","0","0","7","0","","67","06","2022","7","40.0152","-75.1771","2200","06","0","0","0","0","0","0","0","0","","0","0","0","21","3","1","05","","1","40 00:54.842","1","00","75 10:37.508","8","0","0","0","67301","0","0","0","N","0","0","0","1","67301","0","","2","01","2220","N","N","N","0","","0","0","0","0","0","N","2145","1","1","0","0","0","1","0","2","0","1","03","03","N","","","","","","","","","","",""
"2022044114","0226","0","0","0","0","0","0","0","0","0","8","0","","67","04","2022","7","40.0033","-75.1659","0224","06","0","0","0","0","0","0","0","0","","0","0","0","02","3","1","01","","1","40 00:11.783","2","00","75 09:57.234","2","0","0","0","67301","1","0","1","N","1","0","1","2","67301","0","","1","01","0330","N","N","N","0","","0","1","1","3","2","Y","0223","1","2","0","0","0","0","0","2","0","1","03","03","N","","","","","","","","","","",""
"2022043975","2318","2","0","0","0","0","0","0","0","0","4","0","","67","04","2022","6","39.9555","-75.2421","2315","06","0","0","0","0","0","1","0","0","","0","0","0","22","3","0","01","","0","39 57:19.796","","00","75 14:31.596","9","0","0","0","67301","0","0","0","N","0","0","0","2","67301","0","","1","01","","N","N","N","0","","0","0","0","3","3","","2203","0","2","0","0","0","0","1","2","0","2","03","03","N","","","","","","","","","","",""
"2022048828","","1","0","0","0","0","0","0","0","0","4","0","","67","01","2022","2","40.0197","-75.0611","","06","0","0","0","0","0","0","0","0","","0","0","0","23","3","1","01","","0","40 01:11.035","","00","75 03:40.071","8","0","0","0","67301","0","0","0","N","0","0","0","2","00000","0","","1","01","","N","N","N","0","","0","0","1","3","3","","2345","1","2","0","0","0","1","0","2","0","2","03","","N","","","","","","","","","","",""
"2022055612","1648","1","0","0","0","0","0","0","0","0","8","0","","67","06","2022","5","40.0359","-75.0424","1646","06","0","0","0","0","0","1","0","0","","0","0","0","16","1","2","01","","0","40 02:09.385","","00","75 02:32.575","3","0","0","0","67301","2","0","0","N","2","0","0","3","67301","0","","1","01","","N","N","N","0","","2","0","0","3","2","","1640","2","3","0","0","1","0","0","2","0","1","03","03","N","","","","","","","","","","",""
"2022032940","1149","1","0","0","0","0","0","0","0","0","4","0","","67","04","2022","1","40.0372","-75.1365","1144","06","0","0","0","0","0","0","0","0","","0","0","0","11","1","3","03","","0","40 02:13.959","","00","75 08:11.315","2","0","0","0","67301","0","0","0","N","0","0","0","3","67301","0","","1","09","","N","N","N","0","","2","1","1","0","0","","1110","3","2","0","1","1","0","0","2","0","2","03","","N","","","","","","","","","","",""
"2022023570","1738","2","0","0","0","0","0","0","0","0","1","0","","67","03","2022","4","39.985","-75.2081","1738","06","0","0","0","1","0","0","0","0","","0","0","0","17","1","0","00","N","0","39 59:06.107","","02","75 12:29.153","0","0","0","0","67301","0","0","0","N","0","0","0","2","68K01","0","","1","01","","N","N","N","0","","0","0","0","0","0","","1738","0","2","0","0","0","0","0","2","0","2","03","","N","","","","","","","","","","",""
"2022044120","1945","0","0","0","0","0","0","0","0","0","4","0","","67","05","2022","3","40.0152","-75.1552","1945","06","0","0","0","1","0","1","0","0","","0","0","0","19","4","0","02","","1","40 00:55.067","6","00","75 09:18.839","0","0","0","0","67301","0","0","0","N","0","0","0","3","67301","0","","1","01","2100","N","Y","N","0","","0","0","2","3","2","Y","1945","0","2","0","0","0","0","0","2","0","2","03","","N","","","","","","","","","","",""
"2022043852","1834","0","0","0","0","0","0","0","0","0","8","0","","67","05","2022","3","40.0826","-74.9872","1822","06","0","0","0","0","0","0","0","0","","0","0","0","18","1","1","00","N","0","40 04:57.260","","00","74 59:14.050","4","0","0","0","67301","1","0","0","N","1","0","0","2","67301","1","","1","01","","N","N","N","0","","0","0","1","0","0","","1821","1","2","0","0","1","0","0","2","0","1","03","03","N","","","","","","","","","","",""
"2022044101","0840","1","0","0","0","0","0","0","0","0","1","0","","67","05","2022","4","40.0238","-75.1335","0840","06","0","0","0","0","0","0","0","0","","0","0","0","08","1","6","00","N","0","40 01:25.840","","03","75 08:00.684","4","0","0","0","67301","0","0","0","N","0","0","0","6","67301","6","","1","09","","N","N","N","0","","0","0","2","0","0","","0840","6","4","0","0","6","0","0","2","1","4","04","07","N","","","","","","","","","","",""
"2022047786","2115","2","0","0","0","0","0","0","0","0","1","0","","67","04","2022","6","40.0105","-75.1239","2110","06","0","0","0","0","0","1","0","0","","0","0","0","21","3","1","00","N","0","40 00:37.640","","00","75 07:26.010","8","0","0","0","67301","0","0","0","N","0","0","0","2","67301","0","","1","01","","N","N","N","0","","0","0","0","0","0","","2110","1","2","0","0","1","1","0","2","0","2","03","03","N","","","","","","","","","","",""
"2022043906","1818","0","0","0","0","0","0","0","0","0","4","0","","67","05","2022","3","40.0548","-75.169","1811","06","0","0","0","0","0","0","0","1","","0","0","0","18","1","2","01","","2","40 03:17.448","6","00","75 10:08.248","3","0","0","0","67301","0","0","0","N","0","0","0","5","67301","0","","1","01","1824","N","N","N","0","","2","0","2","3","2","Y","1808","2","2","0","0","0","0","0","2","0","2","03","98","N","","","","","","","","","","",""
"2022055598","0900","0","0","0","0","0","0","1","0","0","6","2","","67","06","2022","6","40.0585","-75.1658","0840","06","0","0","0","0","0","0","0","0","","0","1","0","07","1","1","00","N","1","40 03:30.571","3","00","75 09:56.717","3","0","0","0","67301","0","0","0","N","0","0","0","3","67301","0","","1","01","1000","Y","N","N","1","","1","0","0","0","0","N","0750","1","3","0","0","0","0","0","2","0","3","03","03","N","","","","","","","","","","",""
"2022055684","1407","1","0","0","0","0","0","0","0","0","4","1","","67","03","2022","5","40.017","-75.1717","1407","06","0","0","0","0","0","0","0","0","","0","1","0","13","1","1","00","N","0","40 01:01.305","","00","75 10:17.993","8","0","0","0","67301","0","0","0","N","0","0","0","2","67301","0","","1","99","","N","N","N","0","","0","0","0","0","0","","1315","1","2","0","0","0","1","0","2","0","2","99","","N","","","","","","","","","","",""
"2022043935","1508","1","0","0","0","0","0","0","0","0","7","0","","67","04","2022","7","40.0118","-75.0882","1508","06","0","0","0","0","0","0","0","0","","0","0","0","15","1","1","00","N","0","40 00:42.337","","01","75 05:17.667","3","0","0","0","67301","0","0","0","N","0","0","0","1","67301","0","","3","01","","N","N","N","0","","1","0","0","0","0","","1507","1","1","0","0","0","0","0","2","0","1","03","03","N","","","","","","","","","","",""
"2022044092","1400","1","0","0","0","0","0","0","0","0","4","0","","67","04","2022","7","40.0531","-75.1378","1355","06","0","0","0","0","0","0","1","0","","0","0","0","12","1","1","01","","0","40 03:11.203","","00","75 08:15.971","2","0","0","0","67301","0","0","0","N","0","0","0","2","67301","0","","1","01","","N","N","N","0","","0","1","1","3","2","","1235","1","2","0","0","0","0","0","2","0","2","03","","N","","","","","","","","","","",""
"2022055698","2251","2","0","0","0","0","0","0","0","0","4","0","","67","06","2022","3","40.0455","-75.0883","2247","06","0","1","1","0","0","0","0","0","","0","0","0","22","3","3","01","","0","40 02:43.859","","00","75 05:17.937","8","0","0","0","67301","0","0","0","N","0","0","0","4","67301","0","","1","09","","N","N","N","1","","0","0","0","3","2","","2247","3","3","0","0","0","3","1","2","0","3","07","","N","","","","","","","","","","",""
"2022039720","0659","1","0","0","0","0","0","0","0","0","7","0","","67","03","2022","1","39.9436","-75.143","0659","06","0","0","0","0","0","0","0","0","","0","0","0","06","1","1","00","N","0","39 56:37.011","","00","75 08:34.816","3","0","0","0","67301","0","0","0","N","0","0","0","1","68K01","0","","4","01","","N","N","N","0","","1","0","0","0","0","","0659","1","1","0","0","0","0","0","2","0","1","03","03","N","","","","","","","","","","",""
"2022024892","1315","1","0","0","0","0","0","0","0","0","4","0","","67","03","2022","7","39.9437","-75.1654","1310","06","0","0","0","0","0","0","0","0","","0","0","0","13","1","0","01","","0","39 56:37.148","","00","75 09:55.602","0","0","0","1","67301","0","0","0","N","0","0","0","3","67301","0","","1","01","","N","N","N","0","","0","0","0","3","2","","1309","0","2","0","0","0","0","0","2","0","2","03","03","N","","","","","","","","","","",""
"2022043879","0824","0","0","0","0","0","0","0","0","0","4","0","","67","05","2022","1","39.8867","-75.2322","0820","06","0","0","0","0","0","0","0","0","","0","0","0","08","1","1","00","N","0","39 53:12.180","","00","75 13:55.760","3","0","0","1","67301","0","0","0","N","0","0","0","2","67301","0","","1","01","","N","N","N","0","","1","0","1","0","0","","0816","1","2","0","0","0","0","0","2","0","2","03","03","N","","","","","","","","","","",""
"2022055611","1500","1","0","0","0","0","0","0","0","0","8","0","","67","06","2022","5","40.0335","-75.036","1440","06","0","0","0","0","0","0","1","0","","0","0","0","14","1","1","00","N","0","40 02:00.770","","00","75 02:09.450","3","0","0","0","67301","1","0","0","N","1","0","0","2","67301","0","","1","01","","N","N","N","0","","1","0","0","0","0","","1439","1","2","0","0","0","0","0","2","0","1","03","03","N","","","","","","","","","","",""
"2022044147","0018","0","0","0","0","0","0","0","0","0","8","0","","67","05","2022","4","39.9865","-75.1579","0007","06","0","0","0","0","0","0","0","0","","0","0","0","22","3","1","01","","0","39 59:11.485","","00","75 09:28.427","8","0","0","0","67301","1","0","0","N","1","0","0","2","67301","0","","1","01","","N","N","N","0","","0","0","0","3","2","","2218","1","2","0","0","0","1","0","2","0","1","03","","N","","","","","","","","","","",""
"2022044127","2000","0","0","0","0","0","0","0","0","0","8","0","","67","05","2022","4","40.0002","-75.1581","1953","06","0","0","0","0","0","0","0","0","","0","0","0","18","1","1","02","","0","40 00:00.734","","00","75 09:29.314","8","0","0","0","67301","1","0","0","N","1","0","0","2","67301","0","","1","01","","N","N","N","0","","0","0","0","0","0","","1850","1","2","0","0","0","1","0","2","0","1","03","03","N","","","","","","","","","","",""
"2022043512","0727","0","0","0","0","0","0","0","0","0","8","0","","67","05","2022","3","39.9513","-75.1991","0726","06","0","0","0","0","0","1","0","0","","0","0","0","07","1","1","01","","0","39 57:04.496","","00","75 11:56.898","8","0","0","0","67301","1","0","0","N","1","0","0","2","67504","0","","1","01","","N","N","N","0","","0","0","1","3","2","","0726","1","2","0","0","0","1","0","2","0","1","03","","N","","","","","","","","","","",""
"2022032908","2224","1","0","0","0","0","0","0","0","0","4","0","","67","04","2022","2","39.9558","-75.2441","2220","06","0","0","0","0","0","0","0","0","","0","0","0","22","3","1","01","","0","39 57:20.703","","00","75 14:38.731","8","0","0","0","67301","0","0","0","N","0","0","0","2","67301","0","","1","01","","N","N","N","1","","0","0","0","3","3","","2200","1","2","0","0","0","1","0","2","0","2","03","03","N","","","","","","","","","","",""
"2022039580","1530","0","0","0","0","0","0","0","0","0","7","0","","67","03","2022","5","39.9469","-75.1423","1515","06","0","0","0","0","0","1","0","0","","0","0","0","15","1","0","00","N","0","39 56:48.791","","00","75 08:32.357","0","0","0","0","67301","0","0","0","N","0","0","0","1","68Z99","0","","2","01","","N","N","N","1","","0","0","0","0","0","","1510","0","1","0","0","0","0","0","2","0","1","03","03","N","","","","","","","","","","",""
"2022043993","2226","2","0","0","0","0","0","0","0","0","4","0","","67","05","2022","2","39.9917","-75.1856","2225","06","0","0","0","1","0","0","0","0","","0","0","0","22","3","3","01","","0","39 59:30.115","","00","75 11:08.190","3","0","0","0","67301","0","0","0","N","0","0","0","3","67301","0","","1","01","","N","N","N","0","","3","0","0","3","2","","2220","3","2","0","0","1","0","0","2","0","2","03","03","N","","","","","","","","","","",""
"2022043995","1845","0","0","0","0","0","0","0","0","0","4","0","","67","05","2022","3","39.982","-75.1837","1840","06","0","0","0","0","0","0","1","0","","0","0","0","18","1","1","05","","0","39 58:55.221","","00","75 11:01.327","8","0","0","0","67301","0","0","0","N","0","0","0","1","67301","0","","1","01","","N","N","N","0","","0","0","2","3","2","","1840","1","2","0","0","0","1","0","2","0","2","03","03","N","","","","","","","","","","",""
"2022055550","0055","1","0","0","0","0","0","0","0","0","8","0","","67","06","2022","7","39.942","-75.1523","0050","06","0","0","0","0","0","0","0","0","","0","0","0","00","3","1","01","","0","39 56:31.243","","00","75 09:08.396","3","0","0","0","67301","1","0","0","N","1","0","0","1","67301","0","","4","01","","N","N","N","0","","1","0","0","3","2","","0028","1","2","0","0","0","0","0","2","0","1","03","","N","","","","","","","","","","",""
"2022043882","1440","1","0","0","0","0","0","0","0","0","8","0","","67","05","2022","2","39.9371","-75.2267","1434","06","0","0","0","0","0","0","0","0","","0","0","0","14","1","1","01","","0","39 56:13.549","","00","75 13:35.979","8","0","0","0","67301","1","0","0","N","1","0","0","2","67301","0","","1","01","","N","N","N","0","","0","0","0","0","0","","1424","1","2","0","0","0","1","0","2","0","1","03","03","N","","","","","","","","","","",""
"2022044098","2127","1","0","0","0","0","0","0","0","0","8","0","","67","05","2022","2","40.0234","-75.1451","2125","06","0","0","0","0","0","0","0","0","","0","0","0","21","1","1","00","N","0","40 01:24.410","","00","75 08:42.250","3","0","0","0","67301","1","0","0","N","1","0","0","2","67301","0","","4","01","","N","N","N","0","","1","0","0","0","0","","2117","1","2","0","0","0","0","0","2","0","1","03","","N","","","","","","","","","","",""
"2022055602","1549","2","0","0","0","0","0","0","0","0","4","0","","67","06","2022","7","40.0861","-75.2119","1530","06","0","0","0","0","0","1","0","0","","0","0","0","13","1","1","01","","0","40 05:09.747","","00","75 12:42.989","3","0","0","0","67301","0","0","0","N","0","0","0","3","67301","0","","1","01","","N","N","N","0","","1","0","0","3","1","","1350","1","2","0","0","3","0","0","2","0","2","03","","N","","","","","","","","","","",""
"2022043822","1523","2","0","0","0","0","0","0","0","0","4","0","","67","05","2022","3","40.0308","-75.2268","1519","06","0","0","1","0","0","0","0","0","","0","0","0","14","1","1","01","","0","40 01:50.908","","00","75 13:36.400","3","0","0","0","67301","0","0","0","N","0","0","0","2","67301","0","","1","01","","N","N","N","0","","1","0","0","3","3","","1442","1","2","0","0","0","0","0","2","0","2","03","03","N","","","","","","","","","","",""
"2022044095","1240","0","0","0","0","0","0","0","0","0","4","0","","67","05","2022","1","40.0522","-75.1426","1240","06","0","0","0","0","0","0","0","0","","0","0","0","11","1","1","01","","0","40 03:07.847","","00","75 08:33.529","4","0","0","0","67301","0","0","0","N","0","0","0","2","67301","1","","1","01","","N","N","N","0","","0","0","2","3","3","","1130","1","2","0","0","0","0","1","2","0","2","03","","N","","","","","","","","","","",""
"2022047196","1415","0","0","0","0","0","0","0","0","0","3","0","","67","05","2022","4","39.9642","-75.2336","1415","06","0","0","0","0","0","0","1","0","","0","0","0","11","1","1","00","N","0","39 57:51.200","","00","75 14:00.930","8","0","0","0","67301","0","0","0","N","0","0","0","3","67301","0","","1","01","","N","N","N","1","","0","0","1","0","0","","1124","1","2","0","0","0","1","1","2","0","2","03","03","N","","","","","","","","","","",""
"2022044077","2113","0","0","0","0","0","0","0","0","0","4","0","","67","05","2022","3","39.9896","-75.1337","2108","06","0","0","0","0","0","1","0","0","","0","0","0","21","3","0","01","","0","39 59:22.631","","00","75 08:01.211","9","0","0","0","67301","0","0","0","N","0","0","0","2","67301","0","","1","01","","N","N","N","0","","0","0","0","3","3","","2106","0","2","0","0","0","0","1","2","1","2","03","","N","","","","","","","","","","",""
"2022055578","1852","2","0","0","0","0","0","0","0","0","4","0","","67","06","2022","4","40.088","-74.9658","1849","06","0","1","0","0","0","0","1","0","","0","0","0","18","1","0","01","","0","40 05:16.773","","00","74 57:56.746","9","0","0","0","67301","0","0","0","N","0","0","0","3","67301","0","","1","01","","N","N","N","0","","0","0","0","3","2","","1844","0","2","0","0","0","0","1","2","0","2","03","03","N","","","","","","","","","","",""
"2022044115","1300","0","0","0","0","0","0","0","0","0","0","0","","67","04","2022","7","40.007","-75.1919","1250","06","0","0","0","0","0","0","0","0","","0","0","0","12","1","1","02","","0","40 00:25.263","","00","75 11:30.776","2","0","1","1","67301","0","0","0","N","0","0","0","1","67301","0","","1","03","","N","N","N","0","","0","1","0","0","0","","1245","1","1","0","0","0","0","0","2","0","1","03","03","N","","","","","","","","","","",""
"2022055628","1005","0","0","0","0","0","0","0","0","0","4","1","","67","06","2022","3","39.9345","-75.1796","1005","06","0","0","0","0","0","0","0","0","","0","0","0","09","1","1","01","","0","39 56:04.026","","00","75 10:46.467","8","0","0","0","67301","0","0","0","N","0","0","0","2","67301","0","","1","01","","N","N","N","1","","0","0","1","3","2","","0954","1","2","0","0","0","1","0","2","0","2","03","03","N","","","","","","","","","","",""
"2022048834","1239","0","0","0","0","0","0","0","0","0","8","1","","67","05","2022","2","39.9447","-75.1582","1236","06","0","0","0","0","0","0","0","0","","0","1","0","12","1","1","01","","0","39 56:40.959","","00","75 09:29.607","3","0","0","0","67301","1","0","0","N","1","0","0","2","67301","0","","1","01","","N","N","N","0","","1","0","0","3","2","","1230","1","2","0","0","1","0","0","2","0","1","03","03","N","","","","","","","","","","",""
"2022044530","1555","1","0","0","0","0","0","0","0","0","8","0","","67","05","2022","3","39.9546","-75.226","1552","06","0","0","0","0","0","0","0","0","","0","0","0","15","1","1","01","","0","39 57:16.492","","00","75 13:33.613","3","0","0","0","67301","1","0","0","N","1","0","0","2","67301","0","","1","01","","N","N","N","0","","1","0","0","3","2","","1547","1","2","0","0","0","0","0","2","0","1","03","03","N","","","","","","","","","","",""
"2022055571","1315","1","0","0","0","0","0","0","0","0","8","0","","67","06","2022","5","40.1023","-75.0283","1308","06","0","0","0","0","0","0","0","0","","0","0","0","13","1","1","00","N","0","40 06:08.270","","00","75 01:41.830","3","0","0","0","67301","1","0","0","N","1","0","0","2","67301","0","","1","01","","N","N","N","0","","1","0","0","0","0","","1305","1","2","0","0","0","0","0","2","0","1","03","","N","","","","","","","","","","",""
"2022043952","1810","0","0","0","0","0","0","0","0","0","4","0","","67","05","2022","2","39.993","-75.2176","1805","06","0","0","0","0","0","0","0","0","","0","0","0","17","1","0","01","","0","39 59:34.723","","00","75 13:03.338","0","0","0","0","67301","0","0","0","N","0","0","0","2","67301","0","","1","01","","N","N","N","0","","0","0","2","3","2","","1728","0","2","0","0","0","0","0","2","0","2","03","","N","","","","","","","","","","",""
"2022050554","1946","3","0","0","0","0","0","0","0","0","1","0","","67","05","2022","1","39.9553","-75.2279","1944","06","0","0","0","0","0","0","0","0","","0","0","0","19","1","1","00","N","0","39 57:19.100","","00","75 13:40.400","3","0","0","0","67301","0","0","0","N","0","0","0","2","67301","0","","1","01","","N","N","Y","0","","1","0","2","0","0","","1944","1","5","0","0","1","0","1","2","0","5","04","04","N","","","","","","","","","","",""