"CRN","ARRIVAL_TM","AUTOMOBILE_COUNT","BELTED_DEATH_COUNT","BELTED_SUSP_SERIOUS_INJ_COUNT","BICYCLE_COUNT","BICYCLE_DEATH_COUNT","BICYCLE_SUSP_SERIOUS_INJ_COUNT","BUS_COUNT","CHLDPAS_DEATH_COUNT","CHLDPAS_SUSP_SERIOUS_INJ_COUNT","COLLISION_TYPE","COMM_VEH_COUNT","CONS_ZONE_SPD_LIM","COUNTY","CRASH_MONTH","CRASH_YEAR","DAY_OF_WEEK","DEC_LAT","DEC_LONG","DISPATCH_TM","DISTRICT","DRIVER_COUNT_16YR","DRIVER_COUNT_17YR","DRIVER_COUNT_18YR","DRIVER_COUNT_19YR","DRIVER_COUNT_20YR","DRIVER_COUNT_50_64YR","DRIVER_COUNT_65_74YR","DRIVER_COUNT_75PLUS","EST_HRS_CLOSED","FATAL_COUNT","HEAVY_TRUCK_COUNT","HORSE_BUGGY_COUNT","HOUR_OF_DAY","ILLUMINATION","INJURY_COUNT","INTERSECT_TYPE","INTERSECTION_RELATED","LANE_CLOSED","LATITUDE","LN_CLOSE_DIR","LOCATION_TYPE","LONGITUDE","MAX_SEVERITY_LEVEL","MCYCLE_DEATH_COUNT","MCYCLE_SUSP_SERIOUS_INJ_COUNT","MOTORCYCLE_COUNT","MUNICIPALITY","NONMOTR_COUNT","NONMOTR_DEATH_COUNT","NONMOTR_SUSP_SERIOUS_INJ_COUNT","NTFY_HIWY_MAINT","PED_COUNT","PED_DEATH_COUNT","PED_SUSP_SERIOUS_INJ_COUNT","PERSON_COUNT","POLICE_AGCY","POSSIBLE_INJ_COUNT","RDWY_SURF_TYPE_CD","RELATION_TO_ROAD","ROAD_CONDITION","ROADWAY_CLEARED","SCH_BUS_IND","SCH_ZONE_IND","SECONDARY_CRASH","SMALL_TRUCK_COUNT","SPEC_JURIS_CD","SUSP_MINOR_INJ_COUNT","SUSP_SERIOUS_INJ_COUNT","SUV_COUNT","TCD_FUNC_CD","TCD_TYPE","TFC_DETOUR_IND","TIME_OF_DAY","TOT_INJ_COUNT","TOTAL_UNITS","UNB_DEATH_COUNT","UNB_SUSP_SERIOUS_INJ_COUNT","UNBELTED_OCC_COUNT","UNK_INJ_DEG_COUNT","UNK_INJ_PER_COUNT","URBAN_RURAL","VAN_COUNT","VEHICLE_COUNT","WEATHER1","WEATHER2","WORK_ZONE_IND","WORK_ZONE_LOC","WORK_ZONE_TYPE","WORKERS_PRES","WZ_CLOSE_DETOUR","WZ_FLAGGER","WZ_LAW_OFFCR_IND","WZ_LN_CLOSURE","WZ_MOVING","WZ_OTHER","WZ_SHLDER_MDN","WZ_WORKERS_INJ_KILLED"
"2022063045","0000","3","0","0","0","0","0","0","0","0","5","0","","67","05","2022","7","39.9506","-75.2148","2358","06","0","0","0","0","0","0","0","0","","0","0","0","23","3","1","00","N","0","39 57:02.010","","00","75 12:53.230","8","0","0","0","67301","0","0","0","N","0","0","0","2","67301","0","","6","01","","N","N","N","0","","0","0","0","0","0","","2325","1","3","0","0","0","1","0","2","0","3","03","03","N","","","","","","","","","","",""
"2022066279","1636","1","0","0","0","0","0","0","0","0","4","0","","67","07","2022","3","40.0972","-75.0181","1636","06","0","0","0","0","0","0","0","0","","0","0","0","16","1","2","01","","0","40 05:49.760","","00","75 01:05.283","8","0","0","0","67301","0","0","0","N","0","0","0","2","67301","0","","1","01","","N","N","N","0","","0","0","1","3","2","","1620","2","2","0","0","0","2","0","2","0","2","03","","N","","","","","","","","","","",""
"2022065867","2156","2","0","0","0","0","0","0","0","0","4","0","","67","07","2022","1","40.0553","-75.0734","2152","06","0","0","0","1","0","1","0","0","","0","0","0","21","3","1","01","","0","40 03:19.168","","00","75 04:23.497","3","0","0","0","67301","0","0","0","N","0","0","0","2","67301","0","","1","01","","N","N","N","0","","1","0","0","3","2","","2150","1","2","0","0","1","0","1","2","0","2","03","","N","","","","","","","","","","",""
"2022057681","","0","0","0","0","0","0","0","0","0","5","0","","67","03","2022","4","40.0611","-75.0833","","06","0","0","0","0","0","0","0","0","","0","0","0","15","1","1","00","N","0","40 03:40.139","","00","75 04:59.776","8","0","0","0","67301","0","0","0","N","0","0","0","2","00000","0","","1","01","","","","N","0","","0","0","1","0","0","","1554","1","2","0","0","0","1","0","2","1","2","03","","N","","","","","","","","","","",""
"2022063343","2305","0","0","0","0","0","0","0","0","0","4","1","","67","07","2022","6","39.9558","-75.1807","2303","06","0","0","0","0","0","1","0","0","","0","1","0","23","3","0","03","","0","39 57:20.795","","03","75 10:50.512","0","0","0","0","67301","0","0","0","N","0","0","0","2","67301","0","","1","01","","N","N","N","0","","0","0","1","3","2","","2303","0","2","0","0","0","0","0","2","0","2","03","","N","","","","","","","","","","",""
"2022066278","1125","1","0","0","0","0","0","0","0","0","8","0","","67","07","2022","3","40.108","-75.0268","1125","06","0","0","0","0","0","0","0","1","","0","0","0","11","1","1","03","","0","40 06:28.859","","00","75 01:36.445","3","0","0","0","67301","1","0","0","N","1","0","0","2","67301","0","","1","01","","N","N","N","0","","1","0","0","3","2","","1120","1","2","0","0","0","0","0","2","0","1","03","03","N","","","","","","","","","","",""
"2022033230","","1","0","0","0","0","0","0","0","0","4","0","","67","03","2022","1","39.9404","-75.2366","","06","0","0","0","0","0","0","0","0","","0","0","0","00","3","2","01","","0","39 56:25.327","","00","75 14:11.791","8","0","0","0","67301","0","0","0","N","0","0","0","4","00000","0","","1","01","","","","N","0","","0","0","1","3","2","","0030","2","2","0","0","0","2","0","2","0","2","03","","N","","","","","","","","","","",""
"2022063052","0234","1","0","0","0","0","0","0","0","0","1","0","","67","03","2022","1","39.9756","-75.2232","0234","06","0","0","0","0","0","1","0","0","","0","0","0","02","3","2","00","N","2","39 58:31.996","6","00","75 13:23.555","8","0","0","0","67301","0","0","0","N","0","0","0","3","67301","0","","1","01","0030","N","N","N","0","","0","0","1","0","0","Y","0230","2","2","0","0","0","2","0","2","0","2","03","03","N","","","","","","","","","","",""
"2022064489","1130","0","0","0","0","0","0","0","0","0","4","1","","67","07","2022","3","40.1","-75.0083","1123","06","0","0","0","0","0","2","0","0","","0","1","0","11","1","1","02","","2","40 05:59.558","1","00","75 00:29.443","2","0","1","1","67301","0","0","0","N","0","0","0","2","67301","0","","1","01","1330","N","N","N","0","","0","1","0","3","2","Y","1120","1","2","0","0","0","0","0","2","0","2","03","03","N","","","","","","","","","","",""
"2022049900","1708","0","0","0","0","0","0","0","0","0","8","0","","67","05","2022","7","40.0014","-75.119","1704","06","0","0","0","0","0","0","0","0","","0","0","0","16","1","1","00","N","0","40 00:05.010","","00","75 07:08.230","2","0","0","0","67301","1","0","1","N","1","0","1","2","67301","0","","1","01","","N","N","N","0","","0","1","1","0","0","","1600","1","2","0","0","0","0","0","2","0","1","03","","N","","","","","","","","","","",""
"2022058306","1919","2","0","0","0","0","0","0","0","0","0","0","","67","05","2022","4","40.0231","-75.0347","1915","06","0","0","1","1","0","0","0","0","","0","0","0","19","1","0","00","N","0","40 01:23.187","","03","75 02:04.758","0","0","0","0","67301","0","0","0","N","0","0","0","5","68K01","0","","1","01","","N","N","N","3","","0","0","0","0","0","","1914","0","5","0","0","0","0","0","2","0","5","03","03","N","","","","","","","","","","",""
"2022041565","","1","0","0","0","0","0","0","0","0","1","0","","67","03","2022","1","","","","06","0","0","1","0","0","0","0","0","","0","0","0","23","3","2","00","N","0","","","03","","8","0","0","0","67301","0","0","0","N","0","0","0","3","00000","0","","1","01","","","","N","0","","0","0","0","0","0","","2310","2","2","0","0","0","2","0","1","0","2","03","","N","","","","","","","","","","",""
"2022054320","1700","0","0","0","0","0","0","0","0","0","4","0","","67","05","2022","5","39.9244","-75.1696","1700","06","0","0","0","0","0","0","0","0","","0","0","0","17","1","2","01","","0","39 55:27.728","","00","75 10:10.600","4","0","0","0","67301","0","0","0","N","0","0","0","3","67508","1","","1","01","","N","N","N","0","","0","0","2","1","2","","1700","2","2","0","0","0","1","0","2","0","2","03","03","N","","","","","","","","","","",""
"2022050819","1820","1","0","0","0","0","0","0","0","0","1","0","","67","05","2022","7","40.012","-75.0977","1820","06","0","0","0","0","0","0","0","0","","0","0","0","00","3","0","00","N","0","40 00:43.316","","00","75 05:51.745","0","0","0","0","67301","0","0","0","N","0","0","0","1","67301","0","","6","09","","N","N","N","0","","0","0","0","0","0","","0000","0","2","0","0","0","0","0","2","0","2","04","","N","","","","","","","","","","",""
"2022064679","0231","1","0","0","0","0","0","0","0","0","7","0","","67","06","2022","5","39.9838","-75.2083","0230","06","0","0","0","0","1","0","0","0","","0","0","0","02","3","1","00","N","1","39 59:01.619","4","00","75 12:29.823","3","0","0","0","67301","0","0","0","N","0","0","0","1","68K01","0","","4","09","0300","N","N","N","0","","1","0","0","0","0","N","0229","1","1","0","0","0","0","0","2","0","1","07","","N","","","","","","","","","","",""
"2022039424","","1","0","0","0","0","0","0","0","0","4","0","","67","03","2022","1","39.9796","-75.2344","","06","0","0","0","0","0","0","1","0","","0","0","0","21","1","1","01","","0","39 58:46.600","","07","75 14:03.900","8","0","0","0","67301","0","0","0","N","0","0","0","2","00000","0","","1","01","","","","N","0","","0","0","1","3","3","","2130","1","2","0","0","0","1","0","2","0","2","03","","N","","","","","","","","","","",""
"2022065484","1320","2","0","0","0","0","0","0","0","0","4","0","","67","07","2022","1","39.9599","-75.1938","1319","06","0","0","0","0","0","1","0","0","","0","0","0","13","1","0","01","N","0","39 57:35.571","","00","75 11:37.629","0","0","0","0","67301","0","0","0","N","0","0","0","8","67507","0","","1","01","","N","N","N","0","","0","0","0","3","2","","1318","0","2","0","0","0","0","0","2","0","2","03","","N","","","","","","","","","","",""
"2022049082","0214","2","0","0","0","0","0","0","0","0","4","0","","67","05","2022","5","40.0392","-75.11","0212","06","0","0","0","0","0","0","0","0","","0","0","0","02","3","1","01","","0","40 02:20.942","","00","75 06:36.006","3","0","0","0","67301","0","0","0","N","0","0","0","3","67301","0","","1","01","","N","N","Y","0","","1","0","1","3","2","","0211","1","3","0","0","0","0","0","2","0","3","03","","N","","","","","","","","","","",""
"2022049747","1036","1","0","0","0","0","0","0","0","0","5","0","","67","05","2022","6","40.0339","-75.0463","1033","06","0","0","0","0","0","0","0","0","","0","0","0","10","1","0","00","N","0","40 02:02.190","","00","75 02:46.716","0","0","0","0","67301","0","0","0","N","0","0","0","1","67301","0","","6","01","","N","N","N","0","","0","0","1","0","0","","1024","0","2","0","0","0","0","0","2","0","2","04","","N","","","","","","","","","","",""
"2022065799","0018","0","0","0","0","0","0","0","0","0","8","0","","67","07","2022","1","40.0331","-75.1706","0018","06","0","0","0","0","0","0","0","0","","1","0","0","00","3","0","01","","2","40 01:59.289","5","00","75 10:14.197","1","0","0","0","67301","1","1","0","N","1","1","0","2","67301","0","1","1","01","0203","N","N","N","0","0","0","0","1","3","2","Y","0014","0","2","0","0","0","0","1","2","0","1","03","04","N","","","","","","","","","","",""
"2022053022","1350","1","0","0","0","0","0","0","0","0","4","0","","67","05","2022","1","39.9381","-75.2289","1346","06","0","0","0","0","0","0","0","0","","0","0","0","13","1","1","01","","0","39 56:17.278","","00","75 13:43.878","8","0","0","0","67301","0","0","0","N","0","0","0","4","67301","0","","1","01","","N","N","N","0","","0","0","2","3","3","","1341","1","3","0","0","0","1","1","2","0","3","03","","N","","","","","","","","","","",""
"2022064021","2110","0","0","0","0","0","0","0","0","0","98","0","","67","07","2022","1","39.8814","-75.2535","2110","06","0","0","0","0","0","0","0","0","","0","0","0","21","3","1","02","","0","39 52:54.000","","00","75 15:12.310","3","0","0","1","67301","0","0","0","N","0","0","0","1","67301","0","","1","01","","N","N","N","0","","1","0","0","0","0","","2100","1","1","0","0","0","0","0","2","0","1","03","03","N","","","","","","","","","","",""
"2022046394","","0","0","0","0","0","0","0","0","0","1","0","","67","03","2022","1","","","","06","0","0","0","0","0","2","0","0","","0","0","0","14","1","1","00","N","0","","","00","","8","0","0","0","67301","0","0","0","N","0","0","0","2","00000","0","","1","01","","","","N","0","","0","0","1","0","0","","1400","1","2","0","0","0","1","0","1","1","2","03","","N","","","","","","","","","","",""
"2022037162","","1","0","0","0","0","0","0","0","0","1","0","","67","04","2022","2","40.0287","-75.2055","","06","0","0","0","0","0","0","0","0","","0","0","0","14","1","1","01","","0","40 01:43.183","","00","75 12:19.909","8","0","0","0","67301","0","0","0","N","0","0","0","2","00000","0","","1","01","","","","N","0","","0","0","0","3","2","","1420","1","2","0","0","0","1","0","2","0","2","03","","N","","","","","","","","","","",""
"2022063660","0840","1","0","0","0","0","0","0","0","0","5","1","","67","06","2022","6","39.9679","-75.1344","0840","06","0","0","0","0","0","0","0","0","","0","1","0","08","1","0","00","N","0","39 58:04.281","","00","75 08:03.904","0","0","0","0","67301","0","0","0","N","0","0","0","1","67301","0","","6","01","","N","N","N","0","","0","0","0","0","0","","0815","0","2","0","0","1","0","0","2","0","2","03","","N","","","","","","","","","","",""
"2022063926","0623","0","1","0","0","0","0","0","0","0","1","0","","67","04","2022","1","39.8909","-75.1995","0611","06","0","0","0","0","0","1","0","0","","1","0","0","05","2","2","00","N","2","39 53:27.417","1","03","75 11:58.162","1","0","0","0","67301","0","0","0","N","0","0","0","3","68K01","0","1","1","01","0835","N","N","N","0","0","0","1","2","0","0","N","0551","2","2","0","1","1","1","0","2","0","2","03","","N","","","","","","","","","","",""
"2022065627","2001","0","0","0","0","0","0","0","0","0","7","0","","67","07","2022","1","40.0572","-75.0085","2000","06","0","0","0","0","0","0","0","0","","0","1","0","19","1","0","00","N","0","40 03:26.068","","00","75 00:30.701","9","0","0","0","67301","0","0","0","N","0","0","0","1","67301","0","","4","01","","N","N","N","0","","0","0","0","0","0","","1958","0","1","0","0","0","0","1","2","0","1","03","03","N","","","","","","","","","","",""
"2022064675","1939","2","0","0","0","0","0","0","0","0","1","0","","67","06","2022","3","39.8978","-75.1859","1938","06","0","0","0","0","0","0","0","0","","0","0","0","19","1","2","00","N","1","39 53:52.164","2","00","75 11:09.119","3","0","0","0","67301","0","0","0","N","0","0","0","2","68K01","0","","1","01","2021","N","N","N","0","","2","0","0","0","0","Y","1933","2","2","0","0","0","0","0","2","0","2","03","03","N","","","","","","","","","","",""
"2022064379","1533","0","0","0","0","0","0","0","0","0","7","0","","67","07","2022","7","39.9579","-75.1408","1524","06","0","0","0","0","0","0","0","0","","0","0","0","15","1","0","00","N","2","39 57:28.504","1","00","75 08:26.704","0","0","0","0","67301","0","0","0","N","0","0","0","1","68K03","0","","2","01","1600","N","N","N","0","","0","0","0","0","0","N","1520","0","1","0","0","0","0","0","2","1","1","04","04","N","","","","","","","","","","",""
"2022065945","1023","1","0","0","0","0","0","0","0","0","1","0","","67","07","2022","3","39.9837","-75.0976","1004","06","0","0","0","1","0","1","0","0","","0","0","0","10","1","4","00","N","0","39 59:01.267","","00","75 05:51.265","4","0","0","0","67301","0","0","0","N","0","0","0","6","68K01","4","","1","01","","N","N","N","0","","0","0","2","0","0","","1002","4","3","0","0","0","0","0","2","0","3","03","03","N","","","","","","","","","","",""
"2022049751","0409","1","0","0","0","0","0","0","0","0","5","0","","67","05","2022","7","40.0253","-75.1946","0401","06","0","0","0","0","0","0","0","0","","0","0","0","03","3","0","00","N","0","40 01:31.230","","00","75 11:40.560","9","0","0","0","67301","0","0","0","N","0","0","0","2","67301","0","","1","08","","N","N","N","0","","0","0","1","0","0","","0308","0","2","0","0","0","0","1","2","0","2","07","04","N","","","","","","","","","","",""
"2022035454","","2","0","0","0","0","0","0","0","0","4","0","","67","04","2022","6","39.9438","-75.2379","","06","0","0","0","0","0","0","0","0","","0","0","0","16","1","2","01","","0","39 56:37.812","","00","75 14:16.207","8","0","0","0","67301","0","0","0","N","0","0","0","3","00000","0","","1","01","","","","N","0","","0","0","0","3","2","","1615","2","2","0","0","0","2","0","2","0","2","03","","N","","","","","","","","","","",""
"2022049537","1654","1","0","0","0","0","0","0","0","0","8","0","","67","05","2022","5","39.9307","-75.2183","1649","06","0","0","0","0","0","0","0","0","","0","0","0","16","1","1","02","","0","39 55:50.295","","00","75 13:06.020","3","0","0","0","67301","1","0","0","N","1","0","0","2","67301","0","","1","01","","N","N","N","0","","1","0","0","0","0","","1645","1","2","0","0","0","0","0","2","0","1","03","03","N","","","","","","","","","","",""
"2022063033","1735","2","0","0","0","0","0","0","0","0","5","1","","67","07","2022","5","39.8978","-75.2115","1706","06","0","0","0","1","0","1","0","0","","0","1","0","16","1","3","00","N","2","39 53:52.018","6","03","75 12:41.295","2","0","0","0","67301","0","0","0","N","0","0","0","4","67301","0","","1","99","1800","N","N","N","0","","2","1","0","0","0","Y","1630","3","3","0","0","0","0","0","2","0","3","03","","N","","","","","","","","","","",""
"2022063067","0023","1","0","0","0","0","0","0","0","0","8","0","","67","05","2022","3","39.9726","-75.2178","2230","06","0","0","0","0","0","0","0","0","","0","0","0","22","3","1","03","","0","39 58:21.476","","00","75 13:03.992","8","0","0","0","67301","1","0","0","N","1","0","0","2","67301","0","","1","01","","N","N","N","0","","0","0","0","3","2","","2220","1","2","0","0","0","1","0","2","0","1","03","03","N","","","","","","","","","","",""
"2022063154","1450","1","0","0","0","0","0","0","0","0","1","0","","67","06","2022","5","39.9969","-75.1967","1447","06","0","0","0","0","0","0","0","0","","0","0","0","14","1","1","00","N","1","39 59:48.743","3","00","75 11:48.060","8","0","0","0","67301","0","0","0","N","0","0","0","3","68K01","0","","1","01","0100","N","N","N","1","","0","0","0","0","0","Y","1433","1","2","0","0","0","1","0","2","0","2","03","","N","","","","","","","","","","",""
"2022049760","1815","1","0","0","0","0","0","0","0","0","8","0","","67","05","2022","5","39.9374","-75.1522","1807","06","0","0","0","0","0","0","0","0","","0","0","0","16","1","1","00","N","0","39 56:14.770","","00","75 09:07.800","3","0","0","0","67301","1","0","0","N","1","0","0","2","67301","0","","1","01","","N","N","N","0","","1","0","0","0","0","","1610","1","2","0","0","0","0","0","2","0","1","03","03","N","","","","","","","","","","",""
"2022063066","2105","3","0","0","0","0","0","0","0","0","5","0","","67","05","2022","6","39.9775","-75.2369","2103","06","0","0","0","0","0","1","0","0","","0","0","0","21","3","1","00","N","0","39 58:38.840","","00","75 14:12.950","3","0","0","0","67301","0","0","0","N","0","0","0","3","67301","0","","6","01","","N","N","N","0","","1","0","1","0","0","","2100","1","4","0","0","0","0","0","2","0","4","03","03","N","","","","","","","","","","",""
"2022050728","0745","1","0","0","0","0","0","0","0","0","4","0","","67","05","2022","7","40.0332","-75.0378","0744","06","0","0","0","0","0","0","0","0","","0","0","0","07","1","2","01","","0","40 01:59.865","","00","75 02:15.694","4","0","0","0","67301","0","0","0","N","0","0","0","2","67301","2","","1","09","","N","N","N","0","","0","0","1","3","2","","0740","2","2","0","0","0","0","0","2","0","2","04","","N","","","","","","","","","","",""
"2022063054","0320","2","0","0","0","0","0","0","0","0","1","0","","67","03","2022","6","39.9872","-75.2443","0312","06","0","0","0","0","0","0","0","0","","0","0","0","02","3","0","00","N","1","39 59:13.900","3","00","75 14:39.500","0","0","0","0","67301","0","0","0","N","0","0","0","1","67301","0","","6","01","0400","N","N","N","0","","0","0","1","0","0","Y","0230","0","3","0","0","0","0","0","2","0","3","03","","N","","","","","","","","","","",""
"2022062937","2226","1","0","0","1","0","0","0","0","0","8","0","","67","05","2022","4","39.9503","-75.1994","2224","06","0","0","0","0","0","0","0","0","","0","0","0","22","3","1","00","N","1","39 57:01.047","1","00","75 11:57.876","3","0","0","0","67301","1","0","0","N","0","0","0","2","67504","0","","1","01","2250","N","N","N","0","","1","0","0","3","2","N","2222","1","2","0","0","0","0","0","2","0","1","03","","N","","","","","","","","","","",""
"2022064630","0330","1","0","0","0","0","0","0","0","0","2","0","","67","07","2022","4","40.0361","-75.0879","0311","06","0","0","0","1","0","0","0","0","","0","0","0","03","3","1","01","","0","40 02:09.819","","00","75 05:16.319","4","0","0","0","67301","0","0","0","N","0","0","0","1","67301","1","","1","01","","N","N","N","0","","0","0","2","3","2","","0311","1","3","0","0","0","0","0","2","0","3","03","","N","","","","","","","","","","",""
"2022062287","2305","1","0","0","0","0","0","0","0","0","4","0","","67","05","2022","7","39.9536","-75.1986","2303","06","0","0","0","1","0","1","0","0","","0","0","0","23","3","2","01","","0","39 57:13.089","","00","75 11:55.030","3","0","0","0","67301","0","0","0","N","0","0","0","3","67504","0","","1","01","","N","N","N","0","","2","0","0","3","2","","2300","2","2","0","0","0","0","0","2","1","2","03","03","N","","","","","","","","","","",""
"2022063147","1005","1","0","0","0","0","0","0","0","0","7","0","","67","06","2022","1","39.9825","-75.1001","0953","06","0","0","0","1","0","0","0","0","","0","0","0","09","1","1","00","N","1","39 58:57.083","4","00","75 06:00.492","8","0","0","0","67301","0","0","0","N","0","0","0","1","68K01","0","","2","01","0045","N","N","N","0","","0","0","0","0","0","Y","0951","1","1","0","0","0","1","0","2","0","1","03","","N","","","","","","","","","","",""
"2022050657","2225","1","0","0","0","0","0","0","0","0","4","0","","67","05","2022","1","40.0278","-75.0601","2214","06","0","0","0","0","0","0","0","0","","0","0","0","22","3","1","01","","0","40 01:40.042","","00","75 03:36.277","3","0","0","1","67301","0","0","0","N","0","0","0","2","67301","0","","1","01","","N","N","N","0","","1","0","0","3","2","","2212","1","2","0","0","0","0","0","2","0","2","03","03","N","","","","","","","","","","",""
"2022064338","0726","0","0","0","0","0","0","0","0","0","7","0","","67","06","2022","5","39.9948","-75.0837","0726","06","0","0","0","0","0","0","0","0","","0","0","0","05","5","0","00","N","0","39 59:41.268","","00","75 05:01.201","0","0","0","0","67301","0","0","0","N","0","0","0","1","68K01","0","","2","09","","N","N","N","0","","0","0","0","0","0","","0556","0","1","0","0","0","0","0","2","1","1","07","07","N","","","","","","","","","","",""
"2022063950","0303","1","0","0","0","0","0","0","0","0","7","0","","67","06","2022","7","39.9487","-75.1853","0259","06","0","0","0","0","0","0","0","0","","0","0","0","02","3","0","00","N","2","39 56:55.484","4","00","75 11:07.169","0","0","0","0","67301","0","0","0","N","0","0","0","1","68K01","0","","4","01","0315","N","N","N","0","","0","0","0","0","0","N","0259","0","1","0","0","0","0","0","2","0","1","03","03","N","","","","","","","","","","",""
"2022063027","1725","1","0","0","0","0","0","0","0","0","2","0","","67","07","2022","4","40.059","-75.0441","1706","06","0","0","0","0","0","0","0","0","","0","0","0","17","1","1","01","","0","40 03:32.389","","00","75 02:38.685","3","0","0","0","67301","0","0","0","N","0","0","0","2","67301","0","","1","01","","N","N","N","0","","1","0","1","3","2","","1701","1","2","0","0","0","0","0","2","0","2","03","03","N","","","","","","","","","","",""
"2022048871","1123","0","0","0","0","0","0","0","0","0","1","0","","67","05","2022","4","40.0584","-75.1657","1123","06","0","0","0","0","0","0","0","0","","0","0","0","11","1","1","00","N","0","40 03:30.168","","00","75 09:56.684","4","0","0","0","67301","0","0","0","N","0","0","0","2","67301","1","","1","01","","N","N","N","0","","0","0","2","0","0","","1123","1","2","0","0","0","0","0","2","0","2","03","","N","","","","","","","","","","",""
"2022050526","1903","2","0","0","0","0","0","0","0","0","4","0","","67","05","2022","7","39.9416","-75.1421","1856","06","0","0","0","0","0","0","0","0","","0","0","0","18","1","0","02","","0","39 56:29.671","","02","75 08:31.695","0","0","0","0","67301","0","0","0","N","0","0","0","3","67301","0","","1","01","","N","N","N","0","","0","0","0","3","2","","1849","0","2","0","0","0","0","0","2","0","2","03","03","N","","","","","","","","","","",""
"2022065788","1149","1","0","0","0","0","0","0","0","0","5","1","","67","07","2022","4","40.022","-75.1279","1149","06","0","0","0","0","0","1","0","1","","0","1","0","10","1","1","00","N","0","40 01:19.140","","00","75 07:40.340","8","0","0","0","67301","0","0","0","N","0","0","0","2","67301","0","","1","99","","N","N","N","0","","0","0","0","0","0","","1000","1","2","0","0","1","1","1","2","0","2","03","","N","","","","","","","","","","",""
"2022050524","2028","0","0","0","0","0","0","0","0","0","8","0","","67","05","2022","6","39.9606","-75.1414","2021","06","0","0","0","0","0","0","0","0","","0","0","0","20","3","1","01","","0","39 57:38.443","","00","75 08:29.016","8","0","0","0","67301","1","0","0","N","1","0","0","2","67301","0","","1","01","","N","N","N","0","","0","0","0","3","2","","2020","1","2","0","0","0","1","0","2","1","1","03","03","N","","","","","","","","","","",""
"2022050547","0040","1","0","0","0","0","0","1","0","0","4","1","","67","05","2022","1","40.006","-75.0919","0040","06","0","0","0","0","0","0","0","0","","0","0","0","00","3","4","05","","0","40 00:21.613","","00","75 05:30.664","3","0","0","0","67301","0","0","0","N","0","0","0","6","67301","0","","1","01","","N","N","N","0","","4","0","1","3","2","","0039","4","4","0","0","1","0","1","2","0","4","03","","N","","","","","","","","","","",""
"2022049778","0804","0","0","0","0","0","0","0","0","0","8","0","","67","05","2022","5","40.0543","-75.0716","0801","06","0","0","0","0","0","1","0","0","","0","0","0","07","1","1","01","","0","40 03:15.462","","00","75 04:17.606","8","0","0","0","67301","1","0","0","N","1","0","0","2","67301","0","","1","01","","N","Y","N","0","","0","0","0","3","2","","0751","1","2","0","0","0","1","0","2","1","1","03","03","N","","","","","","","","","","",""
"2022063041","2210","0","0","0","0","0","0","0","0","0","7","1","","67","07","2022","5","40.0241","-75.0756","2116","06","0","0","0","0","0","0","0","0","","0","1","0","21","3","0","02","","2","40 01:26.757","3","00","75 04:32.112","0","0","0","0","67301","0","0","0","N","0","0","0","1","67301","0","","5","01","0005","N","N","N","0","","0","0","0","0","0","Y","2104","0","1","0","0","0","0","0","2","0","1","03","03","N","","","","","","","","","","",""
"2022063064","0130","0","0","0","0","0","0","0","0","0","6","0","","67","05","2022","7","39.9868","-75.2509","0130","06","0","0","0","0","0","0","0","0","","0","0","0","01","3","1","00","N","0","39 59:12.472","","00","75 15:03.235","3","0","0","0","67301","0","0","0","N","0","0","0","1","67301","0","","6","09","","N","N","N","0","","1","0","2","0","0","","0130","1","2","0","0","1","0","0","2","0","2","07","07","N","","","","","","","","","","",""
"2022063925","0023","1","1","0","0","0","0","0","0","0","98","0","","67","04","2022","6","39.8992","-75.1765","0015","06","0","0","0","0","0","1","0","0","","1","0","0","00","3","0","00","N","1","39 53:56.999","2","03","75 10:35.529","1","0","0","0","67301","0","0","0","N","0","0","0","2","68K01","0","1","1","09","0334","N","N","N","1","0","0","0","0","0","0","N","0008","0","2","0","0","0","0","0","2","0","2","03","","N","","","","","","","","","","",""
"2022050576","1859","1","0","0","0","0","0","0","0","0","8","0","","67","05","2022","1","40.0426","-75.1569","1858","06","0","0","0","0","0","0","0","0","","0","0","0","18","1","1","00","N","0","40 02:33.350","","00","75 09:24.760","3","0","0","0","67301","1","0","0","N","1","0","0","2","67301","0","","1","01","","N","N","N","0","","1","0","0","0","0","","1857","1","2","0","0","1","0","0","2","0","1","03","03","N","","","","","","","","","","",""
"2022048833","1000","1","0","0","0","0","0","0","0","0","4","0","","67","05","2022","3","40.0308","-75.1043","0957","06","0","0","0","0","0","0","0","0","","0","0","0","09","1","0","00","N","0","40 01:50.728","","07","75 06:15.424","0","0","0","0","67301","0","0","0","N","0","0","0","2","67301","0","","1","01","","N","N","N","0","","0","0","1","0","0","","0946","0","2","0","0","0","0","0","2","0","2","04","03","N","","","","","","","","","","",""
"2022037139","","0","0","0","0","0","0","0","0","0","5","0","","67","03","2022","1","40.0522","-75.158","","06","0","0","0","0","0","0","0","0","","0","0","0","15","1","1","00","N","0","40 03:07.800","","00","75 09:28.700","8","0","0","0","67301","0","0","0","N","0","0","0","2","00000","0","","1","01","","","","N","0","","0","0","1","0","0","","1524","1","2","0","0","0","1","0","2","0","2","03","","N","","","","","","","","","","",""