"CRN","ARRIVAL_TM","AUTOMOBILE_COUNT","BELTED_DEATH_COUNT","BELTED_SUSP_SERIOUS_INJ_COUNT","BICYCLE_COUNT","BICYCLE_DEATH_COUNT","BICYCLE_SUSP_SERIOUS_INJ_COUNT","BUS_COUNT","CHLDPAS_DEATH_COUNT","CHLDPAS_SUSP_SERIOUS_INJ_COUNT","COLLISION_TYPE","COMM_VEH_COUNT","CONS_ZONE_SPD_LIM","COUNTY","CRASH_MONTH","CRASH_YEAR","DAY_OF_WEEK","DEC_LAT","DEC_LONG","DISPATCH_TM","DISTRICT","DRIVER_COUNT_16YR","DRIVER_COUNT_17YR","DRIVER_COUNT_18YR","DRIVER_COUNT_19YR","DRIVER_COUNT_20YR","DRIVER_COUNT_50_64YR","DRIVER_COUNT_65_74YR","DRIVER_COUNT_75PLUS","EST_HRS_CLOSED","FATAL_COUNT","HEAVY_TRUCK_COUNT","HORSE_BUGGY_COUNT","HOUR_OF_DAY","ILLUMINATION","INJURY_COUNT","INTERSECT_TYPE","INTERSECTION_RELATED","LANE_CLOSED","LATITUDE","LN_CLOSE_DIR","LOCATION_TYPE","LONGITUDE","MAX_SEVERITY_LEVEL","MCYCLE_DEATH_COUNT","MCYCLE_SUSP_SERIOUS_INJ_COUNT","MOTORCYCLE_COUNT","MUNICIPALITY","NONMOTR_COUNT","NONMOTR_DEATH_COUNT","NONMOTR_SUSP_SERIOUS_INJ_COUNT","NTFY_HIWY_MAINT","PED_COUNT","PED_DEATH_COUNT","PED_SUSP_SERIOUS_INJ_COUNT","PERSON_COUNT","POLICE_AGCY","POSSIBLE_INJ_COUNT","RDWY_SURF_TYPE_CD","RELATION_TO_ROAD","ROAD_CONDITION","ROADWAY_CLEARED","SCH_BUS_IND","SCH_ZONE_IND","SECONDARY_CRASH","SMALL_TRUCK_COUNT","SPEC_JURIS_CD","SUSP_MINOR_INJ_COUNT","SUSP_SERIOUS_INJ_COUNT","SUV_COUNT","TCD_FUNC_CD","TCD_TYPE","TFC_DETOUR_IND","TIME_OF_DAY","TOT_INJ_COUNT","TOTAL_UNITS","UNB_DEATH_COUNT","UNB_SUSP_SERIOUS_INJ_COUNT","UNBELTED_OCC_COUNT","UNK_INJ_DEG_COUNT","UNK_INJ_PER_COUNT","URBAN_RURAL","VAN_COUNT","VEHICLE_COUNT","WEATHER1","WEATHER2","WORK_ZONE_IND","WORK_ZONE_LOC","WORK_ZONE_TYPE","WORKERS_PRES","WZ_CLOSE_DETOUR","WZ_FLAGGER","WZ_LAW_OFFCR_IND","WZ_LN_CLOSURE","WZ_MOVING","WZ_OTHER","WZ_SHLDER_MDN","WZ_WORKERS_INJ_KILLED"
"2022064953","2112","2","0","0","0","0","0","0","0","0","4","0","","67","07","2022","2","39.904","-75.2401","2112","06","0","0","0","0","0","0","0","0","","0","0","0","13","1","1","01","","0","39 54:14.563","","00","75 14:24.409","3","0","0","0","67301","0","0","0","N","0","0","0","1","67301","0","","1","01","","N","N","N","0","","1","0","0","3","2","","1340","1","2","0","0","0","0","0","2","0","2","03","","N","","","","","","","","","","",""
"2022035450","","1","0","0","0","0","0","0","0","0","1","0","","67","03","2022","4","40.0165","-75.0669","","06","0","0","0","0","0","1","0","0","","0","0","0","21","1","2","00","Y","0","40 00:59.285","","00","75 04:00.979","8","0","0","0","67301","0","0","0","N","0","0","0","3","00000","0","","1","01","","","","N","0","","0","0","1","3","2","","2100","2","2","0","0","1","2","0","2","0","2","03","","N","","","","","","","","","","",""
"2022056857","0208","1","0","0","0","0","0","0","0","0","5","0","","67","05","2022","7","39.996","-75.0827","0155","06","0","0","0","0","0","0","0","0","","0","0","0","01","3","0","00","N","2","39 59:45.728","1","03","75 04:57.898","0","0","0","0","67301","0","0","0","N","0","0","0","2","68K01","0","","1","08","0218","N","N","N","0","","0","0","1","0","0","N","0152","0","2","0","0","0","0","0","2","0","2","07","07","N","","","","","","","","","","",""
"2022053185","1846","2","0","0","0","0","0","0","0","0","4","0","","67","05","2022","1","40.0059","-75.1135","1846","06","0","0","0","0","0","0","0","0","","0","0","0","02","3","1","01","","0","40 00:21.351","","00","75 06:48.588","8","0","0","0","67301","0","0","0","N","0","0","0","2","67301","0","","1","99","","N","N","N","0","","0","0","0","3","2","","0200","1","2","0","0","0","1","0","2","0","2","99","","N","","","","","","","","","","",""
"2022063598","1335","2","0","0","0","0","0","0","0","0","5","0","","67","06","2022","6","39.9999","-75.0799","1327","06","0","0","0","0","0","3","0","0","","0","0","0","13","1","2","00","N","1","39 59:59.701","1","03","75 04:47.603","3","0","0","0","67301","0","0","0","N","0","0","0","10","68K01","0","","1","01","1430","N","N","N","0","","1","0","3","0","0","Y","1324","2","7","0","0","1","1","0","2","2","7","03","","N","","","","","","","","","","",""
"2022063096","0013","2","0","0","0","0","0","0","0","0","1","0","","67","04","2022","6","39.9944","-75.1585","0006","06","0","0","0","0","0","0","0","0","","0","0","0","00","3","2","00","N","0","39 59:33.600","","00","75 09:17.700","3","0","0","0","67301","0","0","0","N","0","0","0","2","67301","0","","6","01","","N","N","N","0","","1","0","0","0","0","","0000","2","2","0","0","0","1","0","2","0","2","03","03","N","","","","","","","","","","",""
"2022063152","0020","3","0","0","0","0","0","0","0","0","5","0","","67","05","2022","7","40.0381","-75.0104","0014","06","0","0","0","0","0","0","0","0","","0","0","0","00","3","2","00","N","1","40 02:17.196","1","00","75 00:37.487","8","0","0","0","67301","0","0","0","N","0","0","0","4","68K01","0","","1","09","0150","N","N","Y","0","","0","0","0","0","0","N","0014","2","3","0","0","0","2","0","2","0","3","07","04","N","","","","","","","","","","",""
"2022053378","","1","0","0","0","0","0","0","0","0","4","0","","67","03","2022","5","39.9217","-75.1902","","06","0","0","0","0","0","1","0","0","","0","0","0","18","1","1","01","","0","39 55:17.970","","02","75 11:24.724","8","0","0","0","67301","0","0","0","N","0","0","0","2","00000","0","","1","01","","","","N","0","","0","0","0","3","2","","1845","1","2","0","0","0","1","0","2","0","2","03","","N","","","","","","","","","","",""
"2022064866","1423","0","0","0","0","0","0","0","0","0","8","0","","67","07","2022","4","40.0869","-75.0454","1417","06","0","0","0","0","0","0","0","1","","0","0","0","14","1","1","00","N","0","40 05:12.990","","00","75 02:43.600","3","0","0","0","67301","1","0","0","N","1","0","0","2","67301","0","","5","01","","N","N","N","1","","1","0","0","0","0","","1417","1","2","0","0","0","0","0","2","0","1","03","03","N","","","","","","","","","","",""
"2022063659","1645","0","0","0","0","0","0","0","0","0","4","0","","67","05","2022","4","39.9789","-75.1473","1641","06","0","0","0","0","0","0","0","0","","0","0","0","15","1","1","01","","0","39 58:44.040","","00","75 08:50.377","4","0","0","0","67301","0","0","0","N","0","0","0","2","67301","1","","1","01","","N","N","N","0","","0","0","2","3","3","","1557","1","2","0","0","0","0","0","2","0","2","03","03","N","","","","","","","","","","",""
"2022066297","0024","0","0","0","0","0","0","0","0","0","0","1","","67","06","2022","3","40.0111","-75.0619","0024","06","0","0","0","0","0","0","0","0","","0","0","0","00","3","1","00","N","1","40 00:39.869","2","00","75 03:42.856","3","0","0","0","67301","0","0","0","N","0","0","0","1","68K01","0","","1","01","0433","N","N","N","1","","1","0","0","0","0","N","0024","1","1","0","0","0","0","0","2","0","1","03","","N","","","","","","","","","","",""
"2022063051","0130","1","0","0","0","0","0","0","0","0","7","0","","67","03","2022","7","39.988","-75.2375","0129","06","0","0","0","0","0","0","0","0","","0","0","0","01","3","0","01","","0","39 59:16.774","","00","75 14:14.949","9","0","0","0","67301","0","0","0","N","0","0","0","1","67301","0","","4","01","","N","N","N","0","","0","0","0","3","2","","0125","0","1","0","0","0","0","1","2","0","1","03","03","N","","","","","","","","","","",""
"2022065774","1830","1","0","0","0","0","0","0","0","0","4","0","","67","07","2022","6","40.1035","-75.0283","1817","06","0","0","0","0","0","0","0","0","","1","0","0","18","1","1","02","","0","40 06:12.711","","00","75 01:41.848","1","1","0","1","67301","0","0","0","N","0","0","0","2","67301","1","2","1","01","","N","N","N","0","0","0","0","0","3","3","","1804","1","2","0","0","0","0","0","2","0","2","03","03","N","","","","","","","","","","",""
"2022063844","1108","0","0","0","0","0","0","0","0","0","3","1","","67","07","2022","3","39.9726","-75.1934","1100","06","0","0","0","0","0","1","0","0","","0","1","0","10","1","0","00","N","1","39 58:21.329","4","02","75 11:36.314","0","0","0","0","67301","0","0","0","N","0","0","0","2","68K01","0","","1","01","0045","N","N","N","0","","0","0","0","0","0","Y","1055","0","2","0","0","0","0","0","2","1","2","03","03","N","","","","","","","","","","",""
"2022048716","1925","1","0","0","0","0","0","0","0","0","1","0","","67","05","2022","3","40.0933","-74.9669","1910","06","0","0","0","0","0","0","0","0","","0","0","0","18","1","1","00","N","0","40 05:35.814","","07","74 58:00.992","3","0","0","0","67301","0","0","0","N","0","0","0","2","67301","0","","1","01","","N","N","N","1","","1","0","0","0","0","","1829","1","2","0","0","0","0","0","2","0","2","04","04","N","","","","","","","","","","",""
"2022059100","0016","1","0","0","0","0","0","0","0","0","5","0","","67","05","2022","4","40.0038","-75.1946","0008","06","0","0","0","0","0","0","0","0","","0","0","0","23","3","0","00","N","0","40 00:13.795","","00","75 11:40.510","0","0","0","0","67301","0","0","0","N","0","0","0","2","68K01","0","","1","01","","N","N","N","0","","0","0","1","0","0","","2358","0","2","0","0","0","0","0","2","0","2","03","03","N","","","","","","","","","","",""
"2022048870","2339","1","0","0","0","0","0","0","0","0","4","0","","67","05","2022","4","40.0581","-75.1743","2329","06","0","0","0","0","0","0","0","0","","0","0","0","23","3","0","01","","0","40 03:29.309","","00","75 10:27.487","0","0","0","0","67301","0","0","0","N","0","0","0","2","67301","0","","1","01","","N","N","N","0","","0","0","1","3","2","","2320","0","2","0","0","0","0","0","2","0","2","03","03","N","","","","","","","","","","",""
"2022049221","0845","1","0","0","0","0","0","0","0","0","7","0","","67","05","2022","5","39.9111","-75.2305","0837","06","0","0","0","0","0","0","0","0","","0","0","0","05","5","1","01","","1","39 54:40.132","2","00","75 13:49.836","3","0","0","0","67301","0","0","0","N","0","0","0","1","67301","0","","3","01","0100","N","N","N","0","","1","0","0","3","3","N","0555","1","1","0","0","0","0","0","2","0","1","03","03","N","","","","","","","","","","",""
"2022063023","1236","0","0","0","0","0","0","0","0","0","4","0","","67","07","2022","4","39.9308","-75.1613","1234","06","0","0","0","0","0","1","0","0","","0","0","0","11","1","1","01","","0","39 55:50.818","","00","75 09:40.550","3","0","0","0","67301","0","0","0","N","0","0","0","4","67301","0","","1","01","","N","N","N","0","","1","0","1","3","3","","1145","1","2","0","0","0","0","0","2","1","2","03","03","N","","","","","","","","","","",""
"2022063610","1557","2","0","0","0","0","0","0","0","0","7","0","","67","07","2022","5","39.8803","-75.2476","1503","06","0","0","0","0","1","0","0","0","","0","0","0","14","1","0","00","N","0","39 52:48.991","","00","75 14:51.421","0","0","0","0","67301","0","0","0","N","0","0","0","2","68K03","0","","2","01","","N","N","N","0","","0","0","0","0","0","","1432","0","2","0","0","0","0","0","2","0","2","03","03","N","","","","","","","","","","",""
"2022063159","1612","2","0","0","0","0","0","0","0","0","1","0","","67","07","2022","2","39.9664","-75.1872","1612","06","0","0","0","0","0","0","0","0","","0","0","0","16","1","0","00","N","0","39 57:58.902","","00","75 11:13.874","0","0","0","0","67301","0","0","0","N","0","0","0","3","68K01","0","","1","01","","N","N","N","0","","0","0","0","0","0","","1610","0","2","0","0","0","0","0","2","0","2","03","","N","","","","","","","","","","",""
"2022063028","1750","2","0","0","0","0","0","0","0","0","2","0","","67","07","2022","6","40.059","-75.0441","1744","06","0","0","0","0","0","2","0","0","","0","0","0","17","1","0","05","","1","40 03:32.389","1","00","75 02:38.685","0","0","0","0","67301","0","0","0","N","0","0","0","3","67301","0","","1","01","1907","N","N","N","0","","0","0","0","3","2","N","1740","0","2","0","0","0","0","0","2","0","2","03","","N","","","","","","","","","","",""
"2022051987","1815","1","0","0","0","0","0","0","0","0","4","0","","67","05","2022","2","39.9578","-75.1602","1809","06","0","0","0","0","0","0","0","0","","0","0","0","17","1","6","01","","0","39 57:28.064","","03","75 09:36.770","8","0","0","0","67301","0","0","0","N","0","0","0","7","67301","0","","1","01","","N","N","N","0","","0","0","2","3","2","","1729","6","3","0","0","0","6","0","2","0","3","03","03","N","","","","","","","","","","",""
"2022063050","0005","2","0","0","0","0","0","0","0","0","2","0","","67","03","2022","5","39.9666","-75.2408","0005","06","0","0","0","0","0","0","0","0","","0","0","0","21","3","0","00","N","0","39 57:59.700","","00","75 14:26.900","0","0","0","0","67301","0","0","0","N","0","0","0","1","67301","0","","6","01","","N","N","N","0","","0","0","0","0","0","","2130","0","2","0","0","0","0","0","2","0","2","03","03","N","","","","","","","","","","",""
"2022063057","2200","1","0","0","0","0","0","0","0","0","4","0","","67","04","2022","6","39.9722","-75.2449","2200","06","0","0","0","0","0","1","0","0","","0","0","0","21","3","0","01","","0","39 58:19.899","","00","75 14:41.596","0","0","0","0","67301","0","0","0","N","0","0","0","2","67301","0","","1","01","","N","N","N","0","","0","0","1","3","2","","2155","0","2","0","0","0","0","0","2","0","2","03","03","N","","","","","","","","","","",""
"2022031045","","1","0","0","0","0","0","0","0","0","1","0","","67","03","2022","1","","","","06","0","0","0","0","0","0","0","0","","0","0","0","17","1","1","00","N","0","","","00","","8","0","0","0","67301","0","0","0","N","0","0","0","3","00000","0","","1","01","","","","N","0","","0","0","0","0","0","","1730","1","3","0","0","0","1","0","1","0","3","03","","N","","","","","","","","","","",""
"2022066276","0032","0","0","0","0","0","0","0","0","1","7","0","","67","04","2022","7","39.9885","-75.0883","0024","06","0","0","0","0","0","0","0","0","","0","0","0","00","3","4","00","N","1","39 59:18.610","1","00","75 05:17.945","2","0","0","0","67301","0","0","0","N","0","0","0","4","68K01","0","","4","01","0112","N","N","N","0","","2","2","1","0","0","N","0022","4","1","0","2","3","0","0","2","0","1","03","","N","","","","","","","","","","",""
"2022063063","0301","1","0","0","0","0","0","0","0","0","5","0","","67","05","2022","4","39.9737","-75.2316","0253","06","0","0","0","0","0","0","0","0","","0","0","0","02","3","0","00","N","0","39 58:25.260","","00","75 13:53.620","9","0","0","0","67301","0","0","0","N","0","0","0","1","67301","0","","6","01","","N","N","N","0","","0","0","2","0","0","","0245","0","3","0","0","0","0","1","2","0","3","03","03","N","","","","","","","","","","",""
"2022063061","0119","1","0","0","0","0","0","0","0","0","1","0","","67","05","2022","1","39.974","-75.2201","0119","06","0","0","0","0","0","0","0","0","","0","0","0","01","3","0","00","N","0","39 58:26.559","","00","75 13:12.382","0","0","0","0","67301","0","0","0","N","0","0","0","3","67301","0","","1","01","","N","N","N","0","","0","0","1","0","0","","0118","0","2","0","0","3","0","0","2","0","2","03","03","N","","","","","","","","","","",""
"2022049173","1834","1","0","0","0","0","0","0","0","0","1","0","","67","05","2022","4","39.9345","-75.2218","1833","06","0","0","0","0","0","0","0","0","","0","0","0","18","4","1","00","N","0","39 56:04.270","","00","75 13:18.470","8","0","0","0","67301","0","0","0","N","0","0","0","1","67301","0","","6","01","","N","N","N","0","","0","0","1","0","0","","1830","1","2","0","0","0","1","0","2","0","2","03","","N","","","","","","","","","","",""
"2022027127","","1","0","0","0","0","0","0","0","0","4","0","","67","03","2022","5","39.9917","-75.1856","","06","0","1","0","0","0","1","0","0","","0","0","0","17","1","1","05","","0","39 59:30.115","","00","75 11:08.190","8","0","0","0","67301","0","0","0","N","0","0","0","2","00000","0","","1","01","","","","N","0","","0","0","0","3","2","","1700","1","2","0","0","0","1","0","2","1","2","03","","N","","","","","","","","","","",""
"2022064533","1452","1","0","0","0","0","0","0","0","0","5","0","","67","03","2022","3","39.9675","-75.1315","1441","06","0","0","0","0","0","0","0","0","","0","0","0","14","1","0","00","N","0","39 58:03.154","","00","75 07:53.342","9","0","0","0","67301","0","0","0","N","0","0","0","2","68K03","0","","1","01","","N","N","N","0","","0","0","1","0","0","","1439","0","2","0","0","0","0","1","2","0","2","03","","N","","","","","","","","","","",""
"2022061565","2130","1","0","0","0","0","0","0","0","0","5","0","","67","06","2022","5","39.9896","-75.1259","2130","06","0","0","0","0","0","0","0","0","","0","0","0","11","1","2","00","N","0","39 59:22.700","","01","75 07:33.100","3","0","0","0","67301","0","0","0","N","0","0","0","3","67301","0","","1","01","","N","N","N","1","","2","0","0","0","0","","1130","2","2","0","0","0","0","1","2","0","2","03","03","N","","","","","","","","","","",""
"2022063060","2355","2","0","0","0","0","0","0","0","0","4","0","","67","04","2022","3","39.997","-75.2353","2355","06","0","0","0","0","0","0","0","0","","0","0","0","23","3","1","01","","0","39 59:49.345","","00","75 14:06.930","3","0","0","0","67301","0","0","0","N","0","0","0","2","67301","0","","1","01","","N","N","N","0","","1","0","0","3","2","","2355","1","2","0","0","0","0","1","2","0","2","07","04","N","","","","","","","","","","",""
"2022055657","0521","2","0","0","0","0","0","0","0","0","4","0","","67","05","2022","2","40.0246","-75.1232","0514","06","0","0","0","0","0","0","0","0","","0","0","0","05","3","1","01","","0","40 01:28.477","","00","75 07:23.473","3","0","0","0","67301","0","0","0","N","0","0","0","2","67301","0","","1","01","","N","N","N","0","","1","0","0","3","1","","0514","1","2","0","0","0","0","0","2","0","2","03","03","N","","","","","","","","","","",""
"2022033231","","1","0","0","0","0","0","0","0","0","7","0","","67","03","2022","1","39.9931","-75.0854","","06","0","0","0","0","0","0","0","0","","0","0","0","19","1","0","00","N","0","39 59:35.334","","02","75 05:07.453","0","0","0","0","67301","0","0","0","N","0","0","0","1","00000","0","","4","01","","","","N","0","","0","0","0","0","0","","1945","0","1","0","0","0","0","0","2","0","1","03","","N","","","","","","","","","","",""
"2022060340","1809","1","0","0","0","0","0","0","0","0","4","0","","67","06","2022","4","40.0503","-75.1599","1802","06","0","0","0","0","0","0","0","0","","1","0","0","17","1","0","00","N","2","40 03:00.900","6","00","75 09:35.740","1","1","0","1","67301","0","0","0","N","0","0","0","6","67301","0","2","1","01","2034","N","N","Y","0","0","0","0","0","0","0","N","1758","0","3","0","0","0","0","0","2","1","3","03","03","N","","","","","","","","","","",""
"2022051224","1742","1","0","0","0","0","0","0","0","0","7","0","","67","05","2022","6","39.9294","-75.1975","1727","06","0","0","0","0","0","0","0","0","","0","0","0","17","1","1","06","","2","39 55:45.779","3","02","75 11:51.176","4","0","0","0","67301","0","0","0","N","0","0","0","1","68K01","1","","7","09","1810","N","N","N","0","","0","0","0","3","3","Y","1724","1","1","0","0","0","0","0","2","0","1","03","","N","","","","","","","","","","",""
"2022062309","1111","0","0","0","0","0","0","0","0","0","1","1","","67","05","2022","2","39.9626","-75.1833","1108","06","0","0","0","0","0","3","0","0","","0","1","0","11","1","1","00","N","1","39 57:45.483","4","00","75 10:59.849","3","0","0","0","67301","0","0","0","N","0","0","0","8","68K01","0","","1","01","1200","N","N","N","0","","1","0","5","0","0","N","1107","1","6","0","0","0","0","0","2","0","6","03","03","N","","","","","","","","","","",""
"2022049898","1620","0","0","0","0","0","0","0","0","0","7","0","","67","05","2022","7","40.0158","-75.1412","1620","06","0","0","0","0","0","0","0","0","","0","0","0","16","1","0","00","N","2","40 00:56.980","4","00","75 08:28.480","0","0","0","1","67301","0","0","0","N","0","0","0","1","67301","0","","4","01","1800","N","N","N","0","","0","0","0","0","0","Y","1615","0","1","0","0","0","0","0","2","0","1","03","03","N","","","","","","","","","","",""
"2022050523","1747","2","0","0","0","0","0","0","0","0","4","0","","67","05","2022","6","39.9448","-75.1469","1741","06","0","0","0","0","1","1","0","0","","0","0","0","17","1","0","01","","1","39 56:41.121","1","00","75 08:48.753","0","0","0","0","67301","0","0","0","N","0","0","0","2","67301","0","","1","09","0100","N","N","Y","0","","0","0","0","3","2","N","1740","0","2","0","0","2","0","0","2","0","2","07","","N","","","","","","","","","","",""
"2022065636","1956","1","0","0","0","0","0","0","0","0","8","0","","67","07","2022","1","39.9496","-75.1535","1955","06","0","0","0","0","0","0","0","0","","0","0","0","19","1","1","00","N","0","39 56:58.440","","00","75 09:12.662","3","0","0","0","67301","1","0","0","N","1","0","0","2","67301","0","","1","01","","N","N","N","0","","1","0","0","0","0","","1949","1","2","0","0","0","0","1","2","0","1","03","03","N","","","","","","","","","","",""
"2022064088","0315","2","0","0","0","0","0","0","0","0","4","0","","67","07","2022","1","39.9383","-75.1554","0310","06","0","0","0","0","0","0","0","0","","0","0","0","02","3","0","00","N","0","39 56:17.920","","00","75 09:19.380","0","0","0","0","67301","0","0","0","N","0","0","0","0","67301","0","","1","01","","N","N","N","0","","0","0","1","0","0","","0215","0","3","0","0","0","0","0","2","0","3","03","03","N","","","","","","","","","","",""
"2022065132","2152","1","0","0","0","0","0","0","0","0","7","0","","67","07","2022","5","40.0341","-75.2159","2147","06","0","0","0","0","0","0","0","0","","0","0","0","21","3","0","01","","0","40 02:02.650","","00","75 12:57.157","0","0","0","0","67301","0","0","0","N","0","0","0","2","67301","0","","4","01","","N","N","N","0","","0","0","0","3","3","","2143","0","1","0","0","1","0","0","2","0","1","03","03","N","","","","","","","","","","",""
"2022033166","","1","0","0","0","0","0","0","0","0","5","0","","67","03","2022","1","39.9527","-75.1915","","06","0","0","0","0","0","0","0","0","","0","0","0","20","1","0","00","N","0","39 57:09.841","","00","75 11:29.414","0","0","0","0","67301","0","0","0","N","0","0","0","2","00000","0","","1","01","","","","N","0","","0","0","1","0","0","","2011","0","2","0","0","0","0","0","2","0","2","03","","N","","","","","","","","","","",""
"2022051515","1222","0","0","0","0","0","0","0","0","0","4","0","","67","05","2022","5","39.9169","-75.216","1215","06","0","0","0","0","0","0","0","0","","0","0","0","08","1","1","02","","0","39 55:00.909","","00","75 12:57.493","8","0","0","1","67301","0","0","0","N","0","0","0","2","67301","0","","1","01","","N","N","N","1","","0","0","0","3","1","","0800","1","2","0","0","0","1","0","2","0","2","03","","N","","","","","","","","","","",""
"2022062303","1717","2","0","0","0","0","0","0","0","0","5","0","","67","05","2022","3","40.0422","-75.0036","1708","06","0","0","0","0","0","0","0","0","","0","0","0","17","1","0","00","N","0","40 02:32.096","","00","75 00:13.004","9","0","0","0","67301","0","0","0","N","0","0","0","4","68K01","0","","1","01","","N","N","N","0","","0","0","0","0","0","","1706","0","2","0","0","0","0","1","2","0","2","03","03","N","","","","","","","","","","",""
"2022033235","","1","0","0","0","0","0","0","0","0","1","0","","67","03","2022","7","39.914","-75.239","","06","0","0","0","0","0","0","0","0","","0","0","0","16","1","0","01","","0","39 54:50.299","","00","75 14:20.310","0","0","0","0","67301","0","0","0","N","0","0","0","2","00000","0","","1","01","","","","N","0","","0","0","0","3","3","","1646","0","2","0","0","1","0","0","2","1","2","03","","N","","","","","","","","","","",""
"2022050522","1616","1","0","0","0","0","0","0","0","0","1","0","","67","05","2022","4","39.9633","-75.1495","1614","06","0","0","0","0","0","0","0","0","","0","0","0","16","1","4","00","N","0","39 57:47.970","","00","75 08:58.110","4","0","0","0","67301","0","0","0","N","0","0","0","5","67301","4","","1","01","","N","N","N","0","","0","0","1","0","0","","1600","4","2","0","0","0","0","0","2","0","2","03","03","N","","","","","","","","","","",""
"2022063956","0114","1","0","0","0","0","0","0","0","0","1","0","","67","06","2022","1","39.9825","-75.2077","0107","06","0","0","0","0","0","1","0","0","","0","0","0","00","3","0","00","N","1","39 58:56.961","4","00","75 12:27.723","0","0","0","0","67301","0","0","0","N","0","0","0","2","68K01","0","","1","01","0130","N","N","N","0","","0","0","0","0","0","N","0032","0","2","0","0","0","0","0","2","1","2","03","","N","","","","","","","","","","",""
"2022053184","1235","2","0","0","0","0","0","0","0","0","4","0","","67","05","2022","6","40.0113","-75.1061","1230","06","0","0","0","0","0","0","0","0","","0","0","0","12","1","4","01","","0","40 00:40.660","","00","75 06:21.970","3","0","0","0","67301","0","0","0","N","0","0","0","5","67301","2","","1","01","","N","N","N","0","","2","0","1","3","2","","1200","4","3","0","0","0","0","0","2","0","3","04","04","N","","","","","","","","","","",""
"2022066073","2019","0","0","0","0","0","0","0","0","0","1","0","","67","06","2022","1","39.9578","-75.1614","2019","06","0","0","0","0","0","0","0","0","","0","0","0","20","1","0","00","N","0","39 57:28.120","","00","75 09:41.024","0","0","0","0","67301","0","0","0","N","0","0","0","3","68K01","0","","1","01","","N","N","N","0","","0","0","2","0","0","","2019","0","2","0","0","0","0","0","2","0","2","03","","N","","","","","","","","","","",""
"2022065926","0324","0","0","0","0","0","0","0","0","0","7","0","","67","07","2022","4","39.9768","-75.1978","0315","06","0","0","0","0","0","0","0","0","","0","0","0","03","3","0","00","N","1","39 58:36.445","3","00","75 11:52.140","0","0","0","0","67301","0","0","0","N","0","0","0","2","68K01","0","","2","01","0350","N","N","N","1","","0","0","0","0","0","N","0305","0","1","0","0","0","0","0","2","0","1","03","","N","","","","","","","","","","",""
"2022066020","1010","1","0","1","0","0","0","0","0","0","7","0","","67","07","2022","2","39.9211","-75.1442","1010","06","0","0","0","0","0","0","0","1","","0","0","0","10","1","1","00","N","0","39 55:15.880","","00","75 08:38.964","2","0","0","0","67301","0","0","0","N","0","0","0","1","67301","0","","5","01","","N","N","N","0","","0","1","0","0","0","","1000","1","1","0","0","0","0","0","2","0","1","03","03","N","","","","","","","","","","",""
"2022050546","2304","1","0","0","0","0","0","0","0","0","5","0","","67","05","2022","6","40.0518","-75.0508","2257","06","0","0","0","0","0","0","1","0","","0","0","0","22","3","0","00","N","0","40 03:06.514","","00","75 03:02.801","0","0","0","0","67301","0","0","0","N","0","0","0","3","67301","0","","1","09","","N","N","N","0","","0","0","1","0","0","","2244","0","2","0","0","0","0","0","2","0","2","07","07","N","","","","","","","","","","",""
"2022062085","1545","0","0","0","0","0","0","1","0","0","4","1","","67","06","2022","2","40.0255","-75.0847","1535","06","0","0","0","0","0","0","0","0","","0","0","0","99","1","9","01","","0","40 01:31.655","","00","75 05:04.959","4","0","0","0","67301","0","0","0","N","0","0","0","9","67508","9","","1","09","","N","N","N","1","","0","0","0","3","3","","9999","9","2","0","0","0","0","0","2","0","2","07","07","N","","","","","","","","","","",""
"2022049676","1743","0","0","0","0","0","0","0","0","0","8","0","","67","05","2022","3","39.9985","-75.1293","1733","06","0","0","0","0","0","0","0","0","","0","0","0","17","2","1","01","","0","39 59:54.633","","00","75 07:45.412","3","0","0","0","67301","1","0","0","N","1","0","0","2","67301","0","","1","01","","N","N","N","1","","1","0","0","3","2","","1705","1","2","0","0","0","0","0","2","0","1","03","03","N","","","","","","","","","","",""
"2022049633","0830","2","0","0","0","0","0","0","0","0","4","0","","67","05","2022","6","39.9587","-75.1621","0825","06","0","0","0","0","0","0","0","0","","0","0","0","08","1","1","01","","1","39 57:31.392","2","00","75 09:44.125","3","0","0","0","67301","0","0","0","N","0","0","0","3","67301","0","","1","01","0925","N","N","N","0","","1","0","0","0","0","N","0815","1","2","0","0","0","0","0","2","0","2","04","04","N","","","","","","","","","","",""
"2022056986","1617","0","0","0","0","0","0","0","0","0","1","0","","67","05","2022","6","39.9667","-75.1877","1602","06","0","0","0","0","0","1","0","0","","0","0","0","16","1","0","00","N","0","39 58:00.148","","00","75 11:15.676","0","0","0","0","67301","0","0","0","N","0","0","0","4","68K01","0","","1","09","","N","N","N","0","","0","0","2","0","0","","1600","0","2","0","0","0","0","0","2","0","2","07","04","N","","","","","","","","","","",""
"2022063943","1224","2","0","0","0","0","0","0","0","0","1","0","","67","06","2022","2","39.9783","-75.2024","1216","06","0","0","0","0","1","1","0","0","","0","0","0","12","1","0","00","N","1","39 58:41.840","3","00","75 12:08.780","0","0","0","0","67301","0","0","0","N","0","0","0","2","68K01","0","","1","01","1245","N","N","N","0","","0","0","0","0","0","N","1214","0","2","0","0","0","0","0","2","0","2","03","","N","","","","","","","","","","",""