"CRN","ARRIVAL_TM","AUTOMOBILE_COUNT","BELTED_DEATH_COUNT","BELTED_SUSP_SERIOUS_INJ_COUNT","BICYCLE_COUNT","BICYCLE_DEATH_COUNT","BICYCLE_SUSP_SERIOUS_INJ_COUNT","BUS_COUNT","CHLDPAS_DEATH_COUNT","CHLDPAS_SUSP_SERIOUS_INJ_COUNT","COLLISION_TYPE","COMM_VEH_COUNT","CONS_ZONE_SPD_LIM","COUNTY","CRASH_MONTH","CRASH_YEAR","DAY_OF_WEEK","DEC_LAT","DEC_LONG","DISPATCH_TM","DISTRICT","DRIVER_COUNT_16YR","DRIVER_COUNT_17YR","DRIVER_COUNT_18YR","DRIVER_COUNT_19YR","DRIVER_COUNT_20YR","DRIVER_COUNT_50_64YR","DRIVER_COUNT_65_74YR","DRIVER_COUNT_75PLUS","EST_HRS_CLOSED","FATAL_COUNT","HEAVY_TRUCK_COUNT","HORSE_BUGGY_COUNT","HOUR_OF_DAY","ILLUMINATION","INJURY_COUNT","INTERSECT_TYPE","INTERSECTION_RELATED","LANE_CLOSED","LATITUDE","LN_CLOSE_DIR","LOCATION_TYPE","LONGITUDE","MAX_SEVERITY_LEVEL","MCYCLE_DEATH_COUNT","MCYCLE_SUSP_SERIOUS_INJ_COUNT","MOTORCYCLE_COUNT","MUNICIPALITY","NONMOTR_COUNT","NONMOTR_DEATH_COUNT","NONMOTR_SUSP_SERIOUS_INJ_COUNT","NTFY_HIWY_MAINT","PED_COUNT","PED_DEATH_COUNT","PED_SUSP_SERIOUS_INJ_COUNT","PERSON_COUNT","POLICE_AGCY","POSSIBLE_INJ_COUNT","RDWY_SURF_TYPE_CD","RELATION_TO_ROAD","ROAD_CONDITION","ROADWAY_CLEARED","SCH_BUS_IND","SCH_ZONE_IND","SECONDARY_CRASH","SMALL_TRUCK_COUNT","SPEC_JURIS_CD","SUSP_MINOR_INJ_COUNT","SUSP_SERIOUS_INJ_COUNT","SUV_COUNT","TCD_FUNC_CD","TCD_TYPE","TFC_DETOUR_IND","TIME_OF_DAY","TOT_INJ_COUNT","TOTAL_UNITS","UNB_DEATH_COUNT","UNB_SUSP_SERIOUS_INJ_COUNT","UNBELTED_OCC_COUNT","UNK_INJ_DEG_COUNT","UNK_INJ_PER_COUNT","URBAN_RURAL","VAN_COUNT","VEHICLE_COUNT","WEATHER1","WEATHER2","WORK_ZONE_IND","WORK_ZONE_LOC","WORK_ZONE_TYPE","WORKERS_PRES","WZ_CLOSE_DETOUR","WZ_FLAGGER","WZ_LAW_OFFCR_IND","WZ_LN_CLOSURE","WZ_MOVING","WZ_OTHER","WZ_SHLDER_MDN","WZ_WORKERS_INJ_KILLED"
"2022033211","","1","0","0","0","0","0","0","0","0","1","0","","67","03","2022","5","39.9111","-75.2305","","06","0","0","0","0","0","0","1","0","","0","0","0","22","3","1","01","","0","39 54:40.132","","00","75 13:49.836","8","0","0","0","67301","0","0","0","N","0","0","0","2","00000","0","","1","01","","","","N","0","","0","0","0","3","2","","2230","1","2","0","0","0","1","0","2","0","2","03","","N","","","","","","","","","","",""
"2022053021","1246","1","0","0","0","0","0","0","0","0","4","0","","67","05","2022","4","39.9354","-75.2204","1245","06","0","0","0","0","0","2","0","0","","0","0","0","12","1","0","01","","0","39 56:07.522","","00","75 13:13.270","0","0","0","0","67301","0","0","0","N","0","0","0","2","67301","0","","1","01","","N","N","N","0","","0","0","1","3","2","","1242","0","2","0","0","0","0","0","2","0","2","03","03","N","","","","","","","","","","",""
"2022055542","1435","1","0","0","0","0","0","0","0","0","6","0","","67","06","2022","4","40.0416","-75.0643","1430","06","0","0","0","0","0","1","0","0","","0","0","0","14","1","1","01","","0","40 02:29.839","","00","75 03:51.611","3","0","0","0","67301","0","0","0","N","0","0","0","2","67301","0","","1","01","","N","N","N","0","","1","0","1","3","2","","1407","1","2","0","0","0","0","0","2","0","2","03","","N","","","","","","","","","","",""
"2022066832","0201","1","0","0","0","0","0","0","0","0","7","0","","67","06","2022","1","39.9627","-75.1835","0154","06","0","0","0","0","0","0","0","0","","0","0","0","01","3","0","00","N","2","39 57:45.869","3","00","75 11:00.633","0","0","0","0","67301","0","0","0","N","0","0","0","1","68K01","0","","3","01","0220","N","N","N","0","","0","0","0","0","0","N","0146","0","1","0","0","0","0","0","2","0","1","03","03","N","","","","","","","","","","",""
"2022055540","1845","2","0","0","0","0","0","0","0","0","5","0","","67","06","2022","4","40.0487","-75.1015","1825","06","0","0","0","0","0","1","0","0","","0","0","0","18","1","1","00","N","0","40 02:55.150","","00","75 06:05.270","8","0","0","0","67301","0","0","0","N","0","0","0","1","67301","0","","6","01","","N","N","N","0","","0","0","1","0","0","","1809","1","3","0","0","0","1","0","2","0","3","03","","N","","","","","","","","","","",""
"2022068605","0825","1","0","0","0","0","0","0","0","0","4","0","","67","07","2022","6","39.9769","-75.1435","0810","06","0","0","0","0","0","0","0","1","","0","0","0","08","1","0","01","","0","39 58:36.732","","00","75 08:36.697","0","0","0","0","67301","0","0","0","N","0","0","0","2","67301","0","","1","01","","N","N","N","0","","0","0","1","3","2","","0808","0","2","0","0","0","0","0","2","0","2","03","","N","","","","","","","","","","",""
"2022051387","1148","2","0","0","0","0","0","0","0","0","4","0","","67","06","2022","5","40.0303","-75.146","1145","06","0","0","0","0","0","1","0","0","","0","0","0","08","1","1","01","","0","40 01:48.914","","00","75 08:45.427","4","0","0","0","67301","0","0","0","N","0","0","0","2","67301","1","","1","01","","N","N","N","0","","0","0","0","3","2","","0800","1","2","0","0","1","0","1","2","0","2","03","03","N","","","","","","","","","","",""
"2022051867","1830","1","0","0","0","0","0","0","0","0","8","0","","67","06","2022","6","40.0485","-75.1716","1825","06","0","0","0","1","0","0","0","0","","0","0","0","18","1","1","00","N","0","40 02:54.560","","00","75 10:17.900","2","0","0","0","67301","1","0","1","N","1","0","1","2","67301","0","","1","01","","N","N","N","0","","0","1","0","0","0","","1822","1","2","0","0","0","0","0","2","0","1","03","03","N","","","","","","","","","","",""
"2022055672","2139","2","0","0","0","0","0","0","0","0","6","0","","67","06","2022","2","40.045","-75.1434","2139","06","0","0","0","0","0","0","0","0","","0","0","0","21","3","2","00","N","2","40 02:41.906","5","00","75 08:36.383","3","0","0","0","67301","0","0","0","N","0","0","0","3","67301","0","","1","01","2300","N","N","N","0","","1","0","1","0","0","Y","2120","2","4","0","0","3","1","0","2","1","4","03","","N","","","","","","","","","","",""
"2022055624","2030","0","0","0","0","0","0","0","0","0","1","0","","67","06","2022","1","39.9741","-75.2052","2028","06","0","0","0","0","0","0","0","0","","0","0","0","20","4","1","00","N","0","39 58:26.614","","00","75 12:18.824","4","0","0","0","67301","0","0","0","N","0","0","0","2","67301","1","","1","01","","N","N","N","0","","0","0","1","0","0","","2023","1","2","0","0","1","0","1","2","0","2","03","03","N","","","","","","","","","","",""
"2022055557","1338","1","0","0","0","0","0","0","0","0","5","0","","67","06","2022","1","40.0357","-75.2358","1336","06","0","0","0","0","0","1","0","0","","0","0","0","13","1","3","00","N","0","40 02:08.540","","00","75 14:08.700","4","0","0","0","67301","0","0","0","N","0","0","0","4","67301","3","","1","01","","N","N","N","0","","0","0","1","0","0","","1333","3","2","0","0","0","0","0","2","0","2","03","03","N","","","","","","","","","","",""
"2022051459","1321","0","0","0","1","0","0","0","0","0","8","0","","67","06","2022","5","40.0152","-75.1498","1321","06","0","0","0","0","0","0","0","0","","0","0","0","12","1","1","01","","0","40 00:55.044","","00","75 08:59.736","3","0","0","0","67301","1","0","0","N","0","0","0","2","67301","0","","1","01","","N","N","N","0","","1","0","0","3","2","","1215","1","2","0","0","0","0","0","2","0","1","03","","N","","","","","","","","","","",""
"2022067142","1655","1","0","0","0","0","0","1","0","0","4","1","","67","07","2022","5","40.0059","-75.1865","1655","06","0","0","0","0","0","0","0","0","","0","0","0","16","1","0","01","","0","40 00:21.331","","00","75 11:11.329","0","0","0","0","67301","0","0","0","N","0","0","0","2","67301","0","","1","01","","N","N","N","0","","0","0","0","3","3","","1650","0","2","0","0","0","0","0","2","0","2","03","","N","","","","","","","","","","",""
"2022052237","1316","1","0","0","0","0","0","0","0","0","4","0","","67","06","2022","7","40.0331","-75.107","1308","06","0","0","0","0","0","1","0","1","","0","0","0","13","1","1","01","","0","40 01:59.326","","00","75 06:25.057","4","0","0","0","67301","0","0","0","N","0","0","0","3","67301","1","","1","01","","N","N","N","0","","0","0","1","3","2","","1308","1","2","0","0","0","0","0","2","0","2","03","03","N","","","","","","","","","","",""
"2022059101","1721","0","0","0","0","0","0","0","0","0","1","0","","67","05","2022","5","39.9121","-75.1488","1720","06","0","0","0","0","0","0","1","0","","0","0","0","17","1","0","00","N","0","39 54:43.633","","03","75 08:55.516","0","0","0","0","67301","0","0","0","N","0","0","0","6","68K01","0","","1","01","","N","N","N","1","","0","0","1","0","0","","1718","0","3","0","0","1","0","0","2","1","3","03","","N","","","","","","","","","","",""
"2022063068","1956","0","0","0","0","0","0","0","0","0","6","0","","67","05","2022","6","39.976","-75.2316","1955","06","0","0","0","0","0","0","0","0","","0","0","0","19","1","1","00","N","2","39 58:33.510","5","00","75 13:53.820","3","0","0","1","67301","0","0","0","N","0","0","0","2","67301","0","","1","01","2147","N","N","N","1","","1","0","1","0","0","Y","1948","1","3","0","0","0","0","0","2","0","3","03","03","N","","","","","","","","","","",""
"2022064450","1017","2","0","0","0","0","0","0","0","0","5","0","","67","07","2022","4","40.0605","-75.1914","1006","06","1","0","0","0","0","0","0","0","","0","0","0","10","1","0","00","N","1","40 03:37.977","1","00","75 11:28.866","0","0","0","0","67301","0","0","0","N","0","0","0","2","67301","0","","1","01","1056","N","N","N","0","","0","0","0","0","0","N","1003","0","2","0","0","0","0","0","2","0","2","03","03","N","","","","","","","","","","",""
"2022050536","2153","1","0","0","0","0","0","0","0","0","4","0","","67","05","2022","1","39.9001","-75.2504","2149","06","0","0","0","0","0","0","0","0","","0","0","0","21","3","2","01","","1","39 54:00.367","4","00","75 15:01.407","4","0","0","1","67301","0","0","0","N","0","0","0","4","67301","1","","1","01","0100","N","N","N","0","","0","0","0","3","2","N","2142","2","2","0","0","0","1","0","2","0","2","03","03","N","","","","","","","","","","",""
"2022055554","2325","1","0","0","0","0","0","0","0","0","4","0","","67","06","2022","6","39.9107","-75.1657","2315","06","0","0","0","0","0","1","0","0","","0","0","0","22","3","1","01","","0","39 54:38.625","","00","75 09:56.378","3","0","0","0","67301","0","0","0","N","0","0","0","3","67301","0","","1","01","","N","N","N","0","","1","0","2","3","2","","2255","1","3","0","0","0","0","0","2","0","3","03","03","N","","","","","","","","","","",""
"2022067885","2300","0","0","0","0","0","0","0","0","0","1","0","","67","07","2022","5","39.9662","-75.1868","2254","06","0","0","0","0","1","0","0","0","","0","0","0","22","3","0","00","N","0","39 57:58.275","","00","75 11:12.411","9","0","0","0","67301","0","0","0","N","0","0","0","4","68K01","0","","1","01","","N","N","N","0","","0","0","1","0","0","","2253","0","2","0","0","0","0","1","2","0","2","03","","N","","","","","","","","","","",""
"2022056936","2151","2","0","0","0","0","0","0","0","0","4","0","","67","06","2022","7","39.9487","-75.2375","2149","06","0","0","0","0","0","0","0","0","","0","0","0","21","3","2","01","","0","39 56:55.280","","00","75 14:14.982","3","0","0","0","67301","0","0","0","N","0","0","0","3","67301","0","","1","01","","N","N","N","0","","2","0","0","3","2","","2149","2","3","0","0","0","0","0","2","1","3","03","03","N","","","","","","","","","","",""
"2022054609","0041","1","0","0","0","0","0","0","0","0","1","0","","67","06","2022","5","40.0494","-74.9951","0018","06","0","0","0","0","0","0","0","0","","0","0","0","00","2","2","00","N","0","40 02:57.787","","00","74 59:42.437","3","0","0","0","67301","0","0","0","N","0","0","0","3","68K01","0","","1","09","","N","N","N","0","","2","0","1","0","0","","0015","2","2","0","0","0","0","0","2","0","2","07","","N","","","","","","","","","","",""
"2022055648","1726","1","0","0","0","0","0","0","0","0","4","0","","67","06","2022","1","40.0015","-75.1043","1726","06","0","0","0","0","0","0","0","0","","0","0","0","17","1","1","05","","0","40 00:05.531","","01","75 06:15.328","3","0","0","1","67301","0","0","0","N","0","0","0","2","67301","0","","1","01","","N","N","N","0","","1","0","0","3","2","","1726","1","2","0","0","1","0","0","2","0","2","03","03","N","","","","","","","","","","",""
"2022069406","2220","1","0","0","0","0","0","0","0","0","7","0","","67","07","2022","7","39.9805","-75.2058","2218","06","0","0","0","0","0","0","0","0","","0","0","0","22","3","0","00","N","1","39 58:49.807","3","00","75 12:21.043","0","0","0","0","67301","0","0","0","N","0","0","0","1","68K01","0","","5","01","0010","N","N","N","0","","0","0","0","0","0","Y","2210","0","1","0","0","1","0","0","2","0","1","03","","N","","","","","","","","","","",""
"2022055619","2100","1","0","0","0","0","0","0","0","0","1","0","","67","06","2022","6","40.0161","-75.0823","2100","06","0","0","0","0","0","0","0","0","","0","0","0","18","3","0","00","N","0","40 00:58.090","","00","75 04:56.290","0","0","0","0","67301","0","0","0","N","0","0","0","1","67301","0","","6","01","","N","N","N","0","","0","0","1","0","0","","1828","0","2","0","0","0","0","0","2","0","2","03","","N","","","","","","","","","","",""
"2022055625","0059","0","0","0","0","0","0","0","0","0","4","0","","67","06","2022","7","39.9596","-75.197","0047","06","0","0","0","0","0","1","0","0","","0","0","0","00","3","2","01","","1","39 57:34.403","1","00","75 11:49.811","8","0","0","0","67301","0","0","0","N","0","0","0","5","67301","0","","1","01","0400","N","N","N","0","","0","0","3","3","2","Y","0033","2","3","0","0","0","2","0","2","0","3","03","03","N","","","","","","","","","","",""
"2022052401","2122","2","0","0","0","0","0","0","0","0","4","0","","67","06","2022","5","40.0216","-75.0546","2114","06","0","0","0","0","0","0","0","0","","0","0","0","20","2","1","01","","1","40 01:17.591","1","00","75 03:16.669","3","0","0","0","67301","0","0","0","N","0","0","0","2","67301","0","","1","01","2245","N","N","N","0","","1","0","1","3","2","N","2057","1","4","0","0","0","0","0","2","1","4","03","03","N","","","","","","","","","","",""
"2022052593","2246","1","0","0","0","0","0","0","0","0","5","0","","67","05","2022","3","39.9277","-75.1763","2245","06","0","0","0","0","0","0","0","0","","0","0","0","22","3","0","00","N","2","39 55:39.890","3","00","75 10:34.800","9","0","0","0","67301","0","0","0","N","0","0","0","2","67301","0","","6","01","2300","N","N","N","0","","0","0","0","0","0","Y","2230","0","3","0","0","1","0","1","2","2","3","03","","N","","","","","","","","","","",""
"2022052524","1225","2","0","0","0","0","0","0","0","0","5","0","","67","06","2022","1","40.0439","-75.1583","1220","06","0","0","0","0","0","0","0","0","","0","0","0","12","1","1","00","N","0","40 02:38.070","","00","75 09:29.790","3","0","0","0","67301","1","0","0","N","1","0","0","2","67301","0","","6","01","","N","N","N","0","","1","0","0","0","0","","1213","1","3","0","0","0","0","0","2","0","2","03","","N","","","","","","","","","","",""
"2022051517","1500","2","0","0","0","0","0","0","0","0","1","0","","67","05","2022","3","39.9421","-75.2342","1322","06","0","0","0","0","0","0","0","0","","0","0","0","12","1","0","00","N","0","39 56:31.421","","00","75 14:03.122","0","0","0","0","67301","0","0","0","N","0","0","0","1","67301","0","","6","01","","N","N","N","0","","0","0","1","0","0","","1210","0","3","0","0","0","0","0","2","0","3","03","03","N","","","","","","","","","","",""
"2022052280","1847","2","0","0","0","0","0","0","0","0","4","0","","67","06","2022","7","39.9858","-75.181","1847","06","0","0","0","0","0","0","0","0","","0","0","0","18","1","2","01","","0","39 59:08.960","","00","75 10:51.665","2","0","0","0","67301","0","0","0","N","0","0","0","3","67301","0","","1","01","","N","N","N","0","","1","1","0","3","2","","1847","2","2","0","0","0","0","0","2","0","2","03","03","N","","","","","","","","","","",""
"2022059109","0911","2","0","0","0","0","0","0","0","0","5","0","","67","06","2022","4","39.9578","-75.161","0904","06","0","0","0","0","0","0","1","0","","0","0","0","09","1","3","00","N","1","39 57:27.941","4","00","75 09:39.674","3","0","0","0","67301","0","0","0","N","0","0","0","4","68K01","0","","1","01","0951","N","Y","N","0","","2","0","1","0","0","N","0903","3","3","0","0","2","1","0","2","0","3","03","","N","","","","","","","","","","",""
"2022063077","0325","2","0","0","0","0","0","0","0","0","1","0","","67","06","2022","1","39.9797","-75.2409","0323","06","0","0","0","0","0","0","0","0","","0","0","0","03","3","0","00","N","0","39 58:46.810","","00","75 14:27.350","0","0","0","0","67301","0","0","0","N","0","0","0","1","67301","0","","6","01","","N","N","N","0","","0","0","0","3","3","","0315","0","2","0","0","0","0","0","2","0","2","03","03","N","","","","","","","","","","",""
"2022035453","","1","0","0","0","0","0","0","0","0","1","0","","67","03","2022","4","39.9885","-75.1607","","06","0","0","0","0","0","0","0","0","","0","0","0","20","1","1","01","","0","39 59:18.582","","00","75 09:38.617","8","0","0","0","67301","0","0","0","N","0","0","0","2","00000","0","","1","01","","","","N","0","","0","0","0","3","2","","2030","1","2","0","0","0","1","0","2","0","2","03","","N","","","","","","","","","","",""
"2022063136","1117","1","0","0","0","0","0","1","0","0","1","1","","67","06","2022","6","39.9601","-75.1814","1106","06","0","0","0","0","0","1","0","0","","0","0","0","11","1","1","00","N","2","39 57:36.217","2","00","75 10:53.139","3","0","0","0","67301","0","0","0","N","0","0","0","2","68K01","0","","1","01","1230","Y","N","N","0","","1","0","0","0","0","N","1104","1","2","0","0","0","0","0","2","0","2","03","","N","","","","","","","","","","",""
"2022064017","1139","0","0","0","0","0","0","0","0","0","5","1","","67","07","2022","2","39.9106","","1139","06","0","0","0","0","0","0","0","0","","0","1","0","11","1","0","07","","0","39 54:38.100","","08","75 9:29.100","0","0","0","0","67301","0","0","0","N","0","0","0","4","67501","0","","7","01","","N","N","N","1","","0","0","0","0","0","","1139","0","2","0","0","0","0","0","1","0","2","03","03","N","","","","","","","","","","",""
"2022066153","1000","1","0","0","0","0","0","0","0","0","4","1","","67","07","2022","1","40.0789","-75.0253","0953","06","0","0","0","0","0","1","0","0","","0","1","0","09","1","1","02","","0","40 04:44.486","","00","75 01:30.863","4","0","0","0","67301","0","0","0","N","0","0","0","2","67301","1","","1","01","","N","N","N","0","","0","0","0","3","2","","0935","1","2","0","0","0","0","0","2","0","2","03","","N","","","","","","","","","","",""
"2022063075","1725","2","0","0","0","0","0","0","0","0","4","0","","67","06","2022","4","39.9873","-75.2418","1720","06","0","0","0","0","0","1","0","0","","0","0","0","15","1","1","02","","0","39 59:14.293","","00","75 14:30.436","3","0","0","0","67301","0","0","0","N","0","0","0","2","67301","0","","1","01","","N","N","N","0","","1","0","0","3","3","","1549","1","2","0","0","0","0","0","2","0","2","03","03","N","","","","","","","","","","",""
"2022055586","1407","1","0","0","0","0","0","0","0","0","4","0","","67","06","2022","4","39.9348","-75.2299","1404","06","0","0","0","0","0","1","0","0","","0","0","0","14","1","1","02","","0","39 56:05.351","","00","75 13:47.776","3","0","0","0","67301","0","0","0","N","0","0","0","3","67301","0","","1","01","","N","N","N","0","","1","0","1","3","3","","1400","1","2","0","0","0","0","0","2","0","2","03","03","N","","","","","","","","","","",""
"2022068227","0927","1","0","0","0","0","0","0","0","0","1","0","","67","07","2022","1","40.0094","-75.0665","0910","06","0","0","0","0","0","1","0","0","","0","0","0","09","1","1","00","N","0","40 00:33.891","","00","75 03:59.226","8","0","0","0","67301","0","0","0","N","0","0","0","2","68K01","0","","1","01","","N","N","N","0","","0","0","1","0","0","","0903","1","2","0","0","1","1","1","2","0","2","03","03","N","","","","","","","","","","",""
"2022051195","0907","2","0","0","0","0","0","0","0","0","4","0","","67","06","2022","5","40.0854","-75.0374","0905","06","0","0","1","0","0","0","1","0","","0","0","0","09","1","2","01","","0","40 05:07.651","","00","75 02:14.830","3","0","0","0","67301","0","0","0","N","0","0","0","2","67301","1","","1","01","","N","N","N","0","","1","0","0","3","2","","0900","2","2","0","0","0","0","0","2","0","2","03","03","N","","","","","","","","","","",""
"2022052016","1941","0","0","0","0","0","0","0","0","0","8","0","","67","06","2022","6","40.003","-75.1535","1939","06","0","0","0","0","0","1","0","0","","0","0","0","19","1","1","00","N","0","40 00:10.830","","00","75 09:12.670","8","0","0","0","67301","1","0","0","N","1","0","0","2","67301","0","","1","01","","N","N","N","0","","0","0","0","0","0","","1938","1","2","0","0","0","1","0","2","1","1","03","03","N","","","","","","","","","","",""
"2022050534","1033","0","0","0","0","0","0","0","0","0","4","0","","67","05","2022","2","40.0991","-74.9869","1022","06","0","0","0","0","1","1","0","0","","0","0","0","10","1","2","01","","0","40 05:56.927","","02","74 59:12.712","3","0","0","0","67301","0","0","0","N","0","0","0","3","67301","0","","1","01","","N","N","N","1","","2","0","1","3","2","","1017","2","2","0","0","0","0","0","2","0","2","03","03","N","","","","","","","","","","",""
"2022061760","1506","2","0","0","0","0","0","0","0","0","1","0","","67","05","2022","2","39.9921","-75.0859","1446","06","0","0","1","0","0","0","0","0","","0","0","0","14","1","0","00","N","0","39 59:31.729","","00","75 05:09.099","0","0","0","0","67301","0","0","0","N","0","0","0","4","68K01","0","","1","01","","N","N","N","0","","0","0","0","0","0","","1430","0","2","0","0","0","0","0","2","0","2","03","","N","","","","","","","","","","",""
"2022055541","0003","2","0","0","0","0","0","0","0","0","6","0","","67","06","2022","7","40.0444","-75.0617","0001","06","0","0","0","0","0","0","0","0","","0","0","0","23","3","0","00","N","1","40 02:39.691","1","00","75 03:42.193","9","0","0","0","67301","0","0","0","N","0","0","0","1","67301","0","","6","01","0040","N","N","N","0","","0","0","0","0","0","N","2350","0","3","0","0","0","0","1","2","1","3","03","03","N","","","","","","","","","","",""
"2022055854","1640","1","0","0","0","0","0","0","0","0","8","0","","67","05","2022","2","39.9486","-75.2171","1638","06","0","0","0","0","0","0","0","0","","0","0","0","16","1","1","01","","0","39 56:55.007","","00","75 13:01.602","2","0","0","0","67301","1","0","1","N","1","0","1","2","67301","0","","1","01","","N","N","N","0","","0","1","0","3","2","","1637","1","2","0","0","0","0","1","2","0","1","03","03","N","","","","","","","","","","",""
"2022056223","1109","3","0","0","0","0","0","0","0","0","5","0","","67","06","2022","1","40.0055","-75.1373","1059","06","0","0","0","0","1","0","0","0","","0","0","0","10","1","1","00","N","0","40 00:19.750","","00","75 08:14.160","3","0","0","0","67301","0","0","0","N","0","0","0","1","67301","0","","6","01","","N","N","N","1","","1","0","1","0","0","","1013","1","5","0","0","0","0","0","2","0","5","03","03","N","","","","","","","","","","",""
"2022051585","1215","1","0","0","1","0","0","0","0","0","8","0","","67","05","2022","2","40.1053","-75.0326","1221","06","0","0","0","0","0","0","1","0","","0","0","0","12","1","1","00","N","0","40 06:19.032","","07","75 01:57.311","3","0","0","0","67301","1","0","0","N","0","0","0","2","67301","0","","1","01","","N","N","N","0","","1","0","0","0","0","","1215","1","2","0","0","0","0","0","2","0","1","03","","N","","","","","","","","","","",""
"2022055539","1304","2","0","0","0","0","0","0","0","0","4","0","","67","06","2022","4","39.9181","-75.171","1304","06","0","0","0","0","0","0","0","0","","0","0","0","12","1","0","01","","0","39 55:05.344","","00","75 10:15.986","0","0","0","0","67301","0","0","0","N","0","0","0","3","67301","0","","1","01","","N","N","N","0","","0","0","0","1","2","","1255","0","2","0","0","0","0","0","2","0","2","03","03","N","","","","","","","","","","",""
"2022064770","2151","0","0","0","0","0","0","0","0","0","4","0","","67","06","2022","2","39.9548","-75.228","2150","06","0","0","0","0","0","1","1","0","","0","0","0","21","3","2","01","","0","39 57:17.413","","00","75 13:40.742","2","0","1","1","67301","0","0","0","N","0","0","0","2","67301","0","","1","01","","N","N","N","0","","1","1","1","3","2","","2145","2","2","0","0","0","0","0","2","0","2","03","03","N","","","","","","","","","","",""
"2022068606","1535","1","0","0","0","0","0","0","0","0","7","0","","67","07","2022","6","39.9752","-75.1422","1526","06","0","0","0","0","0","0","0","0","","0","0","0","15","1","3","01","","0","39 58:30.799","","00","75 08:31.866","3","0","0","0","67301","1","0","0","N","1","0","0","3","67301","2","","5","01","","N","N","N","0","","1","0","0","3","3","","1526","3","2","0","0","2","0","0","2","0","1","03","03","N","","","","","","","","","","",""
"2022066072","1515","1","0","0","0","0","0","0","0","0","1","0","","67","06","2022","1","39.9574","-75.1586","1506","06","0","0","0","0","0","1","0","0","","0","0","0","15","1","1","00","N","1","39 57:26.470","3","00","75 09:31.089","8","0","0","0","67301","0","0","0","N","0","0","0","5","68K01","0","","1","01","1556","N","N","N","0","","0","0","1","0","0","N","1500","1","2","0","0","0","1","0","2","0","2","03","","N","","","","","","","","","","",""
"2022068808","0044","1","0","0","0","0","0","0","0","0","4","1","","67","06","2022","2","39.9893","-75.1555","0044","06","0","0","0","0","0","0","0","0","","0","1","0","00","3","0","01","","0","39 59:21.634","","00","75 09:19.704","0","0","0","0","67301","0","0","0","N","0","0","0","2","67301","0","","1","01","","N","N","N","0","","0","0","0","3","2","","0030","0","2","0","0","0","0","0","2","0","2","03","","N","","","","","","","","","","",""
"2022053024","1326","0","0","0","0","0","0","0","0","0","8","0","","67","06","2022","2","39.9241","-75.2307","1322","06","0","0","0","0","0","1","0","0","","0","0","0","13","1","1","00","N","0","39 55:26.880","","00","75 13:50.360","3","0","0","0","67301","1","0","0","N","1","0","0","2","67301","0","","1","01","","N","N","N","0","","1","0","1","0","0","","1319","1","2","0","0","0","0","0","2","0","1","03","","N","","","","","","","","","","",""
"2022055543","0830","1","0","0","0","0","0","0","0","0","4","0","","67","06","2022","5","40.0656","-75.0622","0830","06","0","0","0","0","0","0","0","0","","0","0","0","08","1","1","01","","0","40 03:56.148","","00","75 03:43.883","3","0","0","0","67301","0","0","0","N","0","0","0","2","67301","0","","1","01","","N","N","N","0","","1","0","1","3","3","","0830","1","2","0","0","2","0","0","2","0","2","03","03","N","","","","","","","","","","",""
"2022056252","2122","0","0","0","0","0","0","0","0","0","1","0","","67","06","2022","6","39.9542","-75.1411","2122","06","0","0","0","0","0","0","0","0","","0","0","0","21","3","0","00","N","0","39 57:15.000","","03","75 08:28.000","0","0","0","0","67301","0","0","0","N","0","0","0","2","67501","0","","1","01","","N","N","N","0","","0","0","2","3","8","","2122","0","2","0","0","0","0","0","2","0","2","03","","N","","","","","","","","","","",""
"2022068804","1543","1","0","0","0","0","0","0","0","0","4","0","","67","05","2022","3","39.9755","-75.1668","1532","06","0","0","0","0","0","0","0","1","","0","0","0","12","1","0","01","","0","39 58:31.871","","00","75 10:00.351","9","0","0","0","67301","0","0","0","N","0","0","0","2","67301","0","","1","01","","N","N","N","0","","0","0","0","3","2","","1230","0","2","0","0","2","0","1","2","1","2","03","03","N","","","","","","","","","","",""
"2022068296","1220","1","0","0","0","0","0","1","0","0","1","1","","67","07","2022","5","40.0043","-75.1493","1215","06","0","0","0","0","0","0","1","0","","0","0","0","12","1","1","01","","1","40 00:15.454","2","00","75 08:57.472","8","0","0","0","67301","0","0","0","N","0","0","0","2","67508","0","","1","01","9999","N","N","Y","0","","0","0","0","3","2","N","1215","1","2","0","0","0","1","0","2","0","2","03","03","N","","","","","","","","","","",""
"2022051569","0115","1","0","0","0","0","0","0","0","0","4","0","","67","05","2022","3","39.9799","-75.1429","0104","06","0","0","0","0","0","0","0","0","","0","0","0","01","3","0","01","","0","39 58:47.465","","00","75 08:34.342","0","0","0","0","67301","0","0","0","N","0","0","0","3","67301","0","","1","01","","N","N","N","0","","0","0","1","3","2","","0100","0","2","0","0","0","0","0","2","0","2","03","03","N","","","","","","","","","","",""
"2022066852","1225","2","0","0","0","0","0","0","0","0","5","0","","67","07","2022","4","39.9572","-75.1566","1224","06","0","0","0","0","0","0","0","0","","0","0","0","12","1","0","00","N","1","39 57:25.826","4","00","75 09:23.777","0","0","0","0","67301","0","0","0","N","0","0","0","2","68K01","0","","1","01","1320","N","N","N","0","","0","0","0","0","0","N","1219","0","2","0","0","0","0","0","2","0","2","03","","N","","","","","","","","","","",""