"CRN","ARRIVAL_TM","AUTOMOBILE_COUNT","BELTED_DEATH_COUNT","BELTED_SUSP_SERIOUS_INJ_COUNT","BICYCLE_COUNT","BICYCLE_DEATH_COUNT","BICYCLE_SUSP_SERIOUS_INJ_COUNT","BUS_COUNT","CHLDPAS_DEATH_COUNT","CHLDPAS_SUSP_SERIOUS_INJ_COUNT","COLLISION_TYPE","COMM_VEH_COUNT","CONS_ZONE_SPD_LIM","COUNTY","CRASH_MONTH","CRASH_YEAR","DAY_OF_WEEK","DEC_LAT","DEC_LONG","DISPATCH_TM","DISTRICT","DRIVER_COUNT_16YR","DRIVER_COUNT_17YR","DRIVER_COUNT_18YR","DRIVER_COUNT_19YR","DRIVER_COUNT_20YR","DRIVER_COUNT_50_64YR","DRIVER_COUNT_65_74YR","DRIVER_COUNT_75PLUS","EST_HRS_CLOSED","FATAL_COUNT","HEAVY_TRUCK_COUNT","HORSE_BUGGY_COUNT","HOUR_OF_DAY","ILLUMINATION","INJURY_COUNT","INTERSECT_TYPE","INTERSECTION_RELATED","LANE_CLOSED","LATITUDE","LN_CLOSE_DIR","LOCATION_TYPE","LONGITUDE","MAX_SEVERITY_LEVEL","MCYCLE_DEATH_COUNT","MCYCLE_SUSP_SERIOUS_INJ_COUNT","MOTORCYCLE_COUNT","MUNICIPALITY","NONMOTR_COUNT","NONMOTR_DEATH_COUNT","NONMOTR_SUSP_SERIOUS_INJ_COUNT","NTFY_HIWY_MAINT","PED_COUNT","PED_DEATH_COUNT","PED_SUSP_SERIOUS_INJ_COUNT","PERSON_COUNT","POLICE_AGCY","POSSIBLE_INJ_COUNT","RDWY_SURF_TYPE_CD","RELATION_TO_ROAD","ROAD_CONDITION","ROADWAY_CLEARED","SCH_BUS_IND","SCH_ZONE_IND","SECONDARY_CRASH","SMALL_TRUCK_COUNT","SPEC_JURIS_CD","SUSP_MINOR_INJ_COUNT","SUSP_SERIOUS_INJ_COUNT","SUV_COUNT","TCD_FUNC_CD","TCD_TYPE","TFC_DETOUR_IND","TIME_OF_DAY","TOT_INJ_COUNT","TOTAL_UNITS","UNB_DEATH_COUNT","UNB_SUSP_SERIOUS_INJ_COUNT","UNBELTED_OCC_COUNT","UNK_INJ_DEG_COUNT","UNK_INJ_PER_COUNT","URBAN_RURAL","VAN_COUNT","VEHICLE_COUNT","WEATHER1","WEATHER2","WORK_ZONE_IND","WORK_ZONE_LOC","WORK_ZONE_TYPE","WORKERS_PRES","WZ_CLOSE_DETOUR","WZ_FLAGGER","WZ_LAW_OFFCR_IND","WZ_LN_CLOSURE","WZ_MOVING","WZ_OTHER","WZ_SHLDER_MDN","WZ_WORKERS_INJ_KILLED"
"2022066708","0316","0","0","0","0","0","0","0","0","0","7","0","","67","05","2022","7","39.8879","-75.2164","0306","06","0","0","0","0","0","0","0","0","","0","0","0","02","3","0","00","N","0","39 53:16.449","","00","75 12:59.101","0","0","0","0","67301","0","0","0","N","0","0","0","1","68K01","0","","2","01","","N","N","N","0","","0","0","1","0","0","","0258","0","1","0","0","0","0","0","2","0","1","07","","N","","","","","","","","","","",""
"2022050732","1557","0","0","0","0","0","0","0","0","0","4","0","","67","05","2022","2","40.0414","-75.0283","1552","06","0","0","0","0","0","0","0","0","","0","0","0","15","1","5","01","","1","40 02:28.908","3","00","75 01:41.719","3","0","0","0","67301","0","0","0","N","0","0","0","5","67301","0","","1","01","1736","N","N","N","0","","5","0","2","3","2","N","1550","5","2","0","0","0","0","0","2","0","2","03","03","N","","","","","","","","","","",""
"2022056773","1941","3","0","0","0","0","0","0","0","0","1","0","","67","05","2022","2","39.9309","-75.1989","1931","06","0","0","1","0","0","0","0","0","","0","0","0","19","1","5","00","N","0","39 55:51.261","","00","75 11:56.154","4","0","0","0","67301","0","0","0","N","0","0","0","9","68K01","1","","1","01","","N","N","N","0","","0","0","2","3","8","","1928","5","5","0","0","3","4","0","2","0","5","03","","N","","","","","","","","","","",""
"2022055589","1509","1","0","0","0","0","0","0","0","0","7","0","","67","06","2022","6","39.9466","-75.2278","1506","06","0","0","0","0","0","0","0","0","","0","0","0","15","1","1","00","N","0","39 56:47.696","","00","75 13:39.946","3","0","0","0","67301","0","0","0","N","0","0","0","2","67301","0","","6","01","","N","N","N","0","","1","0","0","0","0","","1506","1","1","0","0","0","0","1","2","0","1","03","03","N","","","","","","","","","","",""
"2022061015","0018","1","0","0","0","0","0","0","0","0","1","0","","67","06","2022","3","39.9911","-75.2041","0014","06","0","0","0","0","0","1","0","0","","0","0","0","00","3","3","00","N","2","39 59:27.948","3","00","75 12:14.763","8","0","0","0","67301","0","0","0","N","0","0","0","3","68K01","0","","1","01","0050","N","N","N","0","","0","0","1","0","0","N","0013","3","2","0","0","0","3","0","2","0","2","03","03","N","","","","","","","","","","",""
"2022058394","0401","0","0","0","0","0","0","0","0","0","7","0","35","67","06","2022","7","39.9554","-75.148","0401","06","0","0","0","0","0","1","0","0","","0","0","0","04","3","0","00","N","1","39 57:19.394","4","02","75 08:52.678","0","0","0","0","67301","0","0","0","N","0","0","0","1","67501","0","","4","01","0455","N","N","N","1","","0","0","0","0","0","N","0401","0","1","0","0","0","0","0","2","0","1","03","","Y","8","1","Y","","","N","Y","","","","N"
"2022070168","1145","2","0","0","0","0","0","0","0","0","4","0","","67","07","2022","7","39.9546","-75.1495","1143","06","0","0","0","0","0","0","0","0","","0","0","0","11","1","0","01","","1","39 57:16.613","3","00","75 08:58.311","0","0","0","0","67301","0","0","0","N","0","0","0","4","67301","0","","1","01","1202","N","N","N","0","","0","0","0","3","2","N","1125","0","2","0","0","0","0","0","2","0","2","03","03","N","","","","","","","","","","",""
"2022060012","1042","0","0","0","1","0","0","0","0","0","8","0","","67","06","2022","4","39.9585","-75.1487","1030","06","0","0","0","0","0","0","0","0","","0","0","0","10","1","1","01","","0","39 57:30.611","","00","75 08:55.408","4","0","0","0","67301","1","0","0","N","0","0","0","2","67301","1","","1","01","","N","N","N","0","","0","0","0","3","3","","1025","1","2","0","0","1","0","0","2","1","1","04","04","N","","","","","","","","","","",""
"2022060119","1005","1","0","0","0","0","0","0","0","0","1","0","","67","06","2022","4","40.0097","-75.1551","1005","06","0","0","0","0","1","0","0","0","","0","0","0","09","1","1","00","N","0","40 00:35.080","","00","75 09:18.210","3","0","0","0","67301","0","0","0","N","0","0","0","4","67301","0","","1","01","","N","N","N","0","","1","0","2","0","0","","0950","1","3","0","0","0","0","2","2","0","3","04","04","N","","","","","","","","","","",""
"2022056260","1532","1","0","0","0","0","0","0","0","0","4","0","","67","06","2022","5","40.0271","-75.0426","1522","06","0","0","0","0","0","0","0","0","","0","0","0","15","1","1","01","","0","40 01:37.477","","00","75 02:33.359","3","0","0","0","67301","0","0","0","N","0","0","0","2","67301","0","","1","01","","N","N","N","1","","1","0","0","3","3","","1500","1","2","0","0","0","0","1","2","0","2","03","","N","","","","","","","","","","",""
"2022061742","1231","1","0","0","0","0","0","0","0","0","4","0","","67","05","2022","3","39.9711","-75.1933","1218","06","0","0","0","0","0","0","0","0","","0","0","0","12","1","1","00","N","1","39 58:15.911","3","00","75 11:35.756","3","0","0","0","67301","0","0","0","N","0","0","0","2","68K01","0","","1","01","1255","N","N","N","0","","1","0","1","0","0","N","1213","1","2","0","0","0","0","0","2","0","2","04","","N","","","","","","","","","","",""
"2022062667","1812","1","0","0","0","0","0","0","0","0","1","0","","67","06","2022","3","39.9582","-75.1647","1754","06","0","0","0","0","0","0","0","0","","0","0","0","17","1","1","00","N","0","39 57:29.667","","00","75 09:53.090","3","0","0","0","67301","0","0","0","N","0","0","0","2","68K01","0","","1","01","","N","N","N","0","","1","0","0","0","0","","1749","1","2","0","0","0","0","1","2","0","2","03","03","N","","","","","","","","","","",""
"2022061762","2258","2","0","0","0","0","0","0","0","0","1","0","","67","05","2022","3","39.9569","-75.153","2258","06","0","0","0","0","0","0","0","0","","0","0","0","22","3","1","00","N","1","39 57:24.797","3","00","75 09:10.870","8","0","0","0","67301","0","0","0","N","0","0","0","4","68K01","0","","1","01","2358","N","N","N","0","","0","0","0","0","0","N","2257","1","3","0","0","0","1","1","2","0","3","03","","N","","","","","","","","","","",""
"2022048026","1233","0","0","0","0","0","0","0","0","0","4","0","","67","05","2022","7","39.9451","-75.1685","1230","06","0","0","0","0","0","0","0","0","","0","0","0","09","8","1","01","","0","39 56:42.251","","00","75 10:06.740","3","0","0","0","67301","0","0","0","N","0","0","0","2","67301","0","","1","01","","N","N","N","0","","1","0","1","1","2","","0944","1","2","0","0","0","0","0","2","1","2","03","03","N","","","","","","","","","","",""
"2022047522","1139","1","0","0","0","0","0","0","0","0","4","0","","67","05","2022","7","40.0415","-75.1584","1138","06","0","0","0","0","0","0","0","0","","0","0","0","11","1","0","05","","1","40 02:29.397","5","00","75 09:30.120","0","0","0","0","67301","0","0","0","N","0","0","0","2","67301","0","","1","01","1157","N","N","N","0","","0","0","1","3","2","Y","1137","0","2","0","0","0","0","0","2","0","2","03","03","N","","","","","","","","","","",""
"2022068805","2349","2","0","0","0","0","0","0","0","0","1","0","","67","06","2022","1","39.9849","-75.1582","2346","06","0","0","0","0","0","0","0","0","","0","0","0","23","3","1","01","","0","39 59:05.816","","00","75 09:29.666","8","0","0","0","67301","0","0","0","N","0","0","0","3","67301","0","","1","01","","N","N","N","0","","0","0","0","3","2","","2345","1","2","0","0","0","1","1","2","0","2","03","03","N","","","","","","","","","","",""
"2022055872","1732","1","0","0","0","0","0","0","0","0","8","0","","67","06","2022","5","40.0341","-75.1765","1718","06","0","0","0","0","0","0","0","0","","0","0","0","15","1","1","01","","0","40 02:02.785","","00","75 10:35.468","3","0","0","0","67301","1","0","0","N","1","0","0","2","67301","0","","1","01","","N","N","N","0","","1","0","0","3","2","","1531","1","2","0","0","0","0","0","2","0","1","03","03","N","","","","","","","","","","",""
"2022056360","1748","2","0","0","0","0","0","0","0","0","4","0","","67","06","2022","2","40.017","-75.1504","1748","06","0","0","0","0","0","1","0","0","","0","0","0","17","1","1","02","","0","40 01:01.345","","00","75 09:01.513","3","0","0","0","67301","0","0","0","N","0","0","0","2","67301","0","","1","99","","N","N","N","0","","1","0","0","3","3","","1748","1","2","0","0","1","0","1","2","0","2","03","03","N","","","","","","","","","","",""
"2022044071","","1","0","0","0","0","0","0","0","0","4","0","","67","05","2022","1","39.9037","-75.2432","","06","0","0","0","0","0","0","1","1","","0","0","0","13","1","0","01","","0","39 54:13.300","","00","75 14:35.500","0","0","0","0","67301","0","0","0","N","0","0","0","2","00000","0","","1","01","","","","N","0","","0","0","1","3","2","","1300","0","2","0","0","0","0","0","2","0","2","03","","N","","","","","","","","","","",""
"2022056747","0745","0","0","0","0","0","0","0","0","0","5","0","","67","06","2022","7","40.06","-75.0092","0741","06","0","0","0","0","0","1","0","0","","0","0","0","05","5","1","00","N","0","40 03:36.016","","00","75 00:33.223","3","0","0","0","67301","0","0","0","N","0","0","0","1","67301","0","","6","01","","N","N","N","0","","1","0","1","0","0","","0558","1","2","0","0","0","0","0","2","1","2","03","03","N","","","","","","","","","","",""
"2022071060","0858","1","0","0","0","0","0","0","0","0","1","1","","67","08","2022","2","39.9685","-75.1291","0845","06","0","0","0","0","0","0","0","0","","0","1","0","08","1","0","00","N","0","39 58:06.687","","00","75 07:44.679","0","0","0","0","67301","0","0","0","N","0","0","0","2","68K01","0","","1","09","","N","N","N","0","","0","0","0","0","0","","0844","0","2","0","0","0","0","0","2","0","2","07","","N","","","","","","","","","","",""
"2022057149","0015","1","0","0","0","0","0","0","0","0","5","0","","67","06","2022","3","39.9702","-75.1349","0012","06","0","0","0","0","0","1","0","0","","0","0","0","00","3","1","00","N","0","39 58:12.750","","00","75 08:05.510","4","0","0","0","67301","0","0","0","N","0","0","0","1","67301","1","","6","01","","N","N","N","0","","0","0","2","0","0","","0010","1","3","0","0","0","0","0","2","0","3","03","03","N","","","","","","","","","","",""
"2022056895","0843","2","0","0","0","0","0","0","0","0","4","0","","67","06","2022","6","39.9383","-75.1749","0829","06","0","0","0","0","0","0","0","0","","0","0","0","08","1","0","02","","2","39 56:17.937","2","00","75 10:29.478","9","0","0","0","67301","0","0","0","N","0","0","0","2","67301","0","","1","01","0940","N","N","N","0","","0","0","1","3","3","Y","0825","0","3","0","0","0","0","2","2","0","3","03","","N","","","","","","","","","","",""
"2022060030","0515","3","0","0","0","0","0","0","0","0","5","0","","67","06","2022","1","39.9133","-75.2421","0502","06","0","0","0","0","0","0","0","0","","0","0","0","05","1","0","00","N","0","39 54:47.800","","00","75 14:31.440","0","0","0","0","67301","0","0","0","N","0","0","0","1","67301","0","","6","01","","N","N","N","0","","0","0","1","0","0","","0502","0","5","0","0","0","0","0","2","1","5","03","03","N","","","","","","","","","","",""
"2022055958","1648","2","0","0","0","0","0","0","0","0","1","0","","67","06","2022","2","39.8988","-75.1695","1616","06","0","0","1","0","0","0","0","0","","0","0","0","16","1","1","00","N","0","39 53:55.697","","03","75 10:10.143","8","0","0","0","67301","0","0","0","N","0","0","0","3","68K01","0","","1","01","","N","N","N","0","","0","0","0","0","0","","1615","1","2","0","0","0","1","0","2","0","2","03","","N","","","","","","","","","","",""
"2022061825","1503","2","0","0","0","0","0","0","0","0","1","0","","67","06","2022","5","39.8874","-75.2043","1445","06","0","0","0","1","0","0","0","0","","0","0","0","14","1","1","00","N","0","39 53:14.599","","00","75 12:15.544","8","0","0","0","67301","0","0","0","N","0","0","0","2","68K01","0","","1","01","","N","N","N","0","","0","0","0","0","0","","1438","1","2","0","0","0","1","0","2","0","2","03","","N","","","","","","","","","","",""
"2022055654","1008","1","0","0","0","0","0","0","0","0","4","0","","67","05","2022","3","40.001","-75.148","1008","06","0","0","0","0","0","1","0","0","","0","0","0","08","1","0","01","","0","40 00:03.481","","00","75 08:52.906","0","0","0","0","67301","0","0","0","N","0","0","0","2","67301","0","","1","01","","N","N","N","0","","0","0","1","3","2","","0830","0","2","0","0","0","0","0","2","0","2","03","","N","","","","","","","","","","",""
"2022055639","2100","1","0","0","0","0","0","0","0","0","8","0","","67","05","2022","1","39.9733","-75.2423","2100","06","0","0","0","0","0","0","0","0","","0","0","0","15","1","1","00","N","0","39 58:23.730","","00","75 14:32.140","3","0","0","0","67301","1","0","0","N","1","0","0","2","67301","0","","1","01","","N","N","N","0","","1","0","0","0","0","","1530","1","2","0","0","0","0","1","2","0","1","03","03","N","","","","","","","","","","",""
"2022048068","0838","2","0","0","0","0","0","0","0","0","4","0","","67","05","2022","2","40.0749","-75.1699","0835","06","0","0","0","0","0","0","0","0","","0","0","0","07","1","5","01","","2","40 04:29.611","7","00","75 10:11.737","3","0","0","0","67301","0","0","0","N","0","0","0","5","67301","4","","1","01","0913","N","N","N","0","","1","0","1","3","3","Y","0750","5","3","0","0","0","0","0","2","0","3","04","04","N","","","","","","","","","","",""
"2022057912","0352","1","0","0","0","0","0","0","0","0","7","0","","67","05","2022","1","40.0064","-75.194","0342","06","0","0","0","0","0","0","0","0","","0","0","0","03","3","0","07","","1","40 00:22.992","3","08","75 11:38.316","0","0","0","0","67301","0","0","0","N","0","0","0","1","68K01","0","","7","01","0445","N","N","N","0","","0","0","0","0","0","N","0339","0","1","0","0","0","0","0","2","0","1","03","","N","","","","","","","","","","",""
"2022068807","1710","1","0","0","0","0","0","0","0","0","7","0","","67","06","2022","7","39.9836","-75.1843","1702","06","0","0","0","0","0","0","0","0","","0","0","0","17","1","1","03","","0","39 59:01.119","","00","75 11:03.502","3","0","0","0","67301","0","0","0","N","0","0","0","1","67301","0","","4","01","","N","N","N","0","","1","0","0","0","0","","1701","1","1","0","0","0","0","0","2","0","1","03","03","N","","","","","","","","","","",""
"2022060359","0340","2","0","0","0","0","0","0","0","0","1","0","","67","06","2022","3","","","0335","06","0","0","0","0","0","0","0","0","","0","0","0","03","3","1","00","N","0","","","03","","8","0","0","0","67301","0","0","0","N","0","0","0","1","67301","0","","1","01","","N","N","N","0","","0","0","0","0","0","","0315","1","2","0","0","0","1","0","1","0","2","03","03","N","","","","","","","","","","",""
"2022069565","1122","0","0","0","0","0","0","0","0","0","8","0","","67","06","2022","3","39.9531","-75.158","1119","06","0","0","0","0","0","0","0","0","","0","0","0","08","1","1","00","N","0","39 57:11.200","","01","75 09:28.920","3","0","0","0","67301","1","0","0","N","1","0","0","2","67301","0","","1","01","","N","N","N","0","","1","0","1","0","0","","0855","1","2","0","0","0","0","0","2","0","1","03","","N","","","","","","","","","","",""
"2022070347","0952","1","0","0","0","0","0","0","0","0","5","1","","67","06","2022","4","40.0381","-75.0106","0937","06","0","0","0","0","1","1","0","0","","1","1","0","09","1","0","00","N","1","40 02:17.008","1","00","75 00:38.012","1","1","0","1","67301","0","0","0","N","0","0","0","3","68K01","0","1","1","01","1231","N","N","N","0","0","0","0","0","0","0","N","0935","0","3","0","0","0","0","0","2","0","3","03","03","N","","","","","","","","","","",""
"2022061570","1457","2","0","0","0","0","0","0","0","0","2","0","","67","07","2022","2","40.0098","-75.151","1457","06","0","0","0","0","0","0","1","0","","0","0","0","14","1","1","01","","0","40 00:35.628","","00","75 09:03.612","2","0","0","0","67301","0","0","0","N","0","0","0","3","67301","0","","1","01","","N","N","N","0","","0","1","0","3","2","","1455","1","2","0","0","0","0","0","2","0","2","03","03","N","","","","","","","","","","",""
"2022061016","0117","1","0","0","0","0","0","0","0","0","1","0","","67","06","2022","3","39.9986","-75.1957","0110","06","0","0","0","0","0","1","0","0","","0","0","0","00","3","0","00","N","1","39 59:55.030","3","00","75 11:44.631","0","0","0","0","67301","0","0","0","N","0","0","0","3","68K01","0","","1","01","0135","N","N","N","0","","0","0","1","0","0","N","0057","0","2","0","0","0","0","0","2","0","2","03","03","N","","","","","","","","","","",""
"2022061507","0645","1","0","0","0","0","0","0","0","0","7","0","","67","07","2022","1","40.0979","-74.9851","0645","06","0","0","0","0","0","0","0","0","","0","0","0","06","5","1","07","","0","40 05:52.573","","02","74 59:06.255","4","0","0","0","67301","0","0","0","N","0","0","0","1","67301","1","","4","09","","N","N","N","0","","0","0","0","0","0","","0630","1","1","0","0","1","0","0","2","0","1","07","04","N","","","","","","","","","","",""
"2022061990","1759","0","0","0","0","0","0","0","0","0","1","0","","67","07","2022","6","39.9571","-75.1511","1729","06","0","0","0","0","0","0","0","0","","0","0","0","17","1","2","00","N","0","39 57:25.688","","02","75 09:03.847","4","0","0","0","67301","0","0","0","N","0","0","0","3","68K01","2","","1","01","","N","N","N","0","","0","0","2","0","0","","1726","2","2","0","0","0","0","0","2","0","2","03","03","N","","","","","","","","","","",""
"2022061807","1309","1","0","0","0","0","0","0","0","0","5","0","","67","06","2022","1","39.8963","-75.1916","1240","06","0","0","0","0","0","1","0","0","","0","0","0","12","1","1","00","N","0","39 53:46.665","","03","75 11:29.703","3","0","0","0","67301","0","0","0","N","0","0","0","2","68K01","0","","1","01","","N","N","N","1","","1","0","0","0","0","","1236","1","2","0","0","0","0","0","2","0","2","03","03","N","","","","","","","","","","",""
"2022062122","1653","2","0","0","0","0","0","0","0","0","1","0","","67","06","2022","6","39.9587","-75.1683","1647","06","0","0","0","0","0","1","0","1","","0","0","0","16","1","3","00","N","1","39 57:31.289","4","00","75 10:05.941","3","0","0","0","67301","0","0","0","N","0","0","0","5","68K01","2","","1","01","1700","N","N","N","0","","1","0","1","0","0","N","1640","3","3","0","0","0","0","0","2","0","3","03","","N","","","","","","","","","","",""
"2022047731","2320","1","0","0","0","0","0","0","0","0","4","0","","67","05","2022","7","40.0558","-75.1762","2315","06","0","0","1","0","0","0","0","0","","0","0","0","23","3","3","01","","0","40 03:20.841","","00","75 10:34.267","3","0","0","0","67301","0","0","0","N","0","0","0","4","67301","0","","1","01","","N","N","Y","0","","1","0","1","3","2","","2309","3","2","0","0","0","2","0","2","0","2","03","03","N","","","","","","","","","","",""
"2022047231","0028","2","0","0","0","0","0","0","0","0","4","0","","67","05","2022","6","40.0223","-75.162","0024","06","0","0","0","0","0","0","0","0","","0","0","0","00","3","3","01","","2","40 01:20.289","5","00","75 09:43.290","8","0","0","0","67301","0","0","0","N","0","0","0","4","67301","0","","1","01","0145","N","N","N","0","","0","0","0","3","2","Y","0015","3","3","0","0","0","3","0","2","1","3","03","","N","","","","","","","","","","",""
"2022063086","0740","1","0","0","0","0","0","0","0","0","4","0","","67","06","2022","3","39.972","-75.2274","0735","06","0","0","0","0","0","0","0","0","","0","0","0","07","1","1","01","","0","39 58:19.340","","00","75 13:38.535","3","0","0","0","67301","0","0","0","N","0","0","0","4","67301","0","","1","01","","N","N","N","0","","1","0","1","3","3","","0725","1","3","0","0","0","0","0","2","1","3","03","","N","","","","","","","","","","",""
"2022070286","2235","1","0","0","0","0","0","0","0","0","5","1","","67","04","2022","6","40.0484","-75.0798","2235","06","0","0","0","0","0","1","1","0","","1","1","0","22","3","0","01","N","0","40 02:54.146","","00","75 04:47.305","1","0","0","0","67301","0","0","0","N","0","0","0","4","67301","0","1","1","01","","N","N","N","0","0","0","0","1","2","2","","2200","0","3","1","0","1","0","3","2","0","3","03","03","N","","","","","","","","","","",""
"2022066833","2121","2","0","0","0","0","0","0","0","0","1","0","","67","06","2022","2","40.0508","-75.0062","2121","06","0","0","0","0","0","1","0","0","","0","0","0","21","3","2","00","N","1","40 03:02.926","3","00","75 00:22.480","8","0","0","0","67301","0","0","0","N","0","0","0","3","68K01","0","","1","01","2200","N","N","N","0","","0","0","0","0","0","N","2121","2","2","0","0","0","2","0","2","0","2","03","03","N","","","","","","","","","","",""
"2022058550","1320","0","0","0","0","0","0","1","0","0","8","1","","67","06","2022","6","40.0457","-75.1501","1310","06","0","0","0","0","0","0","0","0","","0","0","0","13","1","1","01","","0","40 02:44.408","","00","75 09:00.522","4","0","0","0","67301","1","0","0","N","1","0","0","2","67508","1","","1","01","","N","","Y","0","","0","0","0","0","0","","1310","1","2","0","0","0","0","0","2","0","1","03","03","N","","","","","","","","","","",""
"2022057703","1244","1","0","0","0","0","0","0","0","0","1","0","","67","06","2022","7","39.9084","-75.1476","1237","06","0","0","0","0","0","1","0","0","","0","0","0","12","1","1","00","N","0","39 54:30.200","","03","75 08:51.300","4","0","0","0","67301","0","0","0","N","0","0","0","2","67501","1","","1","01","","N","N","N","0","","0","0","1","3","8","","1237","1","2","0","0","0","0","0","2","0","2","03","03","N","","","","","","","","","","",""
"2022057142","1322","2","0","0","0","0","0","0","0","0","4","0","","67","06","2022","1","39.963","-75.1771","1322","06","0","0","0","0","0","1","0","1","","0","0","0","12","1","0","03","N","0","39 57:46.958","","06","75 10:37.475","0","0","0","0","67301","0","0","0","N","0","0","0","2","67301","0","","1","01","","N","N","N","0","","0","0","0","3","2","","1208","0","2","0","0","0","0","0","2","0","2","03","03","N","","","","","","","","","","",""
"2022047498","0940","2","0","0","0","0","0","0","0","0","2","0","","67","05","2022","7","39.9168","-75.2461","0923","06","0","0","0","0","0","0","0","0","","0","0","0","06","1","1","00","N","0","39 55:00.645","","00","75 14:45.926","3","0","0","0","67301","0","0","0","N","0","0","0","2","67301","0","","1","01","","N","N","N","0","","1","0","0","0","0","","0609","1","2","0","0","0","0","0","2","0","2","03","03","N","","","","","","","","","","",""
"2022061258","0240","3","0","0","0","0","0","0","0","0","4","0","","67","06","2022","4","39.9546","-75.226","0237","06","0","0","0","1","0","0","0","0","","0","0","0","02","3","3","01","","0","39 57:16.531","","00","75 13:33.604","4","0","0","0","67301","0","0","0","N","0","0","0","3","67301","3","","4","01","","N","N","N","0","","0","0","0","3","1","","0229","3","3","0","0","2","0","0","2","0","3","03","03","N","","","","","","","","","","",""
"2022061893","1339","1","0","0","0","0","0","0","0","0","1","0","","67","06","2022","1","40.0152","-75.0537","1339","06","0","0","0","0","0","1","0","0","","0","0","0","13","1","0","00","N","0","40 00:54.690","","00","75 03:13.342","0","0","0","0","67301","0","0","0","N","0","0","0","2","68K01","0","","1","01","","N","N","N","0","","0","0","1","0","0","","1320","0","2","0","0","0","0","0","2","0","2","03","03","N","","","","","","","","","","",""
"2022060358","0125","0","0","0","0","0","0","0","0","0","7","0","","67","05","2022","3","39.9255","-75.1787","0121","06","0","0","0","1","0","0","0","0","","0","0","0","23","3","0","01","","0","39 55:31.928","","00","75 10:43.231","0","0","0","0","67301","0","0","0","N","0","0","0","1","67301","0","","4","01","","N","N","N","1","","0","0","0","0","0","","2330","0","1","0","0","1","0","0","2","0","1","03","03","N","","","","","","","","","","",""
"2022048061","1324","2","0","0","0","0","0","0","0","0","4","0","","67","05","2022","7","40.1343","-75.0091","1324","06","0","0","0","0","0","0","1","0","","0","0","0","13","1","1","01","","0","40 08:03.746","","00","75 00:32.919","3","0","0","0","67301","0","0","0","N","0","0","0","2","67301","0","","1","01","","N","N","N","0","","1","0","0","3","2","","1324","1","2","0","0","0","0","0","2","0","2","03","","N","","","","","","","","","","",""
"2022057147","0258","1","0","0","0","0","0","0","0","0","4","0","","67","05","2022","1","40.0152","-75.1498","0245","06","0","0","0","0","0","0","0","0","","0","0","0","02","3","1","01","","1","40 00:54.857","1","00","75 08:59.386","2","0","1","1","67301","0","0","0","N","0","0","0","2","67301","0","","1","01","0515","N","N","N","0","","0","1","0","3","2","N","0215","1","2","0","0","0","0","0","2","0","2","03","03","N","","","","","","","","","","",""
"2022061818","1504","0","0","0","0","0","0","0","0","0","1","0","","67","06","2022","4","39.9032","-75.1506","1504","06","0","0","0","0","0","1","0","0","","0","0","0","14","1","0","00","N","0","39 54:11.646","","00","75 09:02.274","0","0","0","0","67301","0","0","0","N","0","0","0","2","68K01","0","","1","01","","N","N","N","1","","0","0","0","0","0","","1452","0","2","0","0","0","0","0","2","1","2","03","03","N","","","","","","","","","","",""
"2022056891","1244","1","0","0","0","0","0","0","0","0","4","0","","67","05","2022","7","40.0122","-75.1004","1243","06","0","0","0","0","0","0","0","0","","0","0","0","12","1","0","01","","2","40 00:43.945","6","00","75 06:01.519","9","0","0","0","67301","0","0","0","N","0","0","0","3","67301","0","","1","01","1501","N","N","Y","0","","0","0","1","3","3","Y","1242","0","2","0","0","0","0","1","2","0","2","03","03","N","","","","","","","","","","",""
"2022062689","2055","0","0","0","0","0","0","0","0","0","4","0","","67","06","2022","2","39.9704","-75.1248","2054","06","0","0","0","0","0","1","0","0","","0","0","0","20","3","0","00","N","1","39 58:13.367","1","00","75 07:29.294","0","0","0","0","67301","0","0","0","N","0","0","0","9","68K01","0","","1","01","2110","N","N","N","0","","0","0","1","0","0","N","2051","0","2","0","0","6","0","0","2","1","2","03","03","N","","","","","","","","","","",""
"2022070923","1205","1","0","0","0","0","0","1","0","0","4","1","","67","06","2022","3","40.0112","-75.1752","1157","06","0","0","0","0","0","0","0","0","","0","0","0","11","1","2","00","N","0","40 00:40.360","","07","75 10:30.850","3","0","0","0","67301","0","0","0","N","0","0","0","4","67301","0","","1","01","","N","N","Y","0","","2","0","1","3","3","","1126","2","3","0","0","0","0","0","2","0","3","03","","N","","","","","","","","","","",""
"2022060526","1750","1","0","0","0","0","0","0","0","0","7","0","","67","06","2022","3","40.0547","-75.0722","1745","06","0","0","0","0","0","0","0","0","","0","0","0","17","1","0","00","N","0","40 03:16.828","","00","75 04:19.984","9","0","0","0","67301","0","0","0","N","0","0","0","1","67301","0","","4","01","","N","N","N","0","","0","0","0","0","0","","1745","0","1","0","0","0","0","1","2","0","1","03","03","N","","","","","","","","","","",""
"2022070482","0723","2","0","0","0","0","0","0","0","0","5","0","","67","06","2022","5","40.0326","-75.0207","0711","06","0","0","0","1","0","1","0","0","","0","0","0","07","1","0","00","N","1","40 01:57.424","1","03","75 01:14.661","0","0","0","0","67301","0","0","0","N","0","0","0","3","68K01","0","","1","09","0800","N","N","N","0","","0","0","0","0","0","N","0710","0","2","0","0","0","0","0","2","0","2","07","","N","","","","","","","","","","",""