"CRN","ARRIVAL_TM","AUTOMOBILE_COUNT","BELTED_DEATH_COUNT","BELTED_SUSP_SERIOUS_INJ_COUNT","BICYCLE_COUNT","BICYCLE_DEATH_COUNT","BICYCLE_SUSP_SERIOUS_INJ_COUNT","BUS_COUNT","CHLDPAS_DEATH_COUNT","CHLDPAS_SUSP_SERIOUS_INJ_COUNT","COLLISION_TYPE","COMM_VEH_COUNT","CONS_ZONE_SPD_LIM","COUNTY","CRASH_MONTH","CRASH_YEAR","DAY_OF_WEEK","DEC_LAT","DEC_LONG","DISPATCH_TM","DISTRICT","DRIVER_COUNT_16YR","DRIVER_COUNT_17YR","DRIVER_COUNT_18YR","DRIVER_COUNT_19YR","DRIVER_COUNT_20YR","DRIVER_COUNT_50_64YR","DRIVER_COUNT_65_74YR","DRIVER_COUNT_75PLUS","EST_HRS_CLOSED","FATAL_COUNT","HEAVY_TRUCK_COUNT","HORSE_BUGGY_COUNT","HOUR_OF_DAY","ILLUMINATION","INJURY_COUNT","INTERSECT_TYPE","INTERSECTION_RELATED","LANE_CLOSED","LATITUDE","LN_CLOSE_DIR","LOCATION_TYPE","LONGITUDE","MAX_SEVERITY_LEVEL","MCYCLE_DEATH_COUNT","MCYCLE_SUSP_SERIOUS_INJ_COUNT","MOTORCYCLE_COUNT","MUNICIPALITY","NONMOTR_COUNT","NONMOTR_DEATH_COUNT","NONMOTR_SUSP_SERIOUS_INJ_COUNT","NTFY_HIWY_MAINT","PED_COUNT","PED_DEATH_COUNT","PED_SUSP_SERIOUS_INJ_COUNT","PERSON_COUNT","POLICE_AGCY","POSSIBLE_INJ_COUNT","RDWY_SURF_TYPE_CD","RELATION_TO_ROAD","ROAD_CONDITION","ROADWAY_CLEARED","SCH_BUS_IND","SCH_ZONE_IND","SECONDARY_CRASH","SMALL_TRUCK_COUNT","SPEC_JURIS_CD","SUSP_MINOR_INJ_COUNT","SUSP_SERIOUS_INJ_COUNT","SUV_COUNT","TCD_FUNC_CD","TCD_TYPE","TFC_DETOUR_IND","TIME_OF_DAY","TOT_INJ_COUNT","TOTAL_UNITS","UNB_DEATH_COUNT","UNB_SUSP_SERIOUS_INJ_COUNT","UNBELTED_OCC_COUNT","UNK_INJ_DEG_COUNT","UNK_INJ_PER_COUNT","URBAN_RURAL","VAN_COUNT","VEHICLE_COUNT","WEATHER1","WEATHER2","WORK_ZONE_IND","WORK_ZONE_LOC","WORK_ZONE_TYPE","WORKERS_PRES","WZ_CLOSE_DETOUR","WZ_FLAGGER","WZ_LAW_OFFCR_IND","WZ_LN_CLOSURE","WZ_MOVING","WZ_OTHER","WZ_SHLDER_MDN","WZ_WORKERS_INJ_KILLED"
"2022053857","1656","2","0","0","0","0","0","0","0","0","4","0","","67","05","2022","3","39.9544","-75.205","1656","06","0","0","0","0","0","0","0","0","","0","0","0","16","1","2","01","","0","39 57:15.981","","00","75 12:18.395","3","0","0","0","67301","0","0","0","N","0","0","0","4","67504","0","","1","01","","N","N","N","0","","2","0","0","3","2","","1654","2","2","0","0","3","0","0","2","0","2","03","03","N","","","","","","","","","","",""
"2022068820","2214","1","0","0","0","0","0","0","0","0","8","0","","67","05","2022","3","39.9706","-75.163","2214","06","0","0","0","0","0","0","0","0","","0","0","0","22","3","1","01","","0","39 58:14.246","","00","75 09:46.728","3","0","0","0","67301","1","0","0","N","1","0","0","2","67301","0","","1","01","","N","N","N","0","","1","0","0","3","2","","2214","1","2","0","0","0","0","0","2","0","1","03","03","N","","","","","","","","","","",""
"2022055599","2107","2","0","0","0","0","0","0","0","0","1","0","","67","06","2022","6","40.0398","-75.1707","2107","06","0","0","0","0","0","1","0","0","","0","0","0","21","3","8","00","N","0","40 02:23.100","","00","75 10:14.500","2","0","0","0","67301","0","0","0","N","0","0","0","8","67301","0","","1","01","","N","N","N","0","","7","1","1","0","0","","2106","8","3","0","1","3","0","0","2","0","3","03","","N","","","","","","","","","","",""
"2022055567","1011","1","0","0","0","0","0","0","0","0","8","0","","67","06","2022","1","39.9568","-75.1556","1009","06","0","0","0","0","0","0","1","0","","0","0","0","10","1","1","01","","0","39 57:24.468","","03","75 09:20.068","2","0","0","0","67301","1","0","1","N","1","0","1","2","67301","0","","1","09","","N","N","N","0","","0","1","0","3","2","","1000","1","2","0","0","0","0","0","2","0","1","07","04","N","","","","","","","","","","",""
"2022055645","1036","2","0","0","0","0","0","0","0","0","4","0","","67","06","2022","6","39.9812","-75.1887","1036","06","0","0","0","0","0","1","0","0","","0","0","0","10","1","1","01","","0","39 58:52.396","","00","75 11:19.300","3","0","0","0","67301","0","0","0","N","0","0","0","3","67301","0","","1","01","","N","N","N","0","","1","0","0","3","2","","1035","1","2","0","0","0","0","0","2","0","2","03","03","N","","","","","","","","","","",""
"2022058780","0220","1","0","0","0","0","0","0","0","0","8","0","","67","06","2022","7","40.0071","-75.0941","0212","06","0","0","0","0","0","1","0","0","","0","0","0","02","3","1","01","","1","40 00:25.667","7","01","75 05:38.650","8","0","0","0","67301","1","0","0","N","1","0","0","2","67508","0","","1","01","9999","N","N","Y","0","","0","0","0","3","2","Y","0212","1","2","0","0","0","1","0","2","0","1","03","03","N","","","","","","","","","","",""
"2022066381","0231","1","0","0","0","0","0","0","0","0","7","0","","67","06","2022","1","40.0138","-75.126","0231","06","0","0","0","0","0","1","0","0","","0","0","0","01","3","1","01","","0","40 00:49.823","","00","75 07:33.528","3","0","0","0","67301","0","0","0","N","0","0","0","1","67301","0","","4","01","","N","N","N","0","","1","0","0","3","2","","0156","1","1","0","0","0","0","0","2","0","1","03","03","N","","","","","","","","","","",""
"2022053375","","1","0","0","0","0","0","0","0","0","4","0","","67","04","2022","4","39.9612","-75.1748","","06","0","0","0","0","0","1","0","0","","0","0","0","13","1","3","01","","0","39 57:40.148","","00","75 10:29.426","8","0","0","0","67301","0","0","0","N","0","0","0","4","00000","0","","1","01","","","","N","0","","0","0","0","0","0","","1353","3","2","0","0","0","3","0","2","1","2","03","","N","","","","","","","","","","",""
"2022055676","1120","0","0","0","0","0","0","0","0","0","8","0","","67","06","2022","2","40.0411","-75.1295","1107","06","0","0","0","0","0","1","0","0","","0","0","0","11","1","1","01","","0","40 02:27.787","","00","75 07:46.156","4","0","0","0","67301","1","0","0","N","1","0","0","2","67301","1","","1","01","","N","N","N","1","","0","0","0","3","2","","1104","1","2","0","0","0","0","0","2","0","1","03","","N","","","","","","","","","","",""
"2022048382","1507","1","0","0","0","0","0","0","0","0","1","0","","67","05","2022","1","39.9579","-75.1622","1441","06","0","0","1","0","0","1","0","0","","0","0","0","14","1","0","00","N","1","39 57:28.487","4","00","75 09:43.786","0","0","0","0","67301","0","0","0","N","0","0","0","9","68K01","0","","1","01","1510","N","N","N","0","","0","0","1","0","0","N","1440","0","3","0","0","0","0","0","2","1","3","03","03","N","","","","","","","","","","",""
"2022062318","2200","1","0","0","0","0","0","0","0","0","1","0","","67","06","2022","7","39.9766","-75.197","2156","06","0","0","1","0","0","0","0","0","","0","0","0","21","3","0","00","N","0","39 58:35.844","","00","75 11:49.100","0","0","0","0","67301","0","0","0","N","0","0","0","2","68K01","0","","1","01","","N","N","N","0","","0","0","1","0","0","","2156","0","2","0","0","0","0","0","2","0","2","03","03","N","","","","","","","","","","",""
"2022062131","1301","2","0","0","0","0","0","0","0","0","5","0","","67","06","2022","3","39.9599","-75.1404","1223","06","0","0","0","0","0","0","0","0","","0","0","0","12","1","6","06","","0","39 57:35.650","","02","75 08:25.416","3","0","0","0","67301","0","0","0","N","0","0","0","6","68K01","0","","7","01","","N","N","N","0","","6","0","0","0","0","","1216","6","3","0","0","0","0","0","2","1","3","03","","N","","","","","","","","","","",""
"2022061452","2006","1","0","0","0","0","0","0","0","0","4","0","","67","07","2022","1","40.0298","-75.1043","2006","06","0","0","0","0","0","0","0","0","","0","0","0","20","1","1","05","","2","40 01:47.440","2","00","75 06:15.543","3","0","0","0","67301","0","0","0","N","0","0","0","2","67301","0","","1","01","2153","N","N","N","0","","1","0","1","3","2","Y","2005","1","2","0","0","0","0","0","2","0","2","03","03","N","","","","","","","","","","",""
"2022062126","0334","1","0","0","0","0","0","0","0","0","1","0","","67","06","2022","4","39.9934","-75.1997","0329","06","0","0","0","0","0","0","0","0","","0","0","0","03","3","0","00","N","0","39 59:36.222","","00","75 11:58.998","9","0","0","0","67301","0","0","0","N","0","0","0","2","68K01","0","","1","01","","N","N","Y","0","","0","0","1","0","0","","0329","0","2","0","0","0","0","1","2","0","2","03","03","N","","","","","","","","","","",""
"2022049674","2110","2","0","0","0","0","0","0","0","0","4","0","","67","05","2022","1","39.9896","-75.1572","2106","06","0","0","0","0","0","0","0","0","","0","0","0","21","3","0","01","","2","39 59:22.506","7","00","75 09:26.013","9","0","0","0","67301","0","0","0","N","0","0","0","5","67301","0","","1","01","1100","N","N","N","0","","0","0","0","3","2","Y","2105","0","3","0","0","0","0","1","2","1","3","03","","N","","","","","","","","","","",""
"2022061819","1733","2","0","0","0","0","0","0","0","0","5","1","","67","06","2022","4","40.0174","-75.0497","1715","06","0","0","0","0","0","0","0","0","","0","1","0","17","1","2","00","N","1","40 01:02.585","2","00","75 02:59.030","8","0","0","0","67301","0","0","0","N","0","0","0","4","68K01","0","","1","01","1840","N","N","N","0","","0","0","0","3","8","N","1707","2","3","0","0","0","2","0","2","0","3","03","","N","","","","","","","","","","",""
"2022061804","0843","1","0","0","0","0","0","0","0","0","7","0","","67","06","2022","1","40.0378","-75.0114","0836","06","0","0","0","0","0","0","0","0","","0","0","0","08","1","2","00","N","0","40 02:15.984","","00","75 00:40.864","3","0","0","0","67301","0","0","0","N","0","0","0","2","68K01","0","","3","08","","N","N","N","0","","2","0","0","0","0","","0834","2","1","0","0","1","0","0","2","0","1","07","","N","","","","","","","","","","",""
"2022069402","0356","0","0","0","0","0","0","0","0","0","6","0","","67","07","2022","5","39.958","-75.164","0349","06","0","0","0","0","0","0","0","0","","0","0","0","03","3","0","00","N","1","39 57:28.977","3","00","75 09:50.418","9","0","0","0","67301","0","0","0","N","0","0","0","1","68K01","0","","1","01","0100","N","N","Y","0","","0","0","2","0","0","Y","0349","0","2","0","0","0","0","1","2","0","2","03","","N","","","","","","","","","","",""
"2022059115","2314","0","0","0","0","0","0","0","0","0","7","0","","67","06","2022","4","40.0303","-75.0221","2307","06","0","1","0","0","0","0","0","0","","0","0","0","23","3","1","00","N","1","40 01:48.960","2","03","75 01:19.476","8","0","0","0","67301","0","0","0","N","0","0","0","1","68K01","0","","3","09","2340","N","N","N","0","","0","0","1","0","0","N","2306","1","1","0","0","0","1","0","2","0","1","07","","N","","","","","","","","","","",""
"2022055615","0027","0","0","0","0","0","0","0","0","0","4","0","","67","06","2022","6","40.0403","-75.0584","0003","06","0","0","0","0","0","0","0","0","","0","0","0","00","3","1","01","","1","40 02:24.930","1","00","75 03:30.344","3","0","0","0","67301","0","0","0","N","0","0","0","2","67301","0","","1","01","0145","N","N","N","0","","1","0","1","3","2","N","0002","1","2","0","0","0","0","0","2","1","2","03","03","N","","","","","","","","","","",""
"2022055668","2130","1","0","0","0","0","0","0","0","0","8","0","","67","06","2022","1","39.9915","-75.1374","2125","06","0","0","0","0","0","0","0","0","","0","0","0","21","3","1","00","N","0","39 59:29.260","","00","75 08:14.640","3","0","0","0","67301","1","0","0","N","1","0","0","2","67301","0","","1","01","","N","N","N","0","","1","0","0","0","0","","2100","1","2","0","0","0","0","0","2","0","1","03","03","N","","","","","","","","","","",""
"2022071374","1746","2","0","0","0","0","0","0","0","0","1","0","","67","07","2022","6","39.9593","-75.1733","1736","06","0","0","0","0","0","0","0","0","","0","0","0","17","1","1","00","N","0","39 57:33.522","","00","75 10:23.923","8","0","0","0","67301","0","0","0","N","0","0","0","6","68K01","0","","1","01","","N","N","N","0","","0","0","0","0","0","","1735","1","2","0","0","0","1","0","2","0","2","03","03","N","","","","","","","","","","",""
"2022063084","1352","1","0","0","0","0","0","0","0","0","4","0","","67","06","2022","6","40.0072","-75.2096","1340","06","0","0","0","0","0","0","0","0","","0","0","0","13","1","0","01","","0","40 00:25.773","","00","75 12:34.634","0","0","0","0","67301","0","0","0","N","0","0","0","2","67301","0","","1","01","","N","N","N","0","","0","0","1","3","2","","1320","0","2","0","0","0","0","0","2","0","2","03","03","N","","","","","","","","","","",""
"2022056036","1006","1","0","0","0","0","0","0","0","0","4","0","","67","06","2022","5","40.0275","-75.0624","1005","06","0","0","0","0","0","0","2","0","","0","0","0","10","1","0","01","","0","40 01:39.133","","00","75 03:44.544","0","0","0","0","67301","0","0","0","N","0","0","0","2","67301","0","","1","01","","N","N","N","0","","0","0","1","3","2","","1004","0","2","0","0","0","0","0","2","0","2","04","04","N","","","","","","","","","","",""
"2022047671","0235","1","0","0","0","0","0","0","0","0","7","0","","67","05","2022","7","40.0102","-75.122","0233","06","0","0","0","0","0","0","0","0","","0","0","0","02","3","0","00","N","0","40 00:36.720","","00","75 07:19.240","9","0","0","0","67301","0","0","0","N","0","0","0","1","67301","0","","5","01","","N","N","N","0","","0","0","0","0","0","","0216","0","1","0","0","1","0","1","2","0","1","03","03","N","","","","","","","","","","",""
"2022047484","0208","1","0","0","0","0","0","0","0","0","7","0","","67","05","2022","7","40.042","-75.189","0201","06","0","0","0","0","0","0","0","0","","0","0","0","02","3","0","00","N","0","40 02:31.220","","00","75 11:20.300","9","0","0","0","67301","0","0","0","N","0","0","0","1","67301","0","","5","01","","N","N","N","0","","0","0","0","0","0","","0200","0","1","0","0","0","0","1","2","0","1","03","03","N","","","","","","","","","","",""
"2022047499","0115","1","0","0","0","0","0","0","0","0","4","0","","67","05","2022","6","40.0341","-75.124","0107","06","0","0","0","0","0","0","0","0","","0","0","0","22","3","1","01","","0","40 02:02.673","","00","75 07:26.471","4","0","0","0","67301","0","0","0","N","0","0","0","2","67301","1","","1","01","","N","N","N","1","","0","0","0","3","3","","2225","1","2","0","0","1","0","1","2","0","2","03","03","N","","","","","","","","","","",""
"2022069184","0723","2","0","0","0","0","0","0","0","0","2","0","","67","07","2022","1","39.9909","-75.1016","0719","06","0","0","0","0","0","1","0","0","","1","0","0","06","1","0","01","","2","39 59:27.389","7","00","75 06:05.675","1","0","0","0","67301","0","0","0","N","0","0","0","2","67301","0","2","1","01","1030","N","N","N","0","0","0","0","0","3","2","N","0643","0","2","1","0","1","0","1","2","0","2","03","","N","","","","","","","","","","",""
"2022068779","0015","3","0","0","0","0","0","0","0","0","4","0","","67","06","2022","2","39.9728","-75.1696","0009","06","0","0","0","0","0","0","0","0","","0","0","0","22","3","0","00","N","0","39 58:21.984","","00","75 10:10.602","9","0","0","0","67301","0","0","0","N","0","0","0","1","67301","0","","6","01","","N","N","N","0","","0","0","0","0","0","","2238","0","3","0","0","0","0","1","2","0","3","03","03","N","","","","","","","","","","",""
"2022063080","0502","0","0","0","0","0","0","0","0","0","5","0","","67","06","2022","1","39.9793","-75.2373","0500","06","0","0","0","0","0","1","0","0","","0","0","0","04","3","0","00","N","0","39 58:45.350","","00","75 14:14.400","0","0","0","0","67301","0","0","0","N","0","0","0","1","67301","0","","6","01","","N","N","N","1","","0","0","2","0","0","","0458","0","3","0","0","0","0","0","2","0","3","03","03","N","","","","","","","","","","",""
"2022068203","0456","1","0","0","0","0","0","0","0","0","7","0","","67","06","2022","4","39.8901","-75.2396","0433","06","0","0","0","0","0","0","0","0","","0","0","0","04","3","0","00","N","0","39 53:24.367","","00","75 14:22.538","9","0","0","0","67301","0","0","0","Y","0","0","0","1","68K01","0","","2","01","","N","N","N","0","","0","0","0","0","0","","0413","0","1","0","0","0","0","1","2","0","1","03","03","N","","","","","","","","","","",""
"2022058034","1913","1","0","0","0","0","0","0","0","0","1","0","","67","06","2022","1","","","1910","06","0","0","0","0","0","1","0","0","","0","0","0","19","1","0","00","N","2","","4","03","","0","0","0","0","67301","0","0","0","N","0","0","0","2","67501","0","","1","01","1950","N","N","N","0","","0","0","1","0","0","Y","1910","0","2","0","0","0","0","0","1","0","2","03","03","N","","","","","","","","","","",""
"2022048839","","1","0","0","0","0","0","0","0","0","1","0","","67","05","2022","5","39.96","-75.1794","","06","0","0","0","0","0","0","0","0","","0","0","0","07","1","2","00","N","0","39 57:35.826","","03","75 10:45.824","8","0","0","0","67301","0","0","0","N","0","0","0","3","00000","0","","1","01","","","","N","0","","0","0","0","0","0","","0745","2","2","0","0","0","2","0","2","0","2","03","","N","","","","","","","","","","",""
"2022066285","0156","3","0","0","0","0","0","0","0","0","1","0","","67","06","2022","5","40.0169","-75.1743","0147","06","0","0","0","0","0","0","0","0","","0","0","0","01","3","2","00","N","1","40 01:00.969","2","00","75 10:27.639","3","0","0","0","67301","0","0","0","N","0","0","0","3","68K01","0","","1","01","0230","N","N","N","0","","1","0","1","0","0","N","0140","2","4","0","0","0","1","0","2","0","4","03","03","N","","","","","","","","","","",""
"2022068682","","1","0","0","0","0","0","0","0","0","1","0","","67","05","2022","5","39.9998","-75.2195","","06","0","0","0","0","0","1","0","0","","0","0","0","10","1","1","01","","0","39 59:59.360","","00","75 13:10.074","8","0","0","0","67301","0","0","0","N","0","0","0","2","00000","0","","1","01","","","","N","0","","0","0","0","3","2","","1030","1","2","0","0","0","1","0","2","0","2","03","","N","","","","","","","","","","",""
"2022060032","1854","0","0","0","0","0","0","0","0","0","1","0","","67","06","2022","3","39.9198","-75.2307","1854","06","0","0","0","0","0","0","0","0","","0","0","0","18","1","1","00","N","0","39 55:11.220","","00","75 13:50.520","2","0","1","1","67301","0","0","0","N","0","0","0","1","67301","0","","6","01","","N","N","N","0","","0","1","1","0","0","","1853","1","2","0","0","0","0","0","2","0","2","03","03","N","","","","","","","","","","",""
"2022060122","1101","0","0","0","0","0","0","0","0","0","8","0","","67","06","2022","1","40","-75.1531","1100","06","0","0","0","0","0","0","0","0","","0","0","0","19","3","1","01","","0","39 59:59.964","","00","75 09:11.322","3","0","0","0","67301","1","0","0","N","1","0","0","2","67301","0","","1","01","","N","N","N","0","","1","0","1","3","2","","1930","1","2","0","0","0","0","0","2","0","1","03","03","N","","","","","","","","","","",""
"2022050559","1420","4","0","0","1","0","1","0","0","0","8","0","","67","05","2022","1","39.9728","-75.2275","1416","06","0","0","0","0","0","0","0","0","","0","0","0","14","1","3","01","","2","39 58:21.950","1","00","75 13:39.057","2","0","0","0","67301","1","0","1","N","0","0","0","3","67301","0","","1","01","1700","N","N","Y","0","","2","1","2","3","3","Y","1414","3","7","0","0","2","0","0","2","0","6","03","","N","","","","","","","","","","",""
"2022048887","1745","0","0","0","0","0","0","0","0","0","8","0","","67","05","2022","1","39.982","-75.1072","1745","06","0","0","0","0","0","0","0","0","","0","0","0","16","1","1","00","N","0","39 58:55.330","","00","75 06:25.760","4","0","0","0","67301","1","0","0","N","1","0","0","2","67301","1","","1","09","","N","N","N","0","","0","0","1","0","0","","1603","1","2","0","0","0","0","0","2","0","1","03","03","N","","","","","","","","","","",""
"2022061786","1033","2","0","0","0","0","0","0","0","0","1","0","","67","06","2022","5","39.977","-75.199","1031","06","0","0","1","0","0","0","1","0","","0","0","0","10","1","0","00","N","0","39 58:37.253","","00","75 11:56.499","9","0","0","0","67301","0","0","0","N","0","0","0","3","68K01","0","","1","01","","N","N","N","0","","0","0","0","0","0","","1028","0","2","0","0","0","0","1","2","0","2","03","03","N","","","","","","","","","","",""
"2022048024","0342","1","0","0","0","0","0","0","0","0","8","0","","67","05","2022","1","39.9426","-75.1571","0345","06","0","0","1","0","0","0","0","0","","0","0","0","03","3","1","01","","0","39 56:33.366","","00","75 09:25.422","3","0","0","0","67301","1","0","0","N","1","0","0","2","67301","0","","1","01","","N","N","N","0","","1","0","0","3","2","","0341","1","2","0","0","0","0","0","2","0","1","03","03","N","","","","","","","","","","",""
"2022047513","0305","2","0","0","0","0","0","0","0","0","1","0","","67","05","2022","7","39.9534","-75.2376","0300","06","0","0","0","0","0","0","0","0","","0","0","0","03","3","0","00","N","1","39 57:12.150","3","00","75 14:15.300","0","0","0","0","67301","0","0","0","N","0","0","0","1","67301","0","","1","01","0350","N","N","N","0","","0","0","0","0","0","N","0300","0","2","0","0","0","0","0","2","0","2","03","03","N","","","","","","","","","","",""
"2022061566","0335","0","0","0","0","0","0","0","0","0","1","0","","67","07","2022","1","40.0109","-75.1837","0339","06","0","0","0","0","0","0","0","0","","0","0","0","03","3","1","00","N","1","40 00:39.110","2","00","75 11:01.296","3","0","0","0","67301","0","0","0","N","0","0","0","1","67301","0","","1","01","0250","N","N","N","1","","1","0","1","3","8","N","0335","1","2","0","0","0","0","0","2","0","2","03","03","N","","","","","","","","","","",""
"2022055570","0735","0","0","0","0","0","0","0","0","0","4","0","","67","06","2022","5","40.1343","-75.0091","0723","06","0","0","0","0","0","0","0","0","","0","0","0","07","1","1","01","","0","40 08:03.571","","00","75 00:32.634","3","0","0","0","67301","0","0","0","N","0","0","0","2","67301","0","","1","09","","N","N","N","0","","1","0","1","3","2","","0718","1","2","0","0","0","0","0","2","1","2","03","04","N","","","","","","","","","","",""
"2022068801","0535","1","0","0","0","0","0","0","0","0","8","0","","67","04","2022","2","39.9714","-75.1594","0533","06","0","0","0","0","0","0","0","0","","0","0","0","05","3","1","01","","2","39 58:17.205","1","00","75 09:33.736","8","0","0","0","67301","1","0","0","N","1","0","0","2","67301","0","","1","01","0702","N","N","N","0","","0","0","0","3","2","Y","0529","1","2","0","0","0","1","1","2","0","1","03","03","N","","","","","","","","","","",""
"2022053026","1910","1","0","0","0","0","0","0","0","0","4","0","","67","06","2022","2","40.0286","-75.0339","1904","06","0","0","0","0","0","1","0","0","","0","0","0","19","1","0","01","","0","40 01:42.885","","00","75 02:02.202","9","0","0","0","67301","0","0","0","N","0","0","0","3","67301","0","","1","01","","N","N","N","0","","0","0","2","3","2","","1904","0","3","0","0","0","0","1","2","0","3","03","03","N","","","","","","","","","","",""
"2022060091","1340","0","0","0","0","0","0","0","0","0","4","0","","67","06","2022","3","39.9952","-75.1395","1333","06","0","0","0","0","0","0","0","0","","0","0","0","22","3","1","01","","0","39 59:42.777","","00","75 08:22.243","8","0","0","1","67301","0","0","0","N","0","0","0","2","67301","0","","1","99","","N","N","N","0","","0","0","0","3","1","","2200","1","2","0","0","0","1","0","2","0","2","03","03","N","","","","","","","","","","",""
"2022060011","0301","1","0","0","0","0","0","0","0","0","4","0","","67","06","2022","1","39.9572","-75.1587","0301","06","0","0","0","0","0","0","0","0","","0","0","0","03","3","1","01","","0","39 57:25.888","","03","75 09:31.377","3","0","0","0","67301","0","0","0","N","0","0","0","2","67301","0","","1","01","","N","N","N","0","","1","0","0","3","2","","0300","1","2","0","0","0","0","0","2","0","2","03","03","N","","","","","","","","","","",""
"2022060108","1740","1","0","0","0","0","0","0","0","0","8","0","","67","06","2022","4","39.9851","-75.179","1732","06","0","0","0","0","0","0","0","0","","0","0","0","16","4","1","00","N","0","39 59:06.370","","00","75 10:44.500","3","0","0","0","67301","1","0","0","N","1","0","0","2","67301","0","","1","99","","N","N","N","0","","1","0","0","0","0","","1600","1","2","0","0","1","0","0","2","0","1","03","03","N","","","","","","","","","","",""
"2022069894","1938","1","0","0","0","0","0","0","0","0","1","1","","67","07","2022","3","39.9585","-75.1668","1926","06","0","0","0","0","0","0","0","0","","0","1","0","19","1","0","00","N","1","39 57:30.591","4","00","75 10:00.326","0","0","0","0","67301","0","0","0","N","0","0","0","2","68K01","0","","1","01","2000","N","N","N","0","","0","0","0","0","0","N","1925","0","2","0","0","0","0","0","2","0","2","03","","N","","","","","","","","","","",""
"2022056378","1340","1","0","0","0","0","0","0","0","0","8","0","","67","06","2022","5","39.9189","-75.1568","1340","06","0","0","0","0","0","0","0","0","","0","0","0","13","1","1","00","N","0","39 55:07.970","","00","75 09:24.610","3","0","0","0","67301","1","0","0","N","1","0","0","2","67301","0","","1","01","","N","N","N","0","","1","0","0","0","0","","1325","1","2","0","0","0","0","0","2","0","1","03","","N","","","","","","","","","","",""
"2022056972","1803","1","0","0","0","0","0","0","0","0","4","0","","67","06","2022","1","40.0085","-75.0915","1749","06","0","0","0","0","0","1","0","0","","0","0","0","17","1","2","01","","1","40 00:30.707","2","01","75 05:29.493","3","0","0","0","67301","0","0","0","N","0","0","0","3","67301","0","","1","01","1831","N","N","N","0","","2","0","1","3","2","N","1741","2","3","0","0","1","0","0","2","1","3","03","","N","","","","","","","","","","",""
"2022048027","","0","0","0","0","0","0","0","0","0","5","0","","67","04","2022","1","39.9518","-75.1652","","06","0","0","0","0","0","0","0","0","","0","0","0","05","1","1","00","N","0","39 57:06.469","","00","75 09:54.723","8","0","0","0","67301","0","0","0","N","0","0","0","2","00000","0","","1","01","","","","N","0","","0","0","1","0","0","","0550","1","2","0","0","0","1","0","2","0","2","03","","N","","","","","","","","","","",""
"2022061836","1902","1","0","0","0","0","0","0","0","0","1","0","","67","06","2022","2","39.9454","-75.1904","1847","06","0","0","0","0","0","1","0","0","","0","0","0","18","1","1","00","N","0","39 56:43.438","","03","75 11:25.306","4","0","0","0","67301","0","0","0","N","0","0","0","4","68K01","1","","1","01","","N","N","N","1","","0","0","1","0","0","","1801","1","3","0","0","0","0","1","2","0","3","03","","N","","","","","","","","","","",""
"2022060123","1815","1","0","0","0","0","0","0","0","0","4","0","","67","06","2022","6","40.0146","-75.1567","1814","06","0","0","0","0","0","1","0","0","","0","0","0","17","1","3","01","","0","40 00:52.752","","00","75 09:24.063","8","0","0","0","67301","0","0","0","N","0","0","0","3","67301","0","","1","01","","N","Y","N","0","","0","0","0","3","2","","1740","3","2","0","0","0","3","0","2","1","2","03","03","N","","","","","","","","","","",""
"2022072603","1405","1","0","0","0","0","0","0","0","0","8","0","","67","05","2022","2","39.9952","-75.1158","1325","06","0","0","0","0","0","0","0","0","","0","0","0","13","1","1","05","","0","39 59:42.687","","01","75 06:56.840","8","0","0","0","67301","1","0","0","N","1","0","0","2","67301","0","","1","09","","N","N","N","0","","0","0","0","3","2","","1313","1","2","0","0","1","1","0","2","0","1","07","07","N","","","","","","","","","","",""
"2022071660","0953","1","0","0","0","0","0","0","0","0","1","1","","67","07","2022","5","40.0232","-75.0355","0936","06","0","0","0","0","0","0","0","0","","0","1","0","09","1","1","00","N","0","40 01:23.491","","00","75 02:07.839","3","0","0","0","67301","0","0","0","N","0","0","0","4","68K01","0","","1","01","","N","N","N","0","","1","0","0","0","0","","0934","1","2","0","0","0","0","0","2","0","2","03","03","N","","","","","","","","","","",""
"2022057146","0300","1","0","0","0","0","0","0","0","0","5","0","","67","06","2022","1","40.0449","-75.0805","0300","06","0","0","0","1","0","0","0","0","","0","0","0","02","3","0","00","N","0","40 02:41.800","","00","75 04:49.730","0","0","0","0","67301","0","0","0","N","0","0","0","1","67301","0","","6","01","","N","N","N","0","","0","0","1","0","0","","0255","0","2","0","0","0","0","0","2","0","2","03","","N","","","","","","","","","","",""
"2022048747","","0","0","0","0","0","0","0","0","0","4","0","","67","04","2022","7","39.9638","-75.2424","","06","0","0","0","0","0","0","0","0","","0","0","0","17","1","1","01","","0","39 57:49.622","","00","75 14:32.686","8","0","0","0","67301","0","0","0","N","0","0","0","1","00000","0","","1","01","","","","N","0","","0","0","1","3","3","","1730","1","3","0","0","0","1","0","2","0","2","03","","N","","","","","","","","","","",""
"2022056793","1809","0","0","0","0","0","0","0","0","0","1","0","","67","06","2022","7","40.0332","-75.1967","1801","06","0","0","0","0","0","0","0","0","","0","0","0","17","1","1","00","N","0","40 01:59.657","","00","75 11:48.274","4","0","0","0","67301","0","0","0","N","0","0","0","2","67301","1","","1","01","","N","N","N","0","","0","0","2","0","0","","1736","1","2","0","0","0","0","0","2","0","2","03","","N","","","","","","","","","","",""