"CRN","ARRIVAL_TM","AUTOMOBILE_COUNT","BELTED_DEATH_COUNT","BELTED_SUSP_SERIOUS_INJ_COUNT","BICYCLE_COUNT","BICYCLE_DEATH_COUNT","BICYCLE_SUSP_SERIOUS_INJ_COUNT","BUS_COUNT","CHLDPAS_DEATH_COUNT","CHLDPAS_SUSP_SERIOUS_INJ_COUNT","COLLISION_TYPE","COMM_VEH_COUNT","CONS_ZONE_SPD_LIM","COUNTY","CRASH_MONTH","CRASH_YEAR","DAY_OF_WEEK","DEC_LAT","DEC_LONG","DISPATCH_TM","DISTRICT","DRIVER_COUNT_16YR","DRIVER_COUNT_17YR","DRIVER_COUNT_18YR","DRIVER_COUNT_19YR","DRIVER_COUNT_20YR","DRIVER_COUNT_50_64YR","DRIVER_COUNT_65_74YR","DRIVER_COUNT_75PLUS","EST_HRS_CLOSED","FATAL_COUNT","HEAVY_TRUCK_COUNT","HORSE_BUGGY_COUNT","HOUR_OF_DAY","ILLUMINATION","INJURY_COUNT","INTERSECT_TYPE","INTERSECTION_RELATED","LANE_CLOSED","LATITUDE","LN_CLOSE_DIR","LOCATION_TYPE","LONGITUDE","MAX_SEVERITY_LEVEL","MCYCLE_DEATH_COUNT","MCYCLE_SUSP_SERIOUS_INJ_COUNT","MOTORCYCLE_COUNT","MUNICIPALITY","NONMOTR_COUNT","NONMOTR_DEATH_COUNT","NONMOTR_SUSP_SERIOUS_INJ_COUNT","NTFY_HIWY_MAINT","PED_COUNT","PED_DEATH_COUNT","PED_SUSP_SERIOUS_INJ_COUNT","PERSON_COUNT","POLICE_AGCY","POSSIBLE_INJ_COUNT","RDWY_SURF_TYPE_CD","RELATION_TO_ROAD","ROAD_CONDITION","ROADWAY_CLEARED","SCH_BUS_IND","SCH_ZONE_IND","SECONDARY_CRASH","SMALL_TRUCK_COUNT","SPEC_JURIS_CD","SUSP_MINOR_INJ_COUNT","SUSP_SERIOUS_INJ_COUNT","SUV_COUNT","TCD_FUNC_CD","TCD_TYPE","TFC_DETOUR_IND","TIME_OF_DAY","TOT_INJ_COUNT","TOTAL_UNITS","UNB_DEATH_COUNT","UNB_SUSP_SERIOUS_INJ_COUNT","UNBELTED_OCC_COUNT","UNK_INJ_DEG_COUNT","UNK_INJ_PER_COUNT","URBAN_RURAL","VAN_COUNT","VEHICLE_COUNT","WEATHER1","WEATHER2","WORK_ZONE_IND","WORK_ZONE_LOC","WORK_ZONE_TYPE","WORKERS_PRES","WZ_CLOSE_DETOUR","WZ_FLAGGER","WZ_LAW_OFFCR_IND","WZ_LN_CLOSURE","WZ_MOVING","WZ_OTHER","WZ_SHLDER_MDN","WZ_WORKERS_INJ_KILLED"
"2022060102","1827","2","0","0","0","0","0","0","0","0","1","0","","67","06","2022","3","39.9764","-75.1197","1827","06","0","0","0","0","0","1","0","0","","0","0","0","18","1","1","01","","0","39 58:34.901","","00","75 07:11.326","4","0","0","0","67301","0","0","0","N","0","0","0","2","67301","1","","1","01","","N","N","N","0","","0","0","0","3","2","","1805","1","2","0","0","0","0","0","2","0","2","03","","N","","","","","","","","","","",""
"2022069448","2052","0","0","0","0","0","0","0","0","0","5","1","","67","07","2022","3","40.0136","-75.1043","2047","06","0","0","0","0","0","0","0","0","","0","1","0","08","1","1","00","N","0","40 00:48.800","","00","75 06:15.480","3","0","0","0","67301","0","0","0","N","0","0","0","3","67301","0","","6","01","","N","N","N","0","","1","0","1","0","0","","0820","1","2","0","0","0","0","0","2","0","2","03","98","N","","","","","","","","","","",""
"2022057350","0905","1","0","0","0","0","0","0","0","0","5","0","","67","06","2022","7","40.0563","-75.1786","0901","06","0","0","0","0","0","0","0","0","","0","0","0","20","3","0","00","N","0","40 03:22.640","","00","75 10:42.790","9","0","0","0","67301","0","0","0","N","0","0","0","1","67301","0","","6","01","","N","N","N","0","","0","0","2","0","0","","2030","0","3","0","0","0","0","1","2","0","3","03","03","N","","","","","","","","","","",""
"2022070053","0305","2","0","0","0","0","0","0","0","0","2","0","","67","07","2022","1","40.056","-74.9855","0254","06","0","0","0","0","0","1","0","0","","0","0","0","02","3","1","00","N","0","40 03:21.577","","00","74 59:07.674","3","0","0","0","67301","0","0","0","N","0","0","0","1","67301","0","","5","01","","N","N","N","0","","1","0","1","0","0","","0252","1","3","0","0","0","0","0","2","0","3","03","03","N","","","","","","","","","","",""
"2022057351","1251","2","0","0","0","0","0","0","0","0","4","0","","67","06","2022","3","40.0361","-75.1399","1251","06","0","0","0","0","0","0","1","1","","0","0","0","12","1","1","01","","0","40 02:09.884","","00","75 08:23.539","3","0","0","0","67301","0","0","0","N","0","0","0","2","67301","0","","1","01","","N","N","N","0","","1","0","0","3","3","","1244","1","2","0","0","0","0","0","2","0","2","03","","N","","","","","","","","","","",""
"2022062120","1630","1","0","0","0","0","0","0","0","0","1","0","","67","06","2022","5","39.9581","-75.164","1611","06","0","0","0","0","0","0","0","0","","0","0","0","16","1","2","00","N","2","39 57:28.992","3","00","75 09:50.536","8","0","0","0","67301","0","0","0","N","0","0","0","4","68K01","0","","1","01","1640","N","N","N","0","","0","0","1","0","0","N","1602","2","2","0","0","0","2","0","2","0","2","03","03","N","","","","","","","","","","",""
"2022073665","1210","2","0","0","0","0","0","0","0","0","4","0","","67","08","2022","4","39.983","-75.1014","1210","06","0","0","0","0","0","0","1","0","","0","0","0","11","1","3","01","","1","39 58:58.706","3","00","75 06:05.180","3","0","0","0","67301","0","0","0","N","0","0","0","4","67301","0","","1","01","1256","N","N","N","0","","3","0","0","3","2","N","1120","3","2","0","0","0","0","0","2","0","2","03","03","N","","","","","","","","","","",""
"2022060111","0543","2","0","0","0","0","0","0","0","0","5","0","","67","06","2022","7","40.0219","-75.1395","0542","06","0","0","0","0","0","0","0","0","","0","0","0","05","5","1","00","N","0","40 01:17.873","","00","75 08:23.876","3","0","0","0","67301","0","0","0","N","0","0","0","2","67301","0","","1","01","","N","N","N","0","","1","0","0","0","0","","0520","1","2","0","0","1","0","1","2","0","2","03","03","N","","","","","","","","","","",""
"2022068812","2010","3","0","0","0","0","0","0","0","0","5","0","","67","07","2022","7","39.9806","-75.1724","2000","06","0","0","0","0","0","1","0","1","","0","0","0","19","4","5","05","","0","39 58:50.024","","00","75 10:20.673","2","0","0","0","67301","0","0","0","N","0","0","0","5","67301","0","","1","99","","N","N","N","0","","0","1","0","3","2","","1953","5","3","0","0","0","4","0","2","0","3","03","03","N","","","","","","","","","","",""
"2022057369","1753","1","0","0","0","0","0","0","0","0","4","0","","67","06","2022","2","40.1292","-75.0249","1747","06","1","0","0","0","0","0","0","0","","0","0","0","17","1","0","01","","0","40 07:45.210","","00","75 01:29.597","0","0","0","0","67301","0","0","0","N","0","0","0","3","67301","0","","1","01","","N","N","N","0","","0","0","1","3","2","","1740","0","2","0","0","0","0","0","2","0","2","03","","N","","","","","","","","","","",""
"2022055705","1734","0","0","0","0","0","0","0","0","0","1","0","","67","06","2022","3","40.0789","-75.0253","1729","06","0","0","1","0","0","0","0","0","","0","0","0","17","1","3","02","","1","40 04:44.486","4","00","75 01:30.863","3","0","0","0","67301","0","0","0","N","0","0","0","3","67301","0","","1","01","1900","N","N","N","1","","3","0","1","3","2","N","1729","3","2","0","0","0","0","0","2","0","2","03","03","N","","","","","","","","","","",""
"2022071368","1528","1","0","0","0","0","0","0","0","0","1","0","","67","07","2022","4","39.9574","-75.146","1512","06","0","0","0","0","0","1","0","0","","0","0","0","15","1","1","00","N","1","39 57:26.608","4","00","75 08:45.524","8","0","0","0","67301","0","0","0","N","0","0","0","2","68K01","0","","1","01","1540","N","N","N","0","","0","0","1","0","0","N","1506","1","2","0","0","0","1","0","2","0","2","03","03","N","","","","","","","","","","",""
"2022060661","1645","0","0","0","0","0","0","0","0","0","7","0","","67","06","2022","2","40.0402","-75.0059","1624","06","0","0","0","0","0","0","0","0","","0","0","0","15","1","0","00","N","0","40 02:24.622","","00","75 00:21.119","0","0","0","0","67301","0","0","0","N","0","0","0","2","68K01","0","","2","09","","N","N","N","1","","0","0","1","0","0","","1543","0","2","0","0","0","0","0","2","0","2","07","07","N","","","","","","","","","","",""
"2022061344","0120","2","0","0","0","0","0","0","0","0","1","0","","67","07","2022","6","40.056","-75.1554","0117","06","0","0","1","0","0","0","0","0","","0","0","0","01","3","0","00","N","0","40 03:21.630","","00","75 09:19.380","0","0","0","0","67301","0","0","0","N","0","0","0","2","67301","0","","6","01","","N","N","N","0","","0","0","0","0","0","","0107","0","2","0","0","0","0","0","2","0","2","03","03","N","","","","","","","","","","",""
"2022063092","0043","1","0","0","0","0","0","0","0","0","4","0","","67","06","2022","3","39.9827","-75.2271","1940","06","0","1","0","0","0","0","0","0","","0","0","0","19","1","2","03","","0","39 58:57.650","","00","75 13:37.390","8","0","0","0","67301","0","0","0","N","0","0","0","2","67301","0","","1","01","","N","N","N","0","","0","0","1","3","2","","1940","2","2","0","0","0","2","0","2","0","2","03","03","N","","","","","","","","","","",""
"2022060124","2314","1","0","0","0","0","0","0","0","0","4","0","","67","06","2022","6","40.0037","-75.1771","2312","06","0","0","0","0","0","0","0","0","","0","0","0","21","3","1","02","","0","40 00:13.392","","00","75 10:37.626","3","0","0","0","67301","0","0","0","N","0","0","0","2","67301","0","","1","01","","N","N","N","0","","1","0","1","3","3","","2100","1","2","0","0","0","0","1","2","0","2","03","03","N","","","","","","","","","","",""
"2022061604","2229","2","0","0","0","0","0","0","0","0","4","0","","67","07","2022","6","39.9138","-75.1584","2225","06","0","0","0","0","0","0","0","0","","0","0","0","21","3","1","01","","0","39 54:49.737","","00","75 09:30.164","8","0","0","0","67301","0","0","0","N","0","0","0","2","67301","0","","1","01","","N","N","Y","1","","0","0","2","3","3","","2140","1","5","0","0","0","1","0","2","0","5","03","03","N","","","","","","","","","","",""
"2022072209","0930","0","0","0","0","0","0","0","0","0","4","1","","67","08","2022","5","39.9529","-75.1515","0921","06","0","0","0","0","0","0","0","0","","0","1","0","06","1","1","01","","0","39 57:10.614","","00","75 09:05.590","4","0","0","0","67301","0","0","0","N","0","0","0","2","67301","1","","1","01","","N","N","N","0","","0","0","0","3","2","","0600","1","2","0","0","0","0","0","2","1","2","03","03","N","","","","","","","","","","",""
"2022066838","1552","2","0","0","0","0","0","0","0","0","1","0","","67","06","2022","6","39.9055","-75.1496","1543","06","0","0","0","0","0","0","0","0","","0","0","0","15","1","0","00","N","0","39 54:19.950","","08","75 08:58.649","9","0","0","0","67301","0","0","0","N","0","0","0","3","68K01","0","","1","01","","N","N","N","0","","0","0","0","0","0","","1540","0","3","0","0","0","0","1","2","0","3","03","03","N","","","","","","","","","","",""
"2022060140","1021","0","0","0","0","0","0","0","0","0","8","0","","67","06","2022","3","39.9884","-75.1596","1021","06","0","0","0","0","0","0","0","0","","0","0","0","10","1","1","02","","0","39 59:18.076","","00","75 09:34.720","3","0","0","0","67301","1","0","0","N","1","0","0","2","67301","0","","1","99","","N","N","N","0","","1","0","0","0","0","","1020","1","2","0","0","0","0","0","2","0","1","03","03","N","","","","","","","","","","",""
"2022070552","0217","1","0","0","0","0","0","0","0","0","7","0","","67","08","2022","3","39.9172","-75.2463","0216","06","0","0","0","0","0","0","0","0","","0","0","0","02","3","1","02","","0","39 55:01.859","","00","75 14:46.691","3","0","0","0","67301","0","0","0","N","0","0","0","1","67301","0","","2","09","","N","N","N","0","","1","0","0","3","2","","0215","1","1","0","0","0","0","0","2","0","1","07","07","N","","","","","","","","","","",""
"2022071021","2146","1","0","0","0","0","0","0","0","0","7","0","","67","07","2022","6","39.984","-75.0968","2127","06","0","0","0","0","0","0","0","0","","0","0","0","21","3","2","00","N","0","39 59:02.559","","00","75 05:48.398","4","0","0","0","67301","0","0","0","N","0","0","0","3","68K01","2","","4","01","","N","N","N","0","","0","0","0","0","0","","2126","2","1","0","0","0","0","0","2","0","1","03","03","N","","","","","","","","","","",""
"2022056904","0920","0","0","0","0","0","0","0","0","0","1","0","","67","06","2022","5","39.9909","-75.1148","0915","06","0","0","0","0","0","1","0","0","","0","0","0","09","1","1","02","","0","39 59:27.161","","00","75 06:53.387","3","0","0","0","67301","0","0","0","N","0","0","0","1","67301","0","","1","09","","N","N","N","1","","1","0","1","3","2","","0900","1","2","0","0","0","0","0","2","0","2","07","07","N","","","","","","","","","","",""
"2022073716","1130","1","0","0","0","0","0","0","0","0","4","1","","67","08","2022","6","40.0204","-75.1521","1110","06","0","0","0","0","0","0","1","0","","0","1","0","10","1","1","01","","1","40 01:13.453","7","00","75 09:07.586","3","0","0","0","67301","0","0","0","N","0","0","0","2","67301","0","","1","01","1145","N","N","N","0","","1","0","0","3","2","Y","1035","1","2","0","0","0","0","0","2","0","2","03","03","N","","","","","","","","","","",""
"2022060002","1705","0","0","0","0","0","0","0","0","0","5","0","","67","06","2022","1","40.0472","-75.0518","1652","06","0","0","0","0","0","1","0","0","","0","0","0","16","1","1","00","N","0","40 02:50.080","","00","75 03:06.466","3","0","0","0","67301","0","0","0","N","0","0","0","3","67301","0","","1","01","","N","N","N","0","","1","0","1","0","0","","1638","1","2","0","0","0","0","0","2","1","2","03","03","N","","","","","","","","","","",""
"2022061700","0445","1","0","0","0","0","0","0","0","0","8","0","","67","07","2022","6","39.92","-75.2303","0442","06","0","0","0","0","0","0","0","0","","0","0","0","04","3","1","00","N","0","39 55:12.120","","00","75 13:49.240","3","0","0","0","67301","1","0","0","N","1","0","0","2","67301","0","","1","01","","N","N","N","0","","1","0","0","0","0","","0440","1","2","0","0","0","0","0","2","0","1","03","03","N","","","","","","","","","","",""
"2022060010","1003","2","0","0","0","0","0","0","0","0","4","0","","67","06","2022","7","40.0641","-75.2396","0959","06","0","0","0","0","0","0","0","1","","0","0","0","09","1","0","01","","0","40 03:50.880","","00","75 14:22.409","9","0","0","0","67301","0","0","0","N","0","0","0","3","67301","0","","1","01","","N","N","N","0","","0","0","0","3","2","","0950","0","2","0","0","0","0","3","2","0","2","03","03","N","","","","","","","","","","",""
"2022059363","1650","1","0","0","0","0","0","0","0","0","4","0","","67","06","2022","2","39.975","-75.1516","1645","06","0","0","0","0","0","0","1","0","","0","0","0","16","1","2","01","","0","39 58:29.870","","00","75 09:05.788","4","0","0","0","67301","0","0","0","N","0","0","0","2","67505","1","","1","01","","N","N","N","0","","0","0","1","3","2","","1640","2","2","0","0","0","1","0","2","0","2","03","03","N","","","","","","","","","","",""
"2022072294","1455","0","0","0","0","0","0","0","0","0","7","0","","67","08","2022","5","40.0439","-75.1156","1455","06","0","0","0","0","0","0","0","0","","0","0","0","21","6","1","00","N","0","40 02:37.980","","00","75 06:56.132","3","0","0","0","67301","0","0","0","N","0","0","0","1","67301","0","","3","09","","N","N","N","1","","1","0","0","0","0","","2145","1","1","0","0","0","0","0","2","0","1","07","","N","","","","","","","","","","",""
"2022063090","1300","0","0","0","1","0","0","0","0","0","8","0","","67","06","2022","6","39.9639","-75.2279","1255","06","0","0","0","0","0","0","0","0","","0","0","0","12","1","1","02","","0","39 57:50.065","","00","75 13:40.418","3","0","0","0","67301","1","0","0","N","0","0","0","2","67301","0","","1","01","","N","N","N","0","","1","0","1","0","0","","1240","1","2","0","0","1","0","0","2","0","1","03","03","N","","","","","","","","","","",""
"2022072591","2355","2","0","0","0","0","0","0","0","0","4","0","","67","06","2022","4","40.013","-75.1064","2355","06","0","0","0","0","0","1","0","0","","0","0","0","19","1","1","01","","0","40 00:46.731","","00","75 06:23.090","3","0","0","0","67301","0","0","0","N","0","0","0","2","67301","0","","1","01","","N","N","N","0","","1","0","0","3","3","","1930","1","2","0","0","0","0","0","2","0","2","03","","N","","","","","","","","","","",""
"2022060003","1857","0","0","0","0","0","0","0","0","0","1","0","","67","06","2022","4","39.9193","-75.1598","1857","06","0","0","0","0","0","0","0","0","","0","0","0","18","1","4","00","N","0","39 55:09.300","","00","75 09:35.200","3","0","0","0","67301","0","0","0","N","0","0","0","6","67301","0","","1","01","","N","N","N","1","","4","0","1","0","0","","1857","4","2","0","0","0","0","0","2","0","2","03","03","N","","","","","","","","","","",""
"2022073510","0055","2","0","0","0","0","0","0","0","0","4","0","","67","07","2022","7","39.9556","-75.2148","0041","06","0","0","0","0","0","0","0","0","","0","0","0","00","3","1","00","N","0","39 57:20.284","","00","75 12:53.144","3","0","0","0","67301","0","0","0","N","0","0","0","2","67301","0","","1","01","","N","N","N","0","","1","0","0","0","0","","0000","1","2","0","0","0","0","0","2","0","2","03","03","N","","","","","","","","","","",""
"2022062097","","0","0","0","0","0","0","0","0","0","1","0","","67","05","2022","6","39.9618","-75.1826","","06","0","0","0","0","0","0","0","0","","0","0","0","17","1","1","00","N","0","39 57:42.598","","00","75 10:57.506","8","0","0","0","67301","0","0","0","N","0","0","0","2","00000","0","","1","01","","","","N","0","","0","0","1","0","0","","1730","1","2","0","0","0","1","0","2","0","2","03","","N","","","","","","","","","","",""
"2022072226","1645","1","0","0","0","0","0","1","0","0","4","1","","67","04","2022","6","39.9389","-75.2298","1639","06","0","0","0","0","0","0","1","0","","0","0","0","15","1","4","01","","0","39 56:20.000","","00","75 13:47.150","3","0","0","0","67301","0","0","0","N","0","0","0","5","67301","0","","1","01","","Y","N","N","0","","4","0","1","3","3","","1546","4","3","0","0","0","0","0","2","0","3","03","98","N","","","","","","","","","","",""
"2022069586","0058","1","0","0","0","0","0","0","0","0","1","0","","67","06","2022","2","39.8918","-75.1983","0047","06","0","0","0","0","0","0","0","0","","0","0","0","00","3","0","00","N","1","39 53:30.464","1","03","75 11:53.997","0","0","0","0","67301","0","0","0","N","0","0","0","3","68K01","0","","2","01","0140","N","N","N","0","","0","0","1","0","0","N","0045","0","3","0","0","0","0","0","1","1","3","03","","N","","","","","","","","","","",""
"2022060058","1808","2","0","0","0","0","0","0","0","0","4","0","","67","06","2022","1","39.9323","-75.1925","1801","06","0","0","0","0","0","0","0","0","","0","0","0","18","1","2","01","","0","39 55:56.427","","00","75 11:33.179","4","0","0","0","67301","0","0","0","N","0","0","0","2","67301","2","","1","01","","N","N","N","0","","0","0","0","3","3","","1800","2","2","0","0","0","0","0","2","0","2","03","03","N","","","","","","","","","","",""
"2022069585","2000","0","0","0","0","0","0","0","0","0","4","0","","67","04","2022","5","39.9675","-75.232","1957","06","0","0","0","0","0","0","0","0","","0","0","0","19","1","2","05","","2","39 58:02.983","7","00","75 13:55.048","3","0","0","0","67301","0","0","0","N","0","0","0","3","67301","0","","1","99","2100","N","N","N","0","","2","0","2","3","2","N","1957","2","2","0","0","1","0","0","2","0","2","03","03","N","","","","","","","","","","",""
"2022057264","0052","1","0","0","0","0","0","0","0","0","8","0","","67","06","2022","1","39.9245","-75.2282","0042","06","0","0","0","0","0","0","0","0","","0","0","0","19","1","1","02","","0","39 55:28.156","","00","75 13:41.647","3","0","0","0","67301","1","0","0","N","1","0","0","2","67301","0","","1","01","","N","N","N","0","","1","0","0","0","0","","1930","1","2","0","0","0","0","1","2","0","1","03","03","N","","","","","","","","","","",""
"2022069703","1125","1","0","0","0","0","0","0","0","0","4","1","15","67","07","2022","5","39.9566","-75.1513","1115","06","0","0","0","0","0","0","0","0","","0","1","0","11","1","0","02","","1","39 57:23.624","1","00","75 09:04.788","0","0","0","0","67301","0","0","0","N","0","0","0","2","67301","0","","1","01","1149","N","N","N","0","","0","0","0","3","2","N","1105","0","2","0","0","0","0","0","2","0","2","03","03","Y","4","1","Y","N","N","N","Y","N","N","N","N"
"2022056491","1535","2","0","0","0","0","0","0","0","0","5","0","","67","06","2022","6","39.993","-75.163","1535","06","0","0","0","0","0","0","0","0","","0","0","0","13","1","0","03","","0","39 59:34.789","","00","75 09:46.663","0","0","0","0","67301","0","0","0","N","0","0","0","1","67301","0","","1","01","","N","N","N","0","","0","0","1","0","0","","1300","0","3","0","0","0","0","0","2","0","3","03","03","N","","","","","","","","","","",""
"2022057348","1648","2","0","0","0","0","0","0","0","0","4","0","","67","06","2022","6","40.0622","-75.1518","1648","06","0","0","0","0","0","0","0","0","","0","0","0","20","4","1","01","","0","40 03:44.042","","00","75 09:06.346","3","0","0","0","67301","0","0","0","N","0","0","0","2","67301","0","","1","01","","N","N","N","0","","1","0","0","3","2","","2034","1","2","0","0","1","0","0","2","0","2","03","98","N","","","","","","","","","","",""
"2022060161","0402","0","0","0","0","0","0","0","0","0","2","0","","67","06","2022","2","39.9255","-75.1556","0401","06","0","0","0","0","0","0","0","0","","0","0","0","04","3","0","00","N","0","39 55:31.700","","00","75 09:20.000","0","0","0","0","67301","0","0","0","N","0","0","0","1","67301","0","","6","01","","N","N","Y","1","","0","0","1","0","0","","0400","0","3","0","0","0","0","0","2","1","3","03","03","N","","","","","","","","","","",""
"2022061067","1340","1","0","0","0","0","0","0","0","0","8","0","","67","07","2022","6","40.0196","-75.2107","1257","06","0","0","0","0","0","1","0","0","","0","0","0","07","1","1","05","","0","40 01:10.722","","00","75 12:38.416","3","0","0","0","67301","1","0","0","N","1","0","0","2","67301","0","","1","01","","N","N","N","0","","1","0","0","3","2","","0730","1","2","0","0","0","0","0","2","0","1","03","03","N","","","","","","","","","","",""
"2022060708","0050","1","0","0","0","0","0","0","0","0","4","0","","67","07","2022","6","40.0613","-75.1721","0046","06","0","0","0","0","0","0","0","0","","0","0","0","00","3","2","01","","2","40 03:40.629","7","00","75 10:19.427","4","0","0","0","67301","0","0","0","N","0","0","0","2","67301","2","","1","01","0215","N","N","N","0","","0","0","1","3","3","Y","0045","2","2","0","0","0","0","0","2","0","2","03","03","N","","","","","","","","","","",""
"2022066844","2218","1","0","0","0","0","0","0","0","0","7","0","","67","06","2022","1","40.0087","-75.069","2156","06","0","0","0","0","0","0","0","0","","0","0","0","21","1","0","00","N","1","40 00:31.262","1","08","75 04:08.279","0","0","0","0","67301","0","0","0","N","0","0","0","1","68K01","0","","4","01","2230","N","N","N","0","","0","0","0","0","0","N","2127","0","1","0","0","0","0","0","2","0","1","03","03","N","","","","","","","","","","",""
"2022060060","1940","1","0","0","0","0","0","0","0","0","5","0","","67","06","2022","6","39.9498","-75.2352","1921","06","0","0","0","0","0","1","0","0","","0","0","0","19","1","1","00","N","0","39 56:59.390","","00","75 14:06.690","3","0","0","1","67301","0","0","0","N","0","0","0","3","67301","0","","1","01","","N","N","Y","0","","1","0","1","0","0","","1915","1","3","0","0","0","0","0","2","0","3","03","03","N","","","","","","","","","","",""
"2022066477","","1","0","0","0","0","0","0","0","0","4","0","","67","04","2022","2","39.9858","-75.181","","06","0","0","0","0","0","0","1","0","","0","0","0","19","1","2","01","","0","39 59:08.960","","00","75 10:51.665","8","0","0","0","67301","0","0","0","N","0","0","0","3","00000","0","","1","01","","","","N","0","","0","0","0","3","2","","1916","2","2","0","0","0","2","0","2","1","2","03","","N","","","","","","","","","","",""
"2022067171","1716","1","0","0","0","0","0","0","0","0","1","0","","67","06","2022","7","39.9418","-75.1942","1654","06","0","0","0","0","0","0","0","0","","0","0","0","16","1","1","00","N","0","39 56:30.344","","03","75 11:39.140","3","0","0","0","67301","0","0","0","N","0","0","0","4","68K01","0","","1","01","","N","N","N","0","","1","0","0","0","0","","1645","1","2","0","0","0","0","0","2","1","2","03","03","N","","","","","","","","","","",""
"2022063043","0225","0","0","0","1","0","1","0","0","0","8","0","","67","06","2022","7","39.9402","-75.168","0225","06","0","0","0","0","0","0","0","0","","0","0","0","02","3","1","01","","0","39 56:24.863","","00","75 10:04.641","2","0","0","0","67301","1","0","1","N","0","0","0","2","67301","0","","1","01","","N","N","Y","0","","0","1","0","3","2","","0225","1","2","0","0","0","0","0","2","0","1","03","","N","","","","","","","","","","",""
"2022073830","0203","1","0","0","0","0","0","0","0","0","5","0","","67","08","2022","6","39.974","-75.2046","0201","06","0","0","0","0","0","0","0","0","","0","0","0","01","3","1","00","N","2","39 58:26.564","6","00","75 12:16.419","3","0","0","0","67301","0","0","0","N","0","0","0","1","67301","0","","3","01","0330","N","N","N","1","","1","0","1","0","0","Y","0155","1","3","0","0","0","0","0","2","0","3","03","03","N","","","","","","","","","","",""
"2022072606","0515","3","0","0","0","0","0","0","0","0","5","0","","67","06","2022","5","39.9917","-75.1146","0456","06","0","0","0","0","0","0","0","0","","0","0","0","03","3","0","00","N","0","39 59:30.240","","00","75 06:52.460","0","0","0","0","67301","0","0","0","N","0","0","0","1","67301","0","","6","01","","N","N","N","1","","0","0","1","0","0","","0323","0","8","0","0","0","0","0","2","3","8","03","03","N","","","","","","","","","","",""
"2022072935","1509","1","0","0","0","0","0","0","0","0","1","0","","67","08","2022","5","39.8988","-75.173","1501","06","0","0","0","0","0","0","0","0","","0","0","0","14","1","3","00","N","2","39 53:55.740","1","00","75 10:22.854","3","0","0","0","67301","0","0","0","N","0","0","0","3","68K01","0","","1","01","1520","N","N","N","0","","3","0","1","0","0","N","1438","3","2","0","0","0","0","0","2","0","2","03","","N","","","","","","","","","","",""
"2022060033","1839","1","0","0","0","0","0","0","0","0","4","0","","67","06","2022","4","39.9242","-75.2244","1835","06","0","0","0","0","0","0","0","0","","0","0","0","18","1","1","01","","0","39 55:27.224","","00","75 13:27.998","3","0","0","0","67301","0","0","0","N","0","0","0","3","67301","0","","1","01","","N","N","N","1","","1","0","0","3","3","","1821","1","2","0","0","0","0","0","2","0","2","03","03","N","","","","","","","","","","",""
"2022056803","1910","3","0","0","0","0","0","0","0","0","6","0","","67","06","2022","4","40.0324","-75.1412","1906","06","0","0","0","0","0","0","0","0","","0","0","0","18","1","0","00","N","0","40 01:56.640","","00","75 08:28.410","9","0","0","0","67301","0","0","0","N","0","0","0","1","67301","0","","6","01","","N","N","Y","0","","0","0","0","0","0","","1855","0","3","0","0","0","0","1","2","0","3","03","","N","","","","","","","","","","",""
"2022056833","0655","0","0","0","0","0","0","0","0","0","4","0","","67","06","2022","3","39.9996","-75.1905","0643","06","0","0","0","0","0","0","0","0","","0","0","0","06","1","2","02","","0","39 59:58.649","","00","75 11:26.101","8","0","0","0","67301","0","0","0","N","0","0","0","2","67301","0","","1","01","","N","N","N","1","","0","0","1","3","2","","0639","2","2","0","0","0","2","0","2","0","2","03","04","N","","","","","","","","","","",""
"2022069693","0019","1","0","0","0","0","0","0","0","0","8","0","","67","07","2022","7","40.0364","-75.0636","0016","06","0","0","0","0","0","1","0","0","","0","0","0","00","3","1","00","N","0","40 02:10.967","","00","75 03:48.800","3","0","0","0","67301","1","0","0","N","1","0","0","2","67301","0","","1","01","","N","N","N","0","","1","0","0","0","0","","0015","1","2","0","0","0","0","0","2","0","1","04","","N","","","","","","","","","","",""
"2022056011","1010","1","0","0","0","0","0","0","0","0","4","0","","67","06","2022","4","39.9485","-75.2232","1005","06","0","0","0","0","0","2","0","0","","0","0","0","10","1","4","01","","0","39 56:54.545","","00","75 13:23.674","3","0","0","0","67301","0","0","0","N","0","0","0","4","67301","1","","1","01","","N","N","N","0","","3","0","1","3","3","","1000","4","2","0","0","0","0","0","2","0","2","03","","N","","","","","","","","","","",""
"2022056690","1138","1","0","0","0","0","0","0","0","0","4","0","","67","06","2022","6","40.0562","-75.0613","1137","06","0","0","0","0","0","0","0","0","","0","0","0","11","1","0","02","","0","40 03:22.474","","00","75 03:41.030","9","0","0","0","67301","0","0","0","N","0","0","0","2","67301","0","","1","01","","N","N","N","0","","0","0","1","3","3","","1130","0","2","0","0","0","0","1","2","0","2","03","","N","","","","","","","","","","",""
"2022048826","","1","0","0","0","0","0","0","0","0","4","0","","67","04","2022","7","39.9898","-75.2332","","06","0","0","0","0","0","0","0","0","","0","0","0","15","1","1","02","","0","39 59:23.308","","00","75 13:59.649","8","0","0","0","67301","0","0","0","N","0","0","0","2","00000","0","","1","01","","","","N","0","","0","0","0","3","3","","1500","1","2","0","0","0","1","0","2","0","2","03","","N","","","","","","","","","","",""