"CRN","ARRIVAL_TM","AUTOMOBILE_COUNT","BELTED_DEATH_COUNT","BELTED_SUSP_SERIOUS_INJ_COUNT","BICYCLE_COUNT","BICYCLE_DEATH_COUNT","BICYCLE_SUSP_SERIOUS_INJ_COUNT","BUS_COUNT","CHLDPAS_DEATH_COUNT","CHLDPAS_SUSP_SERIOUS_INJ_COUNT","COLLISION_TYPE","COMM_VEH_COUNT","CONS_ZONE_SPD_LIM","COUNTY","CRASH_MONTH","CRASH_YEAR","DAY_OF_WEEK","DEC_LAT","DEC_LONG","DISPATCH_TM","DISTRICT","DRIVER_COUNT_16YR","DRIVER_COUNT_17YR","DRIVER_COUNT_18YR","DRIVER_COUNT_19YR","DRIVER_COUNT_20YR","DRIVER_COUNT_50_64YR","DRIVER_COUNT_65_74YR","DRIVER_COUNT_75PLUS","EST_HRS_CLOSED","FATAL_COUNT","HEAVY_TRUCK_COUNT","HORSE_BUGGY_COUNT","HOUR_OF_DAY","ILLUMINATION","INJURY_COUNT","INTERSECT_TYPE","INTERSECTION_RELATED","LANE_CLOSED","LATITUDE","LN_CLOSE_DIR","LOCATION_TYPE","LONGITUDE","MAX_SEVERITY_LEVEL","MCYCLE_DEATH_COUNT","MCYCLE_SUSP_SERIOUS_INJ_COUNT","MOTORCYCLE_COUNT","MUNICIPALITY","NONMOTR_COUNT","NONMOTR_DEATH_COUNT","NONMOTR_SUSP_SERIOUS_INJ_COUNT","NTFY_HIWY_MAINT","PED_COUNT","PED_DEATH_COUNT","PED_SUSP_SERIOUS_INJ_COUNT","PERSON_COUNT","POLICE_AGCY","POSSIBLE_INJ_COUNT","RDWY_SURF_TYPE_CD","RELATION_TO_ROAD","ROAD_CONDITION","ROADWAY_CLEARED","SCH_BUS_IND","SCH_ZONE_IND","SECONDARY_CRASH","SMALL_TRUCK_COUNT","SPEC_JURIS_CD","SUSP_MINOR_INJ_COUNT","SUSP_SERIOUS_INJ_COUNT","SUV_COUNT","TCD_FUNC_CD","TCD_TYPE","TFC_DETOUR_IND","TIME_OF_DAY","TOT_INJ_COUNT","TOTAL_UNITS","UNB_DEATH_COUNT","UNB_SUSP_SERIOUS_INJ_COUNT","UNBELTED_OCC_COUNT","UNK_INJ_DEG_COUNT","UNK_INJ_PER_COUNT","URBAN_RURAL","VAN_COUNT","VEHICLE_COUNT","WEATHER1","WEATHER2","WORK_ZONE_IND","WORK_ZONE_LOC","WORK_ZONE_TYPE","WORKERS_PRES","WZ_CLOSE_DETOUR","WZ_FLAGGER","WZ_LAW_OFFCR_IND","WZ_LN_CLOSURE","WZ_MOVING","WZ_OTHER","WZ_SHLDER_MDN","WZ_WORKERS_INJ_KILLED"
"2022070142","2321","0","0","0","0","0","0","0","0","0","5","0","","67","07","2022","4","39.9885","-75.2071","2310","06","0","0","0","0","0","1","0","0","","0","0","0","23","3","1","00","N","1","39 59:18.630","3","00","75 12:25.501","3","0","0","0","67301","0","0","0","N","0","0","0","2","68K01","0","","1","01","1145","N","N","N","0","","1","0","1","0","0","N","2306","1","2","0","0","0","0","1","2","0","2","03","","N","","","","","","","","","","",""
"2022070339","2115","1","0","0","0","0","0","0","0","0","1","0","","67","04","2022","3","40.0447","-75.0025","2100","06","0","0","0","1","0","0","0","0","","0","0","0","20","3","2","00","N","2","40 02:40.976","2","00","75 00:08.960","3","0","0","0","67301","0","0","0","N","0","0","0","2","68K01","0","","1","09","2230","N","N","N","0","","2","0","1","0","0","N","2059","2","2","0","0","0","0","0","2","0","2","07","","N","","","","","","","","","","",""
"2022060110","1918","0","0","0","0","0","0","0","0","0","4","0","","67","06","2022","6","40.0515","-75.1501","1915","06","0","0","0","0","0","1","0","0","","0","0","0","19","1","1","01","","0","40 03:05.564","","00","75 09:00.360","3","0","0","1","67301","0","0","0","N","0","0","0","2","67301","0","","1","01","","N","N","N","1","","1","0","0","3","2","","1911","1","2","0","0","0","0","0","2","0","2","03","03","N","","","","","","","","","","",""
"2022058914","2352","1","0","0","0","0","0","0","0","0","4","0","","67","06","2022","7","39.9852","-75.1565","2351","06","0","0","0","0","1","0","0","0","","0","0","0","23","3","3","00","N","2","39 59:06.585","1","00","75 09:23.500","8","0","0","0","67301","0","0","0","N","0","0","0","7","67505","0","","1","01","2332","N","N","N","0","","0","0","1","0","0","Y","2345","3","2","0","0","7","3","0","2","0","2","03","03","N","","","","","","","","","","",""
"2022072523","1123","0","0","0","0","0","0","1","0","0","4","1","","67","04","2022","2","39.9597","-75.2352","1116","06","0","0","0","0","0","2","0","0","","0","0","0","08","1","1","01","","0","39 57:35.007","","00","75 14:06.670","3","0","0","0","67301","0","0","0","N","0","0","0","2","67301","0","","1","01","","N","N","N","0","","1","0","1","3","2","","0855","1","2","0","0","0","0","0","2","0","2","04","","N","","","","","","","","","","",""
"2022068811","2145","1","0","0","0","0","0","0","0","0","1","0","","67","07","2022","6","39.9843","-75.188","2139","06","0","0","0","0","0","1","0","0","","0","0","0","21","3","1","02","","0","39 59:02.847","","00","75 11:16.987","3","0","0","0","67301","0","0","0","N","0","0","0","2","67301","0","","1","01","","N","N","N","0","","1","0","1","3","2","","2135","1","2","0","0","0","0","0","2","0","2","03","","N","","","","","","","","","","",""
"2022072210","1648","2","0","0","0","0","0","0","0","0","1","0","","67","08","2022","2","40.0715","-75.0577","1639","06","0","0","0","0","0","0","0","1","","0","0","0","16","1","0","00","N","0","40 04:17.270","","00","75 03:27.730","0","0","0","0","67301","0","0","0","N","0","0","0","2","67301","0","","5","01","","N","N","N","0","","0","0","1","0","0","","1635","0","3","0","0","0","0","0","2","0","3","04","04","N","","","","","","","","","","",""
"2022061698","0204","1","0","0","0","0","0","0","0","0","5","0","","67","07","2022","6","39.9184","-75.2081","0202","06","0","0","0","0","0","0","0","0","","0","0","0","02","3","0","00","N","2","39 55:06.241","4","00","75 12:29.318","9","0","0","0","67301","0","0","0","N","0","0","0","3","67301","0","","1","01","0245","N","N","N","0","","0","0","1","0","0","Y","0200","0","3","0","0","0","0","2","2","1","3","03","","N","","","","","","","","","","",""
"2022063331","2300","0","0","0","0","0","0","0","0","0","5","0","","67","07","2022","7","39.9576","-75.2234","2253","06","0","0","0","0","0","1","0","0","","0","0","0","22","3","0","00","N","2","39 57:27.490","4","00","75 13:24.100","0","0","0","0","67301","0","0","0","N","0","0","0","1","67301","0","","6","01","0049","N","N","N","0","","0","0","1","0","0","N","2253","0","2","0","0","0","0","0","2","1","2","04","04","N","","","","","","","","","","",""
"2022060980","1627","0","0","0","0","0","0","0","0","0","8","0","","67","07","2022","6","40.0355","-75.1086","1613","06","0","0","0","0","0","0","0","1","","0","0","0","14","1","1","01","","0","40 02:07.572","","00","75 06:30.576","3","0","0","0","67301","1","0","0","N","1","0","0","2","67301","0","","1","01","","N","N","N","0","","1","0","0","3","2","","1410","1","2","0","0","0","0","0","2","1","1","03","03","N","","","","","","","","","","",""
"2022072206","1350","0","0","0","1","0","0","0","0","0","8","0","","67","06","2022","4","39.9453","-75.1516","1342","06","0","0","0","0","0","0","0","0","","0","0","0","17","1","1","01","","0","39 56:43.184","","00","75 09:05.860","3","0","0","0","67301","1","0","0","N","0","0","0","2","67301","0","","1","99","","N","N","N","1","","1","0","0","3","2","","1730","1","2","0","0","0","0","0","2","0","1","99","","N","","","","","","","","","","",""
"2022066839","1416","1","0","0","0","0","0","0","0","0","7","0","","67","06","2022","7","39.8915","-75.2228","1414","06","0","0","0","0","0","0","0","0","","0","0","0","14","1","1","00","N","0","39 53:29.232","","03","75 13:22.177","3","0","0","0","67301","0","0","0","N","0","0","0","1","68K01","0","","2","01","","N","N","N","0","","1","0","0","0","0","","1414","1","2","0","0","0","0","0","2","0","1","03","","N","","","","","","","","","","",""
"2022060125","1125","2","0","0","0","0","0","0","0","0","4","0","","67","06","2022","1","40.0038","-75.1574","1120","06","0","0","0","0","0","0","0","0","","0","0","0","11","1","2","01","","0","40 00:13.730","","00","75 09:26.481","3","0","0","0","67301","0","0","0","N","0","0","0","2","67301","0","","1","01","","N","N","N","0","","2","0","0","3","3","","1115","2","2","0","0","0","0","0","2","0","2","03","03","N","","","","","","","","","","",""
"2022072215","0828","1","0","0","0","0","0","0","0","0","4","1","","67","04","2022","6","40.075","-75.0267","0822","06","0","0","0","0","0","1","0","0","","0","1","0","08","1","1","02","","0","40 04:30.003","","07","75 01:35.993","3","0","0","0","67301","0","0","0","N","0","0","0","2","67301","0","","1","01","","N","N","N","0","","1","0","0","0","0","","0815","1","2","0","0","0","0","0","2","0","2","03","03","N","","","","","","","","","","",""
"2022060115","1500","1","0","0","0","0","0","0","0","0","4","0","","67","06","2022","1","40.0242","-75.1328","1500","06","0","0","0","0","0","0","0","0","","0","0","0","03","6","0","05","","0","40 01:26.931","","00","75 07:59.528","0","0","0","0","67301","0","0","0","N","0","0","0","2","67301","0","","1","99","","N","N","N","0","","0","0","0","3","2","","0300","0","2","0","0","0","0","0","2","0","2","99","","N","","","","","","","","","","",""
"2022063091","1730","3","0","0","0","0","0","0","0","0","1","0","","67","06","2022","3","39.9663","-75.2279","1726","06","0","0","0","0","0","0","0","0","","0","0","0","17","1","4","00","Y","0","39 57:58.800","","00","75 13:40.400","3","0","0","0","67301","0","0","0","N","0","0","0","6","67301","0","","1","01","","N","N","N","0","","3","0","1","3","2","","1726","4","4","0","0","0","1","0","2","0","4","03","03","N","","","","","","","","","","",""
"2022057349","1000","0","0","0","0","0","0","0","0","0","2","0","","67","06","2022","1","40.0714","-75.1587","0950","06","0","0","0","0","0","0","0","0","","0","0","0","09","1","0","00","N","1","40 04:17.020","4","00","75 09:31.390","0","0","0","0","67301","0","0","0","N","0","0","0","1","67301","0","","6","01","1013","N","N","N","0","","0","0","2","0","0","Y","0904","0","2","0","0","0","0","0","2","0","2","03","03","N","","","","","","","","","","",""
"2022070072","1540","0","0","0","0","0","0","0","0","0","4","0","","67","07","2022","6","40.0034","-75.2032","1536","06","0","0","0","0","0","0","0","0","","0","0","0","15","1","1","01","","0","40 00:12.301","","00","75 12:11.644","3","0","0","0","67301","0","0","0","N","0","0","0","1","67301","0","","1","01","","N","N","N","1","","1","0","1","0","0","","1503","1","2","0","0","0","0","0","2","0","2","03","03","N","","","","","","","","","","",""
"2022070485","2110","1","0","0","0","0","0","0","0","0","7","2","","67","06","2022","4","39.9582","-75.1804","2100","06","0","0","0","0","1","1","0","0","","0","2","0","20","3","5","00","N","1","39 57:29.356","3","00","75 10:49.308","4","0","0","0","67301","0","0","0","N","0","0","0","5","68K01","2","","3","01","2239","N","N","N","0","","0","0","0","0","0","N","2057","5","3","0","0","0","3","0","2","0","3","03","03","N","","","","","","","","","","",""
"2022046395","","1","0","0","0","0","0","0","0","0","4","0","","67","05","2022","1","39.9034","-75.2432","","06","0","0","0","0","0","0","0","0","","0","0","0","19","1","1","01","","0","39 54:12.355","","00","75 14:35.390","3","0","0","0","67301","0","0","0","N","0","0","0","2","00000","0","","1","01","","","","N","0","","1","0","0","3","2","","1915","1","2","0","0","0","0","0","2","0","2","03","","N","","","","","","","","","","",""
"2022069706","1735","0","0","0","0","0","0","0","0","0","8","0","","67","07","2022","4","40.0457","-75.1432","1725","06","0","0","0","0","0","0","0","0","","0","0","0","14","1","1","00","N","0","40 02:44.395","","00","75 08:35.445","4","0","0","0","67301","1","0","0","N","1","0","0","2","67301","1","","5","01","","N","N","N","0","","0","0","0","0","0","","1400","1","2","0","0","0","0","1","2","0","1","03","","N","","","","","","","","","","",""
"2022060024","1609","1","0","0","0","0","0","0","0","0","5","0","","67","06","2022","1","40.0994","-74.9731","1558","06","0","0","0","0","0","0","1","0","","0","0","0","15","1","0","00","N","0","40 05:57.800","","00","74 58:23.000","0","0","0","0","67301","0","0","0","N","0","0","0","1","67301","0","","6","01","","N","N","N","0","","0","0","1","0","0","","1530","0","2","0","0","0","0","0","2","0","2","03","03","N","","","","","","","","","","",""
"2022061680","1330","2","0","0","0","0","0","0","0","0","5","0","","67","06","2022","7","40.0316","-75.0908","1323","06","0","0","0","0","0","1","0","0","","0","0","0","13","1","1","00","N","2","40 01:53.660","6","00","75 05:26.850","8","0","0","0","67301","0","0","0","N","0","0","0","1","67301","0","","6","01","1430","N","N","N","0","","0","0","1","0","0","Y","1322","1","3","0","0","0","1","0","2","0","3","03","03","N","","","","","","","","","","",""
"2022072277","0751","2","0","0","0","0","0","0","0","0","4","0","","67","08","2022","2","39.9932","-75.1069","0749","06","0","0","0","0","0","0","0","0","","0","0","0","07","1","0","01","","1","39 59:35.462","4","00","75 06:24.911","9","0","0","0","67301","0","0","0","N","0","0","0","2","67301","0","","1","01","0820","N","N","N","0","","0","0","0","3","3","N","0747","0","3","0","0","0","0","1","2","1","3","04","04","N","","","","","","","","","","",""
"2022072225","1128","1","0","0","0","0","0","0","0","0","4","1","","67","04","2022","2","39.9182","-75.2088","1153","06","0","0","0","0","0","0","0","0","","0","1","0","11","1","1","02","","2","39 55:05.558","1","00","75 12:31.805","8","0","0","0","67301","0","0","0","N","0","0","0","2","67301","0","","1","01","1300","N","N","N","0","","0","0","0","3","2","N","1128","1","2","0","0","0","1","0","2","0","2","04","04","N","","","","","","","","","","",""
"2022068810","1137","1","0","0","0","0","0","0","0","0","5","0","","67","06","2022","3","39.9742","-75.1638","1129","06","0","0","0","0","0","0","0","0","","0","0","0","06","1","0","02","","0","39 58:27.080","","00","75 09:49.769","0","0","0","0","67301","0","0","0","N","0","0","0","1","67301","0","","1","01","","N","N","N","0","","0","0","1","0","0","","0620","0","2","0","0","0","0","0","2","0","2","03","03","N","","","","","","","","","","",""
"2022066841","1456","0","0","0","0","0","0","0","0","0","7","0","","67","06","2022","1","39.8963","-75.1916","1435","06","0","0","0","0","1","0","0","0","","0","0","0","14","1","0","00","N","0","39 53:46.661","","03","75 11:29.714","0","0","0","0","67301","0","0","0","N","0","0","0","1","68K01","0","","4","01","","N","N","N","0","","0","0","0","0","0","","1429","0","1","0","0","0","0","0","2","1","1","03","03","N","","","","","","","","","","",""
"2022061052","1226","1","0","0","0","0","0","0","0","0","4","0","","67","06","2022","5","40.053","-75.1367","1224","06","0","0","0","0","0","0","0","1","","0","0","0","12","1","2","01","","1","40 03:10.720","3","00","75 08:12.051","3","0","0","0","67301","0","0","0","N","0","0","0","2","67301","0","","1","09","1500","N","N","N","0","","2","0","1","3","1","N","1223","2","2","0","0","1","0","0","2","0","2","07","04","N","","","","","","","","","","",""
"2022071493","1806","0","0","0","0","0","0","1","0","0","1","1","","67","07","2022","4","39.9074","-75.1393","1804","06","0","0","0","0","0","0","0","0","","0","0","0","10","1","1","02","","0","39 54:26.549","","00","75 08:21.567","4","0","0","0","67301","0","0","0","N","0","0","0","2","67508","1","","1","01","","N","N","Y","0","","0","0","0","3","2","","1027","1","2","0","0","0","0","0","2","1","2","03","03","N","","","","","","","","","","",""
"2022073713","0211","0","0","0","0","0","0","0","0","0","7","0","","67","08","2022","4","40.0179","-75.1664","0203","06","0","0","0","0","0","0","1","0","","0","0","0","02","2","0","06","","0","40 01:04.468","","07","75 09:58.894","0","0","0","0","67301","0","0","0","N","0","0","0","1","67301","0","","4","01","","N","N","N","1","","0","0","0","0","0","","0200","0","1","0","0","1","0","0","2","0","1","03","03","N","","","","","","","","","","",""
"2022070586","1000","1","0","0","0","0","0","0","0","0","4","0","","67","07","2022","7","39.9684","-75.1513","0952","06","0","0","0","0","0","0","0","0","","0","0","0","09","1","1","00","N","0","39 58:06.250","","00","75 09:04.840","3","0","0","0","67301","0","0","0","N","0","0","0","2","67301","0","","1","01","","N","N","N","0","","1","0","1","3","4","","0940","1","2","0","0","0","0","1","2","0","2","03","03","N","","","","","","","","","","",""
"2022056710","2045","1","0","0","0","0","0","0","0","0","8","0","","67","06","2022","4","39.956","-75.1557","2040","06","0","0","0","0","0","0","0","0","","0","0","0","17","1","1","01","","0","39 57:21.639","","00","75 09:20.689","3","0","0","0","67301","1","0","0","N","1","0","0","2","67301","0","","1","01","","N","N","N","0","","1","0","0","3","2","","1740","1","2","0","0","1","0","0","2","0","1","03","03","N","","","","","","","","","","",""
"2022069891","1239","3","0","0","0","0","0","0","0","0","1","0","","67","06","2022","2","39.9664","-75.187","1231","06","0","0","0","0","1","1","0","0","","0","0","0","12","1","1","00","N","0","39 57:58.946","","00","75 11:13.238","8","0","0","0","67301","0","0","0","N","0","0","0","4","68K01","0","","1","01","","N","N","N","0","","0","0","0","0","0","","1221","1","3","0","0","0","1","0","2","0","3","03","","N","","","","","","","","","","",""
"2022056581","0100","1","0","0","0","0","0","0","0","0","4","0","","67","06","2022","6","40.0795","-74.9918","0100","06","0","0","0","0","0","0","0","0","","0","0","0","23","3","0","01","","0","40 04:46.113","","00","74 59:30.364","0","0","0","0","67301","0","0","0","N","0","0","0","3","67301","0","","1","01","","N","N","N","0","","0","0","1","3","3","","2308","0","2","0","0","0","0","0","2","0","2","03","03","N","","","","","","","","","","",""
"2022063083","1848","2","0","0","0","0","0","0","0","0","4","0","","67","06","2022","2","39.9671","-75.2438","1848","06","0","0","0","0","0","0","1","0","","0","0","0","18","1","1","01","","0","39 58:01.462","","00","75 14:37.590","3","0","0","0","67301","0","0","0","N","0","0","0","2","67301","0","","1","01","","N","N","N","0","","1","0","0","3","3","","1800","1","2","0","0","1","0","0","2","0","2","03","","N","","","","","","","","","","",""
"2022060106","1743","1","0","0","1","0","0","0","0","0","8","0","","67","06","2022","3","40.0231","-75.1491","1741","06","0","0","0","1","0","0","0","0","","0","0","0","17","1","2","02","","0","40 01:23.124","","00","75 08:56.864","3","0","0","0","67301","2","0","0","N","0","0","0","3","67301","0","","1","99","","N","N","N","0","","2","0","0","0","0","","1735","2","2","0","0","1","0","0","2","0","1","03","","N","","","","","","","","","","",""
"2022070918","1009","1","0","0","0","0","0","0","0","0","1","1","","67","04","2022","7","40.0185","-75.1671","0925","06","0","0","0","0","0","0","0","0","","0","1","0","09","1","1","06","","0","40 01:06.752","","08","75 10:01.543","4","0","0","0","67301","0","0","0","N","0","0","0","2","67301","1","","7","01","","N","N","N","0","","0","0","0","0","0","","0915","1","2","0","0","0","0","0","2","0","2","03","03","N","","","","","","","","","","",""
"2022060116","1950","1","0","0","0","0","0","0","0","0","4","0","","67","06","2022","3","40.0274","-75.1335","1950","06","0","0","0","0","0","0","0","1","","0","0","0","19","4","0","01","","0","40 01:38.672","","00","75 08:00.625","0","0","0","0","67301","0","0","0","N","0","0","0","2","67301","0","","1","01","","N","N","N","0","","0","0","2","3","3","","1916","0","3","0","0","0","0","0","2","0","3","03","","N","","","","","","","","","","",""
"2022073257","1647","1","0","0","0","0","0","0","0","0","1","0","","67","08","2022","3","39.9582","-75.1641","1637","06","0","0","0","0","0","0","0","0","","0","0","0","16","1","1","00","N","0","39 57:29.357","","00","75 09:50.634","8","0","0","0","67301","0","0","0","N","0","0","0","3","68K01","0","","1","01","","N","N","N","0","","0","0","2","0","0","","1633","1","3","0","0","0","1","0","2","0","3","03","03","N","","","","","","","","","","",""
"2022061174","1906","1","0","0","0","0","0","0","0","0","4","0","","67","07","2022","7","40.0428","-75.0766","1905","06","0","0","0","0","0","1","0","0","","0","0","0","19","1","1","05","","0","40 02:34.015","","00","75 04:35.655","2","0","1","1","67301","0","0","0","N","0","0","0","2","67301","0","","1","01","","N","N","N","0","","0","1","0","3","1","","1900","1","2","0","0","0","0","0","2","0","2","03","03","N","","","","","","","","","","",""
"2022060687","1640","0","0","0","0","0","0","0","0","0","4","0","","67","06","2022","4","40.0287","-75.2055","1638","06","0","0","0","0","0","2","0","0","","0","0","0","16","1","1","01","","0","40 01:43.143","","00","75 12:20.140","8","0","0","1","67301","0","0","0","N","0","0","0","2","67301","0","","1","01","","N","N","N","0","","0","0","1","3","2","","1636","1","2","0","0","0","1","0","2","0","2","03","03","N","","","","","","","","","","",""
"2022071643","2241","0","0","0","0","0","0","0","0","0","1","1","","67","07","2022","6","40.0364","-75.015","2227","06","0","0","0","0","0","1","0","0","","0","1","0","22","3","0","00","N","0","40 02:11.095","","00","75 00:53.847","0","0","0","0","67301","0","0","0","N","0","0","0","2","68K03","0","","1","01","","N","N","N","0","","0","0","1","0","0","","2221","0","2","0","0","0","0","0","2","0","2","03","03","N","","","","","","","","","","",""
"2022060271","1127","1","0","0","0","0","0","0","0","0","1","0","","67","06","2022","4","39.9583","-75.224","1125","06","0","0","0","0","0","0","0","0","","0","0","0","11","1","1","00","N","0","39 57:29.991","","00","75 13:26.269","3","0","0","0","67301","0","0","0","N","0","0","0","2","67301","0","","1","01","","N","N","N","0","","1","0","1","0","0","","1107","1","3","0","0","0","0","0","2","0","2","03","","N","","","","","","","","","","",""
"2022060062","0025","0","0","0","0","0","0","0","0","0","8","0","","67","06","2022","1","39.9585","-75.2252","0021","06","0","0","0","0","0","0","0","0","","0","0","0","23","3","1","01","","0","39 57:30.470","","00","75 13:30.671","4","0","0","0","67301","1","0","0","N","1","0","0","2","67301","1","","1","01","","N","N","N","0","","0","0","0","3","2","","2344","1","2","0","0","0","0","0","2","0","1","03","03","N","","","","","","","","","","",""
"2022060000","1555","1","0","0","0","0","0","0","0","0","1","0","","67","06","2022","6","40.0689","-75.0867","1540","06","0","0","0","1","0","0","0","0","","0","0","0","15","1","0","00","N","0","40 04:08.100","","00","75 05:12.000","0","0","0","0","67301","0","0","0","N","0","0","0","2","67301","0","","1","01","","N","N","N","0","","0","0","1","0","0","","1534","0","2","0","0","0","0","0","2","0","2","03","","N","","","","","","","","","","",""
"2022060802","0945","1","0","0","0","0","0","0","0","0","4","0","","67","06","2022","5","40.0845","-74.9737","0940","06","0","0","0","0","1","0","0","0","","0","0","0","09","1","1","01","","0","40 05:04.128","","00","74 58:25.148","3","0","0","0","67301","0","0","0","N","0","0","0","2","67301","0","","1","01","","N","N","N","0","","1","0","1","3","1","","0930","1","2","0","0","0","0","0","2","0","2","03","03","N","","","","","","","","","","",""
"2022063085","0148","2","0","0","0","0","0","0","0","0","4","0","","67","06","2022","2","40.0004","-75.2098","0138","06","0","0","0","1","0","0","0","0","","0","0","0","22","3","0","02","","0","40 00:01.565","","00","75 12:35.132","0","0","0","0","67301","0","0","0","N","0","0","0","1","67301","0","","1","01","","N","N","N","0","","0","0","1","3","3","","2245","0","3","0","0","1","0","0","2","0","3","03","03","N","","","","","","","","","","",""
"2022070546","0141","1","0","0","0","0","0","0","0","0","8","0","","67","07","2022","7","39.9708","-75.1285","0141","06","0","0","0","0","0","0","0","0","","0","0","0","01","3","1","00","N","0","39 58:14.873","","00","75 07:42.664","2","0","0","0","67301","1","0","1","N","1","0","1","2","67301","0","","1","01","","N","N","N","0","","0","1","0","0","0","","0140","1","2","0","0","0","0","0","2","0","1","03","03","N","","","","","","","","","","",""
"2022059232","0630","0","0","0","0","0","0","0","0","0","1","0","","67","06","2022","7","39.883","-75.2448","0621","06","0","0","0","0","0","1","0","0","","0","0","0","06","1","1","00","N","0","39 52:58.811","","00","75 14:41.244","3","0","0","0","67301","0","0","0","N","0","0","0","2","68K01","0","","1","01","","N","N","N","0","","1","0","2","0","0","","0610","1","2","0","0","0","0","0","2","0","2","03","","N","","","","","","","","","","",""
"2022070810","1604","3","0","0","0","0","0","0","0","0","1","0","","67","07","2022","1","39.997","-75.082","1552","06","0","0","0","0","0","0","1","0","","0","0","0","15","1","2","00","N","0","39 59:49.357","","00","75 04:55.237","3","0","0","0","67301","0","0","0","N","0","0","0","4","68K01","0","","1","01","","N","N","N","0","","2","0","0","0","0","","1551","2","3","0","0","1","0","0","2","0","3","03","","N","","","","","","","","","","",""
"2022048837","","1","0","0","0","0","0","0","0","0","1","0","","67","05","2022","6","39.9911","-75.0863","","06","0","0","0","0","0","1","0","0","","0","0","0","14","1","1","00","N","0","39 59:27.843","","00","75 05:10.539","8","0","0","0","67301","0","0","0","N","0","0","0","2","00000","0","","1","01","","","","N","0","","0","0","1","0","0","","1455","1","2","0","0","0","1","0","2","0","2","03","","N","","","","","","","","","","",""
"2022055457","","1","0","0","0","0","0","0","0","0","5","0","","67","05","2022","6","40.0428","-75.0631","","06","0","0","0","0","0","0","0","0","","0","0","0","19","1","1","01","","0","40 02:34.113","","00","75 03:47.339","8","0","0","0","67301","0","0","0","N","0","0","0","2","00000","0","","1","01","","","","N","0","","0","0","1","3","2","","1955","1","2","0","0","1","1","0","2","0","2","03","","N","","","","","","","","","","",""
"2022060040","1515","0","0","0","0","0","0","0","0","0","5","0","","67","06","2022","1","40.0332","-75.0494","1515","06","0","0","0","0","0","0","0","0","","0","0","0","19","1","1","00","N","0","40 01:59.370","","00","75 02:57.820","3","0","0","1","67301","0","0","0","N","0","0","0","1","67301","0","","6","01","","N","N","N","0","","1","0","1","0","0","","1930","1","2","0","0","0","0","0","2","0","2","03","","N","","","","","","","","","","",""
"2022071354","2134","2","0","0","0","0","0","0","0","0","1","0","","67","05","2022","6","39.9372","-75.1441","2121","06","0","0","1","0","0","0","0","0","","0","0","0","21","3","4","00","N","1","39 56:13.901","1","00","75 08:38.633","4","0","0","0","67301","0","0","0","N","0","0","0","4","68K01","4","","2","01","2315","N","N","N","0","","0","0","0","0","0","N","2118","4","2","0","0","0","0","0","2","0","2","03","","N","","","","","","","","","","",""
"2022060685","0143","0","0","0","0","0","0","0","0","0","7","0","","67","06","2022","5","40.0004","-75.1561","0142","06","0","0","1","0","0","0","0","0","","0","0","0","01","3","0","00","N","1","40 00:01.360","4","00","75 09:21.810","0","0","0","0","67301","0","0","0","N","0","0","0","1","67301","0","","4","01","0503","N","N","N","0","","0","0","1","0","0","N","0142","0","2","0","0","1","0","0","2","1","2","03","03","N","","","","","","","","","","",""
"2022072274","1919","2","0","0","0","0","0","0","0","0","4","0","","67","07","2022","7","39.9915","-75.1008","1906","06","0","0","0","0","0","0","0","0","","0","0","0","19","4","0","00","N","1","39 59:29.314","2","00","75 06:02.830","0","0","0","0","67301","0","0","0","N","0","0","0","2","67301","0","","1","01","0015","N","N","N","0","","0","0","0","0","0","N","1905","0","2","0","0","0","0","0","2","0","2","03","03","N","","","","","","","","","","",""
"2022072588","1531","1","0","0","0","0","0","0","0","0","8","0","","67","05","2022","3","39.9965","-75.1135","1531","06","0","0","0","0","0","0","0","0","","0","0","0","15","1","1","01","","0","39 59:47.227","","00","75 06:48.563","3","0","0","0","67301","1","0","0","N","1","0","0","2","67301","0","","1","01","","N","N","N","0","","1","0","0","3","2","","1530","1","2","0","0","0","0","1","2","0","1","03","04","N","","","","","","","","","","",""
"2022072296","1335","1","0","0","0","0","0","0","0","0","5","1","","67","04","2022","6","39.9991","-75.1668","1328","06","0","0","0","0","0","0","0","0","","0","1","0","13","1","1","00","N","0","39 59:56.900","","00","75 10:00.600","3","0","0","0","67301","0","0","0","N","0","0","0","3","67301","0","","6","01","","N","N","N","0","","1","0","0","0","0","","1302","1","2","0","0","0","0","0","2","0","2","03","03","N","","","","","","","","","","",""
"2022061576","1425","1","0","0","0","0","0","0","0","0","8","0","","67","07","2022","6","39.9823","-75.2268","1422","06","0","0","0","0","0","0","1","0","","0","0","0","14","1","1","00","N","0","39 58:56.200","","00","75 13:36.340","3","0","0","0","67301","1","0","0","N","1","0","0","2","67301","0","","1","01","","N","N","N","0","","1","0","0","0","0","","1421","1","2","0","0","0","0","0","2","0","1","03","03","N","","","","","","","","","","",""
"2022072197","1206","0","0","0","1","0","0","0","0","0","8","0","","67","08","2022","4","40.0482","-75.0606","1203","06","0","0","0","0","0","0","0","0","","0","0","0","21","3","1","00","N","9","40 02:53.350","","00","75 03:38.276","8","0","0","0","67301","1","0","0","N","0","0","0","1","67301","0","","1","01","","N","N","N","0","","0","0","1","0","0","","2130","1","2","0","0","0","1","0","2","0","1","03","03","N","","","","","","","","","","",""