"CRN","ARRIVAL_TM","AUTOMOBILE_COUNT","BELTED_DEATH_COUNT","BELTED_SUSP_SERIOUS_INJ_COUNT","BICYCLE_COUNT","BICYCLE_DEATH_COUNT","BICYCLE_SUSP_SERIOUS_INJ_COUNT","BUS_COUNT","CHLDPAS_DEATH_COUNT","CHLDPAS_SUSP_SERIOUS_INJ_COUNT","COLLISION_TYPE","COMM_VEH_COUNT","CONS_ZONE_SPD_LIM","COUNTY","CRASH_MONTH","CRASH_YEAR","DAY_OF_WEEK","DEC_LAT","DEC_LONG","DISPATCH_TM","DISTRICT","DRIVER_COUNT_16YR","DRIVER_COUNT_17YR","DRIVER_COUNT_18YR","DRIVER_COUNT_19YR","DRIVER_COUNT_20YR","DRIVER_COUNT_50_64YR","DRIVER_COUNT_65_74YR","DRIVER_COUNT_75PLUS","EST_HRS_CLOSED","FATAL_COUNT","HEAVY_TRUCK_COUNT","HORSE_BUGGY_COUNT","HOUR_OF_DAY","ILLUMINATION","INJURY_COUNT","INTERSECT_TYPE","INTERSECTION_RELATED","LANE_CLOSED","LATITUDE","LN_CLOSE_DIR","LOCATION_TYPE","LONGITUDE","MAX_SEVERITY_LEVEL","MCYCLE_DEATH_COUNT","MCYCLE_SUSP_SERIOUS_INJ_COUNT","MOTORCYCLE_COUNT","MUNICIPALITY","NONMOTR_COUNT","NONMOTR_DEATH_COUNT","NONMOTR_SUSP_SERIOUS_INJ_COUNT","NTFY_HIWY_MAINT","PED_COUNT","PED_DEATH_COUNT","PED_SUSP_SERIOUS_INJ_COUNT","PERSON_COUNT","POLICE_AGCY","POSSIBLE_INJ_COUNT","RDWY_SURF_TYPE_CD","RELATION_TO_ROAD","ROAD_CONDITION","ROADWAY_CLEARED","SCH_BUS_IND","SCH_ZONE_IND","SECONDARY_CRASH","SMALL_TRUCK_COUNT","SPEC_JURIS_CD","SUSP_MINOR_INJ_COUNT","SUSP_SERIOUS_INJ_COUNT","SUV_COUNT","TCD_FUNC_CD","TCD_TYPE","TFC_DETOUR_IND","TIME_OF_DAY","TOT_INJ_COUNT","TOTAL_UNITS","UNB_DEATH_COUNT","UNB_SUSP_SERIOUS_INJ_COUNT","UNBELTED_OCC_COUNT","UNK_INJ_DEG_COUNT","UNK_INJ_PER_COUNT","URBAN_RURAL","VAN_COUNT","VEHICLE_COUNT","WEATHER1","WEATHER2","WORK_ZONE_IND","WORK_ZONE_LOC","WORK_ZONE_TYPE","WORKERS_PRES","WZ_CLOSE_DETOUR","WZ_FLAGGER","WZ_LAW_OFFCR_IND","WZ_LN_CLOSURE","WZ_MOVING","WZ_OTHER","WZ_SHLDER_MDN","WZ_WORKERS_INJ_KILLED"
"2022055662","2018","2","0","0","0","0","0","0","0","0","4","0","","67","06","2022","2","40.0006","-75.1329","2015","06","0","0","0","0","0","0","0","0","","0","0","0","18","1","1","01","","0","40 00:02.271","","00","75 07:58.407","3","0","0","0","67301","0","0","0","N","0","0","0","3","67301","0","","1","01","","N","N","N","0","","1","0","0","3","2","","1854","1","2","0","0","2","0","0","2","0","2","03","03","N","","","","","","","","","","",""
"2022043827","","1","0","0","0","0","0","0","0","0","5","0","","67","04","2022","7","39.9442","-75.1919","","06","0","0","0","0","0","0","0","0","","0","0","0","01","3","0","00","N","0","39 56:39.208","","00","75 11:30.730","0","0","0","0","67301","0","0","0","N","0","0","0","2","00000","0","","1","01","","","","N","0","","0","0","0","0","0","","0115","0","2","0","0","0","0","0","2","0","2","03","","N","","","","","","","","","","",""
"2022064075","1836","0","0","0","0","0","0","0","0","0","8","0","","67","06","2022","6","39.9533","-75.1838","1829","06","0","0","0","0","0","0","0","0","","0","0","0","13","1","1","01","","0","39 57:11.997","","00","75 11:01.475","8","0","0","0","67301","1","0","0","N","1","0","0","2","67301","0","","1","01","","N","N","N","1","","0","0","0","3","2","","1315","1","2","0","0","0","1","0","2","0","1","03","03","N","","","","","","","","","","",""
"2022070499","1756","0","0","0","0","0","0","0","0","0","4","0","","67","07","2022","5","40.0455","-75.0017","1733","06","0","0","0","0","0","2","0","0","","0","0","0","17","1","6","00","N","1","40 02:43.911","2","00","75 00:06.267","4","0","0","0","67301","0","0","0","Y","0","0","0","7","68K01","6","","1","01","1959","N","N","N","0","","0","0","3","0","0","N","1731","6","3","0","0","0","0","0","2","0","3","03","","N","","","","","","","","","","",""
"2022056679","0350","3","0","0","0","0","0","0","0","0","5","0","","67","06","2022","7","39.991","-75.1318","0350","06","0","0","0","0","0","0","0","0","","0","0","0","02","3","0","00","N","0","39 59:27.438","","00","75 07:54.573","0","0","0","0","67301","0","0","0","N","0","0","0","1","67301","0","","6","01","","N","N","N","0","","0","0","0","0","0","","0200","0","3","0","0","0","0","0","2","0","3","03","","N","","","","","","","","","","",""
"2022056226","1131","1","0","0","0","0","0","0","0","0","1","0","","67","06","2022","5","39.9787","-75.1578","1130","06","0","0","0","0","0","0","0","1","","0","0","0","11","1","1","01","","0","39 58:43.293","","00","75 09:28.577","4","0","0","0","67301","0","0","0","N","0","0","0","3","67505","1","","1","01","","N","N","Y","0","","0","0","2","3","2","","1130","1","3","0","0","0","0","0","2","0","3","03","03","N","","","","","","","","","","",""
"2022070064","0940","0","0","0","0","0","0","0","0","0","4","1","","67","07","2022","3","39.9809","-75.2465","0938","06","0","0","0","0","0","0","0","0","","0","1","0","09","1","2","05","","0","39 58:51.249","","00","75 14:47.555","2","0","0","0","67301","0","0","0","N","0","0","0","7","67301","1","","1","01","","N","N","N","0","","0","1","1","3","2","","0938","2","3","0","1","2","0","0","2","0","3","03","","N","","","","","","","","","","",""
"2022048810","","1","0","0","0","0","0","0","0","0","4","0","","67","05","2022","6","39.9877","-75.225","","06","0","0","0","0","0","0","0","0","","0","0","0","12","1","1","02","","0","39 59:15.615","","00","75 13:29.927","8","0","0","0","67301","0","0","0","N","0","0","0","2","00000","0","","1","01","","","","N","0","","0","0","0","3","2","","1210","1","2","0","0","0","1","0","2","0","2","03","","N","","","","","","","","","","",""
"2022060061","1619","2","0","0","0","0","0","0","0","0","4","0","","67","06","2022","1","39.96","-75.2371","1550","06","0","0","0","0","0","1","0","0","","0","0","0","15","1","1","01","","0","39 57:35.845","","00","75 14:13.635","3","0","0","0","67301","0","0","0","N","0","0","0","3","67301","0","","1","01","","N","N","N","0","","1","0","0","3","2","","1546","1","2","0","0","0","0","0","2","0","2","03","03","N","","","","","","","","","","",""
"2022060112","1850","1","0","0","0","0","0","0","0","0","4","0","","67","06","2022","1","40.0347","-75.1309","1843","06","0","0","0","1","0","0","0","0","","0","0","0","18","1","1","01","","0","40 02:05.085","","00","75 07:51.146","4","0","0","0","67301","0","0","0","N","0","0","0","5","67301","1","","1","01","","N","N","N","1","","0","0","2","3","2","","1805","1","4","0","0","0","0","1","2","0","4","03","03","N","","","","","","","","","","",""
"2022060113","1400","2","0","0","0","0","0","0","0","0","1","0","","67","06","2022","7","40.0475","-75.1428","1400","06","0","0","0","0","0","0","0","0","","0","0","0","03","6","1","01","","0","40 02:51.013","","00","75 08:34.447","8","0","0","0","67301","0","0","0","N","0","0","0","3","67301","0","","1","99","","N","N","N","0","","0","0","0","3","2","","0314","1","2","0","0","1","1","2","2","0","2","99","","N","","","","","","","","","","",""
"2022060695","1150","1","0","0","0","0","0","0","0","0","4","0","","67","06","2022","2","40.0625","-75.0094","1142","06","0","0","0","0","0","0","0","0","","0","0","0","11","1","1","01","","0","40 03:45.334","","00","75 00:34.383","3","0","0","0","67301","0","0","0","N","0","0","0","2","67301","0","","1","01","","N","N","N","0","","1","0","1","3","2","","1141","1","2","0","0","0","0","0","2","0","2","04","04","N","","","","","","","","","","",""
"2022066478","","1","0","0","0","0","0","0","0","0","1","0","","67","04","2022","5","39.9449","-75.2392","","06","0","0","0","0","0","0","1","0","","0","0","0","16","1","2","02","","0","39 56:41.767","","00","75 14:21.037","8","0","0","0","67301","0","0","0","N","0","0","0","3","00000","0","","1","01","","","","N","0","","0","0","0","3","3","","1600","2","2","0","0","0","2","0","2","0","2","03","","N","","","","","","","","","","",""
"2022063087","0248","2","0","0","0","0","0","0","0","0","5","0","","67","06","2022","5","39.9688","-75.2327","0245","06","0","0","0","0","0","0","0","0","","0","0","0","01","3","0","00","N","0","39 58:07.530","","00","75 13:57.610","0","0","0","0","67301","0","0","0","N","0","0","0","1","67301","0","","6","01","","N","N","N","0","","0","0","0","0","0","","0100","0","2","0","0","0","0","0","2","0","2","03","03","N","","","","","","","","","","",""
"2022072587","0248","2","0","0","0","0","0","0","0","0","4","0","","67","05","2022","7","39.9929","-75.1138","0240","06","0","0","0","0","0","0","0","0","","0","0","0","02","2","1","01","","0","39 59:34.558","","00","75 06:49.813","3","0","0","0","67301","0","0","0","N","0","0","0","3","67301","0","","1","01","","N","N","N","0","","1","0","0","3","2","","0238","1","2","0","0","0","0","1","2","0","2","03","04","N","","","","","","","","","","",""
"2022066815","0117","1","0","0","0","0","0","0","0","0","8","0","","67","06","2022","2","39.9893","-75.1555","0117","06","0","0","0","0","0","0","0","0","","0","0","0","01","3","1","01","","0","39 59:21.634","","00","75 09:19.704","2","0","0","0","67301","1","0","1","N","1","0","1","2","67301","0","","1","01","","N","N","N","0","","0","1","0","3","2","","0117","1","2","0","0","0","0","0","2","0","1","03","03","N","","","","","","","","","","",""
"2022072247","1253","1","0","0","0","0","0","1","0","0","2","1","15","67","08","2022","5","40.0182","-75.0471","1248","06","0","0","0","0","0","1","0","0","","0","0","0","12","1","0","03","","0","40 01:05.397","","00","75 02:49.634","0","0","0","0","67301","0","0","0","N","0","0","0","1","67301","0","","1","01","","N","N","N","1","","0","0","0","3","2","","1243","0","3","0","0","0","0","0","2","0","3","03","03","Y","4","1","Y","N","N","N","Y","N","N","Y","N"
"2022072861","1645","2","0","0","0","0","0","0","0","0","1","0","","67","08","2022","3","40.0498","-75.0112","1644","06","0","0","0","0","0","0","0","0","","0","0","0","16","1","5","00","N","1","40 02:59.319","1","00","75 00:40.208","3","0","0","0","67301","0","0","0","N","0","0","0","5","67301","0","","1","01","1710","N","N","N","0","","5","0","0","0","0","N","1643","5","2","0","0","0","0","0","2","0","2","03","03","N","","","","","","","","","","",""
"2022072934","1953","1","0","0","0","0","0","0","0","0","7","0","","67","08","2022","4","39.9594","-75.1744","1953","06","0","0","0","1","0","0","0","0","","0","0","0","19","1","0","00","N","1","39 57:33.997","4","00","75 10:27.750","0","0","0","0","67301","0","0","0","N","0","0","0","1","68K01","0","","4","01","2020","N","N","N","0","","0","0","0","0","0","N","1925","0","1","0","0","0","0","0","2","0","1","03","03","N","","","","","","","","","","",""
"2022050480","","2","0","0","0","0","0","0","0","0","1","0","","67","04","2022","3","40.0431","-75.1616","","06","0","0","0","0","0","0","0","0","","0","0","0","15","1","1","00","Y","0","40 02:35.000","","00","75 09:41.800","8","0","0","0","67301","0","0","0","N","0","0","0","4","00000","0","","1","01","","","","N","0","","0","0","0","3","2","","1500","1","4","0","0","0","1","0","2","0","4","03","","N","","","","","","","","","","",""
"2022057148","2349","1","0","0","0","0","0","0","0","0","4","0","","67","06","2022","1","40.0072","-75.1234","2346","06","0","0","0","0","0","1","0","0","","0","0","0","20","3","1","01","","0","40 00:25.981","","00","75 07:24.378","3","0","0","0","67301","0","0","0","N","0","0","0","4","67301","0","","1","01","","N","N","N","0","","1","0","1","3","2","","2058","1","2","0","0","0","0","3","2","0","2","03","03","N","","","","","","","","","","",""
"2022056038","2041","2","0","0","0","0","0","0","0","0","4","0","","67","06","2022","3","39.9717","-75.1259","2040","06","0","0","0","0","0","0","0","0","","0","0","0","20","4","0","01","","0","39 58:18.518","","00","75 07:33.433","0","0","0","0","67301","0","0","0","N","0","0","0","2","67301","0","","1","01","","N","N","N","0","","0","0","0","3","2","","2040","0","2","0","0","0","0","0","2","0","2","03","","N","","","","","","","","","","",""
"2022055410","","1","0","0","0","0","0","0","0","0","5","0","","67","05","2022","6","40.0566","-75.0466","","06","0","0","0","0","0","0","0","0","","0","0","0","11","1","1","01","","0","40 03:23.636","","00","75 02:47.581","8","0","0","0","67301","0","0","0","N","0","0","0","2","00000","0","","1","01","","","","N","0","","0","0","0","3","2","","1123","1","2","0","0","0","1","0","2","1","2","03","","N","","","","","","","","","","",""
"2022060077","1612","0","0","0","0","0","0","0","0","0","8","0","","67","06","2022","2","39.9985","-75.1293","1608","06","0","0","0","0","0","0","0","0","","0","0","0","14","1","1","01","","0","39 59:54.633","","00","75 07:45.412","2","0","0","0","67301","1","0","1","N","1","0","1","2","67301","0","","1","01","","N","N","N","0","","0","1","1","3","2","","1430","1","2","0","0","0","0","0","2","0","1","03","03","N","","","","","","","","","","",""
"2022069651","2006","1","0","0","0","0","0","0","0","0","1","0","","67","07","2022","4","40.0181","-75.1702","2006","06","0","0","0","0","0","0","0","0","","0","0","0","17","1","0","00","N","0","40 01:05.124","","00","75 10:12.741","9","0","0","0","67301","0","0","0","N","0","0","0","2","68K01","0","","1","01","","N","N","N","0","","0","0","1","0","0","","1730","0","2","0","0","0","0","1","2","0","2","03","","N","","","","","","","","","","",""
"2022056971","0738","1","0","0","0","0","0","0","0","0","4","0","","67","06","2022","1","40.0292","-75.0565","0738","06","0","0","0","0","0","0","0","0","","0","0","0","05","5","2","00","N","0","40 01:45.155","","00","75 03:23.471","3","0","0","0","67301","0","0","0","N","0","0","0","3","67301","0","","1","01","","N","N","N","0","","2","0","0","0","0","","0533","2","2","0","0","0","0","0","2","0","2","03","","N","","","","","","","","","","",""
"2022064349","","0","0","0","0","0","0","0","0","0","5","0","","67","03","2022","6","39.9751","-75.195","","06","0","0","0","0","0","0","0","0","","0","0","0","16","1","1","01","","0","39 58:30.316","","00","75 11:41.875","8","0","0","0","67301","0","0","0","N","0","0","0","2","00000","0","","1","01","","","","N","0","","0","0","1","3","2","","1601","1","2","0","0","0","1","0","2","0","2","03","","N","","","","","","","","","","",""
"2022069936","1744","0","0","0","0","0","0","0","0","0","2","0","","67","06","2022","2","39.9976","-75.1114","1744","06","0","0","0","0","0","0","0","0","","0","0","0","17","1","1","00","N","0","39 59:51.340","","01","75 06:41.100","2","0","1","1","67301","0","0","0","N","0","0","0","2","67301","0","","1","01","","N","N","N","0","","0","1","1","0","0","","1744","1","2","0","0","0","0","0","2","0","2","03","03","N","","","","","","","","","","",""
"2022071372","1555","1","0","0","0","0","0","0","0","0","1","0","","67","07","2022","5","40.0346","-75.0188","1534","06","0","0","0","0","0","0","0","0","","0","0","0","15","1","1","00","N","2","40 02:04.430","1","00","75 01:07.796","8","0","0","0","67301","0","0","0","N","0","0","0","1","68K01","0","","1","01","1610","N","N","N","1","","0","0","0","0","0","N","1532","1","2","0","0","0","1","0","2","0","2","03","03","N","","","","","","","","","","",""
"2022068549","1748","2","0","0","0","0","0","0","0","0","5","0","","67","06","2022","2","39.9283","-75.194","1745","06","0","0","0","0","0","0","0","0","","0","0","0","17","1","1","00","N","2","39 55:41.730","2","00","75 11:38.390","4","0","0","0","67301","0","0","0","N","0","0","0","2","67301","1","","6","09","1800","N","N","N","0","","0","0","2","0","0","Y","1736","1","4","0","0","0","0","0","2","0","4","07","","N","","","","","","","","","","",""
"2022072816","0615","0","0","0","0","0","0","0","0","0","7","1","","67","07","2022","7","40.0457","-74.9998","0610","06","0","0","0","0","0","0","0","0","","0","1","0","06","1","1","00","N","1","40 02:44.609","1","02","74 59:59.210","8","0","0","0","67301","0","0","0","Y","0","0","0","2","68K01","0","","2","01","1000","N","N","N","0","","0","0","0","0","0","N","0606","1","1","0","0","0","1","0","2","0","1","03","03","N","","","","","","","","","","",""
"2022073685","0015","1","0","0","0","0","0","0","0","0","4","1","","67","07","2022","1","39.9891","-75.0896","0007","06","0","0","0","0","0","0","1","0","","0","1","0","23","3","1","01","","1","39 59:20.627","1","00","75 05:22.626","3","0","0","0","67301","0","0","0","N","0","0","0","2","67301","0","","1","09","0100","N","N","N","0","","1","0","0","3","2","N","2315","1","2","0","0","0","0","0","2","0","2","07","07","N","","","","","","","","","","",""
"2022058907","2120","1","0","0","0","0","0","0","0","0","4","0","","67","06","2022","7","39.9633","-75.1885","2115","06","0","0","0","0","0","0","0","0","","0","0","0","21","3","1","01","","1","39 57:47.719","2","00","75 11:18.597","8","0","0","0","67301","0","0","0","N","0","0","0","2","67507","0","","1","01","2210","N","N","Y","0","","0","0","3","3","2","N","2115","1","4","0","0","1","1","0","2","0","4","03","03","N","","","","","","","","","","",""
"2022073284","1224","2","0","0","0","0","0","0","0","0","1","0","","67","07","2022","7","40.0163","-75.0515","1224","06","0","0","0","0","0","0","0","0","","0","0","0","11","1","1","00","N","0","40 00:58.670","","00","75 03:05.237","3","0","0","0","67301","0","0","0","N","0","0","0","4","68K01","0","","1","01","","N","N","Y","0","","1","0","0","0","0","","1159","1","2","0","0","0","0","0","2","0","2","03","03","N","","","","","","","","","","",""
"2022073517","0030","1","0","0","0","0","0","0","0","0","4","0","","67","07","2022","1","39.9872","-75.1506","0022","06","0","0","0","0","0","0","0","0","","0","0","0","23","3","1","01","","9","39 59:13.858","","00","75 09:02.084","8","0","0","0","67301","0","0","0","N","0","0","0","1","67301","0","","1","09","","N","N","N","0","","0","0","0","3","3","","2330","1","2","0","0","0","1","0","2","0","2","07","","N","","","","","","","","","","",""
"2022067174","1741","2","0","0","0","0","0","0","0","0","5","0","","67","06","2022","4","39.8993","-75.1766","1728","06","0","0","0","0","0","0","0","0","","0","0","0","17","1","2","00","N","2","39 53:57.450","2","03","75 10:35.613","3","0","0","0","67301","0","0","0","N","0","0","0","2","68K01","0","","1","01","1830","N","N","N","0","","1","0","0","0","0","N","1725","2","2","0","0","0","1","0","2","0","2","03","","N","","","","","","","","","","",""
"2022072863","1901","1","0","0","0","0","0","0","0","0","7","0","","67","08","2022","3","40.0381","-75.1493","1900","06","0","0","0","0","0","0","0","0","","0","0","0","18","1","1","00","N","0","40 02:17.170","","00","75 08:57.540","3","0","0","0","67301","0","0","0","N","0","0","0","1","67301","0","","5","01","","N","N","N","0","","1","0","0","0","0","","1855","1","1","0","0","0","0","0","2","0","1","04","","N","","","","","","","","","","",""
"2022073656","1757","2","0","1","0","0","0","0","0","1","4","0","","67","08","2022","5","39.921","-75.2241","1750","06","0","0","0","0","0","0","0","0","","0","0","0","17","1","5","01","","2","39 55:15.660","3","00","75 13:26.832","2","0","0","0","67301","0","0","0","N","0","0","0","6","67301","0","","1","01","1957","N","N","N","0","","4","1","0","3","2","Y","1749","5","2","0","0","0","0","0","2","0","2","03","","N","","","","","","","","","","",""
"2022057143","1736","2","0","0","0","0","0","0","0","0","4","0","","67","06","2022","1","39.9587","-75.1621","1733","06","0","0","0","0","1","0","0","0","","0","0","0","17","1","0","01","","1","39 57:31.392","2","00","75 09:44.125","0","0","0","0","67301","0","0","0","N","0","0","0","2","67301","0","","1","01","1757","N","N","Y","0","","0","0","0","0","0","N","1730","0","2","0","0","0","0","0","2","0","2","03","03","N","","","","","","","","","","",""
"2022058926","1810","3","0","0","0","0","0","0","0","0","1","0","","67","06","2022","4","39.9541","-75.141","1810","06","0","0","0","0","0","0","0","0","","0","0","0","18","1","1","00","N","0","39 57:14.900","","03","75 08:27.500","3","0","0","0","67301","0","0","0","N","0","0","0","5","67501","0","","1","01","","N","N","N","0","","1","0","0","3","8","","1810","1","3","0","0","0","0","0","2","0","3","03","","N","","","","","","","","","","",""
"2022046402","","1","0","0","0","0","0","0","0","0","1","0","","67","05","2022","6","40.1052","-75.0328","","06","0","0","0","0","0","0","0","0","","0","0","0","14","1","1","01","","0","40 06:18.580","","00","75 01:58.246","8","0","0","0","67301","0","0","0","N","0","0","0","2","00000","0","","1","01","","","","N","0","","0","0","1","3","2","","1430","1","2","0","0","0","1","0","2","0","2","03","","N","","","","","","","","","","",""
"2022048840","","2","0","0","0","0","0","0","0","0","4","0","","67","05","2022","7","39.9172","-75.2463","","06","0","0","0","0","0","0","0","0","","0","0","0","99","1","0","01","","0","39 55:01.859","","00","75 14:46.691","0","0","0","0","67301","0","0","0","N","0","0","0","2","00000","0","","1","01","","","","N","0","","0","0","0","3","2","","9999","0","2","0","0","0","0","0","2","0","2","03","","N","","","","","","","","","","",""
"2022070026","1452","1","0","0","0","0","0","0","0","0","4","0","","67","07","2022","1","40.0005","-75.1196","1452","06","0","0","0","0","0","1","0","0","","0","0","0","14","1","2","01","","0","40 00:01.702","","00","75 07:10.610","3","0","0","0","67301","0","0","0","N","0","0","0","2","67301","0","","1","01","","N","N","N","0","","2","0","0","3","3","","1447","2","2","0","0","0","0","0","2","1","2","03","03","N","","","","","","","","","","",""
"2022061053","2003","2","0","0","0","0","0","0","0","0","4","0","","67","06","2022","4","40.0429","-75.15","2003","06","0","0","0","0","0","1","0","0","","0","0","0","20","1","0","01","","1","40 02:34.562","2","00","75 08:59.841","0","0","0","0","67301","0","0","0","N","0","0","0","3","67301","0","","1","01","2200","N","N","N","0","","0","0","0","3","3","N","2003","0","2","0","0","0","0","0","2","0","2","03","03","N","","","","","","","","","","",""
"2022071416","2003","2","0","0","0","0","0","0","0","0","4","0","","67","08","2022","5","39.9787","-75.1578","2000","06","0","0","0","0","0","0","0","0","","0","0","0","19","4","1","01","N","0","39 58:43.264","","00","75 09:28.346","4","0","0","0","67301","0","0","0","N","0","0","0","2","67505","1","","1","01","","N","N","N","0","","0","0","0","3","2","N","1950","1","2","0","0","0","0","1","2","0","2","03","03","N","","","","","","","","","","",""
"2022059546","0044","2","0","0","0","0","0","0","0","0","4","0","","67","06","2022","3","39.9634","-75.1874","0042","06","0","0","1","0","0","0","0","0","","0","0","0","00","6","4","01","","1","39 57:48.108","1","00","75 11:14.703","4","0","0","0","67301","0","0","0","N","0","0","0","5","67507","4","","1","01","0151","N","N","N","0","","0","0","0","3","2","N","0040","4","2","0","0","0","0","0","2","0","2","03","03","N","","","","","","","","","","",""
"2022060057","0523","1","0","0","0","0","0","0","0","0","7","0","","67","06","2022","1","40.0077","-75.2025","0519","06","0","0","0","0","0","0","0","0","","0","0","0","05","1","1","00","N","0","40 00:27.540","","00","75 12:08.840","3","0","0","0","67301","0","0","0","N","0","0","0","1","67301","0","","4","01","","N","N","N","0","","1","0","0","0","0","","0519","1","1","0","0","0","0","0","2","0","1","03","","N","","","","","","","","","","",""
"2022060104","2055","2","0","0","0","0","0","0","0","0","4","0","","67","06","2022","2","39.9888","-75.1244","2051","06","0","0","0","0","0","0","0","0","","0","0","0","20","3","0","02","","0","39 59:19.628","","00","75 07:27.958","0","0","0","0","67301","0","0","0","N","0","0","0","2","67301","0","","1","01","","N","N","N","0","","0","0","0","3","3","","2044","0","2","0","0","0","0","0","2","0","2","03","03","N","","","","","","","","","","",""
"2022072239","0613","1","0","0","0","0","0","0","0","0","7","0","","67","08","2022","1","40.0391","-75.1844","0609","06","0","0","0","0","0","0","0","0","","0","0","0","05","5","1","00","N","0","40 02:20.730","","00","75 11:03.970","2","0","0","0","67301","0","0","0","N","0","0","0","1","67301","0","","4","01","","N","N","N","0","","0","1","0","0","0","","0540","1","1","0","1","1","0","0","2","0","1","03","","N","","","","","","","","","","",""
"2022072194","1618","1","0","0","0","0","0","0","0","0","8","0","","67","04","2022","5","40.0345","-75.0789","1606","06","0","0","0","0","0","0","0","0","","0","0","0","16","1","1","01","","0","40 02:04.376","","00","75 04:44.018","3","0","0","0","67301","1","0","0","N","1","0","0","2","67301","0","","1","09","","N","N","N","0","","1","0","0","3","3","","1604","1","2","0","0","0","0","0","2","0","1","07","04","N","","","","","","","","","","",""
"2022072812","0311","1","0","0","0","0","0","0","0","0","1","0","","67","07","2022","4","40.0063","-75.1972","0307","06","0","0","0","0","0","0","0","0","","0","0","0","03","2","4","00","N","1","40 00:22.676","4","00","75 11:49.812","3","0","0","0","67301","0","0","0","N","0","0","0","4","68K01","0","","1","01","0400","N","N","N","0","","4","0","1","0","0","N","0303","4","2","0","0","1","0","0","2","0","2","03","03","N","","","","","","","","","","",""
"2022057265","1239","1","0","0","0","0","0","0","0","0","4","0","","67","06","2022","2","39.9037","-75.2433","1225","06","0","0","0","0","0","2","0","0","","0","0","0","11","1","0","01","","0","39 54:13.283","","00","75 14:35.703","0","0","0","0","67301","0","0","0","Y","0","0","0","2","67301","0","","1","01","","N","N","Y","0","","0","0","1","3","2","","1150","0","2","0","0","0","0","0","2","0","2","03","03","N","","","","","","","","","","",""
"2022069850","1805","1","0","0","0","0","0","1","0","0","5","1","","67","07","2022","5","39.9791","-75.2138","1754","06","0","0","0","0","0","0","0","0","","0","0","0","17","1","1","00","N","2","39 58:44.915","3","00","75 12:49.593","3","0","0","0","67301","0","0","0","N","0","0","0","4","67301","0","","1","01","1930","N","N","N","0","","1","0","1","0","0","Y","1754","1","3","0","0","1","0","0","2","0","3","03","03","N","","","","","","","","","","",""
"2022060117","0217","1","0","0","0","0","0","0","0","0","4","0","","67","06","2022","6","40.004","-75.1589","0205","06","0","0","0","0","0","0","0","0","","0","0","0","00","3","1","02","","0","40 00:14.349","","00","75 09:32.097","3","0","0","0","67301","0","0","0","N","0","0","0","1","67301","0","","1","01","","N","N","N","0","","1","0","1","3","3","","0030","1","2","0","0","1","0","0","2","0","2","03","03","N","","","","","","","","","","",""
"2022057299","0100","0","0","0","1","0","0","0","0","0","8","0","","67","06","2022","2","39.9157","-75.1629","0042","06","0","0","0","0","0","0","0","0","","0","0","0","22","3","1","01","","0","39 54:56.507","","00","75 09:46.444","8","0","0","0","67301","1","0","0","N","0","0","0","2","67301","0","","1","01","","N","N","N","1","","0","0","0","3","2","","2200","1","2","0","0","0","1","0","2","0","1","03","03","N","","","","","","","","","","",""
"2022069875","2133","0","0","0","0","0","0","0","0","0","8","0","","67","07","2022","7","40.0473","-75.163","2132","06","0","0","0","0","0","0","0","0","","0","0","0","21","3","1","00","N","0","40 02:50.270","","00","75 09:46.660","8","0","0","0","67301","1","0","0","N","1","0","0","2","67301","0","","2","01","","N","N","N","0","","0","0","0","0","0","","2130","1","2","0","0","0","1","1","2","0","1","03","03","N","","","","","","","","","","",""
"2022056970","1925","0","0","0","0","0","0","0","0","0","4","0","","67","06","2022","1","40.0995","-74.9864","1917","06","0","0","0","0","0","1","0","0","","0","0","0","19","1","2","01","","0","40 05:58.296","","02","74 59:10.926","3","0","0","0","67301","0","0","0","N","0","0","0","2","67301","0","","1","01","","N","N","N","0","","2","0","1","3","2","","1916","2","2","0","0","0","0","0","2","1","2","03","03","N","","","","","","","","","","",""
"2022044078","","1","0","0","0","0","0","0","0","0","5","0","","67","05","2022","5","40.0337","-75.0718","","06","0","0","0","0","0","0","0","0","","0","0","0","20","1","1","00","N","0","40 02:01.157","","00","75 04:18.499","8","0","0","1","67301","0","0","0","N","0","0","0","2","00000","0","","1","01","","","","N","0","","0","0","0","0","0","","2020","1","2","0","0","0","1","0","2","0","2","03","","N","","","","","","","","","","",""
"2022047486","2133","1","0","0","0","0","0","0","0","0","4","0","","67","05","2022","6","40.0084","-75.1704","2133","06","0","0","0","0","0","0","0","0","","0","0","0","13","1","0","02","","0","40 00:30.111","","00","75 10:13.459","9","0","0","0","67301","0","0","0","N","0","0","0","3","67301","0","","1","01","","N","N","N","0","","0","0","1","3","2","","1310","0","3","0","0","0","0","1","2","0","3","03","03","N","","","","","","","","","","",""