"CRN","ARRIVAL_TM","AUTOMOBILE_COUNT","BELTED_DEATH_COUNT","BELTED_SUSP_SERIOUS_INJ_COUNT","BICYCLE_COUNT","BICYCLE_DEATH_COUNT","BICYCLE_SUSP_SERIOUS_INJ_COUNT","BUS_COUNT","CHLDPAS_DEATH_COUNT","CHLDPAS_SUSP_SERIOUS_INJ_COUNT","COLLISION_TYPE","COMM_VEH_COUNT","CONS_ZONE_SPD_LIM","COUNTY","CRASH_MONTH","CRASH_YEAR","DAY_OF_WEEK","DEC_LAT","DEC_LONG","DISPATCH_TM","DISTRICT","DRIVER_COUNT_16YR","DRIVER_COUNT_17YR","DRIVER_COUNT_18YR","DRIVER_COUNT_19YR","DRIVER_COUNT_20YR","DRIVER_COUNT_50_64YR","DRIVER_COUNT_65_74YR","DRIVER_COUNT_75PLUS","EST_HRS_CLOSED","FATAL_COUNT","HEAVY_TRUCK_COUNT","HORSE_BUGGY_COUNT","HOUR_OF_DAY","ILLUMINATION","INJURY_COUNT","INTERSECT_TYPE","INTERSECTION_RELATED","LANE_CLOSED","LATITUDE","LN_CLOSE_DIR","LOCATION_TYPE","LONGITUDE","MAX_SEVERITY_LEVEL","MCYCLE_DEATH_COUNT","MCYCLE_SUSP_SERIOUS_INJ_COUNT","MOTORCYCLE_COUNT","MUNICIPALITY","NONMOTR_COUNT","NONMOTR_DEATH_COUNT","NONMOTR_SUSP_SERIOUS_INJ_COUNT","NTFY_HIWY_MAINT","PED_COUNT","PED_DEATH_COUNT","PED_SUSP_SERIOUS_INJ_COUNT","PERSON_COUNT","POLICE_AGCY","POSSIBLE_INJ_COUNT","RDWY_SURF_TYPE_CD","RELATION_TO_ROAD","ROAD_CONDITION","ROADWAY_CLEARED","SCH_BUS_IND","SCH_ZONE_IND","SECONDARY_CRASH","SMALL_TRUCK_COUNT","SPEC_JURIS_CD","SUSP_MINOR_INJ_COUNT","SUSP_SERIOUS_INJ_COUNT","SUV_COUNT","TCD_FUNC_CD","TCD_TYPE","TFC_DETOUR_IND","TIME_OF_DAY","TOT_INJ_COUNT","TOTAL_UNITS","UNB_DEATH_COUNT","UNB_SUSP_SERIOUS_INJ_COUNT","UNBELTED_OCC_COUNT","UNK_INJ_DEG_COUNT","UNK_INJ_PER_COUNT","URBAN_RURAL","VAN_COUNT","VEHICLE_COUNT","WEATHER1","WEATHER2","WORK_ZONE_IND","WORK_ZONE_LOC","WORK_ZONE_TYPE","WORKERS_PRES","WZ_CLOSE_DETOUR","WZ_FLAGGER","WZ_LAW_OFFCR_IND","WZ_LN_CLOSURE","WZ_MOVING","WZ_OTHER","WZ_SHLDER_MDN","WZ_WORKERS_INJ_KILLED"
"2022044122","2320","1","0","0","0","0","0","0","0","0","4","0","","67","05","2022","3","40.0113","-75.1753","2316","06","0","0","0","0","0","0","0","0","","0","0","0","20","3","2","00","N","0","40 00:40.540","","07","75 10:31.010","8","0","0","0","67301","0","0","0","N","0","0","0","4","67301","0","","1","01","","N","N","N","0","","0","0","0","3","3","","2033","2","2","0","0","1","2","1","2","0","2","03","","N","","","","","","","","","","",""
"2022056757","1009","1","0","0","0","0","0","0","0","0","7","0","","67","04","2022","7","39.9954","-75.0835","0956","06","0","0","0","0","0","0","0","0","","0","0","0","09","1","0","00","N","1","39 59:43.261","2","00","75 05:00.744","0","0","0","0","67301","0","0","0","N","0","0","0","1","68K01","0","","4","01","1035","N","N","N","0","","0","0","0","3","8","N","0955","0","1","0","0","0","0","0","2","0","1","03","","N","","","","","","","","","","",""
"2022043739","0315","0","0","0","0","0","0","0","0","0","7","0","","67","05","2022","1","40.0386","-75.0097","0315","06","0","0","0","0","0","0","0","0","","0","0","0","02","3","2","00","N","0","40 02:18.959","","00","75 00:35.085","3","0","0","0","67301","0","0","0","N","0","0","0","2","68K01","0","","3","09","","N","N","N","0","","1","0","0","0","0","","0237","2","1","0","0","0","1","0","2","1","1","07","07","N","","","","","","","","","","",""
"2022043946","0120","1","0","0","0","0","0","0","0","0","4","0","","67","05","2022","5","40.0218","-75.0941","0110","06","0","0","0","0","0","0","0","0","","0","0","0","01","3","1","03","","0","40 01:18.641","","00","75 05:38.598","3","0","0","0","67301","0","0","0","N","0","0","0","2","67301","0","","1","01","","N","N","N","0","","1","0","0","3","2","","0110","1","2","0","0","0","0","0","2","1","2","03","03","N","","","","","","","","","","",""
"2022058157","0935","1","0","0","0","0","0","0","0","0","8","0","","67","06","2022","4","39.993","-75.244","0935","06","0","0","0","0","0","0","0","0","","0","0","0","09","1","1","00","N","0","39 59:34.635","","00","75 14:38.242","4","0","0","0","67301","1","0","0","N","1","0","0","2","46104","1","","1","01","","N","N","N","0","","0","0","0","0","0","","0935","1","2","0","0","1","0","0","2","0","1","03","03","N","","","","","","","","","","",""
"2022061936","1643","0","0","0","0","0","0","0","0","0","1","0","","67","06","2022","4","40.0227","-75.0371","1639","06","0","0","0","0","0","0","0","0","","0","0","0","16","1","1","00","N","0","40 01:21.760","","00","75 02:13.565","4","0","0","0","67301","0","0","0","N","0","0","0","2","68K01","1","","1","01","","N","N","N","0","","0","0","2","0","0","","1614","1","2","0","0","0","0","0","2","0","2","03","03","N","","","","","","","","","","",""
"2022061056","1409","1","0","0","0","0","0","0","0","0","7","0","","67","07","2022","6","40.0334","-75.1509","1409","06","0","0","0","0","0","0","0","0","","0","0","0","14","1","1","00","N","0","40 02:00.110","","00","75 09:03.140","3","0","0","0","67301","0","0","0","N","0","0","0","1","67301","0","","4","01","","N","N","N","0","","1","0","0","0","0","","1408","1","1","0","0","1","0","0","2","0","1","03","03","N","","","","","","","","","","",""
"2022056855","1624","0","0","0","0","0","0","0","0","0","5","1","","67","05","2022","6","39.9456","-75.1426","1615","06","0","0","0","0","0","0","0","0","","0","1","0","16","1","2","00","N","1","39 56:44.065","2","00","75 08:33.353","8","0","0","0","67301","0","0","0","N","0","0","0","2","68K01","0","","1","09","1844","N","N","N","0","","0","0","1","0","0","N","1605","2","2","0","0","1","2","0","2","0","2","07","","N","","","","","","","","","","",""
"2022044622","0855","1","0","0","0","0","0","0","0","0","4","0","","67","05","2022","2","39.9528","-75.2284","0855","06","0","0","0","0","0","0","0","0","","0","0","0","06","1","1","01","","0","39 57:10.083","","00","75 13:42.312","3","0","0","0","67301","0","0","0","N","0","0","0","3","67301","0","","1","01","","N","N","N","1","","1","0","0","3","3","","0620","1","2","0","0","1","0","0","2","0","2","03","03","N","","","","","","","","","","",""
"2022047787","1037","1","0","0","0","0","0","0","0","0","8","0","","67","05","2022","4","40.0164","-75.1467","1035","06","0","0","0","0","0","0","0","0","","0","0","0","10","1","1","00","N","0","40 00:59.000","","00","75 08:48.000","2","0","0","0","67301","1","0","1","N","1","0","1","2","67301","0","","1","01","","N","N","N","0","","0","1","0","0","0","","1035","1","2","0","0","1","0","0","2","0","1","03","04","N","","","","","","","","","","",""
"2022044135","2047","1","0","0","1","0","0","0","0","0","8","0","","67","05","2022","1","40.0209","-75.1504","2047","06","0","0","0","0","0","0","0","0","","0","0","0","19","1","1","01","","0","40 01:15.412","","00","75 09:01.378","3","0","0","0","67301","1","0","0","N","0","0","0","2","67301","0","","1","01","","N","N","N","0","","1","0","0","0","0","","1945","1","2","0","0","0","0","0","2","0","1","03","","N","","","","","","","","","","",""
"2022043807","1300","0","0","0","1","0","0","0","0","0","8","0","","67","05","2022","5","40.0685","-75.0676","1230","06","0","0","0","0","0","0","0","0","","0","0","0","12","1","1","00","N","0","40 04:06.420","","00","75 04:03.460","3","0","0","0","67301","1","0","0","N","0","0","0","2","67301","0","","1","99","","N","N","Y","0","","1","0","1","0","0","","1230","1","2","0","0","0","0","0","2","0","1","03","","N","","","","","","","","","","",""
"2022043866","0858","1","0","0","0","0","0","0","0","0","4","0","","67","05","2022","3","39.966","-75.1792","0855","06","0","0","0","0","0","0","0","0","","0","0","0","08","1","1","01","","0","39 57:59.700","","00","75 10:46.400","3","0","0","1","67301","0","0","0","N","0","0","0","2","67301","0","","1","01","","N","N","N","0","","1","0","0","3","2","","0850","1","2","0","0","1","0","0","2","0","2","03","03","N","","","","","","","","","","",""
"2022055595","0830","1","0","0","0","0","0","0","0","0","4","0","","67","05","2022","2","40.0581","-75.1743","0825","06","0","0","0","0","0","0","1","0","","0","0","0","08","1","1","01","","0","40 03:29.309","","00","75 10:27.487","8","0","0","0","67301","0","0","0","N","0","0","0","2","67301","0","","1","09","","N","N","N","0","","0","0","1","3","2","","0805","1","2","0","0","0","1","0","2","0","2","07","","N","","","","","","","","","","",""
"2022044128","0034","1","0","0","0","0","0","0","0","0","4","0","","67","05","2022","4","40.0317","-75.1789","0026","06","0","0","0","0","0","0","0","0","","0","0","0","20","3","1","01","","0","40 01:54.231","","00","75 10:43.900","3","0","0","0","67301","0","0","0","N","0","0","0","2","67301","0","","1","99","","N","N","N","0","","1","0","1","3","2","","2045","1","2","0","0","1","0","1","2","0","2","99","","N","","","","","","","","","","",""
"2022054585","0112","1","0","0","0","0","0","0","0","0","7","0","","67","05","2022","7","39.9898","-75.0871","0150","06","0","0","0","0","0","0","0","0","","0","0","0","01","3","0","00","N","0","39 59:23.340","","00","75 05:13.507","0","0","0","0","67301","0","0","0","N","0","0","0","1","68K01","0","","4","09","","N","N","N","0","","0","0","0","0","0","","0109","0","1","0","0","0","0","0","2","0","1","07","","N","","","","","","","","","","",""
"2022043821","1947","2","0","0","0","0","0","0","0","0","5","0","","67","05","2022","1","40.0208","-75.2143","1941","06","0","0","0","0","0","0","0","0","","0","0","0","19","4","1","00","N","0","40 01:15.040","","00","75 12:51.450","8","0","0","0","67301","0","0","0","N","0","0","0","2","67301","0","","6","01","","N","N","Y","0","","0","0","2","0","0","","1939","1","5","0","0","1","1","1","2","1","5","03","03","N","","","","","","","","","","",""
"2022056846","1558","1","0","0","0","0","0","0","0","0","5","0","","67","05","2022","7","40.0398","-75.0069","1526","06","0","0","0","0","0","0","0","0","","0","0","0","15","1","1","00","N","0","40 02:23.266","","00","75 00:24.878","8","0","0","0","67301","0","0","0","N","0","0","0","2","68K01","0","","1","09","","N","N","N","0","","0","0","0","0","0","","1526","1","2","0","0","0","1","0","2","0","2","07","","N","","","","","","","","","","",""
"2022044110","1142","2","0","0","0","0","0","0","0","0","4","0","","67","05","2022","7","40.0299","-75.146","1119","06","0","0","0","0","0","1","0","0","","0","0","0","19","3","1","01","","0","40 01:47.668","","00","75 08:45.636","3","0","0","0","67301","0","0","0","N","0","0","0","2","67301","0","","1","09","","N","N","N","0","","1","0","0","3","2","","1900","1","2","0","0","0","0","1","2","0","2","07","","N","","","","","","","","","","",""
"2022043854","2350","0","0","0","0","0","0","0","0","0","7","0","","67","05","2022","4","40.0436","-75.022","2345","06","0","0","0","0","0","0","0","0","","0","0","0","22","3","0","00","N","0","40 02:37.003","","00","75 01:19.294","0","0","0","0","67301","0","0","0","N","0","0","0","1","67301","0","","4","01","","N","N","N","0","","0","0","1","0","0","","2230","0","1","0","0","0","0","0","2","0","1","03","03","N","","","","","","","","","","",""
"2022048485","0810","3","0","0","0","0","0","0","0","0","4","0","","67","05","2022","3","40.0707","-75.162","0805","06","0","0","0","0","0","0","0","0","","0","0","0","08","1","1","01","","0","40 04:14.487","","00","75 09:43.335","3","0","0","0","67301","0","0","0","N","0","0","0","5","67301","0","","1","01","","N","N","N","0","","1","0","0","3","3","","0801","1","3","0","0","2","0","3","2","0","3","03","04","N","","","","","","","","","","",""
"2022062301","1746","2","0","0","0","0","0","0","0","0","5","0","","67","05","2022","7","39.946","-75.1425","1738","06","0","0","0","0","0","0","0","0","","0","0","0","17","1","5","00","N","1","39 56:45.449","2","00","75 08:33.062","3","0","0","0","67301","0","0","0","N","0","0","0","9","68K01","3","","1","09","1810","N","N","N","0","","2","0","1","0","0","N","1735","5","3","0","0","0","0","0","2","0","3","07","07","N","","","","","","","","","","",""
"2022062679","1258","1","0","0","0","0","0","0","0","0","7","0","","67","06","2022","3","39.9765","-75.1966","1250","06","0","0","0","0","0","0","0","0","","0","0","0","12","1","0","06","","1","39 58:35.567","1","02","75 11:47.843","0","0","0","0","67301","0","0","0","N","0","0","0","2","68K01","0","","4","08","1340","N","N","N","1","","0","0","0","3","2","N","1246","0","2","0","0","0","0","0","2","0","2","03","03","N","","","","","","","","","","",""
"2022044133","2126","1","0","0","0","0","0","0","0","0","4","0","","67","05","2022","7","40.0048","-75.1656","2126","06","0","0","1","0","0","0","0","0","","0","0","0","21","3","3","01","","1","40 00:17.416","5","01","75 09:56.037","3","0","0","0","67301","0","0","0","N","0","0","0","5","67301","0","","1","09","2230","N","N","N","0","","3","0","1","3","3","Y","2115","3","2","0","0","0","0","0","2","0","2","07","","N","","","","","","","","","","",""
"2022044980","0528","0","0","0","0","0","0","0","0","0","1","0","","67","05","2022","4","39.8966","-75.2379","0523","06","0","0","0","0","0","0","0","0","","0","0","0","05","1","1","00","N","1","39 53:47.725","2","00","75 14:16.383","3","0","0","1","67301","0","0","0","N","0","0","0","2","67301","0","","1","01","0630","N","N","N","0","","1","0","1","0","0","N","0522","1","2","0","0","0","0","0","2","0","2","03","03","N","","","","","","","","","","",""
"2022046459","2255","1","0","0","0","0","0","0","0","0","4","0","","67","05","2022","5","40.0167","-75.0836","2250","06","0","0","0","0","0","0","0","0","","0","0","0","22","3","2","05","","0","40 01:00.493","","01","75 05:01.333","8","0","0","0","67301","0","0","0","N","0","0","0","2","67508","0","","1","01","","N","N","Y","0","","0","0","1","3","2","","2250","2","2","0","0","1","2","0","2","0","2","03","03","N","","","","","","","","","","",""
"2022043907","1210","1","0","0","0","0","0","0","0","0","4","0","","67","05","2022","4","40.0583","-75.1526","1202","06","0","0","0","0","0","0","0","0","","0","0","0","12","1","1","00","N","0","40 03:29.740","","07","75 09:09.360","8","0","0","0","67301","0","0","0","N","0","0","0","2","67301","0","","1","09","","N","N","N","0","","0","0","2","0","0","","1200","1","3","0","0","0","1","0","2","0","3","04","07","N","","","","","","","","","","",""
"2022044090","0122","1","0","0","0","0","0","0","0","0","5","0","","67","04","2022","6","40.0361","-75.1377","0109","06","0","0","0","0","0","0","0","0","","0","0","0","00","3","1","00","N","1","40 02:10.110","1","00","75 08:15.800","8","0","0","0","67301","0","0","0","N","0","0","0","1","67301","0","","6","01","0300","N","N","N","0","","0","0","4","0","0","N","0044","1","5","0","0","0","1","0","2","0","5","03","","N","","","","","","","","","","",""
"2022043853","1742","1","0","0","0","0","0","0","0","0","5","0","","67","05","2022","4","40.0933","-74.9901","1742","06","0","0","0","0","0","1","1","0","","0","0","0","17","1","1","00","N","0","40 05:35.970","","00","74 59:24.520","3","0","0","0","67301","0","0","0","N","0","0","0","2","67301","0","","1","01","","N","N","N","0","","1","0","1","0","0","","1730","1","2","0","0","0","0","0","2","0","2","03","03","N","","","","","","","","","","",""
"2022044537","1715","1","0","0","0","0","0","0","0","0","4","0","","67","05","2022","2","39.9412","-75.2094","1705","06","0","0","0","0","0","0","0","0","","0","0","0","17","1","1","01","","0","39 56:28.421","","00","75 12:33.827","3","0","0","0","67301","0","0","0","N","0","0","0","2","67301","0","","1","01","","N","N","N","0","","1","0","0","3","2","","1703","1","2","0","0","0","0","0","2","0","2","03","","N","","","","","","","","","","",""
"2022044097","1312","2","0","0","0","0","0","0","0","0","1","0","","67","05","2022","2","40.0468","-75.1379","1312","06","0","0","0","0","0","0","0","0","","0","0","0","13","1","1","00","N","1","40 02:48.653","3","00","75 08:16.278","3","0","0","0","67301","0","0","0","N","0","0","0","2","67301","0","","1","01","0030","N","N","N","0","","1","0","0","0","0","Y","1311","1","2","0","0","0","0","0","2","0","2","03","","N","","","","","","","","","","",""
"2022055680","0220","2","0","0","0","0","0","0","0","0","1","0","99","67","05","2022","4","40.0035","-75.1952","0205","06","0","0","0","0","0","0","0","0","","0","0","0","01","3","0","03","","0","40 00:12.729","","01","75 11:42.753","0","0","0","0","67301","0","0","0","N","0","0","0","2","67301","0","","5","09","","N","N","N","0","","0","0","0","0","0","","0150","0","2","0","0","0","0","0","2","0","2","07","07","Y","4","1","N","N","N","N","N","N","Y","N","N"
"2022055843","1610","0","0","0","0","0","0","0","0","0","5","0","","67","06","2022","4","40.0632","-75.0426","1601","06","0","0","0","0","0","0","0","0","","0","0","0","15","1","1","00","N","0","40 03:47.385","","00","75 02:33.319","8","0","0","1","67301","0","0","0","N","0","0","0","2","67301","0","","1","01","","N","N","N","0","","0","0","1","0","0","","1557","1","2","0","0","0","1","0","2","0","2","03","03","N","","","","","","","","","","",""
"2022043894","0830","0","0","0","0","0","0","0","0","0","8","0","","67","05","2022","3","39.9357","-75.2285","0828","06","0","0","0","0","0","1","0","0","","0","0","0","08","1","1","01","","0","39 56:08.664","","00","75 13:42.679","8","0","0","0","67301","1","0","0","N","1","0","0","2","67301","0","","1","01","","N","N","N","0","","0","0","1","3","2","","0827","1","2","0","0","0","1","0","2","0","1","03","03","N","","","","","","","","","","",""
"2022057910","2242","1","0","0","0","0","0","0","0","0","5","0","","67","05","2022","7","39.9818","-75.2074","2239","06","0","0","0","1","0","0","0","0","","0","0","0","22","3","0","00","N","0","39 58:54.612","","00","75 12:26.769","0","0","0","0","67301","0","0","0","N","0","0","0","4","68K01","0","","1","01","","N","N","N","0","","0","0","1","0","0","","2216","0","2","0","0","0","0","0","2","0","2","03","","N","","","","","","","","","","",""
"2022057027","0952","0","0","0","0","0","0","1","0","0","8","1","","67","06","2022","1","39.9713","-75.1498","0950","06","0","0","0","0","0","0","0","0","","0","0","0","09","1","1","00","N","0","39 58:16.690","","00","75 08:59.240","3","0","0","0","67301","1","0","0","N","1","0","0","2","67301","0","","1","01","","N","N","N","0","","1","0","0","0","0","","0900","1","2","0","0","0","0","0","2","0","1","03","","N","","","","","","","","","","",""
"2022061023","1619","0","0","0","0","0","0","0","0","0","1","1","","67","06","2022","6","39.9459","-75.1423","1612","06","0","0","0","1","0","1","0","0","","0","1","0","15","1","2","00","N","0","39 56:45.379","","00","75 08:32.109","8","0","0","0","67301","0","0","0","N","0","0","0","2","68K01","0","","1","01","","N","N","N","1","","0","0","0","0","0","","1548","2","2","0","0","0","2","0","2","0","2","03","03","N","","","","","","","","","","",""
"2022047390","2104","0","0","0","1","0","0","0","0","0","8","0","","67","05","2022","6","40.0407","-75.0174","2103","06","0","0","0","0","0","0","0","0","","0","0","0","21","2","1","00","N","0","40 02:26.636","","00","75 01:02.476","3","0","0","0","67301","1","0","0","N","0","0","0","2","67301","0","","1","09","","N","N","N","1","","1","0","0","0","0","","2100","1","2","0","0","0","0","0","2","0","1","07","07","N","","","","","","","","","","",""
"2022048471","1725","1","0","0","0","0","0","0","0","0","4","0","","67","05","2022","2","39.9701","-75.1304","1722","06","0","0","0","0","0","0","1","0","","0","0","0","17","1","0","01","","0","39 58:12.871","","00","75 07:49.819","9","0","0","0","67301","0","0","0","N","0","0","0","6","67301","0","","1","01","","N","N","N","0","","0","0","2","3","2","","1721","0","3","0","0","0","0","3","2","0","3","03","03","N","","","","","","","","","","",""
"2022049780","0013","0","0","0","0","0","0","0","0","0","7","0","","67","05","2022","6","39.9178","-75.2175","0011","06","0","0","0","1","0","0","0","0","","0","0","0","23","3","2","00","N","0","39 55:03.952","","00","75 13:02.844","3","0","0","0","67301","0","0","0","N","0","0","0","2","67301","0","","5","09","","N","N","N","0","","2","0","1","3","2","","2339","2","1","0","0","0","0","0","2","0","1","07","07","N","","","","","","","","","","",""
"2022062052","1450","0","0","1","0","0","0","0","0","0","7","0","","67","07","2022","2","39.9682","-75.1906","1450","06","0","0","0","0","0","1","0","0","","0","0","0","14","1","1","00","N","1","39 58:05.425","4","00","75 11:25.985","2","0","0","0","67301","0","0","0","N","0","0","0","1","68K01","0","","2","01","1600","N","N","N","0","","0","1","1","0","0","N","1447","1","1","0","0","0","0","0","2","0","1","03","","N","","","","","","","","","","",""
"2022045209","1836","1","0","0","0","0","0","0","0","0","7","0","","67","05","2022","5","40.0131","-75.0925","1831","06","0","0","0","0","0","1","0","0","","0","0","0","18","1","1","03","","0","40 00:47.339","","00","75 05:32.935","4","0","0","0","67301","0","0","0","N","0","0","0","1","67301","1","","5","01","","N","N","N","0","","0","0","0","3","3","","1830","1","1","0","0","0","0","0","2","0","1","03","","N","","","","","","","","","","",""
"2022056844","0438","0","0","0","0","0","0","0","0","0","7","0","","67","05","2022","4","39.9605","-75.1813","0438","06","0","0","0","0","0","0","0","0","","0","0","0","04","3","0","00","N","0","39 57:37.661","","03","75 10:52.523","0","0","0","0","67301","0","0","0","N","0","0","0","1","68K01","0","","3","09","","N","N","N","1","","0","0","0","0","0","","0430","0","1","0","0","0","0","0","2","0","1","07","","N","","","","","","","","","","",""
"2022056490","1335","1","0","0","0","0","0","0","0","0","4","1","","67","06","2022","6","40.0418","-75.1921","1307","06","0","0","1","0","0","0","0","0","","0","1","0","12","1","1","01","","1","40 02:30.603","7","00","75 11:31.679","4","0","0","0","67301","0","0","0","N","0","0","0","3","67301","1","","1","01","1300","N","N","N","0","","0","0","0","3","2","N","1236","1","2","0","0","0","0","0","2","0","2","03","","N","","","","","","","","","","",""
"2022033219","","1","0","0","0","0","0","0","0","0","1","0","","67","02","2022","5","39.8932","-75.236","","06","0","0","0","0","0","1","0","0","","0","0","0","06","1","1","02","","0","39 53:34.503","","00","75 14:07.944","8","0","0","0","67301","0","0","0","N","0","0","0","2","00000","0","","1","01","","","","N","0","","0","0","1","3","2","","0620","1","2","0","0","0","1","0","2","0","2","03","","N","","","","","","","","","","",""
"2022043884","1708","2","0","0","0","0","0","0","0","0","4","0","","67","05","2022","3","39.921","-75.2289","1707","06","0","0","0","0","0","0","0","0","","0","0","0","17","1","1","01","","2","39 55:15.752","7","00","75 13:44.116","3","0","0","0","67301","0","0","0","N","0","0","0","2","67301","0","","1","01","1815","N","N","N","0","","1","0","0","3","2","Y","1704","1","2","0","0","0","0","0","2","0","2","03","03","N","","","","","","","","","","",""
"2022045158","1816","2","0","0","0","0","0","0","0","0","1","0","","67","04","2022","7","39.989","-75.1755","1814","06","0","0","0","0","0","0","0","0","","0","0","0","18","1","5","00","N","2","39 59:20.290","6","00","75 10:31.690","3","0","0","0","67301","0","0","0","N","0","0","0","6","67301","0","","1","01","0300","N","N","N","0","","5","0","1","0","0","Y","1813","5","3","0","0","0","0","0","2","0","3","03","03","N","","","","","","","","","","",""
"2022055630","0051","1","0","0","0","0","0","0","0","0","5","0","","67","04","2022","3","39.9574","-75.2165","0051","06","0","0","0","0","0","0","0","0","","0","0","0","22","3","1","00","N","0","39 57:26.652","","00","75 12:59.292","8","0","0","0","67301","0","0","0","N","0","0","0","3","67301","0","","1","01","","N","N","N","0","","0","0","1","0","0","","2241","1","2","0","0","2","1","0","2","0","2","03","03","N","","","","","","","","","","",""
"2022056845","1413","0","0","0","0","0","0","0","0","0","1","0","","67","05","2022","5","39.9964","-75.0825","1413","06","0","0","0","0","0","1","0","0","","0","0","0","14","1","1","00","N","1","39 59:47.000","1","00","75 04:56.965","8","0","0","0","67301","0","0","0","N","0","0","0","3","68K01","0","","1","01","1500","N","N","N","0","","0","0","3","0","0","Y","1413","1","3","0","0","0","1","0","2","0","3","03","","N","","","","","","","","","","",""
"2022043889","2050","2","0","0","0","0","0","0","0","0","4","0","","67","05","2022","6","39.9356","-75.2259","2050","06","0","0","0","0","0","0","0","0","","0","0","0","20","3","1","01","","0","39 56:08.274","","00","75 13:33.131","3","0","0","0","67301","0","0","0","N","0","0","0","2","67301","0","","1","09","","N","N","N","0","","1","0","1","3","2","","2045","1","4","0","0","0","0","0","2","1","4","07","07","N","","","","","","","","","","",""
"2022056981","0017","1","0","0","0","0","0","0","0","0","5","0","","67","05","2022","2","39.9766","-75.1961","0012","06","0","0","0","0","0","1","0","0","","0","0","0","00","3","0","00","N","0","39 58:35.819","","00","75 11:46.070","0","0","0","0","67301","0","0","0","N","0","0","0","3","68K01","0","","1","01","","N","N","N","0","","0","0","1","0","0","","0001","0","2","0","0","0","0","0","2","0","2","03","","N","","","","","","","","","","",""
"2022050557","1047","1","0","0","0","0","0","0","0","0","7","0","","67","05","2022","1","39.9727","-75.2596","1047","06","0","0","0","0","0","0","0","0","","0","0","0","10","1","1","00","N","0","39 58:21.640","","00","75 15:34.710","3","0","0","0","67301","0","0","0","N","0","0","0","1","67301","0","","4","01","","N","N","N","0","","1","0","0","0","0","","1033","1","1","0","0","1","0","0","2","0","1","03","","N","","","","","","","","","","",""
"2022044107","0049","2","0","0","0","0","0","0","0","0","4","0","","67","05","2022","6","40.0245","-75.1478","0041","06","0","0","0","0","0","0","0","0","","0","0","0","00","3","3","01","","0","40 01:28.221","","00","75 08:52.104","2","0","0","0","67301","0","0","0","N","0","0","0","6","67301","0","","1","01","","N","N","Y","0","","2","1","1","3","2","","0039","3","3","0","0","1","0","1","2","0","3","03","03","N","","","","","","","","","","",""
"2022044137","0936","1","0","0","0","0","0","0","0","0","8","0","","67","05","2022","3","39.9945","-75.1593","0934","06","0","0","0","0","0","0","0","0","","0","0","0","08","1","1","01","","0","39 59:40.362","","00","75 09:33.546","3","0","0","0","67301","1","0","0","N","1","0","0","2","67301","0","","1","01","","N","N","N","0","","1","0","0","3","2","","0830","1","2","0","0","0","0","1","2","0","1","03","03","N","","","","","","","","","","",""
"2022057991","0034","1","0","0","0","0","0","0","0","0","1","0","","67","06","2022","1","39.9599","-75.1778","0034","06","0","0","0","0","0","0","0","0","","0","0","0","00","3","2","00","N","2","39 57:35.549","4","00","75 10:40.113","3","0","0","0","67301","0","0","0","N","0","0","0","2","68K01","1","","1","01","0052","N","N","N","0","","1","0","1","0","0","Y","0034","2","2","0","0","0","0","0","2","0","2","03","","N","","","","","","","","","","",""
"2022044121","2230","2","0","0","0","0","0","0","0","0","4","0","","67","05","2022","3","40.0122","-75.1505","2219","06","0","0","0","0","0","0","0","0","","0","0","0","22","3","2","05","","1","40 00:44.064","2","00","75 09:01.733","3","0","0","0","67301","0","0","0","N","0","0","0","3","67301","0","","1","01","2300","N","N","N","0","","2","0","0","3","2","Y","2215","2","2","0","0","0","0","1","2","0","2","03","03","N","","","","","","","","","","",""
"2022043863","1725","2","0","0","0","0","0","0","0","0","4","0","","67","04","2022","6","39.9587","-75.1621","1717","06","0","0","0","0","0","0","1","0","","0","0","0","17","1","1","01","","0","39 57:31.362","","00","75 09:43.713","4","0","0","0","67301","0","0","0","N","0","0","0","2","67301","1","","1","01","","N","N","N","0","","0","0","0","0","0","","1710","1","2","0","0","0","0","0","2","0","2","03","03","N","","","","","","","","","","",""
"2022055949","1657","0","0","0","0","0","0","0","0","0","1","0","","67","06","2022","7","39.9852","-75.0941","1647","06","0","0","0","0","0","1","0","0","","0","0","0","16","1","2","00","N","0","39 59:06.660","","00","75 05:38.728","4","0","0","0","67301","0","0","0","N","0","0","0","7","68K01","2","","1","01","","N","N","N","0","","0","0","3","0","0","","1645","2","3","0","0","0","0","0","2","0","3","03","03","N","","","","","","","","","","",""
"2022054604","2242","1","0","0","0","0","0","0","0","0","5","0","","67","06","2022","3","40.0301","-75.0222","2238","06","0","0","0","0","0","0","0","0","","0","0","0","22","2","0","00","N","1","40 01:48.190","2","00","75 01:19.842","9","0","0","0","67301","0","0","0","N","0","0","0","2","68K01","0","","4","09","2310","N","N","N","0","","0","0","0","0","0","N","2235","0","2","0","0","0","0","1","2","0","2","07","","N","","","","","","","","","","",""
"2022055569","0830","0","0","0","0","0","0","1","0","0","7","1","","67","06","2022","3","39.9496","-75.142","0827","06","0","0","0","0","0","0","1","0","","0","0","0","08","1","0","00","N","2","39 56:58.516","3","02","75 08:31.187","0","0","0","0","67301","0","0","0","N","0","0","0","1","67301","0","","4","09","1106","N","N","N","0","","0","0","0","0","0","Y","0825","0","1","0","0","0","0","0","2","0","1","07","","N","","","","","","","","","","",""