"CRN","ARRIVAL_TM","AUTOMOBILE_COUNT","BELTED_DEATH_COUNT","BELTED_SUSP_SERIOUS_INJ_COUNT","BICYCLE_COUNT","BICYCLE_DEATH_COUNT","BICYCLE_SUSP_SERIOUS_INJ_COUNT","BUS_COUNT","CHLDPAS_DEATH_COUNT","CHLDPAS_SUSP_SERIOUS_INJ_COUNT","COLLISION_TYPE","COMM_VEH_COUNT","CONS_ZONE_SPD_LIM","COUNTY","CRASH_MONTH","CRASH_YEAR","DAY_OF_WEEK","DEC_LAT","DEC_LONG","DISPATCH_TM","DISTRICT","DRIVER_COUNT_16YR","DRIVER_COUNT_17YR","DRIVER_COUNT_18YR","DRIVER_COUNT_19YR","DRIVER_COUNT_20YR","DRIVER_COUNT_50_64YR","DRIVER_COUNT_65_74YR","DRIVER_COUNT_75PLUS","EST_HRS_CLOSED","FATAL_COUNT","HEAVY_TRUCK_COUNT","HORSE_BUGGY_COUNT","HOUR_OF_DAY","ILLUMINATION","INJURY_COUNT","INTERSECT_TYPE","INTERSECTION_RELATED","LANE_CLOSED","LATITUDE","LN_CLOSE_DIR","LOCATION_TYPE","LONGITUDE","MAX_SEVERITY_LEVEL","MCYCLE_DEATH_COUNT","MCYCLE_SUSP_SERIOUS_INJ_COUNT","MOTORCYCLE_COUNT","MUNICIPALITY","NONMOTR_COUNT","NONMOTR_DEATH_COUNT","NONMOTR_SUSP_SERIOUS_INJ_COUNT","NTFY_HIWY_MAINT","PED_COUNT","PED_DEATH_COUNT","PED_SUSP_SERIOUS_INJ_COUNT","PERSON_COUNT","POLICE_AGCY","POSSIBLE_INJ_COUNT","RDWY_SURF_TYPE_CD","RELATION_TO_ROAD","ROAD_CONDITION","ROADWAY_CLEARED","SCH_BUS_IND","SCH_ZONE_IND","SECONDARY_CRASH","SMALL_TRUCK_COUNT","SPEC_JURIS_CD","SUSP_MINOR_INJ_COUNT","SUSP_SERIOUS_INJ_COUNT","SUV_COUNT","TCD_FUNC_CD","TCD_TYPE","TFC_DETOUR_IND","TIME_OF_DAY","TOT_INJ_COUNT","TOTAL_UNITS","UNB_DEATH_COUNT","UNB_SUSP_SERIOUS_INJ_COUNT","UNBELTED_OCC_COUNT","UNK_INJ_DEG_COUNT","UNK_INJ_PER_COUNT","URBAN_RURAL","VAN_COUNT","VEHICLE_COUNT","WEATHER1","WEATHER2","WORK_ZONE_IND","WORK_ZONE_LOC","WORK_ZONE_TYPE","WORKERS_PRES","WZ_CLOSE_DETOUR","WZ_FLAGGER","WZ_LAW_OFFCR_IND","WZ_LN_CLOSURE","WZ_MOVING","WZ_OTHER","WZ_SHLDER_MDN","WZ_WORKERS_INJ_KILLED"
"2022057944","2311","1","0","0","0","0","0","0","0","0","5","0","","67","06","2022","3","39.9682","-75.1292","2311","06","0","0","0","1","0","1","0","0","","0","0","0","23","3","3","00","N","1","39 58:05.471","1","00","75 07:45.222","4","0","0","0","67301","0","0","0","N","0","0","0","3","68K01","3","","1","09","2322","N","N","N","0","","0","0","2","0","0","N","2310","3","3","0","0","0","0","0","2","0","3","07","","N","","","","","","","","","","",""
"2022043908","1328","1","0","0","0","0","0","0","0","0","4","0","","67","05","2022","4","40.0355","-75.1788","1322","06","0","0","0","0","0","0","0","1","","0","0","0","12","1","2","01","","0","40 02:07.785","","00","75 10:43.557","3","0","0","0","67301","0","0","0","N","0","0","0","4","67301","0","","1","01","","N","N","N","0","","2","0","1","3","2","","1212","2","2","0","0","0","0","2","2","0","2","04","04","N","","","","","","","","","","",""
"2022054156","1650","1","0","0","0","0","0","0","0","0","1","0","","67","05","2022","2","40.03","-75.0222","1627","06","0","0","0","0","0","0","0","0","","0","0","0","16","1","1","00","N","2","40 01:47.839","2","03","75 01:20.046","8","0","0","0","67301","0","0","0","N","0","0","0","4","68K01","0","","1","01","1740","N","N","Y","1","","0","0","1","0","0","N","1626","1","3","0","0","0","1","1","2","0","3","03","03","N","","","","","","","","","","",""
"2022043944","1826","1","0","0","0","0","0","0","0","0","8","0","","67","05","2022","4","40.0269","-75.0797","1826","06","0","0","0","0","0","0","0","0","","0","0","0","18","1","1","00","N","2","40 01:36.890","1","00","75 04:47.010","3","0","0","0","67301","1","0","0","N","1","0","0","2","67301","0","","1","01","1835","N","N","N","0","","1","0","0","0","0","Y","1821","1","2","0","0","0","0","0","2","0","1","03","","N","","","","","","","","","","",""
"2022044087","1000","0","0","0","0","0","0","0","0","0","4","0","","67","05","2022","2","39.9909","-75.1363","1000","06","0","0","0","0","0","1","0","0","","0","0","0","14","1","2","00","N","0","39 59:27.300","","07","75 08:10.800","4","0","0","0","67301","0","0","0","N","0","0","0","3","67301","1","","1","01","","N","N","N","0","","0","0","1","0","0","","1440","2","2","0","0","0","1","0","2","1","2","03","03","N","","","","","","","","","","",""
"2022043996","1058","0","0","0","0","0","0","0","0","0","2","0","","67","05","2022","4","39.9752","-75.1882","1000","06","0","0","0","0","0","0","1","0","","0","0","0","09","1","1","01","","0","39 58:30.584","","00","75 11:17.385","3","0","0","0","67301","0","0","0","N","0","0","0","2","67301","0","","1","09","","N","N","N","0","","1","0","2","3","2","","0912","1","2","0","0","0","0","0","2","0","2","98","","N","","","","","","","","","","",""
"2022044001","1635","1","0","0","0","0","0","0","0","0","8","0","","67","05","2022","6","39.9847","-75.1683","1629","06","0","0","0","0","0","0","0","0","","0","0","0","15","1","1","01","","0","39 59:04.927","","00","75 10:05.915","3","0","0","0","67301","1","0","0","N","1","0","0","2","67301","0","","1","09","","N","N","N","0","","1","0","0","3","3","","1530","1","2","0","0","1","0","1","2","0","1","07","04","N","","","","","","","","","","",""
"2022047200","1735","0","0","0","0","0","0","0","0","0","8","0","","67","05","2022","4","39.9643","-75.2464","1730","06","0","0","0","0","0","0","0","0","","0","0","0","15","1","1","01","","0","39 57:51.481","","00","75 14:46.938","3","0","0","0","67301","1","0","0","N","1","0","0","2","67301","0","","1","01","","N","N","N","1","","1","0","0","0","0","","1530","1","2","0","0","0","0","1","2","0","1","03","","N","","","","","","","","","","",""
"2022044762","1946","1","0","0","0","0","0","0","0","0","8","0","","67","05","2022","5","39.9206","-75.1704","1736","06","0","0","0","0","0","0","0","0","","0","0","0","17","4","1","01","","0","39 55:14.358","","00","75 10:14.006","3","0","0","0","67301","1","0","0","N","1","0","0","2","67301","0","","1","01","","N","N","N","0","","1","0","0","3","2","","1733","1","2","0","0","1","0","0","2","0","1","03","03","N","","","","","","","","","","",""
"2022056762","1907","1","0","0","0","0","0","0","0","0","5","0","","67","05","2022","2","39.9717","-75.1933","1858","06","0","0","0","0","1","1","0","0","","0","0","0","18","1","0","07","","1","39 58:18.209","4","02","75 11:35.991","0","0","0","0","67301","0","0","0","N","0","0","0","3","68K01","0","","7","01","1930","N","N","N","0","","0","0","1","3","8","N","1855","0","2","0","0","0","0","0","2","0","2","03","","N","","","","","","","","","","",""
"2022057909","2352","3","0","0","0","0","0","0","0","0","1","0","","67","05","2022","6","39.9337","-75.2001","2342","06","0","0","0","0","0","0","0","0","","0","0","0","23","3","4","00","N","0","39 56:01.255","","00","75 12:00.216","4","0","0","0","67301","0","0","0","N","0","0","0","4","68K01","4","","1","01","","N","N","N","0","","0","0","1","0","0","","2341","4","4","0","0","0","0","0","2","0","4","03","","N","","","","","","","","","","",""
"2022043860","1646","1","0","0","0","0","0","0","0","0","5","0","","67","05","2022","1","40.0653","-75.0198","1636","06","0","0","0","0","0","0","0","0","","0","0","0","16","1","2","00","N","0","40 03:55.050","","00","75 01:11.390","3","0","0","0","67301","0","0","0","N","0","0","0","3","67301","1","","1","01","","N","N","N","0","","1","0","1","0","0","","1626","2","2","0","0","0","0","0","2","0","2","03","03","N","","","","","","","","","","",""
"2022043815","2046","1","0","0","0","0","0","0","0","0","4","0","","67","05","2022","2","39.9391","-75.1586","2046","06","0","0","0","0","0","0","0","0","","0","0","0","12","1","0","02","","0","39 56:20.735","","00","75 09:31.072","9","0","0","0","67301","0","0","0","N","0","0","0","2","67301","0","","1","01","","N","N","N","0","","0","0","1","0","0","","1200","0","2","0","0","2","0","1","2","0","2","03","","N","","","","","","","","","","",""
"2022044082","0301","0","0","0","0","0","0","0","0","0","5","0","","67","05","2022","6","39.9709","-75.1269","0300","06","0","0","0","0","0","0","0","0","","0","0","0","02","3","0","00","N","2","39 58:15.180","7","00","75 07:36.690","9","0","0","0","67301","0","0","0","N","0","0","0","1","67301","0","","6","01","0431","N","N","N","0","","0","0","4","0","0","Y","0237","0","4","0","0","0","0","1","2","0","4","03","","N","","","","","","","","","","",""
"2022056865","0831","1","0","0","0","0","0","0","0","0","1","0","","67","06","2022","2","40.046","-75.0018","0801","06","0","0","0","0","0","0","0","0","","0","0","0","07","1","0","00","N","0","40 02:45.549","","00","75 00:06.395","0","0","0","0","67301","0","0","0","N","0","0","0","2","68K01","0","","1","01","","N","N","N","0","","0","0","1","0","0","","0758","0","2","0","0","0","0","0","2","0","2","03","03","N","","","","","","","","","","",""
"2022043964","2137","2","0","0","0","0","0","0","0","0","5","0","","67","05","2022","1","39.9436","-75.1723","2137","06","0","0","0","0","0","0","0","0","","0","0","0","21","3","1","00","N","0","39 56:37.000","","00","75 10:20.200","3","0","0","0","67301","0","0","0","N","0","0","0","2","67301","0","","6","01","","N","N","N","0","","1","0","0","0","0","","2137","1","2","0","0","1","0","0","2","0","2","04","98","N","","","","","","","","","","",""
"2022047213","2030","2","0","0","0","0","0","0","0","0","4","0","","67","05","2022","4","40.0142","-75.1286","2030","06","0","0","0","0","0","0","0","0","","0","0","0","20","3","2","02","","0","40 00:51.091","","00","75 07:42.974","3","0","0","2","67301","0","0","0","N","0","0","0","4","67301","0","","1","01","","N","N","N","0","","2","0","0","3","3","","2030","2","4","0","0","0","0","0","2","0","4","03","03","N","","","","","","","","","","",""
"2022044085","0245","1","0","0","0","0","0","0","0","0","7","0","","67","05","2022","2","39.9702","-75.1243","0238","06","0","0","0","0","0","0","0","0","","0","0","0","02","3","1","00","N","1","39 58:12.577","1","00","75 07:27.551","8","0","0","0","67301","0","0","0","N","0","0","0","1","67301","0","","4","01","0130","N","N","N","0","","0","0","0","0","0","N","0231","1","1","0","0","0","1","0","2","0","1","03","03","N","","","","","","","","","","",""
"2022043895","0350","2","0","0","0","0","0","0","0","0","4","0","","67","05","2022","1","39.9195","-75.243","0347","06","0","0","0","0","0","0","0","0","","0","0","0","03","3","1","01","","0","39 55:10.138","","00","75 14:34.767","3","0","0","0","67301","0","0","0","N","0","0","0","3","67301","0","","1","09","","N","N","N","0","","1","0","0","3","2","","0345","1","2","0","0","0","0","2","2","0","2","07","07","N","","","","","","","","","","",""
"2022044624","1231","0","0","0","0","0","0","0","0","0","8","0","","67","05","2022","3","40.0259","-75.1454","1230","06","0","0","0","0","0","0","0","0","","0","0","0","15","1","1","01","","0","40 01:33.063","","00","75 08:43.260","2","0","0","0","67301","1","0","1","N","1","0","1","2","67301","0","","1","99","","N","Y","N","0","","0","1","1","3","3","","1545","1","2","0","0","0","0","0","2","0","1","99","","N","","","","","","","","","","",""
"2022044623","0355","1","0","0","0","0","0","0","0","0","4","0","","67","05","2022","2","40.0219","-75.1393","0343","06","0","0","0","0","0","1","0","0","","0","0","0","03","3","1","01","","0","40 01:18.260","","00","75 08:23.123","3","0","0","1","67301","0","0","0","N","0","0","0","2","67301","0","","1","01","","N","N","N","0","","1","0","0","3","2","","0335","1","2","0","0","0","0","0","2","0","2","03","03","N","","","","","","","","","","",""
"2022047111","0930","0","0","0","0","0","0","1","0","0","4","1","","67","05","2022","1","39.9264","-75.2244","0930","06","0","0","0","0","0","0","0","0","","0","0","0","09","8","1","02","","0","39 55:35.120","","00","75 13:27.564","4","0","0","0","67301","0","0","0","N","0","0","0","2","67508","1","","1","01","","N","N","Y","0","","0","0","1","3","3","","0920","1","2","0","0","0","0","0","2","0","2","98","03","N","","","","","","","","","","",""
"2022043914","2155","1","0","0","0","0","0","0","0","0","4","0","","67","05","2022","7","40.0382","-75.1901","2150","06","0","0","0","0","2","0","0","0","","0","0","0","21","3","0","01","","2","40 02:17.558","7","00","75 11:24.246","9","0","0","0","67301","0","0","0","N","0","0","0","3","67301","0","","1","09","2215","N","N","N","0","","0","0","2","3","2","Y","2145","0","3","0","0","0","0","2","2","0","3","07","07","N","","","","","","","","","","",""
"2022044045","0020","2","0","0","0","0","0","0","0","0","3","0","","67","05","2022","7","40.0101","-75.1044","0016","06","0","0","0","0","0","1","0","0","","0","0","0","22","3","1","00","N","0","40 00:36.260","","00","75 06:15.710","3","0","0","0","67301","0","0","0","N","0","0","0","2","67301","0","","1","01","","N","N","N","0","","1","0","0","0","0","","2202","1","2","0","0","0","0","0","2","0","2","03","03","N","","","","","","","","","","",""
"2022044144","1220","1","0","0","0","0","0","0","0","0","8","0","","67","05","2022","7","40.0356","-75.2174","1220","06","0","0","0","0","0","0","0","0","","0","0","0","20","3","1","01","","0","40 02:08.088","","00","75 13:02.506","8","0","0","0","67301","1","0","0","N","1","0","0","2","67301","0","","1","99","","N","N","N","0","","0","0","0","9","2","","2030","1","2","0","0","1","1","0","2","0","1","07","07","N","","","","","","","","","","",""
"2022047201","2205","0","0","0","0","0","0","0","0","0","4","0","","67","05","2022","4","39.9624","-75.2447","2205","06","0","0","0","0","0","0","0","0","","0","0","0","22","3","1","01","","0","39 57:44.907","","01","75 14:40.797","4","0","0","0","67301","0","0","0","N","0","0","0","2","67301","1","","1","01","","N","N","N","0","","0","0","1","3","2","","2205","1","2","0","0","1","0","0","2","0","2","03","03","N","","","","","","","","","","",""
"2022044003","1027","0","0","0","0","0","0","0","0","0","4","0","","67","05","2022","1","39.9734","-75.1608","1027","06","0","0","0","0","1","1","0","0","","0","0","0","09","1","1","01","","0","39 58:24.347","","00","75 09:38.721","8","0","0","0","67301","0","0","0","N","0","0","0","2","67301","0","","1","09","","N","N","N","0","","0","0","2","3","2","","0955","1","2","0","0","0","1","0","2","0","2","07","04","N","","","","","","","","","","",""
"2022056859","2206","0","0","0","0","0","0","0","0","0","5","0","","67","05","2022","1","39.9364","-75.1994","2144","06","0","0","0","0","0","0","0","0","","0","0","0","21","3","0","06","","0","39 56:18.041","","02","75 11:51.584","0","0","0","0","67301","0","0","0","N","0","0","0","2","68K01","0","","1","01","","N","N","N","1","","0","0","0","0","0","","2140","0","2","0","0","1","0","0","2","1","2","03","","N","","","","","","","","","","",""
"2022044983","2028","1","0","0","0","0","0","0","0","0","8","0","","67","05","2022","5","39.926","-75.2261","2028","06","0","0","0","0","0","0","0","0","","0","0","0","18","1","1","00","N","0","39 55:33.760","","00","75 13:33.840","4","0","0","0","67301","1","0","0","N","1","0","0","2","67301","1","","6","01","","N","N","N","0","","0","0","0","0","0","","1818","1","2","0","0","0","0","0","2","0","1","03","","N","","","","","","","","","","",""
"2022047121","0920","0","0","0","0","0","0","1","0","0","4","1","","67","05","2022","6","39.9224","-75.2232","0905","06","0","0","0","0","0","0","0","0","","0","0","0","09","1","2","01","","0","39 55:20.661","","00","75 13:23.382","4","0","0","0","67301","0","0","0","N","0","0","0","4","67508","2","","1","01","","N","N","Y","0","","0","0","1","3","2","","0905","2","2","0","0","0","0","0","2","0","2","03","03","N","","","","","","","","","","",""
"2022056967","2312","1","0","0","0","0","0","0","0","0","7","0","","67","03","2022","6","39.9794","-75.1619","2309","06","0","0","0","0","0","0","0","0","","0","0","0","23","3","0","00","N","0","39 58:46.010","","00","75 09:42.730","9","0","0","0","67301","0","0","0","N","0","0","0","1","67301","0","","4","01","","N","N","N","0","","0","0","0","0","0","","2300","0","1","0","0","0","0","1","2","0","1","03","","N","","","","","","","","","","",""
"2022044981","1031","0","0","0","0","0","0","0","0","0","4","0","","67","05","2022","4","39.9234","-75.2317","1031","06","0","0","0","0","0","0","0","0","","0","0","0","21","3","1","01","","0","39 55:24.182","","00","75 13:54.217","3","0","0","0","67301","0","0","0","N","0","0","0","2","67301","0","","1","01","","N","N","N","1","","1","0","1","3","2","","2115","1","2","0","0","0","0","1","2","0","2","03","","N","","","","","","","","","","",""
"2022056932","1920","1","0","0","0","0","0","0","0","0","8","0","","67","06","2022","5","39.9517","-75.1587","1907","06","0","0","0","0","0","0","0","0","","0","0","0","15","1","1","00","N","9","39 57:06.177","","00","75 09:31.464","8","0","0","0","67301","1","0","0","N","1","0","0","2","67301","0","","1","01","","N","N","N","0","","0","0","0","0","0","","1530","1","2","0","0","0","1","0","2","0","1","03","03","N","","","","","","","","","","",""
"2022057040","1855","2","0","0","0","0","0","0","0","0","4","0","","67","06","2022","1","39.9329","-75.1487","1849","06","0","0","0","0","0","0","0","0","","0","0","0","18","1","1","01","","1","39 55:58.503","1","00","75 08:55.417","3","0","0","0","67301","0","0","0","N","0","0","0","2","67301","0","","1","01","1925","N","N","N","0","","1","0","0","3","2","N","1831","1","2","0","0","0","0","0","2","0","2","03","03","N","","","","","","","","","","",""
"2022056893","2336","2","0","0","0","0","0","0","0","0","2","0","","67","06","2022","7","39.9831","-75.1016","2336","06","0","0","0","0","0","0","0","0","","0","0","0","23","3","2","00","N","1","39 58:59.251","3","00","75 06:05.668","4","0","0","0","67301","0","0","0","N","0","0","0","2","67301","2","","1","01","0025","N","N","N","0","","0","0","0","0","0","N","2332","2","2","0","0","0","0","0","2","0","2","03","03","N","","","","","","","","","","",""
"2022047211","2110","2","0","0","0","0","0","0","0","0","4","0","","67","05","2022","7","40.0157","-75.1401","2104","06","0","0","0","1","0","0","0","0","","0","0","0","20","3","0","01","","0","40 00:56.437","","00","75 08:24.334","0","0","0","0","67301","0","0","0","N","0","0","0","3","67301","0","","1","09","","N","N","N","0","","0","0","0","3","3","","2055","0","2","0","0","0","0","0","2","0","2","07","","N","","","","","","","","","","",""
"2022057899","0137","0","0","0","0","0","0","0","0","0","5","0","","67","05","2022","2","39.9779","-75.2017","0127","06","0","0","0","0","0","2","0","0","","0","0","0","01","3","0","00","N","0","39 58:40.326","","00","75 12:06.065","0","0","0","0","67301","0","0","0","N","0","0","0","6","68K01","0","","1","01","","N","N","N","0","","0","0","2","0","0","","0125","0","2","0","0","0","0","0","2","0","2","03","03","N","","","","","","","","","","",""
"2022057943","2245","1","0","0","0","0","0","0","0","0","7","0","","67","06","2022","3","39.9815","-75.2071","2242","06","0","0","0","0","0","0","0","0","","0","0","0","22","3","1","00","N","0","39 58:53.289","","00","75 12:25.607","8","0","0","0","67301","0","0","0","N","0","0","0","1","68K01","0","","4","09","","N","N","N","0","","0","0","0","0","0","","2232","1","1","0","0","0","1","0","2","0","1","07","","N","","","","","","","","","","",""
"2022045584","0455","1","0","0","0","0","0","0","0","0","7","0","","67","05","2022","2","39.9743","-75.1182","0454","06","0","0","0","0","0","0","0","0","","0","0","0","04","3","0","00","N","0","39 58:27.600","","01","75 07:05.600","0","0","0","0","67301","0","0","0","N","0","0","0","1","67301","0","","4","01","","N","N","N","0","","0","0","0","0","0","","0440","0","1","0","0","0","0","0","2","0","1","03","03","N","","","","","","","","","","",""
"2022056853","1208","2","0","0","0","0","0","0","0","0","1","0","","67","05","2022","6","40.0059","-75.0748","1157","06","0","0","0","0","0","0","0","0","","0","0","0","11","1","1","00","N","1","40 00:21.165","1","00","75 04:29.190","8","0","0","0","67301","0","0","0","N","0","0","0","3","68K01","0","","1","01","1230","N","N","N","1","","0","0","0","0","0","N","1155","1","3","0","0","0","1","0","2","0","3","03","","N","","","","","","","","","","",""
"2022056899","0830","2","0","0","0","0","0","0","0","0","4","0","","67","06","2022","6","39.9609","-75.245","0828","06","0","0","0","0","0","0","0","0","","0","0","0","07","1","2","01","","0","39 57:39.345","","00","75 14:42.087","3","0","0","0","67301","0","0","0","N","0","0","0","2","67301","1","","1","01","","N","N","N","0","","1","0","0","3","2","","0719","2","2","0","0","0","0","0","2","0","2","03","04","N","","","","","","","","","","",""
"2022056498","1014","1","0","0","0","0","0","0","0","0","7","0","","67","05","2022","7","40.0451","-75.0023","1014","06","0","0","0","0","0","0","0","0","","0","0","0","10","1","0","00","N","0","40 02:42.444","","00","75 00:08.216","0","0","0","0","67301","0","0","0","N","0","0","0","1","68K01","0","","3","09","","N","N","N","0","","0","0","0","0","0","","1014","0","1","0","0","0","0","0","2","0","1","04","07","N","","","","","","","","","","",""
"2022044047","1720","1","0","0","0","0","0","0","0","0","8","0","","67","05","2022","2","39.9963","-75.1139","1720","06","0","0","0","0","0","0","0","0","","0","0","0","17","1","1","00","N","0","39 59:46.700","","01","75 06:49.900","4","0","0","0","67301","1","0","0","N","1","0","0","2","67301","1","","1","01","","N","N","N","0","","0","0","0","0","0","","1717","1","2","0","0","1","0","0","2","0","1","03","03","N","","","","","","","","","","",""
"2022045903","1145","0","0","0","0","0","0","0","0","0","4","0","","67","05","2022","2","40.0269","-75.2272","1140","06","0","0","0","0","0","0","0","0","","0","0","0","11","1","2","01","","0","40 01:36.861","","00","75 13:37.905","4","0","0","0","67301","0","0","0","N","0","0","0","2","67301","2","","1","01","","N","N","N","0","","0","0","2","3","2","","1140","2","2","0","0","0","0","0","2","0","2","03","03","N","","","","","","","","","","",""
"2022044722","1629","0","0","0","0","0","0","0","0","0","8","0","","67","05","2022","5","40.0341","-75.1765","1629","06","0","0","0","0","0","0","0","0","","0","0","0","16","1","2","01","","0","40 02:02.785","","00","75 10:35.468","3","0","0","0","67301","2","0","0","N","2","0","0","4","67301","0","","1","01","","N","N","N","0","","2","0","1","3","2","","1629","2","3","0","0","0","0","0","2","0","1","03","","N","","","","","","","","","","",""
"2022044720","1937","0","0","0","0","0","0","0","0","0","0","0","","67","05","2022","4","40.0673","-75.0592","1932","06","0","0","0","0","0","1","0","0","","0","0","0","19","4","1","01","","0","40 04:02.287","","00","75 03:33.217","3","0","0","1","67301","0","0","0","N","0","0","0","1","67301","0","","1","01","","N","N","N","0","","1","0","0","3","3","","1931","1","1","0","0","0","0","0","2","0","1","03","03","N","","","","","","","","","","",""
"2022044873","1025","1","0","0","0","0","0","0","0","0","6","0","","67","05","2022","1","40.0539","-75.0886","1020","06","0","0","0","0","0","0","0","0","","0","0","0","07","1","0","00","N","0","40 03:13.970","","00","75 05:18.790","0","0","0","0","67301","0","0","0","N","0","0","0","1","67301","0","","6","01","","N","N","N","1","","0","0","0","0","0","","0730","0","2","0","0","0","0","0","2","0","2","03","","N","","","","","","","","","","",""
"2022047641","0309","4","0","0","0","0","0","0","0","0","5","0","","67","05","2022","1","39.9482","-75.2355","0301","06","0","0","0","0","0","0","0","0","","0","0","0","02","3","0","00","N","0","39 56:53.560","","00","75 14:07.920","0","0","0","0","67301","0","0","0","N","0","0","0","1","67301","0","","6","09","","N","N","N","0","","0","0","1","0","0","","0258","0","7","0","0","0","0","0","2","2","7","07","07","N","","","","","","","","","","",""
"2022057017","1300","1","0","0","0","0","0","0","0","0","4","0","","67","06","2022","1","40.048","-75.0603","1254","06","0","0","0","0","0","0","0","0","","0","0","0","12","1","1","00","N","0","40 02:52.765","","07","75 03:37.252","3","0","0","0","67301","0","0","0","N","0","0","0","2","67301","0","","5","01","","N","N","N","0","","1","0","1","0","0","","1247","1","2","0","0","0","0","0","2","0","2","03","03","N","","","","","","","","","","",""
"2022044567","0835","3","0","0","0","0","0","0","0","0","4","0","","67","05","2022","4","39.9568","-75.2337","0835","06","0","0","0","0","0","1","0","0","","0","0","0","07","1","1","01","","0","39 57:24.508","","00","75 14:01.435","3","0","0","0","67301","0","0","0","N","0","0","0","2","67301","0","","1","01","","N","N","Y","0","","1","0","1","3","3","","0746","1","4","0","0","0","0","0","2","0","4","03","","N","","","","","","","","","","",""
"2022047204","2216","0","0","0","0","0","0","0","0","0","4","0","","67","05","2022","5","40.003","-75.1016","2216","06","0","0","0","0","0","0","0","0","","0","0","0","22","3","1","05","","0","40 00:10.796","","01","75 06:05.785","3","0","0","0","67301","0","0","0","N","0","0","0","2","67301","0","","1","01","","N","N","N","0","","1","0","2","3","2","","2215","1","2","0","0","0","0","0","2","0","2","03","03","N","","","","","","","","","","",""
"2022043862","1425","1","0","0","0","0","0","0","0","0","8","0","","67","05","2022","2","40.073","-74.9754","1415","06","0","0","0","0","0","0","0","0","","0","0","0","14","1","1","00","N","0","40 04:22.870","","00","74 58:31.410","8","0","0","0","67301","1","0","0","N","1","0","0","2","67301","0","","1","01","","N","N","N","0","","0","0","0","0","0","","1400","1","2","0","0","0","1","0","2","0","1","03","","N","","","","","","","","","","",""
"2022044755","1935","0","0","0","1","0","0","0","0","0","8","0","","67","05","2022","4","39.9573","-75.1523","1930","06","0","0","0","0","0","0","0","0","","0","0","0","18","1","1","01","","0","39 57:26.368","","02","75 09:08.204","3","0","0","0","67301","1","0","0","N","0","0","0","2","67301","0","","1","01","","N","N","N","0","","1","0","0","3","2","","1830","1","2","0","0","0","0","0","2","1","1","03","03","N","","","","","","","","","","",""
"2022043890","2231","0","0","0","0","0","0","0","0","0","7","0","","67","05","2022","6","39.9195","-75.2039","2231","06","0","0","0","1","0","0","0","0","","0","0","0","21","3","1","00","N","0","39 55:10.149","","03","75 12:14.186","3","0","0","0","67301","0","0","0","N","0","0","0","3","67301","0","","3","09","","N","N","N","0","","1","0","1","0","0","","2140","1","1","0","0","0","0","0","2","0","1","07","07","N","","","","","","","","","","",""
"2022056834","0029","2","0","0","0","0","0","0","0","0","4","0","","67","06","2022","1","40.0046","-75.164","0027","06","0","0","0","0","0","0","0","0","","0","0","0","00","3","0","01","","0","40 00:16.671","","00","75 09:50.230","0","0","0","0","67301","0","0","0","N","0","0","0","2","67301","0","","1","01","","N","N","N","0","","0","0","0","3","3","","0010","0","2","0","0","0","0","0","2","0","2","03","03","N","","","","","","","","","","",""
"2022044173","1851","2","0","0","0","0","0","0","0","0","7","0","","67","05","2022","1","40.0388","-75.044","1845","06","0","0","0","0","1","0","0","0","","0","0","0","18","1","0","00","N","2","40 02:19.770","2","00","75 02:38.490","0","0","0","0","67301","0","0","0","N","0","0","0","2","67301","0","","4","01","1930","N","N","Y","0","","0","0","0","0","0","N","1845","0","2","0","0","0","0","0","2","0","2","03","","N","","","","","","","","","","",""
"2022057897","0330","1","0","0","0","0","0","0","0","0","7","0","","67","05","2022","1","39.9546","-75.141","0229","06","0","0","0","0","0","0","0","0","","0","0","0","02","3","1","00","N","2","39 57:16.591","1","08","75 08:27.561","4","0","0","0","67301","0","0","0","N","0","0","0","1","68K01","1","","4","09","0305","N","N","N","0","","0","0","0","0","0","N","0227","1","1","0","0","0","0","0","2","0","1","07","","N","","","","","","","","","","",""
"2022056582","0656","2","0","0","0","0","0","0","0","0","5","0","","67","06","2022","6","40.0323","-75.0198","0656","06","0","0","0","0","0","0","1","1","","0","0","0","06","1","1","00","N","1","40 01:56.136","1","07","75 01:11.405","3","0","0","0","67301","0","0","0","N","0","0","0","2","67301","0","","1","01","0800","N","N","N","0","","1","0","0","3","8","N","0640","1","2","0","0","0","0","0","2","0","2","04","04","N","","","","","","","","","","",""
"2022047162","1245","0","0","0","0","0","0","0","0","0","8","0","","67","05","2022","6","39.9525","-75.1625","1238","06","0","0","0","0","0","0","0","0","","0","0","0","12","8","1","00","N","0","39 57:08.820","","00","75 09:45.144","2","0","0","0","67301","1","0","1","N","1","0","1","2","67301","0","","4","01","","N","N","N","0","","0","1","0","0","0","","1235","1","2","0","0","0","0","0","2","0","1","03","03","N","","","","","","","","","","",""