"CRN","ARRIVAL_TM","AUTOMOBILE_COUNT","BELTED_DEATH_COUNT","BELTED_SUSP_SERIOUS_INJ_COUNT","BICYCLE_COUNT","BICYCLE_DEATH_COUNT","BICYCLE_SUSP_SERIOUS_INJ_COUNT","BUS_COUNT","CHLDPAS_DEATH_COUNT","CHLDPAS_SUSP_SERIOUS_INJ_COUNT","COLLISION_TYPE","COMM_VEH_COUNT","CONS_ZONE_SPD_LIM","COUNTY","CRASH_MONTH","CRASH_YEAR","DAY_OF_WEEK","DEC_LAT","DEC_LONG","DISPATCH_TM","DISTRICT","DRIVER_COUNT_16YR","DRIVER_COUNT_17YR","DRIVER_COUNT_18YR","DRIVER_COUNT_19YR","DRIVER_COUNT_20YR","DRIVER_COUNT_50_64YR","DRIVER_COUNT_65_74YR","DRIVER_COUNT_75PLUS","EST_HRS_CLOSED","FATAL_COUNT","HEAVY_TRUCK_COUNT","HORSE_BUGGY_COUNT","HOUR_OF_DAY","ILLUMINATION","INJURY_COUNT","INTERSECT_TYPE","INTERSECTION_RELATED","LANE_CLOSED","LATITUDE","LN_CLOSE_DIR","LOCATION_TYPE","LONGITUDE","MAX_SEVERITY_LEVEL","MCYCLE_DEATH_COUNT","MCYCLE_SUSP_SERIOUS_INJ_COUNT","MOTORCYCLE_COUNT","MUNICIPALITY","NONMOTR_COUNT","NONMOTR_DEATH_COUNT","NONMOTR_SUSP_SERIOUS_INJ_COUNT","NTFY_HIWY_MAINT","PED_COUNT","PED_DEATH_COUNT","PED_SUSP_SERIOUS_INJ_COUNT","PERSON_COUNT","POLICE_AGCY","POSSIBLE_INJ_COUNT","RDWY_SURF_TYPE_CD","RELATION_TO_ROAD","ROAD_CONDITION","ROADWAY_CLEARED","SCH_BUS_IND","SCH_ZONE_IND","SECONDARY_CRASH","SMALL_TRUCK_COUNT","SPEC_JURIS_CD","SUSP_MINOR_INJ_COUNT","SUSP_SERIOUS_INJ_COUNT","SUV_COUNT","TCD_FUNC_CD","TCD_TYPE","TFC_DETOUR_IND","TIME_OF_DAY","TOT_INJ_COUNT","TOTAL_UNITS","UNB_DEATH_COUNT","UNB_SUSP_SERIOUS_INJ_COUNT","UNBELTED_OCC_COUNT","UNK_INJ_DEG_COUNT","UNK_INJ_PER_COUNT","URBAN_RURAL","VAN_COUNT","VEHICLE_COUNT","WEATHER1","WEATHER2","WORK_ZONE_IND","WORK_ZONE_LOC","WORK_ZONE_TYPE","WORKERS_PRES","WZ_CLOSE_DETOUR","WZ_FLAGGER","WZ_LAW_OFFCR_IND","WZ_LN_CLOSURE","WZ_MOVING","WZ_OTHER","WZ_SHLDER_MDN","WZ_WORKERS_INJ_KILLED"
"2022059428","2357","1","0","0","0","0","0","0","0","0","4","0","","67","05","2022","6","39.9428","-75.1429","2353","06","0","0","0","0","1","0","0","0","","0","0","0","23","3","0","00","N","0","39 56:34.125","","00","75 08:34.333","0","0","0","0","67301","0","0","0","N","0","0","0","2","68K01","0","","1","01","","N","N","N","0","","0","0","0","0","0","","2353","0","2","0","0","1","0","0","2","1","2","03","03","N","","","","","","","","","","",""
"2022037142","","2","0","0","0","0","0","0","0","0","4","0","","67","03","2022","3","39.957","-75.2194","","06","0","0","0","0","0","0","0","0","","0","0","0","09","1","1","01","","0","39 57:25.138","","00","75 13:09.994","8","0","0","0","67301","0","0","0","N","0","0","0","2","00000","0","","1","01","","","","N","0","","0","0","0","3","3","","0945","1","2","0","0","0","1","0","2","0","2","03","","N","","","","","","","","","","",""
"2022047305","0607","2","0","0","0","0","0","0","0","0","4","0","","67","05","2022","2","40.1063","-75.0332","0559","06","0","0","0","0","0","0","0","0","","0","0","0","05","5","0","02","","0","40 06:22.714","","00","75 01:59.579","0","0","0","0","67301","0","0","0","N","0","0","0","1","67301","0","","1","01","","N","N","N","0","","0","0","0","3","3","","0557","0","3","0","0","0","0","0","2","1","3","03","03","N","","","","","","","","","","",""
"2022055546","1955","2","0","0","0","0","0","0","0","0","4","0","","67","06","2022","7","40.0605","-75.0823","1943","06","0","0","0","0","0","0","0","0","","0","0","0","19","1","1","01","","1","40 03:38.070","6","00","75 04:56.139","3","0","0","0","67301","0","0","0","N","0","0","0","4","67301","0","","1","01","0100","N","N","N","0","","1","0","0","3","2","N","1943","1","2","0","0","1","0","3","2","0","2","03","","N","","","","","","","","","","",""
"2022069371","2240","0","0","0","0","0","0","0","0","0","4","0","","67","07","2022","5","39.9453","-75.1633","2240","06","0","0","0","0","0","1","0","0","","0","0","0","21","3","1","00","N","9","39 56:43.170","","00","75 09:47.710","4","0","0","0","67301","0","0","0","N","0","0","0","3","67301","1","","1","09","","N","N","N","0","","0","0","2","3","2","","2145","1","2","0","0","0","0","1","2","0","2","03","03","N","","","","","","","","","","",""
"2022055637","1410","2","0","0","0","0","0","0","0","0","4","0","","67","06","2022","5","39.9502","-75.2432","1410","06","0","0","0","0","0","0","1","0","","0","0","0","14","1","0","01","","0","39 57:00.619","","00","75 14:35.638","0","0","0","0","67301","0","0","0","N","0","0","0","2","67301","0","","1","01","","N","N","N","1","","0","0","1","3","3","","1409","0","4","0","0","0","0","0","2","0","4","03","03","N","","","","","","","","","","",""
"2022055558","1355","1","0","0","0","0","0","0","0","0","4","0","","67","06","2022","4","40.0707","-75.2412","1350","06","0","1","0","0","0","0","0","0","","0","0","0","13","1","0","01","","1","40 04:14.265","5","00","75 14:28.593","0","0","0","0","67301","0","0","0","N","0","0","0","4","67301","0","","1","01","1420","N","N","N","0","","0","0","1","3","2","Y","1345","0","2","0","0","0","0","0","2","0","2","03","03","N","","","","","","","","","","",""
"2022068570","2235","1","0","0","0","0","0","0","0","0","8","0","","67","07","2022","4","39.9461","-75.2392","2221","06","0","0","0","0","0","1","0","0","","0","0","0","22","3","1","00","N","0","39 56:45.903","","00","75 14:21.140","2","0","0","0","67301","1","0","1","N","1","0","1","2","67301","0","","1","01","","N","N","N","0","","0","1","0","0","0","","2214","1","2","0","0","1","0","0","2","0","1","03","","N","","","","","","","","","","",""
"2022047188","2020","1","0","0","0","0","0","0","0","0","5","0","","67","05","2022","4","39.9628","-75.2243","2010","06","0","0","0","0","0","0","0","0","","0","0","0","19","1","1","00","N","0","39 57:46.111","","00","75 13:27.413","3","0","0","1","67301","0","0","0","N","0","0","0","2","67301","0","","1","01","","N","N","N","0","","1","0","0","0","0","","1924","1","2","0","0","0","0","1","2","0","2","03","","N","","","","","","","","","","",""
"2022056890","2141","1","0","0","0","0","0","0","0","0","4","0","","67","05","2022","3","40.0026","-75.0997","2140","06","0","0","0","0","0","1","0","0","","0","0","0","19","3","0","05","","0","40 00:09.273","","00","75 05:59.019","0","0","0","0","67301","0","0","0","N","0","0","0","2","67301","0","","1","01","","N","N","N","0","","0","0","1","3","2","","1915","0","2","0","0","0","0","0","2","0","2","03","03","N","","","","","","","","","","",""
"2022047179","2102","2","0","0","0","0","0","0","0","0","5","0","","67","05","2022","1","40.0189","-75.0888","2057","06","0","0","0","0","0","0","0","0","","0","0","0","20","3","0","00","N","0","40 01:08.110","","00","75 05:19.770","9","0","0","0","67301","0","0","0","N","0","0","0","2","67301","0","","6","01","","N","N","N","0","","0","0","0","0","0","","2047","0","2","0","0","0","0","2","2","0","2","04","03","N","","","","","","","","","","",""
"2022059090","1402","2","0","0","0","0","0","0","0","0","1","0","","67","05","2022","6","39.9599","-75.178","1352","06","0","0","0","0","0","1","0","0","","0","0","0","13","1","0","00","N","0","39 57:35.658","","03","75 10:40.964","9","0","0","0","67301","0","0","0","N","0","0","0","2","68K01","0","","1","01","","N","N","N","0","","0","0","0","0","0","","1346","0","2","0","0","0","0","1","2","0","2","03","","N","","","","","","","","","","",""
"2022058732","0603","2","0","0","0","0","0","0","0","0","5","0","","67","06","2022","4","40.0348","-75.0185","0555","06","0","0","0","0","0","1","0","0","","0","0","0","05","1","0","00","N","1","40 02:05.219","1","00","75 01:06.547","0","0","0","0","67301","0","0","0","N","0","0","0","2","68K01","0","","1","01","0620","N","N","N","0","","0","0","0","0","0","N","0539","0","2","0","0","0","0","0","2","0","2","03","","N","","","","","","","","","","",""
"2022059111","1026","1","0","0","0","0","0","0","0","0","7","0","","67","06","2022","6","40.0394","-75.0077","1023","06","0","0","0","0","0","0","0","0","","0","0","0","10","1","1","00","N","1","40 02:21.781","2","00","75 00:27.765","3","0","0","0","67301","0","0","0","N","0","0","0","2","68K01","0","","4","01","1054","N","N","N","0","","1","0","0","0","0","N","1019","1","1","0","0","0","0","0","2","0","1","03","","N","","","","","","","","","","",""
"2022024066","","2","0","0","0","0","0","0","0","0","1","0","","67","02","2022","7","39.8951","-75.2371","","06","0","0","0","0","0","0","0","0","","0","0","0","20","3","2","00","Y","0","39 53:42.202","","00","75 14:13.467","4","0","0","0","67301","0","0","0","N","0","0","0","3","00000","2","","1","01","","","","N","0","","0","0","0","3","2","","2020","2","2","0","0","0","0","0","2","0","2","03","","N","","","","","","","","","","",""
"2022060017","2359","2","0","0","0","0","0","0","0","0","4","0","","67","06","2022","5","40.1167","-75.0198","2357","06","0","0","1","0","0","1","0","0","","1","0","0","23","3","0","01","","0","40 07:00.028","","00","75 01:11.660","1","0","0","0","67301","0","0","0","N","0","0","0","4","67301","0","2","1","01","","N","N","N","0","0","0","0","0","3","2","","2355","0","2","0","0","0","0","0","2","0","2","03","","N","","","","","","","","","","",""
"2022045485","2146","2","0","0","0","0","0","0","0","0","5","0","","67","05","2022","7","40.0832","-75.026","2139","06","0","0","0","0","0","1","0","0","","0","0","0","21","3","2","00","N","1","40 04:59.213","1","07","75 01:33.890","4","0","0","0","67301","0","0","0","N","0","0","0","5","67301","2","","1","09","2320","N","N","N","0","","0","0","0","3","2","Y","2117","2","2","0","0","0","0","0","2","0","2","07","","N","","","","","","","","","","",""
"2022055685","0047","2","0","0","0","0","0","0","0","0","1","0","","67","06","2022","5","39.9983","-75.1751","0043","06","0","0","0","0","0","0","0","0","","0","0","0","00","3","1","00","Y","1","39 59:54.000","1","00","75 10:30.500","8","0","0","0","67301","0","0","0","N","0","0","0","1","67301","0","","6","09","0101","N","N","N","0","","0","0","1","0","0","N","0000","1","3","0","0","1","1","0","2","0","3","07","","N","","","","","","","","","","",""
"2022062668","1919","1","0","0","0","0","0","0","0","0","1","0","","67","06","2022","3","39.9643","-75.1847","1913","06","0","0","0","0","0","1","0","0","","0","0","0","19","1","0","00","N","1","39 57:51.585","4","00","75 11:04.782","0","0","0","0","67301","0","0","0","N","0","0","0","3","68K01","0","","1","01","1930","N","N","N","0","","0","0","1","0","0","N","1910","0","2","0","0","0","0","0","2","0","2","03","03","N","","","","","","","","","","",""
"2022063100","1125","1","0","0","0","0","0","0","0","0","4","0","","67","06","2022","2","40.0003","-75.1434","1123","06","0","0","0","0","0","0","0","0","","0","0","0","10","1","1","02","","0","40 00:01.220","","00","75 08:36.387","3","0","0","1","67301","0","0","0","N","0","0","0","2","67301","0","","1","01","","N","N","N","0","","1","0","0","3","3","","1024","1","2","0","0","0","0","0","2","0","2","03","","N","","","","","","","","","","",""
"2022055683","1214","0","0","0","0","0","0","0","0","0","4","0","","67","06","2022","3","40.0047","-75.1769","1212","06","0","0","0","0","0","1","0","0","","0","0","0","12","1","2","01","","0","40 00:16.889","","00","75 10:36.864","3","0","0","0","67301","0","0","0","N","0","0","0","3","67301","0","","1","01","","N","N","N","1","","2","0","1","3","2","","1212","2","2","0","0","0","0","0","2","0","2","03","","N","","","","","","","","","","",""
"2022059099","1514","0","0","0","0","0","0","0","0","0","1","1","","67","05","2022","4","39.9587","-75.1691","1458","06","0","0","0","0","0","0","0","0","","0","1","0","14","1","0","00","N","0","39 57:31.176","","00","75 10:08.837","0","0","0","0","67301","0","0","0","N","0","0","0","3","68K01","0","","1","01","","N","N","N","1","","0","0","0","0","0","","1454","0","2","0","0","1","0","0","2","0","2","03","","N","","","","","","","","","","",""
"2022060070","2032","1","0","0","0","0","0","0","0","0","8","0","","67","05","2022","2","40.0003","-75.1065","2031","06","0","0","0","0","0","0","0","0","","0","0","0","23","3","1","05","","0","40 00:01.147","","00","75 06:23.257","8","0","0","0","67301","1","0","0","N","1","0","0","2","67301","0","","1","01","","N","N","N","0","","0","0","0","3","2","","2300","1","2","0","0","0","1","0","2","0","1","99","","N","","","","","","","","","","",""
"2022047227","1757","1","0","0","0","0","0","0","0","0","7","0","","67","05","2022","3","40.0598","-75.1334","1748","06","0","0","0","0","0","0","0","0","","0","0","0","03","8","0","01","","0","40 03:35.262","","00","75 08:00.324","9","0","0","0","67301","0","0","0","N","0","0","0","1","67301","0","","5","99","","N","N","N","0","","0","0","0","3","2","","0358","0","1","0","0","0","0","1","2","0","1","99","","N","","","","","","","","","","",""
"2022045329","1302","0","0","0","0","0","0","0","0","0","4","0","","67","05","2022","7","39.9814","-75.1137","1235","06","0","0","0","0","0","0","0","0","","0","0","0","12","1","1","01","","0","39 58:53.050","","00","75 06:49.348","4","0","0","0","67301","0","0","0","N","0","0","0","2","67301","1","","1","09","","N","N","N","1","","0","0","1","3","2","","1227","1","2","0","0","0","0","0","2","0","2","07","04","N","","","","","","","","","","",""
"2022045190","1202","5","0","0","0","0","0","0","0","0","6","0","","67","05","2022","6","39.9201","-75.2325","1202","06","0","0","0","0","0","0","0","0","","0","0","0","12","1","1","00","N","0","39 55:12.280","","00","75 13:57.030","3","0","0","0","67301","0","0","0","N","0","0","0","3","67301","0","","6","01","","N","N","N","0","","1","0","1","0","0","","1202","1","6","0","0","1","0","0","2","0","6","03","03","N","","","","","","","","","","",""
"2022046957","0041","1","0","0","0","0","0","0","0","0","7","0","","67","05","2022","2","39.9055","-75.1316","0040","06","0","0","0","0","0","0","0","0","","0","0","0","00","3","0","00","N","2","39 54:19.900","3","03","75 07:53.600","0","0","0","0","67301","0","0","0","N","0","0","0","1","67501","0","","3","01","0120","N","N","N","0","","0","0","0","3","8","Y","0040","0","1","0","0","0","0","0","2","0","1","03","03","N","","","","","","","","","","",""
"2022047220","1816","2","0","0","0","0","0","0","0","0","6","0","","67","05","2022","3","39.9913","-75.1484","1815","06","0","0","0","0","0","0","0","0","","0","0","0","18","1","3","00","Y","0","39 59:28.700","","00","75 08:54.100","3","0","0","0","67301","0","0","0","N","0","0","0","3","67301","1","","6","01","","N","N","N","1","","2","0","0","3","2","","1815","3","4","0","0","0","0","0","2","1","4","03","","N","","","","","","","","","","",""
"2022060155","1330","2","0","0","0","0","0","0","0","0","6","0","","67","06","2022","4","39.9898","-75.1142","1330","06","0","0","0","0","0","0","0","0","","0","0","0","22","3","0","00","N","9","39 59:23.300","","00","75 06:51.030","0","0","0","0","67301","0","0","0","N","0","0","0","1","67301","0","","1","01","","N","N","N","0","","0","0","0","0","0","","2212","0","2","0","0","1","0","0","2","0","2","03","03","N","","","","","","","","","","",""
"2022060073","1726","2","0","0","0","0","0","0","0","0","4","0","","67","06","2022","3","39.9866","-75.1046","1630","06","0","0","0","0","0","0","1","0","","0","0","0","16","1","1","00","N","0","39 59:11.713","","00","75 06:16.710","2","0","0","0","67301","0","0","0","N","0","0","0","2","67301","0","","1","01","","N","N","N","0","","0","1","0","3","2","","1627","1","2","0","0","0","0","0","2","0","2","03","04","N","","","","","","","","","","",""
"2022045443","1625","0","0","0","0","0","0","0","0","0","8","0","","67","05","2022","7","39.9556","-75.1728","1619","06","0","0","0","0","0","0","0","0","","0","0","0","16","1","1","01","","1","39 57:20.163","1","00","75 10:21.961","3","0","0","0","67301","1","0","0","N","1","0","0","2","67301","0","","1","09","1635","N","N","N","0","","1","0","0","2","2","N","1616","1","2","0","0","0","0","0","2","1","1","07","","N","","","","","","","","","","",""
"2022068589","0516","1","0","1","0","0","0","0","0","0","4","0","","67","07","2022","6","39.9293","-75.1686","0515","06","0","0","0","0","0","0","1","0","","0","0","0","05","5","1","11","","0","39 55:45.434","","00","75 10:06.804","2","0","0","0","67301","0","0","0","N","0","0","0","1","67301","0","","1","01","","N","N","N","0","","0","1","0","0","0","","0505","1","2","0","0","0","0","0","2","0","2","03","03","N","","","","","","","","","","",""
"2022043773","","0","0","0","0","0","0","0","0","0","1","0","","67","04","2022","2","39.9749","-75.1965","","06","0","0","0","0","0","1","0","0","","0","0","0","00","3","2","00","Y","0","39 58:29.717","","00","75 11:47.395","8","0","0","0","67301","0","0","0","N","0","0","0","3","00000","0","","1","01","","","","N","0","","0","0","2","3","2","","0028","2","2","0","0","0","2","0","2","0","2","03","","N","","","","","","","","","","",""
"2022068325","0147","1","0","0","0","0","0","0","0","0","5","0","","67","07","2022","7","39.9828","-75.2079","0135","06","0","0","0","0","0","0","0","0","","0","0","0","01","3","0","00","N","0","39 58:58.232","","00","75 12:28.328","9","0","0","0","67301","0","0","0","N","0","0","0","3","68K01","0","","1","09","","N","N","N","0","","0","0","0","0","0","","0132","0","2","0","0","0","0","1","2","0","2","07","07","N","","","","","","","","","","",""
"2022052762","1740","1","0","0","0","0","0","0","0","0","4","0","","67","06","2022","2","40.077","-75.0845","1732","06","0","0","0","0","0","1","0","0","","0","0","0","17","1","1","00","N","0","40 04:37.170","","07","75 05:04.213","3","0","0","0","67301","0","0","0","N","0","0","0","2","67301","0","","1","01","","N","N","N","0","","1","0","1","0","0","","1710","1","2","0","0","0","0","0","2","0","2","03","","N","","","","","","","","","","",""
"2022049432","1310","1","0","0","0","0","0","0","0","0","8","0","","67","05","2022","4","39.9863","-75.1561","1300","06","0","0","0","0","0","0","0","0","","0","0","0","14","1","1","01","","0","39 59:10.572","","00","75 09:22.129","3","0","0","0","67301","1","0","0","N","1","0","0","2","67301","0","","1","01","","N","N","N","0","","1","0","0","3","2","","1400","1","2","0","0","0","0","0","2","0","1","03","03","N","","","","","","","","","","",""
"2022058734","0914","0","0","0","0","0","0","0","0","0","4","1","","67","06","2022","4","39.9624","-75.1829","0900","06","0","0","0","0","0","1","0","0","","0","1","0","08","1","1","00","N","1","39 57:44.663","4","00","75 10:58.372","8","0","0","0","67301","0","0","0","N","0","0","0","2","68K01","0","","1","01","0952","N","N","N","1","","0","0","0","0","0","N","0859","1","2","0","0","0","1","0","2","0","2","03","03","N","","","","","","","","","","",""
"2022047922","2339","1","0","0","0","0","0","0","0","0","1","0","","67","05","2022","6","39.9541","-75.1408","2339","06","0","0","0","0","0","1","0","0","","0","0","0","23","3","0","00","N","2","39 57:14.700","4","03","75 08:27.000","0","0","0","0","67301","0","0","0","N","0","0","0","4","67501","0","","1","01","2351","N","N","N","0","","0","0","0","0","0","Y","2339","0","2","0","0","1","0","0","2","1","2","03","03","N","","","","","","","","","","",""
"2022047186","0039","2","0","0","0","0","0","0","0","0","1","0","","67","05","2022","3","39.9751","-75.195","0033","06","0","0","0","0","0","0","0","0","","0","0","0","21","3","1","01","","0","39 58:30.316","","00","75 11:41.875","3","0","0","0","67301","0","0","0","N","0","0","0","4","67301","0","","1","01","","N","N","N","0","","1","0","0","3","2","","2150","1","2","0","0","0","0","0","2","0","2","03","03","N","","","","","","","","","","",""
"2022047181","1325","1","0","0","0","0","0","0","0","0","5","0","","67","05","2022","2","40.0179","-75.0588","1320","06","0","0","0","0","0","0","0","0","","0","0","0","13","1","1","00","N","1","40 01:04.501","1","00","75 03:31.532","3","0","0","0","67301","0","0","0","N","0","0","0","3","67301","0","","6","01","1400","N","N","N","0","","1","0","1","0","0","N","1319","1","2","0","0","0","0","1","2","0","2","04","03","N","","","","","","","","","","",""
"2022046812","1550","1","0","0","0","0","0","0","0","0","2","0","","67","05","2022","4","39.9829","-75.1523","1548","06","0","0","0","0","0","0","0","0","","0","0","0","15","1","0","00","N","2","39 58:58.500","2","00","75 09:08.300","0","0","0","0","67301","0","0","0","N","0","0","0","2","67505","0","","1","01","1630","N","N","N","0","","0","0","0","0","0","Y","1535","0","2","0","0","0","0","0","2","0","2","03","03","N","","","","","","","","","","",""
"2022059107","0350","1","0","0","0","0","0","0","0","0","7","0","","67","05","2022","7","39.9877","-75.2074","0349","06","0","0","0","0","0","0","0","0","","0","0","0","03","3","0","00","N","0","39 59:15.888","","00","75 12:26.642","0","0","0","0","67301","0","0","0","N","0","0","0","1","68K01","0","","3","09","","N","N","N","0","","0","0","0","0","0","","0346","0","1","0","0","0","0","0","2","0","1","03","","N","","","","","","","","","","",""
"2022050563","1200","0","0","0","0","0","0","0","0","0","8","0","","67","05","2022","6","39.9631","-75.2281","1200","06","0","0","0","0","0","0","0","0","","0","0","0","21","8","1","00","N","0","39 57:47.060","","00","75 13:41.060","8","0","0","0","67301","1","0","0","N","1","0","0","2","67301","0","","1","99","","N","N","N","0","","0","0","0","0","0","","2100","1","2","0","0","0","1","1","2","0","1","99","","N","","","","","","","","","","",""
"2022050555","1506","0","0","0","0","0","0","0","0","0","4","0","","67","05","2022","5","39.9668","-75.2418","1504","06","0","0","0","0","0","0","0","0","","0","0","0","15","1","0","01","","0","39 58:00.577","","00","75 14:30.400","0","0","0","0","67301","0","0","0","N","0","0","0","5","67301","0","","1","01","","N","N","N","0","","0","0","1","3","3","","1504","0","2","0","0","0","0","0","2","1","2","03","03","N","","","","","","","","","","",""
"2022060054","0145","2","0","0","0","0","0","0","0","0","1","0","","67","06","2022","2","39.9665","-75.222","0145","06","0","0","0","0","0","0","0","0","","0","0","0","01","3","1","00","N","0","39 57:59.420","","00","75 13:19.080","3","0","0","0","67301","0","0","0","N","0","0","0","1","67301","0","","1","01","","N","N","N","0","","1","0","0","0","0","","0108","1","2","0","0","0","0","0","2","0","2","03","03","N","","","","","","","","","","",""
"2022060553","1519","1","0","0","0","0","0","0","0","0","1","1","","67","06","2022","2","39.9724","-75.2174","1504","06","0","0","0","0","0","0","0","0","","0","1","0","15","1","4","03","","0","39 58:20.619","","00","75 13:02.585","8","0","0","0","67301","0","0","0","N","0","0","0","5","67301","0","","1","09","","N","N","N","0","","0","0","0","3","2","","1503","4","2","0","0","0","4","0","2","0","2","07","07","N","","","","","","","","","","",""
"2022047549","1313","0","0","0","0","0","0","0","0","0","8","0","","67","05","2022","6","39.9521","-75.1615","1258","06","0","0","0","0","0","1","0","0","","0","0","0","12","1","2","01","","0","39 57:07.661","","00","75 09:41.216","8","0","0","0","67301","2","0","0","N","2","0","0","3","67301","0","","1","01","","N","N","N","0","","0","0","0","3","2","","1256","2","3","0","0","0","2","0","2","1","1","03","03","N","","","","","","","","","","",""
"2022059116","0329","0","0","0","0","0","0","0","0","0","7","0","","67","06","2022","5","39.9669","-75.134","0320","06","0","0","0","1","0","0","0","0","","0","0","0","01","3","1","00","N","0","39 58:00.686","","00","75 08:02.439","3","0","0","0","67301","0","0","0","N","0","0","0","1","68K01","0","","4","09","","N","N","N","0","","1","0","1","0","0","","0125","1","1","0","0","0","0","0","2","0","1","07","","N","","","","","","","","","","",""
"2022060139","0915","0","0","0","0","0","0","0","0","0","8","0","","67","06","2022","3","39.9426","-75.1571","0913","06","0","0","0","0","0","0","0","0","","1","0","0","09","1","0","01","","0","39 56:33.366","","00","75 09:25.422","1","0","0","0","67301","1","1","0","N","1","1","0","2","67301","0","2","1","01","","N","N","N","0","0","0","0","0","3","2","","0905","0","2","0","0","0","0","0","2","1","1","03","03","N","","","","","","","","","","",""
"2022059119","1824","1","0","0","0","0","0","0","0","0","1","0","","67","06","2022","1","39.9577","-75.1604","1806","06","0","0","0","0","0","0","0","0","","0","0","0","18","1","0","00","N","1","39 57:27.658","4","00","75 09:37.551","0","0","0","0","67301","0","0","0","N","0","0","0","2","68K01","0","","1","01","1810","N","N","N","0","","0","0","1","0","0","N","1801","0","2","0","0","0","0","0","2","0","2","03","","N","","","","","","","","","","",""
"2022048482","0027","0","0","0","0","0","0","0","0","0","4","0","","67","05","2022","6","40.0553","-75.1929","0020","06","0","0","0","0","0","0","0","0","","0","0","0","00","3","1","01","","1","40 03:19.015","4","00","75 11:34.594","4","0","0","1","67301","0","0","0","N","0","0","0","2","67301","1","","1","01","0045","N","N","N","0","","0","0","1","3","2","N","0011","1","2","0","0","0","0","0","2","0","2","03","","N","","","","","","","","","","",""
"2022047230","1850","0","0","0","0","0","0","0","0","0","7","0","","67","05","2022","5","39.995","-75.1544","1837","06","0","0","0","0","0","0","0","0","","0","0","0","18","1","1","00","N","0","39 59:41.994","","00","75 09:15.778","3","0","0","1","67301","0","0","0","N","0","0","0","1","67301","0","","4","01","","N","N","N","0","","1","0","0","0","0","","1825","1","2","0","0","0","0","0","2","0","1","03","03","N","","","","","","","","","","",""
"2022026659","","1","0","0","0","0","0","0","0","0","1","1","","67","02","2022","3","40.0126","-75.1609","","06","0","0","0","0","0","0","0","0","","0","1","0","19","2","2","01","","0","40 00:45.376","","00","75 09:39.277","8","0","0","0","67301","0","0","0","N","0","0","0","3","00000","0","","1","01","","N","N","N","0","","0","0","0","3","2","","1945","2","2","0","0","0","2","0","2","0","2","03","03","N","","","","","","","","","","",""
"2022047180","1133","1","0","0","0","0","0","0","0","0","8","0","","67","05","2022","1","40.0339","-75.0462","1133","06","0","0","0","0","0","1","0","0","","0","0","0","11","8","1","00","N","1","40 02:02.009","1","00","75 02:46.363","2","0","0","0","67301","1","0","1","N","1","0","1","3","67301","0","","1","01","0115","N","N","N","0","","0","1","0","0","0","N","1130","1","2","0","0","0","0","0","2","0","1","03","03","N","","","","","","","","","","",""
"2022059815","1035","2","0","0","0","0","0","0","0","0","1","0","","67","05","2022","1","39.9852","-75.0944","1035","06","0","0","0","0","0","2","0","0","","0","0","0","10","1","0","00","N","1","39 59:06.740","2","00","75 05:39.924","0","0","0","0","67301","0","0","0","N","0","0","0","4","68K01","0","","1","01","1110","N","N","N","0","","0","0","0","0","0","N","1035","0","2","0","0","0","0","0","2","0","2","03","","N","","","","","","","","","","",""
"2022026658","","1","0","0","0","0","0","0","0","0","1","0","","67","02","2022","1","39.9265","-75.2331","","06","0","0","0","0","0","0","0","0","","0","0","0","15","1","1","01","","0","39 55:35.252","","00","75 13:59.106","8","0","0","0","67301","0","0","0","N","0","0","0","2","00000","0","","1","01","","","","N","0","","0","0","0","3","2","","1525","1","2","0","0","0","1","0","2","0","2","03","","N","","","","","","","","","","",""
"2022045911","1030","0","0","0","0","0","0","0","0","0","7","0","","67","05","2022","2","39.9765","-75.1583","1021","06","0","0","0","0","0","0","0","0","","0","0","0","09","1","0","00","N","0","39 58:35.379","","07","75 09:29.769","0","0","0","0","67301","0","0","0","N","0","0","0","1","67301","0","","3","01","","N","N","N","0","","0","0","1","3","3","","0948","0","1","0","0","0","0","0","2","0","1","03","04","N","","","","","","","","","","",""
"2022046579","1757","1","0","0","0","0","0","0","0","0","8","0","","67","05","2022","4","39.9616","-75.1897","1756","06","0","0","0","0","0","0","0","0","","0","0","0","17","1","1","01","","0","39 57:41.795","","00","75 11:22.786","3","0","0","0","67301","1","0","0","N","1","0","0","2","67507","0","","1","01","","N","N","N","0","","1","0","0","3","3","","1756","1","2","0","0","0","0","0","2","0","1","03","03","N","","","","","","","","","","",""
"2022060072","2025","1","0","0","0","0","0","0","0","0","8","0","","67","06","2022","4","39.9898","-75.1255","2020","06","0","0","0","0","0","0","0","0","","0","0","0","20","4","1","01","","0","39 59:23.311","","00","75 07:31.914","8","0","0","0","67301","1","0","0","N","1","0","0","2","67301","0","","1","01","","N","N","N","0","","0","0","0","0","0","","2000","1","2","0","0","0","1","0","2","0","1","03","03","N","","","","","","","","","","",""
"2022045286","2110","1","0","0","0","0","0","0","0","0","8","0","","67","05","2022","6","39.9754","-75.1619","2108","06","0","0","0","0","0","0","0","0","","0","0","0","21","3","1","00","N","0","39 58:31.590","","00","75 09:42.960","3","0","0","0","67301","1","0","0","N","1","0","0","2","67301","0","","1","01","","N","N","N","0","","1","0","0","0","0","","2106","1","2","0","0","0","0","0","2","0","1","03","03","N","","","","","","","","","","",""