"CRN","ARRIVAL_TM","AUTOMOBILE_COUNT","BELTED_DEATH_COUNT","BELTED_SUSP_SERIOUS_INJ_COUNT","BICYCLE_COUNT","BICYCLE_DEATH_COUNT","BICYCLE_SUSP_SERIOUS_INJ_COUNT","BUS_COUNT","CHLDPAS_DEATH_COUNT","CHLDPAS_SUSP_SERIOUS_INJ_COUNT","COLLISION_TYPE","COMM_VEH_COUNT","CONS_ZONE_SPD_LIM","COUNTY","CRASH_MONTH","CRASH_YEAR","DAY_OF_WEEK","DEC_LAT","DEC_LONG","DISPATCH_TM","DISTRICT","DRIVER_COUNT_16YR","DRIVER_COUNT_17YR","DRIVER_COUNT_18YR","DRIVER_COUNT_19YR","DRIVER_COUNT_20YR","DRIVER_COUNT_50_64YR","DRIVER_COUNT_65_74YR","DRIVER_COUNT_75PLUS","EST_HRS_CLOSED","FATAL_COUNT","HEAVY_TRUCK_COUNT","HORSE_BUGGY_COUNT","HOUR_OF_DAY","ILLUMINATION","INJURY_COUNT","INTERSECT_TYPE","INTERSECTION_RELATED","LANE_CLOSED","LATITUDE","LN_CLOSE_DIR","LOCATION_TYPE","LONGITUDE","MAX_SEVERITY_LEVEL","MCYCLE_DEATH_COUNT","MCYCLE_SUSP_SERIOUS_INJ_COUNT","MOTORCYCLE_COUNT","MUNICIPALITY","NONMOTR_COUNT","NONMOTR_DEATH_COUNT","NONMOTR_SUSP_SERIOUS_INJ_COUNT","NTFY_HIWY_MAINT","PED_COUNT","PED_DEATH_COUNT","PED_SUSP_SERIOUS_INJ_COUNT","PERSON_COUNT","POLICE_AGCY","POSSIBLE_INJ_COUNT","RDWY_SURF_TYPE_CD","RELATION_TO_ROAD","ROAD_CONDITION","ROADWAY_CLEARED","SCH_BUS_IND","SCH_ZONE_IND","SECONDARY_CRASH","SMALL_TRUCK_COUNT","SPEC_JURIS_CD","SUSP_MINOR_INJ_COUNT","SUSP_SERIOUS_INJ_COUNT","SUV_COUNT","TCD_FUNC_CD","TCD_TYPE","TFC_DETOUR_IND","TIME_OF_DAY","TOT_INJ_COUNT","TOTAL_UNITS","UNB_DEATH_COUNT","UNB_SUSP_SERIOUS_INJ_COUNT","UNBELTED_OCC_COUNT","UNK_INJ_DEG_COUNT","UNK_INJ_PER_COUNT","URBAN_RURAL","VAN_COUNT","VEHICLE_COUNT","WEATHER1","WEATHER2","WORK_ZONE_IND","WORK_ZONE_LOC","WORK_ZONE_TYPE","WORKERS_PRES","WZ_CLOSE_DETOUR","WZ_FLAGGER","WZ_LAW_OFFCR_IND","WZ_LN_CLOSURE","WZ_MOVING","WZ_OTHER","WZ_SHLDER_MDN","WZ_WORKERS_INJ_KILLED"
"2022045444","2055","2","0","0","0","0","0","0","0","0","4","0","","67","05","2022","7","39.9458","-75.1668","2053","06","0","0","0","0","0","0","0","0","","0","0","0","20","3","1","01","","0","39 56:44.757","","00","75 10:00.390","3","0","0","0","67301","0","0","0","N","0","0","0","3","67301","0","","1","01","","N","N","N","0","","1","0","0","3","2","","2025","1","3","0","0","0","0","0","2","1","3","03","","N","","","","","","","","","","",""
"2022060377","0006","1","0","0","0","0","0","0","0","0","7","0","","67","06","2022","5","40.0599","-75.201","0004","06","0","0","0","0","0","0","0","0","","0","0","0","00","3","0","00","N","2","40 03:35.610","6","00","75 12:03.710","0","0","0","0","67301","0","0","0","N","0","0","0","1","67301","0","","4","01","0105","N","N","N","0","","0","0","0","0","0","Y","0001","0","1","0","0","0","0","0","2","0","1","03","03","N","","","","","","","","","","",""
"2022060027","1645","2","0","0","0","0","0","0","0","0","4","0","","67","06","2022","7","39.935","-75.2352","1645","06","0","0","0","0","0","1","0","0","","0","0","0","16","1","1","01","","0","39 56:06.028","","00","75 14:06.874","3","0","0","0","67301","0","0","0","N","0","0","0","2","67301","0","","1","01","","N","N","N","0","","1","0","0","3","2","","1600","1","2","0","0","0","0","0","2","0","2","03","03","N","","","","","","","","","","",""
"2022048952","2135","2","0","0","0","0","0","0","0","0","4","0","","67","05","2022","6","39.9704","-75.15","2129","06","0","0","0","0","0","1","0","0","","0","0","0","21","3","0","01","","1","39 58:13.542","4","00","75 08:59.953","0","0","0","0","67301","0","0","0","N","0","0","0","3","67301","0","","1","01","2250","N","N","N","0","","0","0","0","3","2","N","2100","0","2","0","0","1","0","0","2","0","2","03","03","N","","","","","","","","","","",""
"2022068561","1238","1","0","0","0","0","0","0","0","0","1","0","","67","07","2022","1","40.0691","-75.2405","1232","06","0","0","0","0","0","0","0","0","","0","0","0","12","1","0","00","N","0","40 04:08.891","","00","75 14:25.835","0","0","0","0","67301","0","0","0","N","0","0","0","3","67301","0","","1","01","","N","N","N","0","","0","0","1","0","0","","1230","0","2","0","0","3","0","0","2","0","2","03","03","N","","","","","","","","","","",""
"2022055564","0930","1","0","0","0","0","0","0","0","0","8","0","","67","06","2022","6","39.9449","-75.1598","0900","06","0","0","0","0","0","0","0","0","","0","0","0","05","1","1","01","","0","39 56:41.647","","00","75 09:35.256","4","0","0","0","67301","1","0","0","N","1","0","0","2","67301","1","","1","99","","N","N","N","0","","0","0","0","3","2","","0500","1","2","0","0","0","0","0","2","0","1","03","03","N","","","","","","","","","","",""
"2022037144","","2","0","0","0","0","0","0","0","0","1","0","","67","04","2022","2","40.0202","-75.0435","","06","0","0","0","0","1","0","0","0","","0","0","0","14","1","1","00","N","0","40 01:12.751","","00","75 02:36.462","8","0","0","0","67301","0","0","0","N","0","0","0","2","00000","0","","1","01","","","","N","0","","0","0","0","0","0","","1445","1","2","0","0","0","1","0","2","0","2","03","","N","","","","","","","","","","",""
"2022069594","1446","1","0","0","0","0","0","0","0","0","5","0","","67","07","2022","7","39.9896","-75.0873","1427","06","0","0","0","0","0","0","0","0","","0","0","0","14","1","0","00","N","1","39 59:22.463","1","00","75 05:14.179","0","0","0","0","67301","0","0","0","N","0","0","0","3","68K01","0","","1","01","1500","N","N","N","0","","0","0","0","0","0","N","1425","0","2","0","0","1","0","0","2","1","2","03","03","N","","","","","","","","","","",""
"2022037157","","1","0","0","0","0","0","0","0","0","5","0","","67","04","2022","7","39.9561","-75.159","","06","0","0","0","0","0","1","0","0","","0","0","0","16","1","2","00","N","0","39 57:21.900","","00","75 09:32.300","8","0","0","0","67301","0","0","0","N","0","0","0","3","00000","0","","1","01","","","","N","0","","0","0","1","0","0","","1617","2","2","0","0","0","2","0","2","0","2","03","","N","","","","","","","","","","",""
"2022047159","0223","2","0","0","0","0","0","0","0","0","1","0","","67","05","2022","4","40.0392","-75.11","0219","06","0","0","0","0","0","1","0","0","","0","0","0","02","3","0","01","","0","40 02:20.942","","00","75 06:36.006","9","0","0","0","67301","0","0","0","N","0","0","0","2","67301","0","","1","01","","N","N","N","0","","0","0","0","3","2","","0215","0","2","0","0","0","0","1","2","0","2","03","03","N","","","","","","","","","","",""
"2022045445","2151","2","0","0","0","0","0","0","0","0","4","0","","67","05","2022","6","39.9738","-75.2064","2151","06","0","0","0","0","0","0","0","0","","0","0","0","21","3","0","01","","0","39 58:25.797","","00","75 12:23.198","0","0","0","0","67301","0","0","0","N","0","0","0","2","67301","0","","1","01","","N","N","N","0","","0","0","0","3","2","","2100","0","2","0","0","0","0","0","2","0","2","03","03","N","","","","","","","","","","",""
"2022060367","0400","2","0","0","0","0","0","0","0","0","2","0","","67","06","2022","1","39.9206","-75.1907","0355","06","0","0","0","0","0","1","0","0","","0","0","0","03","3","2","07","","0","39 55:14.292","","02","75 11:26.447","3","0","0","0","67301","0","0","0","N","0","0","0","2","67301","0","","9","08","","N","N","N","0","","2","0","0","0","0","","0354","2","2","0","0","1","0","0","2","0","2","07","04","N","","","","","","","","","","",""
"2022045186","0230","2","0","0","0","0","0","0","0","0","1","0","","67","05","2022","7","40.0756","-75.0403","0223","06","0","0","0","0","0","0","1","0","","0","0","0","02","3","0","00","N","0","40 04:32.000","","00","75 02:25.200","0","0","0","0","67301","0","0","0","N","0","0","0","1","67301","0","","6","01","","N","N","N","0","","0","0","0","0","0","","0215","0","2","0","0","0","0","0","2","0","2","03","03","N","","","","","","","","","","",""
"2022060089","1919","1","0","0","0","0","0","0","0","0","8","0","","67","06","2022","3","40.0149","-75.1181","1919","06","0","0","0","0","0","0","0","0","","0","0","0","19","1","2","00","N","0","40 00:53.726","","00","75 07:05.223","3","0","0","0","67301","2","0","0","N","2","0","0","3","67301","0","","1","01","","N","N","N","0","","2","0","0","0","0","","1906","2","3","0","0","1","0","0","2","0","1","03","04","N","","","","","","","","","","",""
"2022060361","0103","2","0","0","0","0","0","0","0","0","4","0","","67","06","2022","4","39.9674","-75.2187","0056","06","0","0","0","0","0","1","0","0","","0","0","0","00","3","0","00","N","0","39 58:02.600","","00","75 13:07.200","9","0","0","0","67301","0","0","0","N","0","0","0","1","67301","0","","2","01","","N","N","N","0","","0","0","0","0","0","","0054","0","2","0","0","0","0","1","2","0","2","03","","N","","","","","","","","","","",""
"2022056501","2040","3","0","0","0","0","0","0","0","0","1","0","","67","05","2022","1","39.9784","-75.2027","2031","06","0","0","0","0","0","1","0","0","","0","0","0","20","3","1","00","N","0","39 58:42.377","","00","75 12:09.616","4","0","0","0","67301","0","0","0","N","0","0","0","4","68K01","1","","1","01","","N","N","N","0","","0","0","1","0","0","","2030","1","4","0","0","0","0","0","2","0","4","03","03","N","","","","","","","","","","",""
"2022045088","0148","0","0","0","0","0","0","0","0","0","5","0","","67","05","2022","7","40.0311","-75.1251","0145","06","0","0","0","0","0","0","0","0","","0","0","0","01","3","0","00","N","1","40 01:51.800","3","00","75 07:30.230","0","0","0","0","67301","0","0","0","N","0","0","0","2","67301","0","","6","01","0300","N","N","N","0","","0","0","2","0","0","N","0116","0","2","0","0","0","0","0","2","0","2","03","03","N","","","","","","","","","","",""
"2022045323","2358","0","0","0","1","0","0","0","0","0","8","0","","67","05","2022","7","39.9892","-75.1268","2348","06","0","0","0","0","0","0","0","0","","0","0","0","23","3","1","00","N","0","39 59:21.000","","01","75 07:36.300","3","0","0","0","67301","1","0","0","N","0","0","0","2","67301","0","","1","01","","N","N","N","0","","1","0","0","0","0","","2340","1","2","0","0","0","0","0","2","0","1","03","03","N","","","","","","","","","","",""
"2022045535","1857","1","0","0","0","0","0","0","0","0","4","0","","67","05","2022","7","40.0385","-75.0518","1853","06","0","0","0","0","1","0","0","0","","0","0","0","18","1","0","01","","0","40 02:18.549","","00","75 03:06.494","0","0","0","0","67301","0","0","0","N","0","0","0","2","67301","0","","1","09","","N","N","Y","1","","0","0","1","3","2","","1836","0","4","0","0","2","0","0","2","1","4","07","","N","","","","","","","","","","",""
"2022020748","0859","0","0","0","0","0","0","0","0","0","5","0","","67","02","2022","6","40.0411","-75.0758","0858","06","0","0","0","0","0","0","0","0","","0","0","0","08","1","1","02","","1","40 02:27.863","1","00","75 04:32.844","3","0","0","0","67301","0","0","0","N","0","0","0","2","67301","0","","1","09","0944","N","N","N","0","","1","0","2","0","0","N","0856","1","2","0","0","1","0","0","2","0","2","07","07","N","","","","","","","","","","",""
"2022033239","0834","1","0","0","0","0","0","0","0","0","1","0","","67","04","2022","3","39.9726","-75.1445","0833","06","0","0","0","0","0","0","0","0","","0","0","0","08","1","2","01","","1","39 58:21.475","1","00","75 08:40.059","3","0","0","0","67301","0","0","0","N","0","0","0","3","67301","1","","1","01","0930","N","N","N","0","","1","0","2","3","2","N","0830","2","3","0","0","0","0","0","2","0","3","04","04","N","","","","","","","","","","",""
"2022023718","1537","1","0","0","0","0","0","0","0","0","4","0","","67","02","2022","2","39.9572","-75.1587","1537","06","0","0","0","0","0","0","1","0","","0","0","0","15","1","3","01","","0","39 57:25.888","","03","75 09:31.377","3","0","0","0","67301","0","0","0","N","0","0","0","3","67301","2","","1","01","","N","N","N","0","","1","0","1","3","2","","1525","3","2","0","0","2","0","0","2","0","2","03","","N","","","","","","","","","","",""
"2022049130","0051","1","0","0","0","0","0","0","0","0","7","0","","67","05","2022","7","40.048","-74.9991","0041","06","0","0","0","0","0","0","0","0","","0","0","0","00","3","0","00","N","0","40 02:52.915","","00","74 59:56.641","0","0","0","0","67301","0","0","0","N","0","0","0","2","68K01","0","","2","01","","N","N","N","0","","0","0","0","0","0","","0039","0","1","0","0","0","0","0","2","0","1","03","","N","","","","","","","","","","",""
"2022043892","0040","2","0","0","0","0","0","0","0","0","4","0","","67","05","2022","7","39.9247","-75.24","0035","06","0","0","0","0","0","1","0","0","","0","0","0","00","3","1","00","N","0","39 55:28.800","","00","75 14:24.050","3","0","0","0","67301","0","0","0","N","0","0","0","1","67301","0","","6","09","","N","N","N","0","","1","0","0","3","3","","0030","1","2","0","0","0","0","0","2","0","2","07","07","N","","","","","","","","","","",""
"2022032901","2220","3","0","0","0","0","0","0","0","0","4","0","","67","03","2022","5","39.9455","-75.1717","2215","06","0","0","0","0","1","0","0","0","","0","0","0","22","3","2","01","","1","39 56:43.651","4","00","75 10:18.048","3","0","0","0","67301","0","0","0","N","0","0","0","2","67301","0","","1","09","1115","N","N","N","0","","2","0","0","3","2","N","2205","2","3","0","0","0","0","0","2","0","3","04","","N","","","","","","","","","","",""
"2022032899","0028","2","0","0","0","0","0","0","0","0","4","0","","67","03","2022","5","39.97","-75.2082","0025","06","0","0","0","0","0","0","0","0","","0","0","0","00","3","0","01","","0","39 58:12.104","","00","75 12:29.649","9","0","0","0","67301","0","0","0","N","0","0","0","3","67301","0","","1","01","","N","N","N","0","","0","0","1","3","3","","0001","0","3","0","0","0","0","2","2","0","3","03","","N","","","","","","","","","","",""
"2022025261","0118","2","0","0","0","0","0","0","0","0","3","0","","67","03","2022","7","39.9234","-75.2375","0115","06","0","0","1","0","0","0","0","0","","0","0","0","00","3","0","00","N","0","39 55:24.100","","00","75 14:15.100","9","0","0","0","67301","0","0","0","N","0","0","0","2","67301","0","","1","01","","N","N","N","0","","0","0","0","0","0","","0055","0","2","0","0","0","0","1","2","0","2","03","03","N","","","","","","","","","","",""
"2022032849","0031","3","0","0","0","0","0","0","0","0","5","0","","67","04","2022","1","39.926","-75.1575","0030","06","0","0","0","0","0","0","0","0","","0","0","0","00","3","0","00","N","0","39 55:33.510","","00","75 09:27.060","0","0","0","0","67301","0","0","0","N","0","0","0","1","67301","0","","6","01","","N","N","Y","1","","0","0","2","0","0","","0020","0","6","0","0","0","0","0","2","0","6","03","03","N","","","","","","","","","","",""
"2022044014","0315","1","0","0","0","0","0","0","0","0","4","0","","67","02","2022","6","40.0026","-75.0997","0313","06","0","0","0","0","0","0","0","0","","0","0","0","03","3","1","05","","0","40 00:09.273","","00","75 05:59.019","3","0","0","0","67301","0","0","0","N","0","0","0","2","67301","0","","1","09","","N","N","N","0","","1","0","1","3","2","","0308","1","2","0","0","0","0","0","2","0","2","07","07","N","","","","","","","","","","",""
"2022047518","1245","4","0","0","0","0","0","0","0","0","4","0","","67","05","2022","6","40.0296","-75.1752","1240","06","0","0","0","0","0","0","1","0","","0","0","0","11","1","1","00","N","0","40 01:46.477","","00","75 10:30.592","8","0","0","0","67301","0","0","0","N","0","0","0","1","67301","0","","6","01","","N","N","N","1","","0","0","0","0","0","","1130","1","5","0","0","0","1","0","2","0","5","03","03","N","","","","","","","","","","",""
"2022020750","1515","0","0","0","0","0","0","0","0","0","8","0","","67","02","2022","2","40.0211","-75.121","1549","06","0","0","0","0","0","0","0","0","","0","0","0","15","1","1","00","N","0","40 01:16.110","","00","75 07:15.610","3","0","0","0","67301","1","0","0","N","1","0","0","2","67301","0","","1","01","","N","Y","N","1","","1","0","0","0","0","","1500","1","2","0","0","0","0","0","2","0","1","03","03","N","","","","","","","","","","",""
"2022044539","1331","2","0","0","0","0","0","0","0","0","4","0","","67","04","2022","7","39.9871","-75.2323","1331","06","0","0","0","0","0","0","0","0","","1","0","0","13","1","0","00","N","2","39 59:13.500","5","00","75 13:56.300","1","0","0","0","67301","0","0","0","N","0","0","0","1","67301","0","2","6","01","1550","N","N","N","0","0","0","0","1","0","0","Y","1330","0","3","1","0","1","0","0","2","0","3","03","","N","","","","","","","","","","",""
"2022019562","0340","0","0","0","0","0","0","0","0","0","7","0","","67","02","2022","1","39.9613","-75.1594","0340","06","0","0","0","0","0","0","0","0","","0","0","0","02","3","0","00","N","1","39 57:40.700","1","00","75 09:34.000","0","0","0","0","67301","0","0","0","N","0","0","0","2","67301","0","","6","01","0342","N","N","N","1","","0","0","0","0","0","Y","0215","0","1","0","0","0","0","0","2","0","1","03","03","N","","","","","","","","","","",""
"2022036547","1310","2","0","0","0","0","0","0","0","0","1","0","","67","03","2022","6","39.9673","-75.1324","1302","06","0","0","0","0","0","1","0","0","","0","0","0","12","1","0","00","N","0","39 58:02.205","","00","75 07:56.653","0","0","0","0","67301","0","0","0","N","0","0","0","2","68K01","0","","1","01","","N","N","N","0","","0","0","0","0","0","","1259","0","2","0","0","0","0","0","2","0","2","03","03","N","","","","","","","","","","",""
"2022023783","2107","5","0","0","0","0","0","0","0","0","6","0","","67","02","2022","1","40.0105","-75.151","2059","06","0","0","0","1","0","0","0","0","","0","0","0","20","3","1","00","N","1","40 00:37.648","2","00","75 09:03.568","8","0","0","0","67301","0","0","0","N","0","0","0","7","67301","0","","1","01","2145","N","N","N","0","","0","0","0","0","0","N","2031","1","5","0","0","0","1","4","2","0","5","03","","N","","","","","","","","","","",""
"2022014551","1715","1","0","0","0","0","0","0","0","0","4","0","","67","02","2022","2","40.0356","-75.0705","1706","06","0","0","0","0","0","2","0","0","","0","0","0","16","1","1","01","","0","40 02:08.240","","00","75 04:13.971","3","0","0","0","67301","0","0","0","N","0","0","0","3","67301","0","","1","09","","N","N","N","1","","1","0","0","3","2","","1635","1","2","0","0","0","0","0","2","0","2","07","","N","","","","","","","","","","",""
"2022050577","2131","2","0","0","0","0","0","0","0","0","1","0","","67","05","2022","2","40.0419","-75.1505","2131","06","0","0","0","0","0","0","0","0","","0","0","0","21","3","1","00","N","0","40 02:30.900","","00","75 09:01.680","3","0","0","0","67301","0","0","0","N","0","0","0","1","67301","0","","6","01","","N","N","N","0","","1","0","1","0","0","","2130","1","3","0","0","0","0","0","2","0","3","03","","N","","","","","","","","","","",""
"2022043981","1410","2","0","0","0","0","0","0","0","0","6","0","","67","04","2022","4","39.9793","-75.2177","1359","06","0","0","0","0","0","0","0","0","","0","0","0","02","6","1","00","N","0","39 58:45.651","","00","75 13:03.615","3","0","0","0","67301","0","0","0","N","0","0","0","2","67301","0","","1","01","","N","N","N","0","","1","0","0","0","0","","0200","1","2","0","0","0","0","0","2","0","2","03","03","N","","","","","","","","","","",""
"2022039716","1136","1","0","0","0","0","0","0","0","0","7","0","","67","03","2022","6","39.918","-75.1479","1127","06","0","0","0","1","0","0","0","0","","0","0","0","11","1","0","00","N","1","39 55:04.760","2","00","75 08:52.381","0","0","0","0","67301","0","0","0","N","0","0","0","1","68K01","0","","2","01","1207","N","N","N","0","","0","0","0","0","0","N","1126","0","1","0","0","0","0","0","2","0","1","03","","N","","","","","","","","","","",""
"2022046219","2048","2","0","0","0","0","0","0","0","0","1","0","","67","04","2022","6","39.8971","-75.189","2038","06","0","0","0","0","0","0","0","0","","0","0","0","20","3","2","00","N","0","39 53:49.638","","00","75 11:20.461","4","0","0","0","67301","0","0","0","N","0","0","0","2","68K01","2","","1","01","","N","N","N","0","","0","0","0","0","0","","2033","2","2","0","0","0","0","0","2","0","2","03","03","N","","","","","","","","","","",""
"2022023398","1801","1","0","0","0","0","0","0","0","0","1","0","","67","02","2022","7","39.957","-75.1529","1747","06","0","0","0","0","0","1","0","0","","0","0","0","17","3","0","00","N","1","39 57:25.251","4","00","75 09:10.422","0","0","0","0","67301","0","0","0","N","0","0","0","2","68K01","0","","1","01","1758","N","N","N","0","","0","0","1","0","0","N","1744","0","2","0","0","0","0","0","2","0","2","03","","N","","","","","","","","","","",""
"2022050820","1702","2","0","0","0","0","0","0","0","0","2","0","","67","05","2022","1","39.998","-75.1078","1702","06","0","0","0","0","0","1","0","0","","0","0","0","17","2","1","00","N","0","39 59:52.740","","00","75 06:28.010","3","0","0","0","67301","0","0","0","N","0","0","0","2","67301","0","","1","01","","N","N","N","0","","1","0","2","0","0","","1702","1","4","0","0","2","0","0","2","0","4","03","03","N","","","","","","","","","","",""
"2022043888","0105","1","0","0","0","0","0","0","0","0","4","0","","67","05","2022","6","39.9325","-75.2323","0059","06","0","0","0","0","0","0","0","0","","0","0","0","00","3","0","00","N","0","39 55:56.870","","00","75 13:56.320","0","0","0","0","67301","0","0","0","N","0","0","0","2","67301","0","","1","01","","N","N","N","0","","0","0","2","0","0","","0035","0","3","0","0","0","0","0","2","0","3","03","03","N","","","","","","","","","","",""
"2022044022","0335","2","0","0","0","0","0","0","0","0","4","0","","67","03","2022","4","39.993","-75.1197","0330","06","0","0","0","0","0","0","0","0","","0","0","0","20","3","2","02","","9","39 59:34.915","","00","75 07:11.063","4","0","0","0","67301","0","0","0","N","0","0","0","2","67301","2","","1","01","","N","N","N","0","","0","0","0","3","3","","2053","2","2","0","0","0","0","0","2","0","2","03","03","N","","","","","","","","","","",""
"2022042369","0446","1","0","0","0","0","0","0","0","0","7","0","","67","05","2022","4","39.9842","-75.2082","0442","06","0","0","0","0","0","0","0","0","","0","0","0","04","3","0","00","N","0","39 59:03.080","","00","75 12:29.456","0","0","0","0","67301","0","0","0","N","0","0","0","1","68K01","0","","4","09","","N","N","N","0","","0","0","0","0","0","","0442","0","1","0","0","0","0","0","2","0","1","07","","N","","","","","","","","","","",""
"2022041703","2353","1","0","0","0","0","0","0","0","0","1","0","","67","04","2022","7","39.9547","-75.1944","2348","06","0","0","0","0","0","0","0","0","","0","0","0","23","3","0","01","","0","39 57:16.822","","00","75 11:40.080","0","0","0","0","67301","0","0","0","N","0","0","0","2","67504","0","","1","01","","N","N","N","0","","0","0","1","3","1","","2345","0","2","0","0","0","0","0","2","0","2","03","03","N","","","","","","","","","","",""
"2022052419","0615","0","0","0","0","0","0","0","0","0","7","0","","67","05","2022","7","39.8905","-75.2207","0615","06","0","0","0","0","0","1","0","0","","0","0","0","05","5","0","07","","0","39 53:25.838","","02","75 13:14.353","0","0","0","0","67301","0","0","0","N","0","0","0","1","68K01","0","","2","09","","N","N","N","0","","0","0","1","0","0","","0515","0","1","0","0","0","0","0","2","0","1","07","","N","","","","","","","","","","",""
"2022033246","0737","0","0","0","0","0","0","0","0","0","8","0","","67","03","2022","4","40.0098","-75.1669","0737","06","0","0","0","0","0","0","0","0","","0","0","0","07","1","1","01","","0","40 00:35.396","","00","75 10:00.737","8","0","0","0","67301","1","0","0","N","1","0","0","3","67508","0","","1","01","","","","N","0","","0","0","1","3","2","","0737","1","2","0","0","0","1","0","2","0","1","03","03","N","","","","","","","","","","",""
"2022046784","1810","1","0","0","0","0","0","1","0","0","4","1","","67","05","2022","2","40.0098","-75.1669","1805","06","0","0","0","0","0","0","0","0","","0","0","0","18","1","5","01","","0","40 00:35.518","","00","75 10:00.484","8","0","0","0","67301","0","0","0","N","0","0","0","7","67508","0","","1","01","","N","N","Y","0","","0","0","0","3","2","","1805","5","2","0","0","0","5","0","2","0","2","03","03","N","","","","","","","","","","",""
"2022026257","0006","2","0","0","0","0","0","0","0","0","4","0","","67","03","2022","4","39.9473","-75.1479","0006","06","0","0","0","0","0","0","0","0","","0","0","0","00","3","2","01","","0","39 56:50.249","","00","75 08:52.614","3","0","0","0","67301","0","0","0","N","0","0","0","2","67301","0","","1","01","","N","N","N","0","","2","0","0","3","2","","0006","2","2","0","0","0","0","0","2","0","2","03","03","N","","","","","","","","","","",""
"2022029169","2204","1","0","0","0","0","0","0","0","0","4","0","","67","03","2022","6","39.9177","-75.1577","2158","06","0","0","1","0","0","0","0","0","","0","0","0","21","3","0","01","","2","39 55:03.853","3","00","75 09:27.698","0","0","0","0","67301","0","0","0","N","0","0","0","2","67301","0","","1","99","2204","N","N","N","0","","0","0","1","3","3","Y","2155","0","2","0","0","0","0","0","2","0","2","03","","N","","","","","","","","","","",""
"2022045165","1630","0","0","0","0","0","0","1","0","0","5","1","","67","04","2022","4","39.9757","-75.1585","1620","06","0","0","0","0","0","0","0","0","","0","0","0","16","1","1","00","N","0","39 58:32.494","","00","75 09:30.424","8","0","0","0","67301","0","0","0","N","0","0","0","2","67508","0","","1","01","","N","N","Y","0","","0","0","0","0","0","","1620","1","2","0","0","0","1","0","2","0","2","03","03","N","","","","","","","","","","",""
"2022047163","1110","0","0","0","1","0","0","0","0","0","8","0","","67","05","2022","4","39.948","-75.1511","1110","06","0","0","0","0","0","0","0","0","","0","0","0","10","1","1","00","N","0","39 56:52.630","","00","75 09:03.780","3","0","0","0","67301","1","0","0","N","0","0","0","2","67301","0","","1","01","","N","N","N","0","","1","0","0","0","0","","1015","1","2","0","0","1","0","0","2","1","1","03","03","N","","","","","","","","","","",""
"2022046048","0214","2","0","0","0","0","0","0","0","0","2","0","","67","03","2022","4","40.0462","-75.1819","0212","06","0","0","0","0","0","1","0","0","","0","0","0","02","3","1","00","N","2","40 02:46.400","6","00","75 10:54.700","8","0","0","0","67301","0","0","0","N","0","0","0","1","67301","0","","6","01","0441","N","N","Y","0","","0","0","0","0","0","Y","0209","1","2","0","0","0","1","0","2","0","2","03","03","N","","","","","","","","","","",""
"2022050533","1326","1","0","0","0","0","0","0","0","0","4","0","","67","05","2022","7","40.0855","-74.9695","1316","06","0","0","0","0","0","0","0","0","","0","0","0","13","1","4","01","","0","40 05:07.699","","00","74 58:10.087","3","0","0","0","67301","0","0","0","N","0","0","0","6","67301","0","","1","01","","N","N","N","0","","4","0","1","3","2","","1315","4","2","0","0","0","0","0","2","0","2","03","","N","","","","","","","","","","",""
"2022024739","1521","0","0","0","0","0","0","0","0","0","4","0","","67","03","2022","5","40.0879","-74.9806","1521","06","0","0","1","0","0","0","0","0","","0","0","0","14","1","1","01","","0","40 05:16.476","","00","74 58:50.192","3","0","0","0","67301","0","0","0","N","0","0","0","2","67301","0","","1","01","","N","N","N","0","","1","0","2","3","3","","1425","1","2","0","0","0","0","0","2","0","2","03","03","N","","","","","","","","","","",""
"2022022990","0930","2","0","0","0","0","0","0","0","0","5","0","","67","03","2022","1","39.9549","-75.1917","0928","06","0","0","0","0","0","1","0","0","","0","0","0","09","1","0","00","N","1","39 57:17.700","2","00","75 11:30.000","0","0","0","0","67301","0","0","0","N","0","0","0","2","67507","0","","1","09","1010","N","N","Y","0","","0","0","0","0","0","N","0926","0","2","0","0","2","0","0","2","0","2","07","","N","","","","","","","","","","",""
"2022014788","1035","0","0","0","0","0","0","0","0","0","4","0","","67","02","2022","4","39.9789","-75.2662","1033","06","0","0","0","0","0","0","0","0","","0","0","0","08","1","1","01","","0","39 58:44.155","","00","75 15:58.456","3","0","0","0","67301","0","0","0","N","0","0","0","2","67301","0","","1","01","","N","N","N","0","","1","0","1","3","3","","0800","1","2","0","0","0","0","0","2","0","2","03","","N","","","","","","","","","","",""
"2022033136","2321","2","0","0","0","0","0","0","0","0","4","0","","67","04","2022","4","39.9206","-75.1803","2318","06","0","0","0","0","0","0","0","0","","0","0","0","23","3","1","01","","0","39 55:14.239","","00","75 10:49.144","3","0","0","0","67301","0","0","0","N","0","0","0","5","67301","0","","1","09","","N","N","N","0","","1","0","0","2","3","","2300","1","2","0","0","0","0","0","2","0","2","07","07","N","","","","","","","","","","",""
"2022026752","2225","2","0","0","0","0","0","0","0","0","5","0","","67","03","2022","1","39.9751","-75.1876","2225","06","0","0","0","0","0","0","0","0","","0","0","0","22","3","1","00","N","1","39 58:30.301","4","00","75 11:15.236","3","0","0","0","67301","0","0","0","N","0","0","0","3","67301","0","","1","01","0000","N","N","N","0","","1","0","0","0","0","Y","2225","1","2","0","0","0","0","0","2","0","2","03","03","N","","","","","","","","","","",""