"CRN","ARRIVAL_TM","AUTOMOBILE_COUNT","BELTED_DEATH_COUNT","BELTED_SUSP_SERIOUS_INJ_COUNT","BICYCLE_COUNT","BICYCLE_DEATH_COUNT","BICYCLE_SUSP_SERIOUS_INJ_COUNT","BUS_COUNT","CHLDPAS_DEATH_COUNT","CHLDPAS_SUSP_SERIOUS_INJ_COUNT","COLLISION_TYPE","COMM_VEH_COUNT","CONS_ZONE_SPD_LIM","COUNTY","CRASH_MONTH","CRASH_YEAR","DAY_OF_WEEK","DEC_LAT","DEC_LONG","DISPATCH_TM","DISTRICT","DRIVER_COUNT_16YR","DRIVER_COUNT_17YR","DRIVER_COUNT_18YR","DRIVER_COUNT_19YR","DRIVER_COUNT_20YR","DRIVER_COUNT_50_64YR","DRIVER_COUNT_65_74YR","DRIVER_COUNT_75PLUS","EST_HRS_CLOSED","FATAL_COUNT","HEAVY_TRUCK_COUNT","HORSE_BUGGY_COUNT","HOUR_OF_DAY","ILLUMINATION","INJURY_COUNT","INTERSECT_TYPE","INTERSECTION_RELATED","LANE_CLOSED","LATITUDE","LN_CLOSE_DIR","LOCATION_TYPE","LONGITUDE","MAX_SEVERITY_LEVEL","MCYCLE_DEATH_COUNT","MCYCLE_SUSP_SERIOUS_INJ_COUNT","MOTORCYCLE_COUNT","MUNICIPALITY","NONMOTR_COUNT","NONMOTR_DEATH_COUNT","NONMOTR_SUSP_SERIOUS_INJ_COUNT","NTFY_HIWY_MAINT","PED_COUNT","PED_DEATH_COUNT","PED_SUSP_SERIOUS_INJ_COUNT","PERSON_COUNT","POLICE_AGCY","POSSIBLE_INJ_COUNT","RDWY_SURF_TYPE_CD","RELATION_TO_ROAD","ROAD_CONDITION","ROADWAY_CLEARED","SCH_BUS_IND","SCH_ZONE_IND","SECONDARY_CRASH","SMALL_TRUCK_COUNT","SPEC_JURIS_CD","SUSP_MINOR_INJ_COUNT","SUSP_SERIOUS_INJ_COUNT","SUV_COUNT","TCD_FUNC_CD","TCD_TYPE","TFC_DETOUR_IND","TIME_OF_DAY","TOT_INJ_COUNT","TOTAL_UNITS","UNB_DEATH_COUNT","UNB_SUSP_SERIOUS_INJ_COUNT","UNBELTED_OCC_COUNT","UNK_INJ_DEG_COUNT","UNK_INJ_PER_COUNT","URBAN_RURAL","VAN_COUNT","VEHICLE_COUNT","WEATHER1","WEATHER2","WORK_ZONE_IND","WORK_ZONE_LOC","WORK_ZONE_TYPE","WORKERS_PRES","WZ_CLOSE_DETOUR","WZ_FLAGGER","WZ_LAW_OFFCR_IND","WZ_LN_CLOSURE","WZ_MOVING","WZ_OTHER","WZ_SHLDER_MDN","WZ_WORKERS_INJ_KILLED"
"2022033767","1926","0","0","0","0","0","0","0","0","0","5","0","","67","04","2022","5","39.9097","-75.1564","1925","06","0","0","0","0","0","0","0","0","","0","0","0","19","3","0","00","N","0","39 54:35.000","","03","75 09:23.000","0","0","0","0","67301","0","0","0","N","0","0","0","2","67501","0","","1","09","","N","N","N","0","","0","0","1","0","0","","1925","0","2","0","0","0","0","0","2","0","2","07","","N","","","","","","","","","","",""
"2022048346","1813","2","0","0","0","0","0","0","0","0","1","0","","67","05","2022","7","39.9449","-75.1427","1813","06","0","0","0","0","0","0","0","0","","0","0","0","18","8","0","00","N","0","39 56:41.518","","00","75 08:33.890","9","0","0","0","67301","0","0","0","N","0","0","0","5","68K01","0","","1","09","","N","N","N","0","","0","0","1","0","0","","1812","0","4","0","0","0","0","1","2","0","4","07","","N","","","","","","","","","","",""
"2022053205","0655","2","0","0","0","0","0","0","0","0","1","0","","67","05","2022","2","39.983","-75.1757","0655","06","0","0","0","0","0","0","0","0","","0","0","0","06","1","1","00","N","0","39 58:58.785","","00","75 10:32.512","4","0","0","0","67301","0","0","0","N","0","0","0","3","67301","1","","1","01","","N","N","N","0","","0","0","0","3","2","","0654","1","2","0","0","0","0","0","2","0","2","04","04","N","","","","","","","","","","",""
"2022043800","0820","1","0","0","0","0","0","0","0","0","8","0","","67","04","2022","4","40.0595","-75.0554","0816","06","0","0","0","0","0","0","1","0","","0","0","0","08","1","1","01","","0","40 03:34.138","","00","75 03:19.285","8","0","0","0","67301","1","0","0","N","1","0","0","2","67301","0","","1","01","","N","N","N","0","","0","0","0","3","3","","0805","1","2","0","0","1","1","0","2","0","1","03","","N","","","","","","","","","","",""
"2022047366","1700","0","0","0","0","0","0","0","0","0","8","0","","67","05","2022","6","39.9242","-75.1763","1645","06","0","0","0","0","0","0","0","0","","0","0","0","03","8","1","01","","0","39 55:27.207","","00","75 10:34.726","8","0","0","0","67301","1","0","0","N","1","0","0","2","67301","0","","1","09","","N","N","N","0","","0","0","0","3","2","","0300","1","2","0","0","0","1","0","2","1","1","07","08","N","","","","","","","","","","",""
"2022021551","1135","0","0","0","0","0","0","0","0","0","1","0","","67","02","2022","7","39.9789","-75.1186","1135","06","0","0","0","0","0","0","0","0","","0","0","0","18","3","2","05","","0","39 58:44.017","","00","75 07:07.131","3","0","0","0","67301","0","0","0","N","0","0","0","3","67301","0","","1","99","","N","N","N","0","","2","0","2","3","2","","1830","2","2","0","0","0","0","0","2","0","2","99","","N","","","","","","","","","","",""
"2022038287","0807","0","0","0","0","0","0","0","0","0","1","0","","67","04","2022","2","39.9624","-75.1397","0756","06","0","0","0","0","0","1","0","0","","0","0","0","07","1","1","00","N","0","39 57:44.669","","00","75 08:22.983","4","0","0","0","67301","0","0","0","N","0","0","0","3","68K01","1","","1","01","","N","N","N","1","","0","0","2","0","0","","0753","1","3","0","0","0","0","0","2","0","3","03","03","N","","","","","","","","","","",""
"2022020685","2354","0","0","0","0","0","0","0","0","0","1","0","","67","02","2022","5","40.0334","-75.0906","2350","06","0","0","0","0","0","0","0","0","","0","0","0","22","3","0","01","","0","40 02:00.267","","00","75 05:26.196","9","0","0","0","67301","0","0","0","N","0","0","0","2","67301","0","","1","09","","N","N","N","2","","0","0","0","3","2","","2250","0","2","0","0","0","0","1","2","0","2","07","07","N","","","","","","","","","","",""
"2022029242","2220","1","0","0","0","0","0","0","0","0","1","0","","67","03","2022","2","39.977","-75.1716","2216","06","0","0","0","0","0","0","0","0","","0","0","0","21","3","1","00","N","0","39 58:37.140","","00","75 10:17.880","3","0","0","1","67301","0","0","0","N","0","0","0","3","67301","0","","6","01","","N","N","N","0","","1","0","0","0","0","","2129","1","2","0","0","0","0","0","2","0","2","03","03","N","","","","","","","","","","",""
"2022047217","0830","1","0","0","0","0","0","1","0","0","4","1","","67","05","2022","4","40.0083","-75.1437","0752","06","0","0","0","0","0","0","0","0","","0","0","0","07","1","0","02","","1","40 00:29.884","4","00","75 08:37.479","9","0","0","0","67301","0","0","0","N","0","0","0","10","67301","0","","1","01","0945","Y","Y","N","0","","0","0","0","3","3","N","0725","0","2","0","0","0","0","8","2","0","2","03","03","N","","","","","","","","","","",""
"2022020614","1935","0","0","0","0","0","0","0","0","0","1","0","45","67","02","2022","2","40.0114","-75.061","1920","06","0","0","0","0","0","1","0","0","","0","0","0","19","3","1","00","N","0","40 00:40.914","","00","75 03:39.486","4","0","0","0","67301","0","0","0","Y","0","0","0","4","68K01","1","","1","09","","N","N","N","0","","0","0","2","0","0","","1918","1","2","0","0","0","0","0","2","0","2","03","03","Y","4","1","N","","","N","","","","Y","N"
"2022010664","2024","0","0","0","0","0","0","0","0","0","7","0","","67","01","2022","1","39.9573","-75.1912","2022","06","0","0","0","0","0","0","0","0","","0","0","0","20","3","0","03","","0","39 57:26.198","","00","75 11:28.250","0","0","0","0","67301","0","0","0","N","0","0","0","1","67507","0","","5","07","","","","N","0","","0","0","1","0","0","","2019","0","1","0","0","0","0","0","2","0","1","03","","N","","","","","","","","","","",""
"2022022914","1816","0","0","0","0","0","0","0","0","0","7","0","","67","02","2022","2","39.9144","-75.1887","1816","06","0","0","0","0","0","0","0","0","","0","0","0","18","4","1","00","N","2","39 54:52.000","4","03","75 11:19.200","3","0","0","0","67301","0","0","0","N","0","0","0","1","67501","0","","3","01","1830","N","N","N","0","","1","0","0","0","0","N","1816","1","1","0","0","0","0","0","2","1","1","03","03","N","","","","","","","","","","",""
"2022037462","2258","1","0","0","0","0","0","0","0","0","1","0","","67","03","2022","4","40.0323","-75.0212","2237","06","0","0","0","0","0","1","0","0","","0","0","0","22","3","2","00","N","0","40 01:56.363","","03","75 01:16.309","4","0","0","0","67301","0","0","0","N","0","0","0","2","68K01","2","","1","09","","N","N","Y","0","","0","0","0","0","0","","2229","2","2","0","0","0","0","0","2","1","2","07","","N","","","","","","","","","","",""
"2022029264","1955","1","0","0","0","0","0","0","0","0","4","0","","67","03","2022","3","39.9644","-75.1343","1955","06","0","0","0","0","0","0","0","0","","0","0","0","19","3","1","03","","1","39 57:52.333","2","00","75 08:03.809","8","0","0","0","67301","0","0","0","N","0","0","0","2","67301","0","","1","01","2040","N","N","N","0","","0","0","1","3","2","N","1950","1","2","0","0","0","1","0","2","0","2","03","03","N","","","","","","","","","","",""
"2022026652","0008","2","0","0","0","0","0","0","0","0","7","0","","67","03","2022","3","39.9805","-75.1179","0005","06","0","0","0","0","0","0","0","0","","0","0","0","23","3","0","00","N","1","39 58:49.942","2","00","75 07:04.445","0","0","0","0","67301","0","0","0","N","0","0","0","1","67301","0","","4","01","0020","N","N","N","0","","0","0","0","0","0","N","2333","0","2","0","0","0","0","0","2","0","2","03","03","N","","","","","","","","","","",""
"2022043984","1430","1","0","0","0","0","0","0","0","0","4","0","","67","04","2022","5","39.9774","-75.2271","1430","06","0","0","0","0","0","0","0","0","","0","0","0","14","1","0","03","","0","39 58:38.507","","00","75 13:37.478","9","0","0","0","67301","0","0","0","N","0","0","0","2","67301","0","","1","01","","N","N","N","0","","0","0","1","3","2","","1400","0","2","0","0","0","0","2","2","0","2","03","03","N","","","","","","","","","","",""
"2022029162","1430","1","0","0","0","0","0","0","0","0","4","0","","67","03","2022","2","40.0426","-75.0775","1423","06","0","1","0","0","0","0","0","0","","0","0","0","14","1","1","01","","1","40 02:33.404","3","00","75 04:38.835","3","0","0","0","67301","0","0","0","N","0","0","0","2","67301","0","","1","01","1430","N","N","N","0","","1","0","0","3","3","N","1414","1","2","0","0","0","0","1","2","0","2","03","03","N","","","","","","","","","","",""
"2022029971","1520","3","0","0","0","0","0","0","0","0","4","0","","67","03","2022","6","39.9249","-75.1642","1519","06","0","0","0","0","0","0","0","1","","0","0","0","15","1","3","01","","0","39 55:29.719","","00","75 09:51.102","4","0","0","0","67301","0","0","0","N","0","0","0","3","67301","3","","1","01","","N","N","Y","0","","0","0","1","3","3","","1515","3","5","0","0","0","0","0","2","1","5","03","03","N","","","","","","","","","","",""
"2022032906","2139","0","0","0","0","0","0","0","0","0","8","0","","67","04","2022","7","39.9604","-75.2411","2136","06","0","0","0","0","0","0","0","0","","0","0","0","21","3","1","01","","0","39 57:37.599","","00","75 14:27.885","8","0","0","0","67301","1","0","0","N","1","0","0","2","67301","0","","1","01","","N","N","N","0","","0","0","0","3","2","","2134","1","2","0","0","0","1","1","2","0","1","03","03","N","","","","","","","","","","",""
"2022019601","1824","1","0","0","0","0","0","0","0","0","5","0","","67","02","2022","2","40.0325","-75.0624","1819","06","0","0","0","0","0","0","0","0","","0","0","0","18","3","0","00","N","0","40 01:56.900","","00","75 03:44.600","9","0","0","0","67301","0","0","0","N","0","0","0","2","67301","0","","6","01","","N","N","N","1","","0","0","0","0","0","","1808","0","2","0","0","0","0","1","2","0","2","03","03","N","","","","","","","","","","",""
"2022026406","0406","0","0","0","0","0","0","0","0","0","7","0","","67","03","2022","1","40.0496","-75.116","0359","06","0","0","0","0","0","0","0","0","","0","0","0","23","3","0","00","N","0","40 02:58.631","","00","75 06:57.635","0","0","0","0","67301","0","0","0","N","0","0","0","1","67301","0","","5","01","","N","N","N","1","","0","0","0","0","0","","2300","0","1","0","0","0","0","0","2","0","1","03","03","N","","","","","","","","","","",""
"2022029277","0201","1","0","0","0","0","0","0","0","0","8","0","","67","03","2022","2","40.0319","-75.1315","0155","06","0","0","0","0","0","0","0","0","","0","0","0","01","3","2","01","","0","40 01:54.746","","00","75 07:53.410","4","0","0","0","67301","2","0","0","N","2","0","0","3","67301","2","","1","01","","N","N","N","0","","0","0","0","3","2","","0140","2","3","0","0","0","0","1","2","0","1","03","03","N","","","","","","","","","","",""
"2022040321","0442","0","0","0","0","0","0","0","0","0","7","0","","67","04","2022","2","39.9426","-75.1934","0436","06","0","0","0","0","0","0","0","0","","0","0","0","04","3","2","07","","2","39 56:33.493","3","08","75 11:36.386","3","0","0","0","67301","0","0","0","Y","0","0","0","2","68K01","0","","7","01","0528","N","N","N","0","","2","0","1","0","0","N","0433","2","1","0","0","0","0","0","2","0","1","03","03","N","","","","","","","","","","",""
"2022024235","1755","1","0","0","0","0","0","0","0","0","8","0","","67","03","2022","2","39.9572","-75.1555","1753","06","0","0","0","0","0","0","0","0","","0","0","0","23","3","1","01","","0","39 57:25.938","","03","75 09:19.761","4","0","0","0","67301","1","0","0","N","1","0","0","2","67301","1","","1","01","","N","N","N","0","","0","0","0","3","2","","2330","1","2","0","0","0","0","0","2","0","1","03","03","N","","","","","","","","","","",""
"2022043671","0104","0","0","0","0","0","0","0","0","0","5","0","","67","04","2022","6","39.9827","-75.2078","0104","06","0","0","0","0","0","1","0","0","","0","0","0","01","3","0","00","N","0","39 58:57.747","","00","75 12:28.118","9","0","0","0","67301","0","0","0","N","0","0","0","2","68Z99","0","","1","09","","N","N","N","0","","0","0","1","0","0","","0103","0","2","0","0","1","0","2","2","0","2","07","","N","","","","","","","","","","",""
"2022016152","1055","1","0","0","0","0","0","0","0","0","4","0","","67","02","2022","6","39.885","-75.2502","1055","06","0","0","0","0","0","0","0","0","","0","0","0","08","1","1","02","","0","39 53:06.592","","00","75 15:00.311","4","0","0","0","67301","0","0","0","N","0","0","0","2","67301","1","","1","99","","N","N","N","0","","0","0","1","3","1","","0815","1","2","0","0","0","0","1","2","0","2","03","03","N","","","","","","","","","","",""
"2022029230","1930","0","0","0","0","0","0","0","0","0","1","0","","67","03","2022","6","39.9381","-75.1688","1924","06","0","0","0","0","0","0","0","0","","0","0","0","19","3","2","00","N","0","39 56:17.180","","00","75 10:07.560","3","0","0","0","67301","0","0","0","N","0","0","0","2","67301","0","","6","01","","N","N","N","0","","1","0","2","0","0","","1920","2","2","0","0","0","1","0","2","0","2","03","03","N","","","","","","","","","","",""
"2022030435","1713","1","0","0","0","0","0","0","0","0","8","0","","67","03","2022","1","40.0313","-75.1243","1659","06","0","0","0","0","0","0","0","0","","0","0","0","11","1","1","00","N","0","40 01:52.600","","00","75 07:27.560","2","0","0","0","67301","1","0","1","N","1","0","1","2","67301","0","","1","01","","N","N","N","0","","0","1","0","0","0","","1135","1","2","0","0","0","0","0","2","0","1","03","","N","","","","","","","","","","",""
"2022047631","1151","0","0","0","0","0","0","0","0","0","2","0","","67","05","2022","7","40.052","-75.1796","1140","06","0","0","0","0","0","0","0","0","","0","0","0","11","1","1","01","","0","40 03:07.021","","00","75 10:46.660","2","0","0","0","67301","0","0","0","N","0","0","0","2","67301","0","","1","01","","N","N","N","0","","0","1","2","3","3","","1119","1","2","0","0","0","0","0","2","0","2","03","","N","","","","","","","","","","",""
"2022026210","2241","0","0","0","0","0","0","0","0","0","7","0","","67","03","2022","1","40.0176","-75.2133","2240","06","0","0","0","0","0","0","0","0","","0","0","0","22","3","0","00","N","1","40 01:03.510","2","00","75 12:47.830","0","0","0","0","67301","0","0","0","N","0","0","0","1","67301","0","","5","01","0000","N","N","N","0","","0","0","1","0","0","N","2230","0","1","0","0","0","0","0","2","0","1","04","","N","","","","","","","","","","",""
"2022019548","2332","1","0","0","0","0","0","0","0","0","4","0","","67","02","2022","6","40.0343","-75.0746","2325","06","0","0","0","0","0","0","0","0","","0","0","0","21","3","1","01","","1","40 02:03.402","2","00","75 04:28.528","3","0","0","0","67301","0","0","0","N","0","0","0","6","67301","0","","1","01","0045","N","N","N","0","","1","0","3","3","2","N","2155","1","4","0","0","0","0","0","2","0","4","03","03","N","","","","","","","","","","",""
"2022043802","0308","1","0","0","0","0","0","0","0","0","1","0","","67","05","2022","1","40.0392","-75.11","0302","06","0","0","0","0","0","0","0","0","","0","0","0","03","3","1","01","","0","40 02:20.942","","00","75 06:36.006","4","0","0","0","67301","0","0","0","N","0","0","0","2","67301","1","","1","01","","N","N","N","0","","0","0","1","3","2","","0301","1","2","0","0","0","0","0","2","0","2","03","03","N","","","","","","","","","","",""
"2022030941","1652","5","0","0","0","0","0","0","0","0","4","0","","67","03","2022","4","39.9389","-75.2298","1651","06","0","0","0","0","1","1","0","0","","0","0","0","16","1","3","01","","1","39 56:20.000","3","00","75 13:47.150","3","0","0","0","67301","0","0","0","N","0","0","0","3","67301","1","","1","01","0145","N","N","Y","0","","2","0","2","3","3","Y","1649","3","7","0","0","0","0","0","2","0","7","03","03","N","","","","","","","","","","",""
"2022026881","1504","1","0","0","0","0","0","0","0","0","1","0","","67","03","2022","2","39.9972","-75.0819","1443","06","0","0","0","0","1","1","0","0","","0","0","0","14","1","8","00","N","0","39 59:50.019","","00","75 04:54.752","3","0","0","0","67301","0","0","0","N","0","0","0","8","68K01","0","","1","01","","N","N","N","0","","8","0","2","0","0","","1439","8","3","0","0","0","0","0","2","0","3","03","","N","","","","","","","","","","",""
"2022043950","1840","2","0","0","0","0","0","0","0","0","4","0","","67","04","2022","2","39.9751","-75.195","1815","06","0","0","0","0","0","1","0","0","","0","0","0","18","4","0","01","","1","39 58:30.761","1","00","75 11:41.892","9","0","0","0","67301","0","0","0","N","0","0","0","6","67301","0","","1","01","2100","N","N","Y","0","","0","0","2","3","2","N","1800","0","4","0","0","3","0","1","2","0","4","03","03","N","","","","","","","","","","",""
"2022044112","1620","2","0","0","0","0","0","0","0","0","4","0","","67","04","2022","3","40.0022","-75.1527","1820","06","0","0","0","0","0","1","0","0","","0","0","0","16","1","0","00","N","9","40 00:07.877","","00","75 09:09.602","0","0","0","0","67301","0","0","0","N","0","0","0","2","67301","0","","1","09","","N","N","N","0","","0","0","0","0","0","","1600","0","2","0","0","0","0","0","2","0","2","07","04","N","","","","","","","","","","",""
"2022052494","1700","3","0","0","0","0","0","1","0","0","4","1","","67","05","2022","2","40.0111","-75.1558","1649","06","0","0","0","0","0","1","0","0","","0","0","0","16","1","3","01","","0","40 00:40.049","","00","75 09:20.714","8","0","0","0","67301","0","0","0","N","0","0","0","4","67508","0","","1","01","","N","N","N","0","","0","0","1","0","0","","1648","3","5","0","0","0","3","0","2","0","5","03","03","N","","","","","","","","","","",""
"2022044011","0004","2","0","0","0","0","0","0","0","0","5","0","","67","02","2022","1","39.9951","-75.1019","0001","06","0","0","0","0","0","1","0","0","","0","0","0","00","3","1","00","N","0","39 59:42.370","","00","75 06:06.730","3","0","0","0","67301","0","0","0","N","0","0","0","1","67301","0","","6","09","","N","N","N","0","","1","0","3","0","0","","0001","1","5","0","0","0","0","0","2","0","5","10","04","N","","","","","","","","","","",""
"2022048213","1952","0","0","0","0","0","0","0","0","0","7","0","","67","05","2022","7","39.9571","-75.1524","1942","06","0","0","0","0","0","0","0","0","","0","0","0","19","4","0","00","N","1","39 57:25.578","4","00","75 09:08.808","0","0","0","0","67301","0","0","0","N","0","0","0","1","68K01","0","","2","09","1955","N","N","N","0","","0","0","1","0","0","N","1940","0","1","0","0","0","0","0","2","0","1","03","03","N","","","","","","","","","","",""
"2022033734","2135","1","0","0","0","0","0","0","0","0","7","0","","67","04","2022","6","39.9578","-75.161","2135","06","0","0","0","0","0","0","0","0","","0","0","0","21","3","0","00","N","2","39 57:27.934","4","00","75 09:39.625","0","0","0","0","67301","0","0","0","N","0","0","0","1","68T07","0","","3","01","2200","N","N","N","0","","0","0","0","0","0","N","2135","0","1","0","0","1","0","0","2","0","1","03","","N","","","","","","","","","","",""
"2022047219","1107","1","0","0","0","0","0","0","0","0","6","0","","67","05","2022","2","39.976","-75.1297","1106","06","0","0","0","0","0","0","0","0","","0","0","0","11","1","1","00","N","0","39 58:33.700","","00","75 07:46.800","3","0","0","0","67301","0","0","0","N","0","0","0","1","67301","0","","6","01","","N","N","N","1","","1","0","2","0","0","","1105","1","4","0","0","0","0","0","2","0","4","03","04","N","","","","","","","","","","",""
"2022021304","0038","2","0","0","0","0","0","0","0","0","7","0","","67","02","2022","2","40.0229","-75.1482","0036","06","0","0","0","0","0","0","0","0","","0","0","0","00","3","0","05","","1","40 01:22.512","1","00","75 08:53.354","0","0","0","0","67301","0","0","0","N","0","0","0","1","67301","0","","3","01","1238","N","N","N","0","","0","0","0","3","2","N","0020","0","2","0","0","0","0","0","2","0","2","03","","N","","","","","","","","","","",""
"2022043516","0550","0","0","0","0","0","0","0","0","0","7","1","99","67","05","2022","6","39.9477","-75.1986","0544","06","0","0","0","0","0","1","0","0","","0","0","0","05","1","0","02","","1","39 56:51.748","1","00","75 11:55.037","0","0","0","0","67301","0","0","0","N","0","0","0","1","67504","0","","4","09","0650","N","N","N","0","","0","0","1","3","2","N","0544","0","2","0","0","0","0","0","2","0","2","07","04","Y","8","1","N","N","N","N","Y","N","N","Y","N"
"2022029155","1615","0","0","0","0","0","0","0","0","0","5","0","","67","03","2022","4","39.9128","-75.1925","1602","06","0","0","0","0","0","0","0","0","","0","0","0","14","1","1","00","N","0","39 54:46.183","","00","75 11:32.903","3","0","0","0","67301","0","0","0","N","0","0","0","3","67301","0","","1","01","","N","N","N","1","","1","0","1","0","0","","1448","1","2","0","0","0","0","0","2","0","2","03","","N","","","","","","","","","","",""
"2022044336","1914","1","0","0","0","0","0","0","0","0","1","0","","67","04","2022","6","40.0217","-75.0381","1853","06","0","0","0","0","0","0","0","0","","0","0","0","18","1","1","03","","0","40 01:19.500","","01","75 02:16.100","3","0","0","0","67301","0","0","0","N","0","0","0","2","67301","0","","1","01","","N","N","N","1","","1","0","0","3","2","","1849","1","2","0","0","0","0","0","2","0","2","03","03","N","","","","","","","","","","",""
"2022019686","1137","0","0","0","0","0","0","0","0","0","4","0","","67","02","2022","2","39.99","-75.1604","1125","06","0","0","0","0","0","1","0","0","","0","0","0","11","1","0","01","","0","39 59:24.010","","00","75 09:37.328","0","0","0","0","67301","0","0","0","N","0","0","0","2","67301","0","","1","01","","N","N","N","0","","0","0","2","3","2","","1115","0","2","0","0","0","0","0","2","0","2","03","03","N","","","","","","","","","","",""
"2022029177","1049","1","0","0","0","0","0","0","0","0","4","0","","67","03","2022","1","40.0341","-75.2083","1049","06","0","0","0","0","0","0","0","0","","0","0","0","10","1","0","02","","0","40 02:02.689","","00","75 12:30.292","0","0","0","0","67301","0","0","0","N","0","0","0","4","67301","0","","1","01","","N","N","N","0","","0","0","1","3","2","","1046","0","2","0","0","0","0","0","2","0","2","03","03","N","","","","","","","","","","",""
"2022029160","0216","2","0","0","0","0","0","0","0","0","5","0","","67","03","2022","7","40.0478","-75.0924","0215","06","0","0","0","0","0","0","0","0","","0","0","0","02","3","0","00","N","2","40 02:52.109","6","00","75 05:32.794","0","0","0","0","67301","0","0","0","N","0","0","0","1","67301","0","","6","01","0245","N","N","N","0","","0","0","0","0","0","Y","0203","0","2","0","0","0","0","0","2","0","2","03","","N","","","","","","","","","","",""
"2022020419","1952","1","0","0","0","0","0","0","0","0","8","0","","67","02","2022","5","39.8793","-75.2427","1950","06","0","0","0","0","0","0","0","0","","0","0","0","19","3","1","00","N","0","39 52:45.590","","00","75 14:33.670","2","0","0","0","67301","1","0","1","N","1","0","1","2","67301","0","","1","01","","N","N","N","0","","0","1","0","0","0","","1948","1","2","0","0","0","0","0","2","0","1","03","03","N","","","","","","","","","","",""
"2022017262","0905","1","0","0","0","0","0","0","0","0","4","0","","67","02","2022","1","39.9816","-75.2511","0905","06","0","0","0","0","0","1","0","0","","0","0","0","11","1","1","01","","0","39 58:53.767","","00","75 15:03.834","4","0","0","0","67301","0","0","0","N","0","0","0","2","67301","1","","1","01","","N","N","N","0","","0","0","1","3","2","","1130","1","2","0","0","1","0","1","2","0","2","03","03","N","","","","","","","","","","",""
"2022050954","1706","0","0","0","0","0","0","0","0","0","1","0","","67","05","2022","2","39.9817","-75.1015","1706","06","0","0","0","0","0","1","0","0","","0","0","0","17","1","0","00","N","0","39 58:54.159","","00","75 06:05.324","0","0","0","0","67301","0","0","0","N","0","0","0","2","68K01","0","","1","01","","N","N","N","0","","0","0","2","0","0","","1704","0","2","0","0","0","0","0","2","0","2","03","","N","","","","","","","","","","",""
"2022044644","0122","2","0","1","0","0","0","0","0","0","1","0","","67","04","2022","7","39.8888","-75.2407","0114","06","0","0","0","0","0","0","0","0","","0","0","0","01","3","2","00","N","1","39 53:19.833","1","00","75 14:26.365","2","0","0","0","67301","0","0","0","N","0","0","0","2","68K02","0","","1","01","0030","N","N","N","0","","0","1","0","0","0","N","0114","2","2","0","0","0","1","0","2","0","2","03","03","N","","","","","","","","","","",""
"2022020320","0842","2","0","0","0","0","0","0","0","0","1","0","","67","02","2022","5","40.0477","-75.0599","0842","06","0","0","0","0","0","1","0","0","","0","0","0","07","1","1","00","N","0","40 02:51.675","","00","75 03:35.785","3","0","0","0","67301","0","0","0","N","0","0","0","3","67301","0","","1","01","","N","Y","N","0","","1","0","1","0","0","","0745","1","3","0","0","0","0","0","2","0","3","03","","N","","","","","","","","","","",""
"2022029265","0145","0","0","0","0","0","0","0","0","0","4","0","","67","03","2022","6","40.031","-75.1244","0140","06","0","0","0","0","0","0","0","0","","0","0","0","00","3","0","01","","0","40 01:51.528","","00","75 07:27.728","0","0","0","0","67301","0","0","0","N","0","0","0","2","67301","0","","1","01","","N","N","N","0","","0","0","1","3","2","","0056","0","2","0","0","0","0","0","2","0","2","03","","N","","","","","","","","","","",""
"2022019671","1945","2","0","0","0","0","0","0","0","0","4","0","","67","02","2022","4","40.0146","-75.1567","1945","06","0","0","0","0","0","0","0","0","","0","0","0","19","3","7","01","","1","40 00:52.752","1","00","75 09:24.063","3","0","0","0","67301","0","0","0","N","0","0","0","7","67301","0","","1","01","2145","N","N","N","0","","7","0","0","3","2","Y","1942","7","2","0","0","0","0","0","2","0","2","03","03","N","","","","","","","","","","",""
"2022015810","2320","1","0","0","0","0","0","0","0","0","7","0","","67","02","2022","4","40.0046","-75.1323","2320","06","0","0","0","0","0","0","0","0","","0","0","0","21","3","0","00","N","0","40 00:16.380","","00","75 07:56.150","9","0","0","0","67301","0","0","0","N","0","0","0","1","67301","0","","5","01","","N","N","Y","0","","0","0","0","0","0","","2149","0","1","0","0","0","0","1","2","0","1","03","03","N","","","","","","","","","","",""
"2022029337","1812","1","0","0","0","0","0","0","0","0","5","0","","67","03","2022","2","40.0236","-75.1794","1805","06","0","0","0","0","0","0","0","1","","0","0","0","17","1","2","00","N","0","40 01:25.073","","00","75 10:45.700","3","0","0","0","67301","0","0","0","N","0","0","0","2","67301","0","","1","01","","N","N","N","0","","2","0","2","0","0","","1750","2","3","0","0","0","0","0","2","0","3","03","","N","","","","","","","","","","",""
"2022043678","0011","0","0","0","0","0","0","0","0","0","7","1","","67","04","2022","4","39.9831","-75.208","0011","06","0","0","0","0","0","0","0","0","","0","1","0","00","3","0","00","N","2","39 58:59.278","4","00","75 12:28.712","0","0","0","0","67301","0","0","0","N","0","0","0","1","68K01","0","","2","09","0120","N","N","N","0","","0","0","0","0","0","N","0010","0","1","0","0","0","0","0","2","0","1","07","","N","","","","","","","","","","",""
"2022043903","0040","3","0","0","0","0","0","0","0","0","4","0","","67","05","2022","1","40.0548","-75.1769","0038","06","0","0","0","0","0","0","0","0","","0","0","0","00","3","1","00","N","0","40 03:17.146","","00","75 10:36.684","3","0","0","0","67301","0","0","0","N","0","0","0","2","67301","0","","1","01","","N","N","Y","0","","1","0","0","0","0","","0030","1","3","0","0","0","0","1","2","0","3","03","","N","","","","","","","","","","",""