"CRN","ARRIVAL_TM","AUTOMOBILE_COUNT","BELTED_DEATH_COUNT","BELTED_SUSP_SERIOUS_INJ_COUNT","BICYCLE_COUNT","BICYCLE_DEATH_COUNT","BICYCLE_SUSP_SERIOUS_INJ_COUNT","BUS_COUNT","CHLDPAS_DEATH_COUNT","CHLDPAS_SUSP_SERIOUS_INJ_COUNT","COLLISION_TYPE","COMM_VEH_COUNT","CONS_ZONE_SPD_LIM","COUNTY","CRASH_MONTH","CRASH_YEAR","DAY_OF_WEEK","DEC_LAT","DEC_LONG","DISPATCH_TM","DISTRICT","DRIVER_COUNT_16YR","DRIVER_COUNT_17YR","DRIVER_COUNT_18YR","DRIVER_COUNT_19YR","DRIVER_COUNT_20YR","DRIVER_COUNT_50_64YR","DRIVER_COUNT_65_74YR","DRIVER_COUNT_75PLUS","EST_HRS_CLOSED","FATAL_COUNT","HEAVY_TRUCK_COUNT","HORSE_BUGGY_COUNT","HOUR_OF_DAY","ILLUMINATION","INJURY_COUNT","INTERSECT_TYPE","INTERSECTION_RELATED","LANE_CLOSED","LATITUDE","LN_CLOSE_DIR","LOCATION_TYPE","LONGITUDE","MAX_SEVERITY_LEVEL","MCYCLE_DEATH_COUNT","MCYCLE_SUSP_SERIOUS_INJ_COUNT","MOTORCYCLE_COUNT","MUNICIPALITY","NONMOTR_COUNT","NONMOTR_DEATH_COUNT","NONMOTR_SUSP_SERIOUS_INJ_COUNT","NTFY_HIWY_MAINT","PED_COUNT","PED_DEATH_COUNT","PED_SUSP_SERIOUS_INJ_COUNT","PERSON_COUNT","POLICE_AGCY","POSSIBLE_INJ_COUNT","RDWY_SURF_TYPE_CD","RELATION_TO_ROAD","ROAD_CONDITION","ROADWAY_CLEARED","SCH_BUS_IND","SCH_ZONE_IND","SECONDARY_CRASH","SMALL_TRUCK_COUNT","SPEC_JURIS_CD","SUSP_MINOR_INJ_COUNT","SUSP_SERIOUS_INJ_COUNT","SUV_COUNT","TCD_FUNC_CD","TCD_TYPE","TFC_DETOUR_IND","TIME_OF_DAY","TOT_INJ_COUNT","TOTAL_UNITS","UNB_DEATH_COUNT","UNB_SUSP_SERIOUS_INJ_COUNT","UNBELTED_OCC_COUNT","UNK_INJ_DEG_COUNT","UNK_INJ_PER_COUNT","URBAN_RURAL","VAN_COUNT","VEHICLE_COUNT","WEATHER1","WEATHER2","WORK_ZONE_IND","WORK_ZONE_LOC","WORK_ZONE_TYPE","WORKERS_PRES","WZ_CLOSE_DETOUR","WZ_FLAGGER","WZ_LAW_OFFCR_IND","WZ_LN_CLOSURE","WZ_MOVING","WZ_OTHER","WZ_SHLDER_MDN","WZ_WORKERS_INJ_KILLED"
"2022031332","2248","1","0","0","0","0","0","0","0","0","1","0","","67","03","2022","4","39.9521","-75.186","2238","06","0","0","0","0","0","0","0","0","","0","0","0","22","3","1","00","N","0","39 57:07.395","","01","75 11:09.404","3","0","0","0","67301","0","0","0","N","0","0","0","2","67301","0","","1","09","","N","N","N","0","","1","0","1","0","0","","2218","1","2","0","0","0","0","0","2","0","2","07","07","N","","","","","","","","","","",""
"2022043835","1610","1","0","0","0","0","0","0","0","0","4","0","","67","01","2022","4","40.1224","-74.9989","1600","06","0","1","0","0","0","0","0","0","","0","0","0","15","1","1","02","","1","40 07:20.686","6","00","74 59:56.111","3","0","0","0","67301","0","0","0","N","0","0","0","2","67301","0","","1","01","1640","N","N","N","0","","1","0","0","3","3","N","1555","1","2","0","0","0","0","0","2","1","2","03","","N","","","","","","","","","","",""
"2022043933","0059","1","0","0","0","0","0","0","0","0","4","0","","67","04","2022","7","40.0277","-75.11","0053","06","0","0","0","0","0","0","0","0","","0","0","0","00","3","0","05","","1","40 01:39.827","6","00","75 06:35.893","0","0","0","0","67301","0","0","0","N","0","0","0","2","67301","0","","1","01","0140","N","N","Y","1","","0","0","1","3","2","N","0043","0","3","0","0","0","0","0","2","0","3","03","03","N","","","","","","","","","","",""
"2022029869","2327","1","0","0","0","0","0","0","0","0","4","0","","67","03","2022","6","40.0564","-75.0142","2322","06","0","0","0","0","0","1","0","0","","0","0","0","23","3","1","02","","2","40 03:23.069","3","06","75 00:51.015","3","0","0","0","67301","0","0","0","N","0","0","0","3","67301","0","","1","01","0300","N","N","N","0","","1","0","1","0","0","Y","2320","1","2","0","0","0","0","0","2","0","2","03","03","N","","","","","","","","","","",""
"2022026380","0114","1","0","0","0","0","0","1","0","0","4","1","","67","03","2022","5","39.9546","-75.1813","0114","06","0","0","0","0","0","0","0","0","","0","0","0","01","3","1","01","","1","39 57:16.399","3","00","75 10:52.674","4","0","0","0","67301","0","0","0","N","0","0","0","3","67508","1","","1","01","0144","","","N","0","","0","0","0","3","2","N","0114","1","2","0","0","0","0","0","2","0","2","03","03","N","","","","","","","","","","",""
"2022040693","1141","1","0","0","0","0","0","0","0","0","5","1","","67","04","2022","5","39.9962","-75.0829","1136","06","0","0","0","0","0","0","0","0","","0","1","0","11","1","1","00","N","2","39 59:46.290","2","00","75 04:58.493","8","0","0","0","67301","0","0","0","N","0","0","0","3","68K01","0","","1","09","1200","N","N","N","0","","0","0","0","0","0","N","1136","1","2","0","0","0","1","0","2","0","2","07","04","N","","","","","","","","","","",""
"2022025305","1430","2","0","0","0","0","0","0","0","0","4","0","","67","03","2022","7","39.9799","-75.1429","1430","06","0","0","0","0","0","1","0","0","","0","0","0","03","3","1","01","","0","39 58:47.465","","00","75 08:34.342","3","0","0","0","67301","0","0","0","N","0","0","0","2","67301","0","","1","99","","N","N","N","0","","1","0","0","3","2","","0300","1","2","0","0","0","0","0","2","0","2","99","","N","","","","","","","","","","",""
"2022043971","0241","2","0","0","0","0","0","0","0","0","5","0","","67","04","2022","4","39.9608","-75.2442","0237","06","0","0","0","0","0","0","0","0","","0","0","0","02","3","0","00","N","1","39 57:39.002","3","00","75 14:39.298","0","0","0","0","67301","0","0","0","N","0","0","0","1","67301","0","","6","01","0338","N","N","N","0","","0","0","1","0","0","N","0232","0","3","0","0","0","0","0","2","0","3","03","03","N","","","","","","","","","","",""
"2022029157","2030","0","0","0","0","0","0","0","0","0","1","0","","67","03","2022","1","40.0501","-75.0642","2022","06","0","0","0","0","0","1","0","0","","0","0","0","20","3","1","01","","0","40 03:00.396","","00","75 03:51.268","3","0","0","0","67301","0","0","0","N","0","0","0","2","67301","0","","1","01","","N","N","N","1","","1","0","1","3","2","","2017","1","2","0","0","0","0","0","2","0","2","04","","N","","","","","","","","","","",""
"2022026057","1730","1","0","0","0","0","0","0","0","0","8","0","","67","03","2022","7","39.9596","-75.2468","1713","06","0","0","0","0","0","0","0","0","","0","0","0","15","1","1","00","N","0","39 57:34.546","","00","75 14:48.472","3","0","0","0","67301","1","0","0","N","1","0","0","2","67301","0","","4","07","","N","N","N","0","","1","0","0","0","0","","1536","1","2","0","0","0","0","1","2","0","1","10","09","N","","","","","","","","","","",""
"2022032854","0840","2","0","0","0","0","0","0","0","0","5","0","","67","04","2022","6","39.9687","-75.16","0835","06","0","0","0","0","0","1","0","0","","0","0","0","08","1","1","00","N","0","39 58:07.145","","00","75 09:35.961","4","0","0","0","67301","0","0","0","N","0","0","0","2","67301","1","","1","01","","N","N","N","0","","0","0","0","0","0","","0828","1","2","0","0","0","0","0","2","0","2","04","04","N","","","","","","","","","","",""
"2022020703","2000","1","0","0","0","0","0","0","0","0","4","0","","67","02","2022","5","39.9776","-75.2109","2000","06","0","0","0","0","0","1","0","0","","0","0","0","16","1","1","01","","0","39 58:39.216","","00","75 12:39.261","8","0","0","0","67301","0","0","0","N","0","0","0","2","67301","0","","1","01","","N","N","N","0","","0","0","1","3","3","","1600","1","2","0","0","0","1","1","2","0","2","03","","N","","","","","","","","","","",""
"2022020747","1350","0","0","0","0","0","0","0","0","0","1","0","","67","02","2022","2","40.0317","-75.1028","1355","06","0","0","0","0","0","0","0","0","","0","0","0","13","1","0","00","N","1","40 01:54.120","4","00","75 06:10.070","0","0","0","0","67301","0","0","0","N","0","0","0","2","67301","0","","1","01","1430","N","N","N","0","","0","0","0","0","0","N","1300","0","2","0","0","0","0","0","2","2","2","03","03","N","","","","","","","","","","",""
"2022038724","0933","1","0","0","0","0","0","0","0","0","8","0","","67","04","2022","2","39.9599","-75.1938","0931","06","0","0","0","0","0","0","0","0","","0","0","0","09","1","1","01","","0","39 57:35.571","","00","75 11:37.629","3","0","0","0","67301","1","0","0","N","1","0","0","2","67507","0","","1","01","","N","N","N","0","","1","0","0","3","2","","0925","1","2","0","0","0","0","0","2","0","1","03","03","N","","","","","","","","","","",""
"2022016044","0235","3","0","0","0","0","0","0","0","0","5","0","","67","02","2022","7","40.0155","-75.1767","0220","06","0","0","0","0","0","0","1","0","","0","0","0","02","3","3","00","N","2","40 00:55.717","1","00","75 10:36.108","3","0","0","0","67301","0","0","0","N","0","0","0","7","67301","0","","1","01","0315","N","N","Y","1","","3","0","1","0","0","Y","0207","3","5","0","0","0","0","0","2","0","5","03","03","N","","","","","","","","","","",""
"2022052765","1612","1","0","0","0","0","0","0","0","0","4","1","","67","06","2022","7","40.0313","-75.1556","1612","06","0","0","0","0","0","0","0","0","","0","1","0","14","1","1","00","N","0","40 01:52.650","","07","75 09:20.160","4","0","0","0","67301","0","0","0","N","0","0","0","2","67301","1","","1","99","","N","N","N","0","","0","0","0","0","0","","1430","1","2","0","0","1","0","1","2","0","2","03","","N","","","","","","","","","","",""
"2022029246","1530","1","0","0","0","0","0","0","0","0","4","0","","67","03","2022","4","39.9776","-75.1607","1525","06","0","0","1","0","0","0","1","0","","0","0","0","15","1","1","01","","0","39 58:39.385","","00","75 09:38.355","8","0","0","0","67301","0","0","0","N","0","0","0","3","67301","0","","1","09","","N","N","N","0","","0","0","1","3","3","","1523","1","2","0","0","0","1","0","2","0","2","07","04","N","","","","","","","","","","",""
"2022044019","2345","1","0","0","0","0","0","0","0","0","3","0","","67","03","2022","1","39.9918","-75.1093","2332","06","0","0","0","0","0","0","0","0","","0","0","0","21","3","0","00","N","0","39 59:30.619","","00","75 06:33.406","0","0","0","0","67301","0","0","0","N","0","0","0","2","67301","0","","6","01","","N","N","N","1","","0","0","0","0","0","","2130","0","2","0","0","0","0","0","2","0","2","03","","N","","","","","","","","","","",""
"2022019648","0835","2","0","0","0","0","0","0","0","0","5","0","","67","02","2022","1","40.0237","-75.1134","0811","06","0","0","0","0","0","0","0","0","","0","0","0","06","5","0","00","N","0","40 01:25.340","","00","75 06:48.240","9","0","0","0","67301","0","0","0","N","0","0","0","1","67301","0","","6","01","","N","N","N","0","","0","0","2","0","0","","0640","0","4","0","0","0","0","1","2","0","4","03","03","N","","","","","","","","","","",""
"2022025638","2110","2","0","0","0","0","0","0","0","0","4","0","","67","03","2022","7","39.9752","-75.1882","2105","06","0","0","0","0","0","1","0","0","","0","0","0","21","3","0","01","","1","39 58:30.561","4","00","75 11:17.209","0","0","0","0","67301","0","0","0","N","0","0","0","4","67301","0","","1","01","2145","N","N","N","0","","0","0","1","3","2","N","2100","0","3","0","0","0","0","0","2","0","3","03","03","N","","","","","","","","","","",""
"2022044005","0026","1","0","0","0","0","0","0","0","0","8","0","","67","01","2022","6","39.9958","-75.1172","0024","06","0","0","0","0","0","0","0","0","","0","0","0","00","2","1","00","N","0","39 59:44.890","","00","75 07:01.750","2","0","0","0","67301","1","0","1","N","1","0","1","3","67301","0","","1","01","","N","N","N","0","","0","1","0","0","0","","0023","1","2","0","0","2","0","0","2","0","1","03","","N","","","","","","","","","","",""
"2022043986","1045","1","0","0","0","0","0","0","0","0","4","0","","67","04","2022","4","39.969","-75.2373","1045","06","0","0","0","0","0","0","0","0","","0","0","0","09","1","0","01","","0","39 58:08.376","","00","75 14:14.170","9","0","0","0","67301","0","0","0","N","0","0","0","2","67301","0","","1","01","","N","N","N","0","","0","0","1","3","2","","0916","0","2","0","0","0","0","1","2","0","2","03","03","N","","","","","","","","","","",""
"2022024351","1933","1","0","0","0","0","0","0","0","0","4","0","","67","03","2022","1","40.0595","-75.052","1923","06","0","0","0","0","0","0","1","0","","0","0","0","19","3","2","01","","1","40 03:34.390","1","00","75 03:07.429","3","0","0","0","67301","0","0","0","N","0","0","0","3","67301","0","","1","01","1933","N","N","N","0","","2","0","1","3","2","N","1915","2","2","0","0","0","0","0","2","0","2","03","","N","","","","","","","","","","",""
"2022037471","0207","2","0","0","0","0","0","0","0","0","1","0","","67","03","2022","1","39.9349","-75.1998","0145","06","0","0","0","0","0","1","0","0","","0","0","0","01","3","3","00","N","1","39 56:05.741","4","00","75 11:59.385","4","0","0","0","67301","0","0","0","N","0","0","0","4","68K01","3","","1","01","0240","N","N","N","0","","0","0","1","0","0","Y","0143","3","4","0","0","0","0","1","2","0","4","03","","N","","","","","","","","","","",""
"2022030794","1137","1","0","0","0","0","0","0","0","0","1","0","","67","03","2022","1","39.9438","-75.2228","1137","06","0","0","0","0","0","0","0","0","","0","0","0","11","1","0","01","","0","39 56:37.698","","00","75 13:22.051","0","0","0","0","67301","0","0","0","N","0","0","0","3","67301","0","","1","01","","N","N","N","0","","0","0","2","3","2","","1137","0","3","0","0","3","0","0","2","0","3","03","03","N","","","","","","","","","","",""
"2022038525","2108","2","0","0","0","0","0","0","0","0","5","0","","67","04","2022","5","39.9088","-75.1494","2104","06","0","0","0","0","0","0","0","0","","0","0","0","21","3","0","00","N","1","39 54:31.851","2","00","75 08:57.830","0","0","0","0","67301","0","0","0","N","0","0","0","2","68K01","0","","1","09","2138","N","N","N","0","","0","0","0","0","0","N","2102","0","2","0","0","0","0","0","2","0","2","07","","N","","","","","","","","","","",""
"2022043967","0737","2","0","0","0","0","0","0","0","0","4","0","","67","03","2022","4","39.9551","-75.2298","0737","06","0","0","0","0","0","0","0","0","","0","0","0","07","1","2","01","","0","39 57:18.208","","00","75 13:47.215","3","0","0","0","67301","0","0","0","N","0","0","0","3","67301","0","","1","01","","N","N","N","0","","2","0","2","3","2","","0737","2","4","0","0","0","0","0","2","0","4","03","03","N","","","","","","","","","","",""
"2022019626","2353","2","0","0","0","0","0","0","0","0","1","0","","67","02","2022","5","39.9508","-75.2413","2348","06","0","0","0","0","0","0","0","0","","0","0","0","22","3","0","00","N","2","39 57:02.700","2","00","75 14:28.500","0","0","0","0","67301","0","0","0","N","0","0","0","1","67301","0","","6","09","0715","N","N","N","0","","0","0","0","0","0","N","2250","0","3","0","0","0","0","0","2","0","3","07","07","N","","","","","","","","","","",""
"2022043864","1415","0","0","0","0","0","0","0","0","0","8","0","","67","05","2022","2","39.9471","-75.1834","1409","06","0","0","0","0","0","0","0","0","","0","0","0","12","1","1","00","N","9","39 56:49.470","","00","75 11:00.300","3","0","0","0","67301","1","0","0","N","1","0","0","2","67301","0","","1","01","","N","N","N","0","","1","0","1","0","0","","1255","1","2","0","0","0","0","0","2","0","1","03","","N","","","","","","","","","","",""
"2022041385","1539","0","0","0","0","0","0","0","0","0","1","0","","67","04","2022","6","40.0383","-75.0098","1524","06","0","0","0","0","0","1","0","0","","0","0","0","15","1","1","00","N","2","40 02:17.984","1","00","75 00:35.283","8","0","0","0","67301","0","0","0","N","0","0","0","2","68K01","0","","1","01","1600","N","N","N","1","","0","0","1","0","0","N","1522","1","2","0","0","0","1","0","2","0","2","03","03","N","","","","","","","","","","",""
"2022025768","0040","1","0","0","0","0","0","0","0","0","1","0","","67","03","2022","7","40.0306","-75.1539","0036","06","0","0","0","0","0","0","0","0","","0","0","0","00","3","1","03","","0","40 01:50.178","","00","75 09:14.057","3","0","0","0","67301","0","0","0","N","0","0","0","2","67301","0","","1","01","","N","N","N","0","","1","0","0","0","0","","0032","1","2","0","0","0","0","0","2","1","2","03","03","N","","","","","","","","","","",""
"2022021857","0918","3","0","0","0","0","0","0","0","0","4","0","","67","02","2022","5","39.9248","-75.2286","0910","06","0","0","0","0","0","0","0","0","","0","0","0","09","1","1","02","","0","39 55:29.344","","00","75 13:43.078","3","0","0","0","67301","0","0","0","N","0","0","0","4","67301","0","","1","01","","N","N","N","0","","1","0","0","3","3","","0900","1","3","0","0","0","0","2","2","0","3","04","04","N","","","","","","","","","","",""
"2022029710","1311","1","0","0","0","0","0","0","0","0","8","0","","67","03","2022","5","39.9544","-75.1714","1307","06","0","0","0","0","0","0","0","0","","0","0","0","13","1","1","01","","0","39 57:15.792","","00","75 10:16.917","3","0","0","0","67301","1","0","0","N","1","0","0","2","67301","0","","1","09","","N","N","N","0","","1","0","0","3","2","","1307","1","2","0","0","0","0","0","2","0","1","04","","N","","","","","","","","","","",""
"2022029272","1820","1","0","0","0","0","0","0","0","0","4","0","","67","03","2022","7","40.0255","-75.1254","1816","06","0","0","0","0","0","0","0","0","","0","0","0","18","1","2","01","","1","40 01:31.761","4","00","75 07:31.573","3","0","0","0","67301","0","0","0","N","0","0","0","3","67301","0","","1","01","1935","N","N","N","0","","2","0","1","3","2","N","1816","2","2","0","0","0","0","0","2","0","2","03","03","N","","","","","","","","","","",""
"2022045946","0249","1","0","0","0","0","0","0","0","0","4","0","","67","05","2022","2","40.0306","-75.1662","0249","06","0","0","0","0","0","2","0","0","","0","0","0","02","3","1","02","","9","40 01:50.265","","00","75 09:58.242","8","0","0","0","67301","0","0","0","N","0","0","0","2","67301","0","","1","01","","N","N","N","1","","0","0","0","3","3","","0249","1","2","0","0","0","1","0","2","0","2","03","03","N","","","","","","","","","","",""
"2022029208","2210","3","0","0","0","0","0","0","0","0","5","0","","67","03","2022","7","40.0575","-75.1702","2205","06","0","0","0","0","0","0","0","0","","0","0","0","22","3","1","00","N","0","40 03:26.950","","00","75 10:12.660","3","0","0","0","67301","0","0","0","N","0","0","0","1","67301","0","","6","09","","N","N","N","0","","1","0","0","0","0","","2200","1","3","0","0","0","0","0","2","0","3","07","","N","","","","","","","","","","",""
"2022044002","1900","2","0","0","0","0","0","0","0","0","4","0","","67","05","2022","6","39.9937","-75.1596","1852","06","0","0","0","0","0","0","0","0","","0","0","0","18","1","0","00","N","0","39 59:37.270","","00","75 09:34.460","9","0","0","0","67301","0","0","0","N","0","0","0","2","67301","0","","1","09","","N","N","N","0","","0","0","0","0","0","","1826","0","2","0","0","1","0","1","2","0","2","07","04","N","","","","","","","","","","",""
"2022050901","2018","2","0","0","0","0","0","0","0","0","1","0","","67","04","2022","2","39.9875","-75.0896","1947","06","0","0","0","0","0","0","0","0","","0","0","0","19","3","1","00","N","1","39 59:15.142","1","00","75 05:22.687","4","0","0","0","67301","0","0","0","N","0","0","0","3","68K01","1","","1","08","0905","N","N","Y","0","","0","0","0","0","0","Y","1945","1","3","0","0","0","0","0","2","0","2","07","","N","","","","","","","","","","",""
"2022034916","0903","2","0","0","0","0","0","0","0","0","1","0","","67","04","2022","3","39.9553","-75.1481","0903","06","0","0","0","0","0","0","0","0","","0","0","0","09","1","2","00","N","0","39 57:18.900","","02","75 08:53.000","4","0","0","0","67301","0","0","0","N","0","0","0","2","67501","2","","1","09","","N","N","N","0","","0","0","0","3","8","","0903","2","2","0","0","0","0","0","2","0","2","04","07","N","","","","","","","","","","",""
"2022047167","1200","1","0","0","0","0","0","0","0","0","7","1","","67","05","2022","2","40.1179","-74.9925","1149","06","0","0","0","0","0","0","0","0","","0","1","0","11","1","1","00","N","2","40 07:04.320","6","00","74 59:32.870","8","0","0","0","67301","0","0","0","N","0","0","0","2","67301","0","","1","01","1250","N","N","N","0","","0","0","0","0","0","Y","1140","1","2","0","0","0","1","0","2","0","2","04","04","N","","","","","","","","","","",""
"2022043798","0615","0","0","0","0","0","0","0","0","0","4","0","","67","04","2022","5","40.0941","-75.031","0615","06","0","0","0","0","0","0","0","1","","0","0","0","06","1","0","00","N","0","40 05:38.743","","07","75 01:51.715","9","0","0","0","67301","0","0","0","N","0","0","0","3","67301","0","","1","01","","N","N","N","0","","0","0","2","0","0","","0601","0","2","0","0","0","0","1","2","0","2","03","03","N","","","","","","","","","","",""
"2022020136","0415","2","0","0","0","0","0","0","0","0","4","0","","67","02","2022","2","39.9511","-75.1656","0400","06","0","0","0","0","0","0","0","0","","0","0","0","04","3","0","01","","0","39 57:03.854","","00","75 09:56.214","9","0","0","0","67301","0","0","0","N","0","0","0","2","67301","0","","1","01","","N","N","N","0","","0","0","0","3","2","","0400","0","2","0","0","0","0","1","2","0","2","03","03","N","","","","","","","","","","",""
"2022039749","1545","1","0","0","0","0","0","0","0","0","1","0","","67","04","2022","4","39.9584","-75.1659","1526","06","0","0","0","1","0","0","0","0","","0","0","0","15","1","0","00","N","1","39 57:30.216","4","00","75 09:57.361","0","0","0","0","67301","0","0","0","N","0","0","0","2","68K01","0","","1","01","1600","N","N","N","0","","0","0","1","0","0","N","1525","0","2","0","0","1","0","0","2","0","2","03","03","N","","","","","","","","","","",""
"2022029233","0701","1","0","0","0","0","0","0","0","0","4","0","","67","03","2022","6","39.9509","-75.2307","0700","06","0","0","0","0","0","2","0","0","","0","0","0","06","1","1","01","","0","39 57:03.330","","00","75 13:50.354","8","0","0","0","67301","0","0","0","N","0","0","0","2","67301","0","","1","01","","N","N","N","0","","0","0","1","3","2","","0659","1","2","0","0","0","1","0","2","0","2","05","05","N","","","","","","","","","","",""
"2022032895","0230","1","0","0","0","0","0","0","0","0","7","0","","67","04","2022","6","40.018","-75.097","0221","06","0","0","0","0","0","0","0","0","","0","0","0","02","3","0","12","","0","40 01:04.750","","00","75 05:50.340","0","0","0","0","67301","0","0","0","N","0","0","0","1","67301","0","","4","09","","N","N","N","0","","0","0","0","3","4","","0203","0","1","0","0","0","0","0","2","0","1","07","","N","","","","","","","","","","",""
"2022048298","1401","1","0","0","0","0","0","0","0","0","8","0","","67","05","2022","1","40.0006","-75.1698","1349","06","0","0","0","0","0","0","0","0","","0","0","0","13","1","1","01","","0","40 00:02.203","","00","75 10:11.143","3","0","0","0","67301","1","0","0","N","1","0","0","2","67301","0","","1","01","","N","N","N","0","","1","0","0","0","0","","1340","1","2","0","0","0","0","0","2","0","1","03","","N","","","","","","","","","","",""
"2022020129","1953","1","0","0","0","0","0","0","0","0","1","0","","67","02","2022","4","39.9395","-75.2227","1953","06","0","0","0","0","0","0","0","0","","0","0","0","19","3","0","00","N","0","39 56:22.090","","00","75 13:21.730","0","0","0","0","67301","0","0","0","N","0","0","0","1","67301","0","","6","01","","N","N","N","0","","0","0","1","0","0","","1952","0","2","0","0","0","0","0","2","0","2","03","03","N","","","","","","","","","","",""
"2022046601","0459","0","0","0","0","0","0","0","0","0","7","0","","67","04","2022","5","39.9784","-75.2023","0449","06","0","0","0","0","0","0","0","0","","0","0","0","04","3","1","00","N","2","39 58:42.227","4","00","75 12:08.472","8","0","0","0","67301","0","0","0","N","0","0","0","1","68K01","0","","2","01","0530","N","N","N","0","","0","0","1","0","0","Y","0441","1","1","0","0","0","1","0","2","0","1","03","03","N","","","","","","","","","","",""
"2022024251","1735","1","0","0","0","0","0","0","0","0","1","0","","67","03","2022","2","40.0206","-75.0404","1733","06","0","0","0","0","1","1","0","0","","0","0","0","17","1","2","02","","1","40 01:14.630","2","00","75 02:24.220","4","0","0","0","67301","0","0","0","N","0","0","0","4","67301","1","","1","09","1755","N","N","N","1","","0","0","2","3","2","N","1733","2","4","0","0","0","1","2","2","0","4","03","07","N","","","","","","","","","","",""
"2022043830","1945","1","0","0","0","0","0","0","0","0","8","0","","67","05","2022","4","39.9506","-75.1406","1935","06","0","0","0","0","0","0","0","0","","0","0","0","19","1","1","00","N","0","39 57:02.190","","07","75 08:26.103","8","0","0","0","67301","1","0","0","N","1","0","0","2","67301","0","","5","01","","N","N","N","0","","0","0","0","0","0","","1930","1","2","0","0","0","1","0","2","0","1","03","03","N","","","","","","","","","","",""
"2022053183","1218","1","0","0","0","0","0","0","0","0","4","0","","67","06","2022","3","40.1025","-75.0287","1214","06","0","0","0","0","0","0","0","0","","0","0","0","12","1","2","07","","1","40 06:08.948","3","00","75 01:43.450","8","0","0","0","67301","0","0","0","N","0","0","0","2","67301","0","","1","01","1245","N","N","N","0","","0","0","1","0","0","N","1210","2","2","0","0","0","2","0","2","0","2","03","","N","","","","","","","","","","",""
"2022035393","2005","1","0","0","0","0","0","0","0","0","4","0","","67","04","2022","4","39.978","-75.1526","2003","06","0","0","0","0","0","1","0","0","","0","0","0","20","3","3","01","","0","39 58:40.705","","00","75 09:09.321","3","0","0","0","67301","0","0","0","N","0","0","0","4","67505","0","","1","01","","N","N","N","0","","3","0","0","3","2","","2000","3","2","0","0","1","0","0","2","1","2","03","03","N","","","","","","","","","","",""
"2022043872","1645","1","0","0","0","0","0","0","0","0","4","0","","67","04","2022","5","39.9313","-75.2262","1645","06","0","0","0","0","0","0","0","0","","0","0","0","00","3","1","00","N","0","39 55:52.500","","07","75 13:34.400","8","0","0","0","67301","0","0","0","N","0","0","0","2","67301","0","","1","01","","N","N","N","0","","0","0","1","0","0","","0004","1","2","0","0","0","1","0","2","0","2","03","03","N","","","","","","","","","","",""
"2022043691","0153","1","0","0","0","0","0","0","0","0","5","0","","67","04","2022","1","39.9452","-75.1424","0146","06","0","0","0","0","0","0","0","0","","0","0","0","01","3","0","00","N","0","39 56:42.609","","00","75 08:32.673","0","0","0","0","67301","0","0","0","N","0","0","0","3","68K01","0","","1","09","","N","N","N","0","","0","0","0","0","0","","0140","0","2","0","0","0","0","0","2","0","2","07","","N","","","","","","","","","","",""
"2022053012","2104","0","0","0","0","0","0","0","0","0","4","0","","67","05","2022","7","40.0692","-75.0073","2100","06","0","0","0","0","0","0","0","0","","1","0","0","20","3","0","01","","2","40 04:09.018","7","00","75 00:26.111","1","1","0","1","67301","0","0","0","N","0","0","0","3","67301","0","2","1","01","0130","N","N","N","0","0","0","0","1","3","2","Y","2059","0","2","0","0","1","0","0","2","0","2","03","03","N","","","","","","","","","","",""
"2022035650","1652","4","0","0","0","0","0","0","0","0","5","0","","67","03","2022","1","39.9558","-75.2039","1651","06","0","0","0","0","0","0","0","0","","0","0","0","16","1","2","00","N","2","39 57:21.031","3","00","75 12:14.159","4","0","0","0","67301","0","0","0","N","0","0","0","3","67504","2","","1","01","1733","N","N","N","0","","0","0","1","0","0","Y","1650","2","5","0","0","0","0","1","2","0","5","03","03","N","","","","","","","","","","",""
"2022024382","0024","0","0","0","0","0","0","0","0","0","4","0","","67","03","2022","5","40.0432","-75.2275","0022","06","0","0","0","0","0","0","0","0","","0","0","0","00","3","0","02","","0","40 02:35.563","","00","75 13:38.889","9","0","0","0","67301","0","0","0","N","0","0","0","1","67301","0","","1","01","","N","N","N","0","","0","0","2","3","3","","0015","0","2","0","0","0","0","1","2","0","2","03","03","N","","","","","","","","","","",""
"2022035758","0053","2","0","0","0","0","0","0","0","0","5","0","","67","03","2022","7","39.9923","-75.2013","0044","06","0","0","0","0","0","1","0","0","","0","0","0","00","3","0","00","N","0","39 59:32.408","","00","75 12:04.734","0","0","0","0","67301","0","0","0","N","0","0","0","2","68K01","0","","1","01","","N","N","N","0","","0","0","0","0","0","","0036","0","2","0","0","0","0","0","2","0","2","03","03","N","","","","","","","","","","",""
"2022044106","1635","1","0","0","0","0","0","0","0","0","1","0","","67","05","2022","5","40.0439","-75.1436","1635","06","0","0","0","0","0","0","1","0","","0","0","0","16","1","0","00","N","0","40 02:38.025","","00","75 08:36.834","0","0","0","0","67301","0","0","0","N","0","0","0","2","67301","0","","1","01","","N","N","N","0","","0","0","1","0","0","","1600","0","2","0","0","0","0","0","2","0","2","03","03","N","","","","","","","","","","",""