"CRN","ARRIVAL_TM","AUTOMOBILE_COUNT","BELTED_DEATH_COUNT","BELTED_SUSP_SERIOUS_INJ_COUNT","BICYCLE_COUNT","BICYCLE_DEATH_COUNT","BICYCLE_SUSP_SERIOUS_INJ_COUNT","BUS_COUNT","CHLDPAS_DEATH_COUNT","CHLDPAS_SUSP_SERIOUS_INJ_COUNT","COLLISION_TYPE","COMM_VEH_COUNT","CONS_ZONE_SPD_LIM","COUNTY","CRASH_MONTH","CRASH_YEAR","DAY_OF_WEEK","DEC_LAT","DEC_LONG","DISPATCH_TM","DISTRICT","DRIVER_COUNT_16YR","DRIVER_COUNT_17YR","DRIVER_COUNT_18YR","DRIVER_COUNT_19YR","DRIVER_COUNT_20YR","DRIVER_COUNT_50_64YR","DRIVER_COUNT_65_74YR","DRIVER_COUNT_75PLUS","EST_HRS_CLOSED","FATAL_COUNT","HEAVY_TRUCK_COUNT","HORSE_BUGGY_COUNT","HOUR_OF_DAY","ILLUMINATION","INJURY_COUNT","INTERSECT_TYPE","INTERSECTION_RELATED","LANE_CLOSED","LATITUDE","LN_CLOSE_DIR","LOCATION_TYPE","LONGITUDE","MAX_SEVERITY_LEVEL","MCYCLE_DEATH_COUNT","MCYCLE_SUSP_SERIOUS_INJ_COUNT","MOTORCYCLE_COUNT","MUNICIPALITY","NONMOTR_COUNT","NONMOTR_DEATH_COUNT","NONMOTR_SUSP_SERIOUS_INJ_COUNT","NTFY_HIWY_MAINT","PED_COUNT","PED_DEATH_COUNT","PED_SUSP_SERIOUS_INJ_COUNT","PERSON_COUNT","POLICE_AGCY","POSSIBLE_INJ_COUNT","RDWY_SURF_TYPE_CD","RELATION_TO_ROAD","ROAD_CONDITION","ROADWAY_CLEARED","SCH_BUS_IND","SCH_ZONE_IND","SECONDARY_CRASH","SMALL_TRUCK_COUNT","SPEC_JURIS_CD","SUSP_MINOR_INJ_COUNT","SUSP_SERIOUS_INJ_COUNT","SUV_COUNT","TCD_FUNC_CD","TCD_TYPE","TFC_DETOUR_IND","TIME_OF_DAY","TOT_INJ_COUNT","TOTAL_UNITS","UNB_DEATH_COUNT","UNB_SUSP_SERIOUS_INJ_COUNT","UNBELTED_OCC_COUNT","UNK_INJ_DEG_COUNT","UNK_INJ_PER_COUNT","URBAN_RURAL","VAN_COUNT","VEHICLE_COUNT","WEATHER1","WEATHER2","WORK_ZONE_IND","WORK_ZONE_LOC","WORK_ZONE_TYPE","WORKERS_PRES","WZ_CLOSE_DETOUR","WZ_FLAGGER","WZ_LAW_OFFCR_IND","WZ_LN_CLOSURE","WZ_MOVING","WZ_OTHER","WZ_SHLDER_MDN","WZ_WORKERS_INJ_KILLED"
"2022026233","1910","1","0","0","0","0","0","0","0","0","5","0","","67","03","2022","1","40.073","-74.9825","1859","06","0","0","0","0","0","0","0","0","","0","0","0","18","3","1","00","N","0","40 04:22.680","","00","74 58:56.950","8","0","0","0","67301","0","0","0","N","0","0","0","1","67301","0","","6","01","","N","N","N","0","","0","0","3","0","0","","1855","1","5","0","0","0","1","0","2","1","5","03","03","N","","","","","","","","","","",""
"2022024930","0040","1","0","0","0","0","0","0","0","0","4","0","","67","03","2022","6","39.9573","-75.1523","0036","06","0","0","0","0","0","0","0","0","","0","0","0","00","3","0","01","","0","39 57:26.357","","02","75 09:08.042","0","0","0","0","67301","0","0","0","N","0","0","0","2","67301","0","","1","01","","N","N","N","0","","0","0","1","3","2","","0032","0","2","0","0","0","0","0","2","0","2","03","03","N","","","","","","","","","","",""
"2022029771","1529","2","0","0","0","0","0","0","0","0","4","0","","67","03","2022","4","40.0588","-75.0506","1529","06","0","0","0","0","0","2","0","0","","0","0","0","15","1","1","01","","0","40 03:31.504","","00","75 03:02.099","8","0","0","0","67301","0","0","0","N","0","0","0","3","67301","0","","1","09","","N","N","N","0","","0","0","1","3","3","","1504","1","3","0","0","0","1","0","2","0","3","07","04","N","","","","","","","","","","",""
"2022020102","0821","1","0","0","0","0","0","0","0","0","5","0","45","67","02","2022","4","40.0122","-75.0594","0821","06","0","0","0","0","0","0","0","0","","0","0","0","08","1","0","00","N","0","40 00:44.017","","00","75 03:33.908","0","0","0","0","67301","0","0","0","N","0","0","0","3","68K01","0","","1","01","","N","N","N","0","","0","0","1","0","0","","0820","0","3","0","0","0","0","0","2","1","3","03","","Y","4","1","N","","","N","Y","","","Y","N"
"2022020569","1450","0","0","0","0","0","0","0","0","0","5","0","","67","02","2022","7","39.9629","-75.1884","1446","06","0","0","0","0","0","0","1","0","","0","0","0","14","1","0","00","N","0","39 57:46.400","","00","75 11:18.300","0","0","0","0","67301","0","0","0","N","0","0","0","2","67507","0","","1","01","","N","N","N","0","","0","0","2","0","0","","1440","0","2","0","0","0","0","0","2","0","2","03","","N","","","","","","","","","","",""
"2022030050","1505","2","0","0","0","0","0","0","0","0","4","0","","67","03","2022","4","40","-75.1531","1505","06","0","0","0","0","0","0","0","0","","0","0","0","15","1","1","01","","0","40 00:00.101","","00","75 09:11.759","4","0","0","0","67301","0","0","0","N","0","0","0","3","67301","1","","1","99","","N","N","N","0","","0","0","0","3","2","","1534","1","3","0","0","3","0","2","2","1","3","99","","N","","","","","","","","","","",""
"2022025262","0940","0","0","0","0","0","0","0","0","0","6","0","","67","03","2022","7","40.0425","-75.1857","0937","06","0","0","0","0","0","0","0","0","","0","0","0","08","1","0","00","N","0","40 02:33.070","","00","75 11:08.450","0","0","0","0","67301","0","0","0","N","0","0","0","1","67301","0","","6","09","","N","N","N","1","","0","0","1","0","0","","0855","0","2","0","0","0","0","0","2","0","2","07","09","N","","","","","","","","","","",""
"2022052766","1845","1","0","0","0","0","0","0","0","0","1","0","","67","06","2022","7","40.0439","-75.1156","1845","06","0","0","0","0","0","0","0","0","","0","0","0","17","1","1","00","N","0","40 02:37.980","","00","75 06:56.132","4","0","0","0","67301","0","0","0","N","0","0","0","2","67301","1","","1","99","","N","N","N","0","","0","0","1","0","0","","1726","1","2","0","0","1","0","1","2","0","2","03","","N","","","","","","","","","","",""
"2022050603","1354","4","0","0","0","0","0","0","0","0","2","0","","67","05","2022","3","40.0628","-75.0577","1354","06","0","0","0","0","0","0","0","1","","0","0","0","13","1","2","01","","0","40 03:45.914","","00","75 03:27.576","3","0","0","0","67301","0","0","0","N","0","0","0","4","67301","0","","1","01","","N","N","N","0","","1","0","0","3","3","","1354","2","4","0","0","4","1","1","2","0","4","03","03","N","","","","","","","","","","",""
"2022015584","2123","2","0","0","0","0","0","0","0","0","1","0","","67","02","2022","2","40.0266","-75.1508","2123","06","0","0","1","0","0","0","0","0","","0","0","0","20","3","1","05","","0","40 01:35.652","","00","75 09:02.847","8","0","0","0","67301","0","0","0","N","0","0","0","3","67301","0","","1","01","","N","N","Y","0","","0","0","0","3","2","","2000","1","3","0","0","0","1","2","2","0","3","03","03","N","","","","","","","","","","",""
"2022020800","1026","1","0","0","0","0","0","0","0","0","2","0","","67","02","2022","1","39.9801","-75.2332","1001","06","0","0","0","0","0","0","1","0","","0","0","0","09","1","0","00","N","0","39 58:48.408","","00","75 13:59.658","0","0","0","0","67301","0","0","0","N","0","0","0","2","67301","0","","1","01","","N","N","N","0","","0","0","1","0","0","","0944","0","2","0","0","0","0","0","2","0","2","03","03","N","","","","","","","","","","",""
"2022021789","1344","1","0","0","0","0","0","0","0","0","1","0","55","67","02","2022","1","39.9675","-75.1326","1327","06","0","0","0","0","0","1","0","0","","0","0","0","13","1","1","00","N","1","39 58:02.890","2","03","75 07:57.505","8","0","0","0","67301","0","0","0","N","0","0","0","3","68K01","0","","1","01","1335","N","N","Y","0","","0","0","2","0","0","N","1316","1","3","0","0","0","1","1","2","0","3","03","","Y","5","1","N","","","N","Y","","","","N"
"2022020704","0251","2","0","0","0","0","0","0","0","0","4","0","","67","02","2022","7","39.9695","-75.2254","0246","06","0","0","0","0","0","0","0","0","","0","0","0","02","3","1","01","","1","39 58:10.246","4","00","75 13:31.336","8","0","0","0","67301","0","0","0","N","0","0","0","3","67301","0","","1","01","0330","N","N","N","1","","0","0","0","3","2","N","0240","1","3","0","0","0","1","0","2","0","3","03","","N","","","","","","","","","","",""
"2022027098","1946","1","0","0","0","0","0","0","0","0","6","0","","67","03","2022","5","40.0003","-75.143","1945","06","0","0","0","0","0","1","0","0","","0","0","0","21","3","1","00","N","0","40 00:01.173","","00","75 08:34.670","4","0","0","0","67301","0","0","0","N","0","0","0","2","67301","1","","1","01","","N","N","N","0","","0","0","0","0","0","","2130","1","2","0","0","0","0","0","2","0","2","03","03","N","","","","","","","","","","",""
"2022024250","1659","1","0","0","0","0","0","0","0","0","4","0","","67","03","2022","6","40.0276","-75.0871","1659","06","0","0","0","0","0","1","0","0","","0","0","0","15","1","1","01","","0","40 01:39.316","","00","75 05:13.570","3","0","0","0","67301","0","0","0","N","0","0","0","2","67301","0","","1","01","","N","N","N","1","","1","0","0","3","3","","1548","1","2","0","0","2","0","0","2","0","2","03","03","N","","","","","","","","","","",""
"2022026843","0425","1","0","0","0","0","0","0","0","0","4","0","","67","03","2022","2","39.9211","-75.2242","0417","06","0","0","0","0","1","0","0","0","","0","0","0","04","3","11","01","","2","39 55:15.795","4","00","75 13:27.001","2","0","0","0","67301","0","0","0","N","0","0","0","12","67301","0","","1","01","0100","N","N","N","0","","10","1","1","3","2","N","0414","11","3","0","0","0","0","0","2","1","3","03","03","N","","","","","","","","","","",""
"2022033151","0100","3","0","0","0","0","0","0","0","0","1","0","","67","03","2022","5","40.0258","-75.1818","1244","06","0","0","0","0","0","0","0","0","","0","0","0","23","3","0","00","N","0","40 01:32.889","","00","75 10:54.647","0","0","0","0","67301","0","0","0","N","0","0","0","1","67301","0","","6","09","","N","N","N","0","","0","0","0","0","0","","2334","0","3","0","0","0","0","0","2","0","3","07","","N","","","","","","","","","","",""
"2022024168","1307","0","0","0","0","0","0","0","0","0","8","0","","67","03","2022","1","40.0377","-75.0471","1259","06","0","0","0","0","0","0","0","0","","0","0","0","18","1","1","00","N","0","40 02:15.880","","00","75 02:49.670","8","0","0","0","67301","1","0","0","N","1","0","0","2","67301","0","","1","99","","N","N","N","0","","0","0","1","0","0","","1800","1","2","0","0","0","1","0","2","0","1","99","","N","","","","","","","","","","",""
"2022029227","1859","1","0","0","0","0","0","0","0","0","8","0","","67","03","2022","2","39.9632","-75.1996","1858","06","0","0","0","0","0","0","0","0","","0","0","0","17","4","1","01","","0","39 57:47.401","","00","75 11:58.714","4","0","0","0","67301","1","0","0","N","1","0","0","2","67301","1","","1","01","","N","N","N","0","","0","0","0","3","2","","1730","1","2","0","0","0","0","0","2","0","1","03","03","N","","","","","","","","","","",""
"2022031436","1612","0","0","0","0","0","0","0","0","0","8","0","","67","03","2022","5","40.0647","-75.1543","1601","06","0","0","0","0","0","0","0","0","","0","0","0","15","1","1","00","N","0","40 03:52.940","","00","75 09:15.390","8","0","0","0","67301","1","0","0","N","1","0","0","2","67301","0","","1","01","","N","N","N","0","","0","0","1","0","0","","1556","1","2","0","0","0","1","0","2","0","1","03","","N","","","","","","","","","","",""
"2022050095","1254","2","0","0","0","0","0","0","0","0","4","0","","67","05","2022","2","39.9773","-75.1581","1250","06","0","0","0","0","0","0","0","0","","0","0","0","12","1","1","01","","0","39 58:38.118","","00","75 09:29.146","4","0","0","0","67301","0","0","0","N","0","0","0","3","67505","1","","1","01","","N","N","N","0","","0","0","0","3","2","","1245","1","2","0","0","0","0","0","2","0","2","03","","N","","","","","","","","","","",""
"2022016357","0152","1","0","0","0","0","0","0","0","0","1","0","","67","02","2022","1","40.0566","-75.0466","0148","06","0","0","0","0","0","0","0","0","","0","0","0","01","3","2","01","","1","40 03:23.636","1","00","75 02:47.581","3","0","0","0","67301","0","0","0","N","0","0","0","2","67301","1","","1","09","0230","N","N","N","0","","1","0","1","3","2","N","0145","2","2","0","0","0","0","0","2","0","2","06","09","N","","","","","","","","","","",""
"2022029997","0112","1","0","0","0","0","0","0","0","0","1","0","","67","03","2022","1","39.9424","-75.1506","0110","06","0","0","0","0","0","0","0","0","","0","0","0","01","3","2","00","N","0","39 56:32.740","","00","75 09:02.280","4","0","0","0","67301","0","0","0","N","0","0","0","4","67301","2","","6","09","","N","N","Y","0","","0","0","2","0","0","","0100","2","3","0","0","0","0","0","2","0","3","04","07","N","","","","","","","","","","",""
"2022023705","2040","1","0","0","0","0","0","0","0","0","1","0","","67","02","2022","2","40.0504","-75.0576","2035","06","0","0","0","0","0","0","0","0","","0","0","0","20","3","3","02","","1","40 03:01.313","1","07","75 03:27.259","4","0","0","0","67301","0","0","0","N","0","0","0","5","67301","3","","1","01","0100","N","N","N","0","","0","0","2","0","0","N","2012","3","3","0","0","0","0","0","2","0","3","03","","N","","","","","","","","","","",""
"2022039750","1644","0","0","0","0","0","0","0","0","0","1","1","","67","04","2022","4","39.9788","-75.2032","1629","06","0","0","0","0","0","1","0","0","","0","1","0","16","1","2","00","N","0","39 58:43.769","","00","75 12:11.747","4","0","0","0","67301","0","0","0","N","0","0","0","3","68K01","2","","1","01","","N","N","N","0","","0","0","1","0","0","","1621","2","2","0","0","0","0","0","2","0","2","03","","N","","","","","","","","","","",""
"2022029273","1851","1","0","0","0","0","0","0","0","0","4","0","","67","03","2022","7","40.0258","-75.1235","1851","06","0","0","0","0","0","0","0","1","","0","0","0","17","1","0","01","","0","40 01:32.799","","00","75 07:24.504","0","0","0","0","67301","0","0","0","N","0","0","0","2","67301","0","","1","01","","N","N","N","0","","0","0","0","3","2","","1715","0","2","0","0","2","0","0","2","1","2","03","03","N","","","","","","","","","","",""
"2022046792","1515","1","0","0","0","0","0","1","0","0","5","1","","67","04","2022","6","40.0324","-75.0724","1510","06","0","0","0","0","0","0","0","0","","0","0","0","15","1","1","00","N","0","40 01:56.485","","00","75 04:20.659","8","0","0","0","67301","0","0","0","N","0","0","0","2","67508","0","","1","01","","N","N","Y","0","","0","0","0","0","0","","1510","1","2","0","0","0","1","0","2","0","2","03","03","N","","","","","","","","","","",""
"2022044113","1933","2","0","0","0","0","0","0","0","0","2","0","","67","04","2022","6","40.0165","-75.1709","1926","06","0","0","0","0","0","1","0","0","","0","0","0","19","1","3","00","N","2","40 00:59.253","5","00","75 10:15.229","3","0","0","0","67301","0","0","0","N","0","0","0","3","67301","0","","1","01","2047","N","N","N","0","","3","0","0","3","2","Y","1920","3","2","0","0","0","0","0","2","0","2","03","03","N","","","","","","","","","","",""
"2022044906","1231","1","0","0","0","0","0","0","0","0","5","1","","67","05","2022","5","39.9631","-75.1792","1230","06","0","0","0","0","0","0","1","0","","0","1","0","11","1","0","02","","1","39 57:47.225","3","00","75 10:45.028","0","0","0","0","67301","0","0","0","N","0","0","0","2","67301","0","","1","01","1340","N","N","N","0","","0","0","0","3","8","N","1155","0","2","0","0","0","0","0","2","0","2","03","03","N","","","","","","","","","","",""
"2022019595","1545","2","0","0","0","0","0","0","0","0","5","0","","67","02","2022","6","40.0144","-75.0648","1531","06","0","0","0","0","0","1","0","0","","0","0","0","15","1","1","00","N","0","40 00:51.840","","00","75 03:53.210","3","0","0","0","67301","0","0","0","N","0","0","0","1","67301","0","","6","01","","N","N","N","0","","1","0","1","0","0","","1516","1","3","0","0","0","0","0","2","0","3","03","","N","","","","","","","","","","",""
"2022045534","1638","2","0","0","0","0","0","0","0","0","4","0","","67","05","2022","7","40.0166","-75.0935","1608","06","0","0","0","0","0","0","0","0","","0","0","0","15","1","1","00","N","1","40 00:59.680","3","00","75 05:36.720","4","0","0","0","67301","0","0","0","N","0","0","0","6","67301","1","","1","09","1705","N","N","N","0","","0","0","0","0","0","Y","1555","1","2","0","0","0","0","5","2","0","2","04","07","N","","","","","","","","","","",""
"2022014173","0212","1","0","0","0","0","0","0","0","0","4","0","","67","02","2022","1","39.9518","-75.1841","0210","06","0","0","0","0","0","0","0","0","","0","0","0","02","3","1","02","","0","39 57:06.529","","03","75 11:02.607","3","0","0","0","67301","0","0","0","N","0","0","0","4","67504","0","","1","01","","N","N","N","0","","1","0","1","3","2","","0210","1","2","0","0","0","0","0","2","0","2","03","03","N","","","","","","","","","","",""
"2022029159","2000","1","0","0","0","0","0","0","0","0","4","0","","67","03","2022","6","40.0551","-75.0485","1952","06","0","1","0","0","0","0","0","0","","0","0","0","19","3","1","02","","0","40 03:18.277","","00","75 02:54.587","3","0","0","0","67301","0","0","0","N","0","0","0","2","67301","0","","1","01","","N","N","N","0","","1","0","1","3","2","","1945","1","2","0","0","0","0","0","2","0","2","03","","N","","","","","","","","","","",""
"2022029234","2003","0","0","0","0","0","0","0","0","0","8","0","","67","03","2022","6","39.9469","-75.2459","2001","06","0","0","0","0","0","0","1","0","","0","0","0","20","3","1","00","N","0","39 56:48.940","","00","75 14:45.360","3","0","0","0","67301","1","0","0","N","1","0","0","2","67301","0","","1","01","","N","N","N","0","","1","0","1","0","0","","2000","1","2","0","0","0","0","0","2","0","1","03","","N","","","","","","","","","","",""
"2022046717","0438","1","0","0","0","0","0","0","0","0","5","0","","67","03","2022","7","39.923","-75.1912","0416","06","0","0","0","0","0","0","0","0","","0","0","0","04","3","0","00","N","0","39 55:22.663","","02","75 11:28.455","9","0","0","0","67301","0","0","0","N","0","0","0","2","68K01","0","","1","01","","N","N","N","0","","0","0","0","0","0","","0403","0","2","0","0","0","0","1","2","0","2","03","","N","","","","","","","","","","",""
"2022049283","1500","1","0","0","0","0","0","0","0","0","4","0","","67","05","2022","5","40.071","-75.201","1554","06","0","0","0","0","0","0","1","1","","0","0","0","14","1","1","00","N","0","40 04:15.692","","00","75 12:03.760","8","0","0","0","67301","0","0","0","N","0","0","0","2","67301","0","","1","01","","N","N","N","0","","0","0","1","0","0","","1430","1","2","0","0","0","1","0","2","0","2","03","03","N","","","","","","","","","","",""
"2022024495","1634","2","0","0","0","0","0","0","0","0","1","0","","67","03","2022","3","40.0343","-75.1834","1634","06","0","0","0","0","0","0","1","0","","0","0","0","14","1","1","00","N","0","40 02:03.624","","00","75 11:00.182","3","0","0","0","67301","0","0","0","N","0","0","0","3","67301","0","","1","01","","N","N","N","0","","1","0","0","0","0","","1451","1","3","0","0","0","0","2","2","0","3","03","03","N","","","","","","","","","","",""
"2022050867","1758","0","0","0","0","0","0","0","0","0","8","1","","67","05","2022","3","40.0505","-75.1541","1757","06","0","0","0","0","0","0","0","0","","0","1","0","17","1","1","00","N","0","40 03:01.700","","00","75 09:14.900","3","0","0","0","67301","1","0","0","N","1","0","0","2","67301","0","","1","01","","N","N","N","1","","1","0","0","0","0","","1755","1","3","0","0","1","0","0","2","0","2","03","03","N","","","","","","","","","","",""
"2022037176","0943","1","0","0","0","0","0","1","0","0","4","1","","67","03","2022","6","39.9399","-75.2114","0921","06","0","0","0","0","0","2","0","0","","0","0","0","09","1","1","01","","0","39 56:23.438","","00","75 12:41.008","4","0","0","0","67301","0","0","0","N","0","0","0","2","67508","1","","1","01","","N","","N","0","","0","0","0","3","2","","0921","1","2","0","0","0","0","0","2","0","2","03","03","N","","","","","","","","","","",""
"2022044529","1126","0","0","0","0","0","0","0","0","0","8","0","","67","04","2022","4","39.9597","-75.2347","1125","06","0","0","0","0","0","0","0","0","","0","0","0","11","1","1","00","N","2","39 57:34.769","3","00","75 14:04.767","8","0","0","0","67301","1","0","0","N","1","0","0","2","67301","0","","1","01","1229","N","N","N","1","","0","0","0","3","2","N","1124","1","2","0","0","0","1","0","2","0","1","03","03","N","","","","","","","","","","",""
"2022045613","0525","1","0","0","0","0","0","0","0","0","7","0","","67","05","2022","1","39.9462","-75.1425","0518","06","0","0","0","0","0","0","0","0","","0","0","0","05","3","1","00","N","0","39 56:46.279","","00","75 08:32.887","3","0","0","0","67301","0","0","0","N","0","0","0","1","68K01","0","","2","09","","N","N","N","0","","1","0","0","0","0","","0513","1","1","0","0","0","0","0","2","0","1","07","","N","","","","","","","","","","",""
"2022032937","1125","1","0","0","0","0","0","0","0","0","4","0","","67","03","2022","3","40.0271","-75.1427","1125","06","0","0","0","0","0","0","1","0","","0","0","0","09","1","1","01","","0","40 01:37.397","","00","75 08:33.565","4","0","0","0","67301","0","0","0","N","0","0","0","2","67301","1","","1","99","","N","N","N","0","","0","0","1","3","3","","0912","1","2","0","0","2","0","1","2","0","2","99","","N","","","","","","","","","","",""
"2022024234","2149","2","0","0","0","0","0","0","0","0","4","0","","67","03","2022","7","39.9623","-75.1613","2149","06","0","0","0","0","0","0","0","0","","0","0","0","21","3","5","01","","0","39 57:44.409","","00","75 09:40.847","3","0","0","0","67301","0","0","0","N","0","0","0","8","67301","1","","1","01","","N","N","N","0","","4","0","1","3","2","","2145","5","3","0","0","7","0","1","2","0","3","03","03","N","","","","","","","","","","",""
"2022044015","0619","0","0","0","1","0","0","0","0","0","8","0","","67","03","2022","6","40.0055","-75.1053","0615","06","0","0","0","0","0","0","0","0","","0","0","0","06","3","1","01","","0","40 00:19.857","","00","75 06:19.237","3","0","0","0","67301","1","0","0","N","0","0","0","2","67301","0","","1","01","","N","N","N","0","","1","0","1","3","2","","0610","1","2","0","0","1","0","0","2","0","1","03","03","N","","","","","","","","","","",""
"2022053020","1048","0","0","0","0","0","0","1","0","0","1","1","","67","06","2022","2","39.9633","-75.1613","1021","06","0","0","0","0","0","0","0","0","","0","0","0","10","1","1","00","N","1","39 57:47.862","2","00","75 09:40.575","8","0","0","0","67301","0","0","0","N","0","0","0","1","67301","0","","1","01","1200","Y","N","N","1","","0","0","0","0","0","N","1014","1","2","0","0","0","1","0","2","0","2","03","03","N","","","","","","","","","","",""
"2022019616","0050","1","0","0","0","0","0","0","0","0","5","0","","67","02","2022","1","39.9693","-75.2141","0039","06","0","0","0","0","0","0","0","0","","0","0","0","00","3","1","00","N","0","39 58:09.340","","00","75 12:50.790","3","0","0","0","67301","0","0","0","N","0","0","0","2","67301","0","","6","01","","N","N","N","0","","1","0","1","0","0","","0010","1","2","0","0","0","0","0","2","0","2","03","03","N","","","","","","","","","","",""
"2022040207","0645","2","0","0","0","0","0","0","0","0","5","0","","67","04","2022","3","40.0076","-75.2014","0632","06","0","0","0","0","0","0","0","0","","0","0","0","06","5","0","00","N","0","40 00:27.382","","00","75 12:04.991","0","0","0","0","67301","0","0","0","N","0","0","0","2","68K01","0","","1","01","","N","N","N","0","","0","0","0","3","8","","0611","0","2","0","0","0","0","0","2","0","2","03","","N","","","","","","","","","","",""
"2022023995","2335","3","0","0","0","0","0","0","0","0","5","0","","67","03","2022","3","40.0016","-75.1562","2330","06","0","0","0","0","0","0","0","0","","0","0","0","23","3","0","00","N","2","40 00:05.660","1","00","75 09:22.430","9","0","0","0","67301","0","0","0","N","0","0","0","2","67301","0","","6","01","0100","N","N","Y","0","","0","0","1","3","2","N","2326","0","4","0","0","0","0","2","2","0","4","03","","N","","","","","","","","","","",""
"2022023743","1706","0","0","0","0","0","0","0","0","0","7","0","","67","03","2022","4","40.0328","-75.1647","1703","06","0","0","0","0","0","0","0","0","","0","0","0","16","1","3","00","N","0","40 01:57.970","","00","75 09:53.010","3","0","0","0","67301","0","0","0","N","0","0","0","3","67301","1","","4","01","","N","N","N","0","","2","0","1","0","0","","1643","3","1","0","0","0","0","0","2","0","1","03","03","N","","","","","","","","","","",""
"2022048726","0111","2","0","0","0","0","0","0","0","0","4","0","","67","05","2022","4","39.9802","-75.1575","0110","06","0","0","0","0","0","0","0","0","","0","0","0","01","3","0","01","N","1","39 58:48.805","5","00","75 09:27.384","9","0","0","0","67301","0","0","0","N","0","0","0","3","67505","0","","1","01","0134","N","N","N","0","","0","0","0","3","2","N","0110","0","2","0","0","1","0","1","2","0","2","03","03","N","","","","","","","","","","",""
"2022019650","1237","1","0","0","0","0","0","0","0","0","4","0","","67","02","2022","5","39.9745","-75.1481","1237","06","0","0","0","0","0","0","0","0","","0","0","0","12","1","1","01","","2","39 58:28.228","3","00","75 08:53.098","8","0","0","0","67301","0","0","0","N","0","0","0","2","67301","0","","1","01","1240","N","N","N","1","","0","0","0","3","3","Y","1237","1","2","0","0","2","1","0","2","0","2","03","03","N","","","","","","","","","","",""
"2022033152","0340","0","0","0","0","0","0","0","0","0","7","0","","67","04","2022","7","40.0181","-75.1684","0327","06","0","0","0","0","0","0","0","0","","0","0","0","03","3","1","00","N","0","40 01:05.049","","02","75 10:05.801","3","0","0","0","67301","0","0","0","N","0","0","0","1","67301","0","","4","01","","N","N","N","0","","1","0","1","0","0","","0322","1","1","0","0","0","0","0","2","0","1","03","03","N","","","","","","","","","","",""
"2022038848","0721","2","0","0","0","0","0","0","0","0","1","0","","67","04","2022","6","39.9659","-75.1864","0721","06","0","0","1","0","0","0","0","0","","0","0","0","06","1","0","00","N","0","39 57:57.082","","00","75 11:10.955","0","0","0","0","67301","0","0","0","N","0","0","0","2","68M05","0","","1","01","","N","N","N","0","","0","0","0","0","0","","0639","0","2","0","0","0","0","0","2","0","2","03","03","N","","","","","","","","","","",""
"2022043953","1026","0","0","0","0","0","0","1","0","0","4","1","","67","05","2022","3","39.9751","-75.195","1017","06","0","0","0","0","1","0","0","0","","0","0","0","09","1","1","01","","1","39 58:30.316","2","00","75 11:41.875","3","0","0","0","67301","0","0","0","N","0","0","0","3","67301","0","","1","01","0010","Y","N","N","0","","1","0","1","3","2","N","0931","1","2","0","0","0","0","0","2","0","2","03","03","N","","","","","","","","","","",""
"2022019564","1734","1","0","0","0","0","0","0","0","0","4","0","","67","02","2022","3","39.957","-75.1572","1728","06","0","0","0","0","0","0","0","0","","0","0","0","17","4","2","01","","1","39 57:26.633","4","00","75 09:25.457","3","0","0","0","67301","0","0","0","N","0","0","0","2","67301","0","","1","09","1820","N","N","N","0","","2","0","1","1","2","Y","1710","2","3","0","0","0","0","0","2","1","3","07","07","N","","","","","","","","","","",""
"2022029203","1745","1","0","0","0","0","0","0","0","0","4","0","","67","03","2022","7","39.9182","-75.2088","1745","06","0","0","0","0","0","0","0","0","","0","0","0","03","3","2","02","","0","39 55:05.829","","00","75 12:32.558","3","0","0","0","67301","0","0","0","N","0","0","0","3","67301","0","","1","01","","N","N","N","0","","2","0","1","3","2","","0300","2","2","0","0","3","0","0","2","0","2","03","03","N","","","","","","","","","","",""
"2022019596","1830","0","0","0","0","0","0","0","0","0","4","0","","67","02","2022","6","40.0313","-75.0849","1825","06","0","0","0","0","0","1","0","0","","0","0","0","17","3","0","01","","0","40 01:52.852","","00","75 05:05.812","0","0","0","0","67301","0","0","0","N","0","0","0","2","67301","0","","1","01","","N","N","N","0","","0","0","1","3","2","","1758","0","2","0","0","0","0","0","2","1","2","03","03","N","","","","","","","","","","",""
"2022030294","0608","2","0","0","0","0","0","0","0","0","4","0","","67","03","2022","6","39.9469","-75.2127","0608","06","0","0","0","0","1","1","0","0","","0","0","0","06","3","0","01","","1","39 56:48.807","3","00","75 12:45.628","0","0","0","0","67301","0","0","0","N","0","0","0","2","67301","0","","1","09","0645","N","N","N","0","","0","0","0","3","3","N","0608","0","2","0","0","1","0","0","2","0","2","07","07","N","","","","","","","","","","",""
"2022019651","1910","2","0","0","0","0","0","0","0","0","1","0","","67","02","2022","5","39.9892","-75.1408","1859","06","0","0","0","0","0","0","0","0","","0","0","0","18","3","0","00","N","0","39 59:21.200","","00","75 08:26.980","0","0","0","0","67301","0","0","0","N","0","0","0","1","67301","0","","6","01","","N","N","N","0","","0","0","1","0","0","","1816","0","3","0","0","0","0","0","2","0","3","03","03","N","","","","","","","","","","",""
"2022048852","2112","1","0","0","0","0","0","0","0","0","1","0","","67","05","2022","5","40.0299","-75.0241","2102","06","0","0","0","0","0","0","0","0","","1","0","0","21","3","0","00","N","2","40 01:47.773","1","00","75 01:26.670","1","0","0","0","67301","0","0","0","N","0","0","0","2","67301","0","2","1","01","2359","N","N","N","0","0","0","0","0","0","0","N","2101","0","2","0","0","0","0","0","2","0","2","03","","N","","","","","","","","","","",""